date,geo,country,component,nsa_index
1996-01-01,DE,Germany,headline,75.12625410
1996-02-01,DE,Germany,headline,75.57476905
1996-03-01,DE,Germany,headline,75.65391874
1996-04-01,DE,Germany,headline,75.57476905
1996-05-01,DE,Germany,headline,75.73306844
1996-06-01,DE,Germany,headline,75.81221814
1996-07-01,DE,Germany,headline,75.95732592
1996-08-01,DE,Germany,headline,75.87817622
1996-09-01,DE,Germany,headline,75.87817622
1996-10-01,DE,Germany,headline,75.81221814
1996-11-01,DE,Germany,headline,75.73306844
1996-12-01,DE,Germany,headline,76.03647561
1997-01-01,DE,Germany,headline,76.48499056
1997-02-01,DE,Germany,headline,76.78839774
1997-03-01,DE,Germany,headline,76.70924804
1997-04-01,DE,Germany,headline,76.48499056
1997-05-01,DE,Germany,headline,76.78839774
1997-06-01,DE,Germany,headline,76.94669713
1997-07-01,DE,Germany,headline,77.17095460
1997-08-01,DE,Germany,headline,77.25010430
1997-09-01,DE,Germany,headline,77.01265521
1997-10-01,DE,Germany,headline,76.94669713
1997-11-01,DE,Germany,headline,76.94669713
1997-12-01,DE,Germany,headline,77.09180491
1998-01-01,DE,Germany,headline,77.01265521
1998-02-01,DE,Germany,headline,77.25010430
1998-03-01,DE,Germany,headline,77.09180491
1998-04-01,DE,Germany,headline,77.17095460
1998-05-01,DE,Germany,headline,77.47436178
1998-06-01,DE,Germany,headline,77.55351147
1998-07-01,DE,Germany,headline,77.77776895
1998-08-01,DE,Germany,headline,77.69861925
1998-09-01,DE,Germany,headline,77.39521208
1998-10-01,DE,Germany,headline,77.25010430
1998-11-01,DE,Germany,headline,77.25010430
1998-12-01,DE,Germany,headline,77.25010430
1999-01-01,DE,Germany,headline,77.17095460
1999-02-01,DE,Germany,headline,77.31606238
1999-03-01,DE,Germany,headline,77.47436178
1999-04-01,DE,Germany,headline,77.77776895
1999-05-01,DE,Germany,headline,77.77776895
1999-06-01,DE,Germany,headline,77.85691865
1999-07-01,DE,Germany,headline,78.22628390
1999-08-01,DE,Germany,headline,78.22628390
1999-09-01,DE,Germany,headline,78.00202642
1999-10-01,DE,Germany,headline,77.92287673
1999-11-01,DE,Germany,headline,78.00202642
1999-12-01,DE,Germany,headline,78.30543359
2000-01-01,DE,Germany,headline,78.46373299
2000-02-01,DE,Germany,headline,78.60884077
2000-03-01,DE,Germany,headline,78.56926592
2000-04-01,DE,Germany,headline,78.56926592
2000-05-01,DE,Germany,headline,78.45054137
2000-06-01,DE,Germany,headline,78.85948147
2000-07-01,DE,Germany,headline,79.18927188
2000-08-01,DE,Germany,headline,78.97820602
2000-09-01,DE,Germany,headline,79.18927188
2000-10-01,DE,Germany,headline,79.05735572
2000-11-01,DE,Germany,headline,79.13650541
2000-12-01,DE,Germany,headline,79.96757723
2001-01-01,DE,Germany,headline,79.46629582
2001-02-01,DE,Germany,headline,79.96757723
2001-03-01,DE,Germany,headline,79.98076885
2001-04-01,DE,Germany,headline,80.29736764
2001-05-01,DE,Germany,headline,80.65354127
2001-06-01,DE,Germany,headline,80.78545744
2001-07-01,DE,Germany,headline,80.93056521
2001-08-01,DE,Germany,headline,80.71949935
2001-09-01,DE,Germany,headline,80.62715804
2001-10-01,DE,Germany,headline,80.36332572
2001-11-01,DE,Germany,headline,80.19183471
2001-12-01,DE,Germany,headline,81.07567299
2002-01-01,DE,Germany,headline,81.15482269
2002-02-01,DE,Germany,headline,81.40546340
2002-03-01,DE,Germany,headline,81.53737956
2002-04-01,DE,Germany,headline,81.47142148
2002-05-01,DE,Germany,headline,81.56376279
2002-06-01,DE,Germany,headline,81.49780471
2002-07-01,DE,Germany,headline,81.77482865
2002-08-01,DE,Germany,headline,81.60333764
2002-09-01,DE,Germany,headline,81.49780471
2002-10-01,DE,Germany,headline,81.40546340
2002-11-01,DE,Germany,headline,81.10205622
2002-12-01,DE,Germany,headline,81.99908612
2003-01-01,DE,Germany,headline,81.97270289
2003-02-01,DE,Germany,headline,82.43440946
2003-03-01,DE,Germany,headline,82.51355915
2003-04-01,DE,Germany,headline,82.28930168
2003-05-01,DE,Germany,headline,82.07823582
2003-06-01,DE,Germany,headline,82.27611006
2003-07-01,DE,Germany,headline,82.48717592
2003-08-01,DE,Germany,headline,82.52675077
2003-09-01,DE,Germany,headline,82.43440946
2003-10-01,DE,Germany,headline,82.35525976
2003-11-01,DE,Germany,headline,82.18376875
2003-12-01,DE,Germany,headline,82.93569087
2004-01-01,DE,Germany,headline,82.93569087
2004-02-01,DE,Germany,headline,83.09399027
2004-03-01,DE,Germany,headline,83.42378067
2004-04-01,DE,Germany,headline,83.66122976
2004-05-01,DE,Germany,headline,83.85910400
2004-06-01,DE,Germany,headline,83.85910400
2004-07-01,DE,Germany,headline,84.13612794
2004-08-01,DE,Germany,headline,84.29442734
2004-09-01,DE,Germany,headline,83.95144532
2004-10-01,DE,Germany,headline,84.17570279
2004-11-01,DE,Germany,headline,83.80633754
2004-12-01,DE,Germany,headline,84.75613390
2005-01-01,DE,Germany,headline,84.26804410
2005-02-01,DE,Germany,headline,84.59783451
2005-03-01,DE,Germany,headline,84.91443330
2005-04-01,DE,Germany,headline,84.92762491
2005-05-01,DE,Germany,headline,85.21784047
2005-06-01,DE,Germany,headline,85.33656501
2005-07-01,DE,Germany,headline,85.74550512
2005-08-01,DE,Germany,headline,85.86422966
2005-09-01,DE,Germany,headline,86.16763683
2005-10-01,DE,Germany,headline,86.20721168
2005-11-01,DE,Germany,headline,85.73231350
2005-12-01,DE,Germany,headline,86.58976855
2006-01-01,DE,Germany,headline,86.08848714
2006-02-01,DE,Germany,headline,86.43146916
2006-03-01,DE,Germany,headline,86.47104401
2006-04-01,DE,Germany,headline,86.80083441
2006-05-01,DE,Germany,headline,86.97232542
2006-06-01,DE,Germany,headline,87.13062481
2006-07-01,DE,Germany,headline,87.53956492
2006-08-01,DE,Germany,headline,87.39445714
2006-09-01,DE,Germany,headline,86.98551704
2006-10-01,DE,Germany,headline,87.11743320
2006-11-01,DE,Germany,headline,86.98551704
2006-12-01,DE,Germany,headline,87.77701401
2007-01-01,DE,Germany,headline,87.64509784
2007-02-01,DE,Germany,headline,88.02765471
2007-03-01,DE,Germany,headline,88.21233734
2007-04-01,DE,Germany,headline,88.55531936
2007-05-01,DE,Germany,headline,88.74000199
2007-06-01,DE,Germany,headline,88.83234330
2007-07-01,DE,Germany,headline,89.25447502
2007-08-01,DE,Germany,headline,89.12255886
2007-09-01,DE,Germany,headline,89.28085825
2007-10-01,DE,Germany,headline,89.43915764
2007-11-01,DE,Germany,headline,89.92724744
2007-12-01,DE,Germany,headline,90.50767855
2008-01-01,DE,Germany,headline,90.19107977
2008-02-01,DE,Germany,headline,90.65278633
2008-03-01,DE,Germany,headline,91.14087613
2008-04-01,DE,Germany,headline,90.89023542
2008-05-01,DE,Germany,headline,91.48385815
2008-06-01,DE,Germany,headline,91.77407371
2008-07-01,DE,Germany,headline,92.35450482
2008-08-01,DE,Germany,headline,92.02471441
2008-09-01,DE,Germany,headline,91.95875633
2008-10-01,DE,Germany,headline,91.70811563
2008-11-01,DE,Germany,headline,91.19364259
2008-12-01,DE,Germany,headline,91.53662462
2009-01-01,DE,Germany,headline,91.06172643
2009-02-01,DE,Germany,headline,91.61577431
2009-03-01,DE,Germany,headline,91.43109169
2009-04-01,DE,Germany,headline,91.49704977
2009-05-01,DE,Germany,headline,91.41790007
2009-06-01,DE,Germany,headline,91.76088209
2009-07-01,DE,Germany,headline,91.73449886
2009-08-01,DE,Germany,headline,91.95875633
2009-09-01,DE,Germany,headline,91.56300785
2009-10-01,DE,Germany,headline,91.61577431
2009-11-01,DE,Germany,headline,91.47066653
2009-12-01,DE,Germany,headline,92.34131320
2010-01-01,DE,Germany,headline,91.68173239
2010-02-01,DE,Germany,headline,92.03790603
2010-03-01,DE,Germany,headline,92.55237906
2010-04-01,DE,Germany,headline,92.43365451
2010-05-01,DE,Germany,headline,92.53918744
2010-06-01,DE,Germany,headline,92.56557068
2010-07-01,DE,Germany,headline,92.81621138
2010-08-01,DE,Germany,headline,92.88216946
2010-09-01,DE,Germany,headline,92.75025330
2010-10-01,DE,Germany,headline,92.84259462
2010-11-01,DE,Germany,headline,92.92174431
2010-12-01,DE,Germany,headline,93.99026522
2011-01-01,DE,Germany,headline,93.50217542
2011-02-01,DE,Germany,headline,94.05622330
2011-03-01,DE,Germany,headline,94.64984603
2011-04-01,DE,Germany,headline,94.91367836
2011-05-01,DE,Germany,headline,94.78176219
2011-06-01,DE,Germany,headline,94.82133704
2011-07-01,DE,Germany,headline,95.23027714
2011-08-01,DE,Germany,headline,95.21708553
2011-09-01,DE,Germany,headline,95.34900169
2011-10-01,DE,Germany,headline,95.45453462
2011-11-01,DE,Germany,headline,95.42815139
2011-12-01,DE,Germany,headline,96.12730704
2012-01-01,DE,Germany,headline,95.65240886
2012-02-01,DE,Germany,headline,96.45709745
2012-03-01,DE,Germany,headline,96.87922916
2012-04-01,DE,Germany,headline,97.03752856
2012-05-01,DE,Germany,headline,96.80007947
2012-06-01,DE,Germany,headline,96.64178007
2012-07-01,DE,Germany,headline,97.01114533
2012-08-01,DE,Germany,headline,97.35412735
2012-09-01,DE,Germany,headline,97.36731896
2012-10-01,DE,Germany,headline,97.38051058
2012-11-01,DE,Germany,headline,97.24859442
2012-12-01,DE,Germany,headline,98.09285785
2013-01-01,DE,Germany,headline,97.45966028
2013-02-01,DE,Germany,headline,98.17200755
2013-03-01,DE,Germany,headline,98.66009735
2013-04-01,DE,Germany,headline,98.07966624
2013-05-01,DE,Germany,headline,98.34349856
2013-06-01,DE,Germany,headline,98.46222311
2013-07-01,DE,Germany,headline,98.91073806
2013-08-01,DE,Germany,headline,98.88435482
2013-09-01,DE,Germany,headline,98.85797159
2013-10-01,DE,Germany,headline,98.59413927
2013-11-01,DE,Germany,headline,98.81839674
2013-12-01,DE,Germany,headline,99.31967816
2014-01-01,DE,Germany,headline,98.59413927
2014-02-01,DE,Germany,headline,99.16137876
2014-03-01,DE,Germany,headline,99.43840270
2014-04-01,DE,Germany,headline,99.20095361
2014-05-01,DE,Germany,headline,99.00307937
2014-06-01,DE,Germany,headline,99.35925300
2014-07-01,DE,Germany,headline,99.64946856
2014-08-01,DE,Germany,headline,99.67585179
2014-09-01,DE,Germany,headline,99.66266018
2014-10-01,DE,Germany,headline,99.33286977
2014-11-01,DE,Germany,headline,99.34606139
2014-12-01,DE,Germany,headline,99.38563624
2015-01-01,DE,Germany,headline,98.14562432
2015-02-01,DE,Germany,headline,99.05584583
2015-03-01,DE,Germany,headline,99.67585179
2015-04-01,DE,Germany,headline,100.24309129
2015-05-01,DE,Germany,headline,100.55969008
2015-06-01,DE,Germany,headline,100.50692361
2015-07-01,DE,Germany,headline,100.86309725
2015-08-01,DE,Germany,headline,100.82352240
2015-09-01,DE,Germany,headline,100.53330684
2015-10-01,DE,Germany,headline,100.48054038
2015-11-01,DE,Germany,headline,99.53074402
2015-12-01,DE,Germany,headline,99.62308533
2016-01-01,DE,Germany,headline,98.50179795
2016-02-01,DE,Germany,headline,98.91073806
2016-03-01,DE,Germany,headline,99.82095957
2016-04-01,DE,Germany,headline,99.90010927
2016-05-01,DE,Germany,headline,100.48054038
2016-06-01,DE,Germany,headline,100.61245654
2016-07-01,DE,Germany,headline,101.21927089
2016-08-01,DE,Germany,headline,101.08735472
2016-09-01,DE,Germany,headline,101.06097149
2016-10-01,DE,Germany,headline,101.21927089
2016-11-01,DE,Germany,headline,100.25628290
2016-12-01,DE,Germany,headline,101.17969604
2017-01-01,DE,Germany,headline,100.25628290
2017-02-01,DE,Germany,headline,101.00820503
2017-03-01,DE,Germany,headline,101.28522897
2017-04-01,DE,Germany,headline,101.89204331
2017-05-01,DE,Germany,headline,101.83927685
2017-06-01,DE,Germany,headline,102.28779179
2017-07-01,DE,Germany,headline,102.89460614
2017-08-01,DE,Germany,headline,103.00013907
2017-09-01,DE,Germany,headline,102.97375584
2017-10-01,DE,Germany,headline,102.70992351
2017-11-01,DE,Germany,headline,102.03715109
2017-12-01,DE,Germany,headline,102.69673190
2018-01-01,DE,Germany,headline,101.66778583
2018-02-01,DE,Germany,headline,102.22183371
2018-03-01,DE,Germany,headline,102.97375584
2018-04-01,DE,Germany,headline,103.21120493
2018-05-01,DE,Germany,headline,104.26653422
2018-06-01,DE,Germany,headline,104.35887553
2018-07-01,DE,Germany,headline,105.15037250
2018-08-01,DE,Germany,headline,105.18994735
2018-09-01,DE,Germany,headline,105.28228867
2018-10-01,DE,Germany,headline,105.41420483
2018-11-01,DE,Germany,headline,104.18738452
2018-12-01,DE,Germany,headline,104.35887553
2019-01-01,DE,Germany,headline,103.42227079
2019-02-01,DE,Germany,headline,103.94993543
2019-03-01,DE,Germany,headline,104.39845038
2019-04-01,DE,Germany,headline,105.41420483
2019-05-01,DE,Germany,headline,105.66484553
2019-06-01,DE,Germany,headline,105.99463594
2019-07-01,DE,Germany,headline,106.42995927
2019-08-01,DE,Germany,headline,106.27165988
2019-09-01,DE,Germany,headline,106.24527665
2019-10-01,DE,Germany,headline,106.29804311
2019-11-01,DE,Germany,headline,105.45377968
2019-12-01,DE,Germany,headline,106.02101917
2020-01-01,DE,Germany,headline,105.13718089
2020-02-01,DE,Germany,headline,105.71761200
2020-03-01,DE,Germany,headline,105.77037846
2020-04-01,DE,Germany,headline,106.25846826
2020-05-01,DE,Germany,headline,106.16612695
2020-06-01,DE,Germany,headline,106.87847422
2020-07-01,DE,Germany,headline,106.37719281
2020-08-01,DE,Germany,headline,106.16612695
2020-09-01,DE,Germany,headline,105.84952816
2020-10-01,DE,Germany,headline,105.82314493
2020-11-01,DE,Germany,headline,104.72824079
2020-12-01,DE,Germany,headline,105.33505513
2021-01-01,DE,Germany,headline,106.79932453
2021-02-01,DE,Germany,headline,107.40613887
2021-03-01,DE,Germany,headline,107.85465382
2021-04-01,DE,Germany,headline,108.40870170
2021-05-01,DE,Germany,headline,108.75168372
2021-06-01,DE,Germany,headline,109.06828251
2021-07-01,DE,Germany,headline,109.72786332
2021-08-01,DE,Germany,headline,109.82020463
2021-09-01,DE,Germany,headline,110.07084534
2021-10-01,DE,Germany,headline,110.74361776
2021-11-01,DE,Germany,headline,110.96787524
2021-12-01,DE,Germany,headline,111.31085726
2022-01-01,DE,Germany,headline,112.27384524
2022-02-01,DE,Germany,headline,113.25002483
2022-03-01,DE,Germany,headline,116.08622231
2022-04-01,DE,Germany,headline,116.94367736
2022-05-01,DE,Germany,headline,118.15730605
2022-06-01,DE,Germany,headline,118.13092282
2022-07-01,DE,Germany,headline,118.96199464
2022-08-01,DE,Germany,headline,119.51604252
2022-09-01,DE,Germany,headline,122.15436575
2022-10-01,DE,Germany,headline,123.53948545
2022-11-01,DE,Germany,headline,123.52629383
2022-12-01,DE,Germany,headline,121.99606636
2023-01-01,DE,Germany,headline,122.65564716
2023-02-01,DE,Germany,headline,123.82970100
2023-03-01,DE,Germany,headline,125.06971292
2023-04-01,DE,Germany,headline,125.76886858
2023-05-01,DE,Germany,headline,125.59737757
2023-06-01,DE,Germany,headline,126.09865898
2023-07-01,DE,Germany,headline,126.70547333
2023-08-01,DE,Germany,headline,127.16717989
2023-09-01,DE,Germany,headline,127.35186252
2023-10-01,DE,Germany,headline,127.16717989
2023-11-01,DE,Germany,headline,126.30972484
2023-12-01,DE,Germany,headline,126.56036555
2024-01-01,DE,Germany,headline,126.37568292
2024-02-01,DE,Germany,headline,127.19356313
2024-03-01,DE,Germany,headline,128.01144333
2024-04-01,DE,Germany,headline,128.77655707
2024-05-01,DE,Germany,headline,129.05358101
2024-06-01,DE,Germany,headline,129.31741333
2024-07-01,DE,Germany,headline,129.96380252
2024-08-01,DE,Germany,headline,129.83188636
2024-09-01,DE,Germany,headline,129.72635343
2024-10-01,DE,Germany,headline,130.17486838
2024-11-01,DE,Germany,headline,129.35698818
2024-12-01,DE,Germany,headline,130.14848515
2025-01-01,DE,Germany,headline,129.89784444
2025-02-01,DE,Germany,headline,130.53104202
2025-03-01,DE,Germany,headline,131.01913182
2025-04-01,DE,Germany,headline,131.65232939
2025-05-01,DE,Germany,headline,131.75786232
2025-06-01,DE,Germany,headline,131.87658687
2025-07-01,DE,Germany,headline,132.37786828
2025-08-01,DE,Germany,headline,132.47020960
2025-09-01,DE,Germany,headline,132.77361677
2025-10-01,DE,Germany,headline,133.16936525
2025-11-01,DE,Germany,headline,132.65489222
2025-12-01,DE,Germany,headline,132.80000000
2026-01-01,DE,Germany,headline,132.65489222
2026-02-01,DE,Germany,headline,133.15617364
2026-03-01,DE,Germany,headline,134.69959273
2026-04-01,DE,Germany,headline,135.43832323
2026-05-01,DE,Germany,headline,135.28002384
2026-06-01,DE,Germany,headline,134.97661667
1996-01-01,DE,Germany,core,80.90807650
1996-02-01,DE,Germany,core,81.35972649
1996-03-01,DE,Germany,core,81.33463482
1996-04-01,DE,Germany,core,81.09626400
1996-05-01,DE,Germany,core,81.33463482
1996-06-01,DE,Germany,core,81.53536815
1996-07-01,DE,Germany,core,81.82392231
1996-08-01,DE,Germany,core,81.87410564
1996-09-01,DE,Germany,core,81.72355564
1996-10-01,DE,Germany,core,81.57300565
1996-11-01,DE,Germany,core,81.42245565
1996-12-01,DE,Germany,core,81.76119314
1997-01-01,DE,Germany,core,82.01210980
1997-02-01,DE,Germany,core,82.43866812
1997-03-01,DE,Germany,core,82.46375979
1997-04-01,DE,Germany,core,82.07483897
1997-05-01,DE,Germany,core,82.41357645
1997-06-01,DE,Germany,core,82.53903478
1997-07-01,DE,Germany,core,82.95304727
1997-08-01,DE,Germany,core,83.04086810
1997-09-01,DE,Germany,core,82.78995144
1997-10-01,DE,Germany,core,82.58921812
1997-11-01,DE,Germany,core,82.65194728
1997-12-01,DE,Germany,core,82.86522644
1998-01-01,DE,Germany,core,82.76485978
1998-02-01,DE,Germany,core,83.14123476
1998-03-01,DE,Germany,core,83.05341393
1998-04-01,DE,Germany,core,83.00323060
1998-05-01,DE,Germany,core,83.26669309
1998-06-01,DE,Germany,core,83.45488059
1998-07-01,DE,Germany,core,83.86889307
1998-08-01,DE,Germany,core,83.93162224
1998-09-01,DE,Germany,core,83.69325141
1998-10-01,DE,Germany,core,83.55524725
1998-11-01,DE,Germany,core,83.54270142
1998-12-01,DE,Germany,core,83.64306808
1999-01-01,DE,Germany,core,83.41724309
1999-02-01,DE,Germany,core,83.74343474
1999-03-01,DE,Germany,core,83.76852641
1999-04-01,DE,Germany,core,83.46742642
1999-05-01,DE,Germany,core,83.61797641
1999-06-01,DE,Germany,core,83.73088891
1999-07-01,DE,Germany,core,84.27035973
1999-08-01,DE,Germany,core,84.23272223
1999-09-01,DE,Germany,core,83.89398474
1999-10-01,DE,Germany,core,83.74343474
1999-11-01,DE,Germany,core,83.90653057
1999-12-01,DE,Germany,core,84.06962640
2000-01-01,DE,Germany,core,83.95671390
2000-02-01,DE,Germany,core,84.00689724
2000-03-01,DE,Germany,core,83.78107224
2000-04-01,DE,Germany,core,83.90653057
2000-05-01,DE,Germany,core,83.59288475
2000-06-01,DE,Germany,core,83.76852641
2000-07-01,DE,Germany,core,84.25781389
2000-08-01,DE,Germany,core,84.09471807
2000-09-01,DE,Germany,core,83.83125557
2000-10-01,DE,Germany,core,83.79361808
2000-11-01,DE,Germany,core,83.70579725
2000-12-01,DE,Germany,core,84.98547220
2001-01-01,DE,Germany,core,84.14490140
2001-02-01,DE,Germany,core,84.47109305
2001-03-01,DE,Germany,core,84.38327222
2001-04-01,DE,Germany,core,84.47109305
2001-05-01,DE,Germany,core,84.47109305
2001-06-01,DE,Germany,core,84.70946388
2001-07-01,DE,Germany,core,85.23638886
2001-08-01,DE,Germany,core,85.17365970
2001-09-01,DE,Germany,core,84.94783470
2001-10-01,DE,Germany,core,84.91019721
2001-11-01,DE,Germany,core,84.91019721
2001-12-01,DE,Germany,core,86.18987216
2002-01-01,DE,Germany,core,85.51239719
2002-02-01,DE,Germany,core,85.88877217
2002-03-01,DE,Germany,core,85.90131801
2002-04-01,DE,Germany,core,85.60021802
2002-05-01,DE,Germany,core,85.86368051
2002-06-01,DE,Germany,core,85.97659300
2002-07-01,DE,Germany,core,86.46588049
2002-08-01,DE,Germany,core,86.31533049
2002-09-01,DE,Germany,core,86.07695967
2002-10-01,DE,Germany,core,85.95150134
2002-11-01,DE,Germany,core,85.83858884
2002-12-01,DE,Germany,core,87.00535130
2003-01-01,DE,Germany,core,86.08950550
2003-02-01,DE,Germany,core,86.40315132
2003-03-01,DE,Germany,core,86.37805966
2003-04-01,DE,Germany,core,86.40315132
2003-05-01,DE,Germany,core,86.29023883
2003-06-01,DE,Germany,core,86.49097215
2003-07-01,DE,Germany,core,86.81716381
2003-08-01,DE,Germany,core,86.90498464
2003-09-01,DE,Germany,core,86.75443464
2003-10-01,DE,Germany,core,86.60388465
2003-11-01,DE,Germany,core,86.44078882
2003-12-01,DE,Germany,core,87.51973045
2004-01-01,DE,Germany,core,87.26881379
2004-02-01,DE,Germany,core,87.56991378
2004-03-01,DE,Germany,core,87.56991378
2004-04-01,DE,Germany,core,87.70791795
2004-05-01,DE,Germany,core,87.65773462
2004-06-01,DE,Germany,core,87.83337628
2004-07-01,DE,Germany,core,88.15956793
2004-08-01,DE,Germany,core,88.32266376
2004-09-01,DE,Germany,core,87.99647210
2004-10-01,DE,Germany,core,87.92119711
2004-11-01,DE,Germany,core,87.75810128
2004-12-01,DE,Germany,core,88.88722624
2005-01-01,DE,Germany,core,87.93374294
2005-02-01,DE,Germany,core,88.20975126
2005-03-01,DE,Germany,core,88.28502626
2005-04-01,DE,Germany,core,88.03410960
2005-05-01,DE,Germany,core,88.41048459
2005-06-01,DE,Germany,core,88.27248043
2005-07-01,DE,Germany,core,88.62376375
2005-08-01,DE,Germany,core,88.72413041
2005-09-01,DE,Germany,core,88.49830542
2005-10-01,DE,Germany,core,88.53594292
2005-11-01,DE,Germany,core,88.33520959
2005-12-01,DE,Germany,core,89.43924289
2006-01-01,DE,Germany,core,88.28502626
2006-02-01,DE,Germany,core,88.68649291
2006-03-01,DE,Germany,core,88.71158458
2006-04-01,DE,Germany,core,88.69903875
2006-05-01,DE,Germany,core,88.74922208
2006-06-01,DE,Germany,core,88.86213458
2006-07-01,DE,Germany,core,89.32633039
2006-08-01,DE,Germany,core,89.23850956
2006-09-01,DE,Germany,core,89.16323457
2006-10-01,DE,Germany,core,89.26360123
2006-11-01,DE,Germany,core,89.11305123
2006-12-01,DE,Germany,core,90.20453870
2007-01-01,DE,Germany,core,89.66506788
2007-02-01,DE,Germany,core,90.11671787
2007-03-01,DE,Germany,core,90.16690120
2007-04-01,DE,Germany,core,90.32999703
2007-05-01,DE,Germany,core,90.50563869
2007-06-01,DE,Germany,core,90.55582202
2007-07-01,DE,Germany,core,91.04510950
2007-08-01,DE,Germany,core,90.99492617
2007-09-01,DE,Germany,core,90.98238034
2007-10-01,DE,Germany,core,91.03256367
2007-11-01,DE,Germany,core,90.94474284
2007-12-01,DE,Germany,core,92.01113864
2008-01-01,DE,Germany,core,90.99492617
2008-02-01,DE,Germany,core,91.54694282
2008-03-01,DE,Germany,core,91.81040531
2008-04-01,DE,Germany,core,91.23329700
2008-05-01,DE,Germany,core,91.50930532
2008-06-01,DE,Germany,core,91.57203449
2008-07-01,DE,Germany,core,92.12405113
2008-08-01,DE,Germany,core,92.23696363
2008-09-01,DE,Germany,core,92.07386780
2008-10-01,DE,Germany,core,92.07386780
2008-11-01,DE,Germany,core,92.12405113
2008-12-01,DE,Germany,core,93.20299277
2009-01-01,DE,Germany,core,92.09895947
2009-02-01,DE,Germany,core,92.86425528
2009-03-01,DE,Germany,core,92.86425528
2009-04-01,DE,Germany,core,92.97716777
2009-05-01,DE,Germany,core,92.86425528
2009-06-01,DE,Germany,core,92.83916361
2009-07-01,DE,Germany,core,93.39118026
2009-08-01,DE,Germany,core,93.54173025
2009-09-01,DE,Germany,core,93.25317610
2009-10-01,DE,Germany,core,93.36608859
2009-11-01,DE,Germany,core,93.01480527
2009-12-01,DE,Germany,core,94.28193440
2010-01-01,DE,Germany,core,92.85170944
2010-02-01,DE,Germany,core,93.44136359
2010-03-01,DE,Germany,core,93.62955109
2010-04-01,DE,Germany,core,93.15280943
2010-05-01,DE,Germany,core,93.36608859
2010-06-01,DE,Germany,core,93.39118026
2010-07-01,DE,Germany,core,93.85537608
2010-08-01,DE,Germany,core,94.08120107
2010-09-01,DE,Germany,core,93.83028441
2010-10-01,DE,Germany,core,93.94319691
2010-11-01,DE,Germany,core,93.80519275
2010-12-01,DE,Germany,core,94.85904271
2011-01-01,DE,Germany,core,93.64209692
2011-02-01,DE,Germany,core,94.23175107
2011-03-01,DE,Germany,core,94.50775939
2011-04-01,DE,Germany,core,94.63321772
2011-05-01,DE,Germany,core,94.45757606
2011-06-01,DE,Germany,core,94.62067189
2011-07-01,DE,Germany,core,95.09741354
2011-08-01,DE,Germany,core,95.24796353
2011-09-01,DE,Germany,core,95.07232187
2011-10-01,DE,Germany,core,95.14759687
2011-11-01,DE,Germany,core,94.97195521
2011-12-01,DE,Germany,core,96.00071351
2012-01-01,DE,Germany,core,94.85904271
2012-02-01,DE,Germany,core,95.54906352
2012-03-01,DE,Germany,core,95.77488851
2012-04-01,DE,Germany,core,95.92543851
2012-05-01,DE,Germany,core,95.88780101
2012-06-01,DE,Germany,core,95.83761768
2012-07-01,DE,Germany,core,96.26417600
2012-08-01,DE,Germany,core,96.38963433
2012-09-01,DE,Germany,core,96.22653850
2012-10-01,DE,Germany,core,96.33945100
2012-11-01,DE,Germany,core,96.15126350
2012-12-01,DE,Germany,core,97.33057180
2013-01-01,DE,Germany,core,95.92543851
2013-02-01,DE,Germany,core,96.70328015
2013-03-01,DE,Germany,core,97.49366762
2013-04-01,DE,Germany,core,96.57782182
2013-05-01,DE,Germany,core,96.89146764
2013-06-01,DE,Germany,core,97.00438014
2013-07-01,DE,Germany,core,97.39330096
2013-08-01,DE,Germany,core,97.54385096
2013-09-01,DE,Germany,core,97.46857596
2013-10-01,DE,Germany,core,97.30548013
2013-11-01,DE,Germany,core,97.71949262
2013-12-01,DE,Germany,core,98.09586760
2014-01-01,DE,Germany,core,97.06710931
2014-02-01,DE,Germany,core,97.81985928
2014-03-01,DE,Germany,core,98.30914676
2014-04-01,DE,Germany,core,97.92022594
2014-05-01,DE,Germany,core,97.66930929
2014-06-01,DE,Germany,core,98.10841344
2014-07-01,DE,Germany,core,98.53497176
2014-08-01,DE,Germany,core,98.73570508
2014-09-01,DE,Germany,core,98.62279259
2014-10-01,DE,Germany,core,98.38442176
2014-11-01,DE,Germany,core,98.63533842
2014-12-01,DE,Germany,core,99.25008423
2015-01-01,DE,Germany,core,97.97040928
2015-02-01,DE,Germany,core,98.76079675
2015-03-01,DE,Germany,core,99.40063423
2015-04-01,DE,Germany,core,99.96519671
2015-05-01,DE,Germany,core,100.25375087
2015-06-01,DE,Germany,core,100.32902586
2015-07-01,DE,Germany,core,100.95631751
2015-08-01,DE,Germany,core,101.26996333
2015-09-01,DE,Germany,core,101.05668417
2015-10-01,DE,Germany,core,101.04413834
2015-11-01,DE,Germany,core,99.68918839
2015-12-01,DE,Germany,core,100.30393420
2016-01-01,DE,Germany,core,99.08698841
2016-02-01,DE,Germany,core,99.67664255
2016-03-01,DE,Germany,core,100.69285502
2016-04-01,DE,Germany,core,100.60503419
2016-05-01,DE,Germany,core,101.24487167
2016-06-01,DE,Germany,core,101.32014667
2016-07-01,DE,Germany,core,102.24853830
2016-08-01,DE,Germany,core,102.27362997
2016-09-01,DE,Germany,core,102.08544247
2016-10-01,DE,Germany,core,102.09798831
2016-11-01,DE,Germany,core,100.76813002
2016-12-01,DE,Germany,core,101.55851749
2017-01-01,DE,Germany,core,100.01538004
2017-02-01,DE,Germany,core,100.71794669
2017-03-01,DE,Germany,core,101.53342582
2017-04-01,DE,Germany,core,102.22344664
2017-05-01,DE,Germany,core,102.32381330
2017-06-01,DE,Germany,core,103.05147161
2017-07-01,DE,Germany,core,103.87949658
2017-08-01,DE,Germany,core,103.96731741
2017-09-01,DE,Germany,core,103.69130909
2017-10-01,DE,Germany,core,103.18947577
2017-11-01,DE,Germany,core,102.04780497
2017-12-01,DE,Germany,core,102.83819245
2018-01-01,DE,Germany,core,101.15705084
2018-02-01,DE,Germany,core,101.97252998
2018-03-01,DE,Germany,core,103.05147161
2018-04-01,DE,Germany,core,103.05147161
2018-05-01,DE,Germany,core,104.11786741
2018-06-01,DE,Germany,core,104.18059657
2018-07-01,DE,Germany,core,105.34735903
2018-08-01,DE,Germany,core,105.30972153
2018-09-01,DE,Germany,core,104.99607571
2018-10-01,DE,Germany,core,105.04625904
2018-11-01,DE,Germany,core,103.11420077
2018-12-01,DE,Germany,core,103.97986324
2019-01-01,DE,Germany,core,102.93855911
2019-02-01,DE,Germany,core,103.54075909
2019-03-01,DE,Germany,core,104.09277574
2019-04-01,DE,Germany,core,105.10898821
2019-05-01,DE,Germany,core,105.09644237
2019-06-01,DE,Germany,core,105.72373402
2019-07-01,DE,Germany,core,106.27575067
2019-08-01,DE,Germany,core,106.18792984
2019-09-01,DE,Germany,core,106.15029234
2019-10-01,DE,Germany,core,106.27575067
2019-11-01,DE,Germany,core,105.04625904
2019-12-01,DE,Germany,core,105.78646319
2020-01-01,DE,Germany,core,104.18059657
2020-02-01,DE,Germany,core,104.92080071
2020-03-01,DE,Germany,core,105.37245070
2020-04-01,DE,Germany,core,106.23811317
2020-05-01,DE,Germany,core,106.23811317
2020-06-01,DE,Germany,core,106.96577148
2020-07-01,DE,Germany,core,106.89049648
2020-08-01,DE,Germany,core,106.71485482
2020-09-01,DE,Germany,core,106.41375483
2020-10-01,DE,Germany,core,106.28829650
2020-11-01,DE,Germany,core,104.94589238
2020-12-01,DE,Germany,core,105.63591319
2021-01-01,DE,Germany,core,106.27575067
2021-02-01,DE,Germany,core,106.70230899
2021-03-01,DE,Germany,core,106.97831731
2021-04-01,DE,Germany,core,107.42996730
2021-05-01,DE,Germany,core,107.86907145
2021-06-01,DE,Germany,core,108.19526311
2021-07-01,DE,Germany,core,108.83510058
2021-08-01,DE,Germany,core,108.89782975
2021-09-01,DE,Germany,core,109.09856308
2021-10-01,DE,Germany,core,109.31184224
2021-11-01,DE,Germany,core,109.21147557
2021-12-01,DE,Germany,core,109.75094639
2022-01-01,DE,Germany,core,109.33693390
2022-02-01,DE,Germany,core,109.87640472
2022-03-01,DE,Germany,core,110.57897136
2022-04-01,DE,Germany,core,111.60772966
2022-05-01,DE,Germany,core,112.18483797
2022-06-01,DE,Germany,core,111.69555049
2022-07-01,DE,Germany,core,112.36047964
2022-08-01,DE,Germany,core,112.63648796
2022-09-01,DE,Germany,core,114.22980874
2022-10-01,DE,Germany,core,114.94492122
2022-11-01,DE,Germany,core,114.78182539
2022-12-01,DE,Germany,core,115.58475870
2023-01-01,DE,Germany,core,114.88219205
2023-02-01,DE,Germany,core,115.84822119
2023-03-01,DE,Germany,core,117.07771281
2023-04-01,DE,Germany,core,117.90573779
2023-05-01,DE,Germany,core,117.90573779
2023-06-01,DE,Germany,core,118.54557527
2023-07-01,DE,Germany,core,119.34850857
2023-08-01,DE,Germany,core,119.66215440
2023-09-01,DE,Germany,core,119.67470023
2023-10-01,DE,Germany,core,119.72488356
2023-11-01,DE,Germany,core,118.83412942
2023-12-01,DE,Germany,core,119.48651273
2024-01-01,DE,Germany,core,118.79649192
2024-02-01,DE,Germany,core,119.80015856
2024-03-01,DE,Germany,core,120.90419185
2024-04-01,DE,Germany,core,121.35584184
2024-05-01,DE,Germany,core,121.95804182
2024-06-01,DE,Germany,core,122.42223764
2024-07-01,DE,Germany,core,123.18753345
2024-08-01,DE,Germany,core,123.26280844
2024-09-01,DE,Germany,core,123.32553761
2024-10-01,DE,Germany,core,123.62663760
2024-11-01,DE,Germany,core,122.56024180
2024-12-01,DE,Germany,core,123.52627093
2025-01-01,DE,Germany,core,123.07462095
2025-02-01,DE,Germany,core,123.55136260
2025-03-01,DE,Germany,core,124.32920424
2025-04-01,DE,Germany,core,125.11959172
2025-05-01,DE,Germany,core,125.28268754
2025-06-01,DE,Germany,core,125.54615003
2025-07-01,DE,Germany,core,126.07307502
2025-08-01,DE,Germany,core,126.17344168
2025-09-01,DE,Germany,core,126.52472500
2025-10-01,DE,Germany,core,127.00146665
2025-11-01,DE,Germany,core,126.22362501
2025-12-01,DE,Germany,core,126.60000000
2026-01-01,DE,Germany,core,126.06052918
2026-02-01,DE,Germany,core,126.63763750
2026-03-01,DE,Germany,core,127.49075414
2026-04-01,DE,Germany,core,127.98004162
2026-05-01,DE,Germany,core,128.49442077
2026-06-01,DE,Germany,core,128.69515410
1996-01-01,DE,Germany,core_exvolatile,79.08975402
1996-02-01,DE,Germany,core_exvolatile,79.46397540
1996-03-01,DE,Germany,core_exvolatile,79.43816703
1996-04-01,DE,Germany,core_exvolatile,79.24460425
1996-05-01,DE,Germany,core_exvolatile,79.43816703
1996-06-01,DE,Germany,core_exvolatile,79.60592144
1996-07-01,DE,Germany,core_exvolatile,79.85110097
1996-08-01,DE,Germany,core_exvolatile,79.88981353
1996-09-01,DE,Germany,core_exvolatile,79.77367586
1996-10-01,DE,Germany,core_exvolatile,79.65753819
1996-11-01,DE,Germany,core_exvolatile,79.61882563
1996-12-01,DE,Germany,core_exvolatile,79.88981353
1997-01-01,DE,Germany,core_exvolatile,80.09628050
1997-02-01,DE,Germany,core_exvolatile,80.45759770
1997-03-01,DE,Germany,core_exvolatile,80.49631026
1997-04-01,DE,Germany,core_exvolatile,80.18660980
1997-05-01,DE,Germany,core_exvolatile,80.48340607
1997-06-01,DE,Germany,core_exvolatile,80.62535211
1997-07-01,DE,Germany,core_exvolatile,80.97376513
1997-08-01,DE,Germany,core_exvolatile,81.05119024
1997-09-01,DE,Germany,core_exvolatile,80.87053164
1997-10-01,DE,Germany,core_exvolatile,80.71568141
1997-11-01,DE,Germany,core_exvolatile,80.76729816
1997-12-01,DE,Germany,core_exvolatile,80.94795675
1998-01-01,DE,Germany,core_exvolatile,80.87053164
1998-02-01,DE,Germany,core_exvolatile,81.18023210
1998-03-01,DE,Germany,core_exvolatile,81.12861535
1998-04-01,DE,Germany,core_exvolatile,81.08990280
1998-05-01,DE,Germany,core_exvolatile,81.42541162
1998-06-01,DE,Germany,core_exvolatile,81.58026185
1998-07-01,DE,Germany,core_exvolatile,81.91577068
1998-08-01,DE,Germany,core_exvolatile,81.98029161
1998-09-01,DE,Germany,core_exvolatile,81.77382464
1998-10-01,DE,Germany,core_exvolatile,81.67059115
1998-11-01,DE,Germany,core_exvolatile,81.65768697
1998-12-01,DE,Germany,core_exvolatile,81.72220790
1999-01-01,DE,Germany,core_exvolatile,81.54154930
1999-02-01,DE,Germany,core_exvolatile,81.78672882
1999-03-01,DE,Germany,core_exvolatile,81.81253720
1999-04-01,DE,Germany,core_exvolatile,81.55445348
1999-05-01,DE,Germany,core_exvolatile,81.65768697
1999-06-01,DE,Germany,core_exvolatile,81.73511208
1999-07-01,DE,Germany,core_exvolatile,82.16095021
1999-08-01,DE,Germany,core_exvolatile,82.10933347
1999-09-01,DE,Germany,core_exvolatile,81.81253720
1999-10-01,DE,Germany,core_exvolatile,81.77382464
1999-11-01,DE,Germany,core_exvolatile,81.91577068
1999-12-01,DE,Germany,core_exvolatile,82.03190835
2000-01-01,DE,Germany,core_exvolatile,81.94157905
2000-02-01,DE,Germany,core_exvolatile,81.98029161
2000-03-01,DE,Germany,core_exvolatile,81.78672882
2000-04-01,DE,Germany,core_exvolatile,81.87705812
2000-05-01,DE,Germany,core_exvolatile,81.61897441
2000-06-01,DE,Germany,core_exvolatile,81.76092045
2000-07-01,DE,Germany,core_exvolatile,82.17385439
2000-08-01,DE,Germany,core_exvolatile,82.03190835
2000-09-01,DE,Germany,core_exvolatile,81.82544138
2000-10-01,DE,Germany,core_exvolatile,81.79963301
2000-11-01,DE,Germany,core_exvolatile,81.77382464
2000-12-01,DE,Germany,core_exvolatile,82.85777623
2001-01-01,DE,Germany,core_exvolatile,82.17385439
2001-02-01,DE,Germany,core_exvolatile,82.49645904
2001-03-01,DE,Germany,core_exvolatile,82.44484229
2001-04-01,DE,Germany,core_exvolatile,82.54807578
2001-05-01,DE,Germany,core_exvolatile,82.58678834
2001-06-01,DE,Germany,core_exvolatile,82.83196786
2001-07-01,DE,Germany,core_exvolatile,83.29651855
2001-08-01,DE,Germany,core_exvolatile,83.27071018
2001-09-01,DE,Germany,core_exvolatile,83.07714739
2001-10-01,DE,Germany,core_exvolatile,83.06424321
2001-11-01,DE,Germany,core_exvolatile,83.07714739
2001-12-01,DE,Germany,core_exvolatile,84.17400317
2002-01-01,DE,Germany,core_exvolatile,83.74816505
2002-02-01,DE,Germany,core_exvolatile,84.05786550
2002-03-01,DE,Germany,core_exvolatile,84.08367387
2002-04-01,DE,Germany,core_exvolatile,83.82559016
2002-05-01,DE,Germany,core_exvolatile,84.04496132
2002-06-01,DE,Germany,core_exvolatile,84.14819480
2002-07-01,DE,Germany,core_exvolatile,84.56112874
2002-08-01,DE,Germany,core_exvolatile,84.45789526
2002-09-01,DE,Germany,core_exvolatile,84.25142829
2002-10-01,DE,Germany,core_exvolatile,84.14819480
2002-11-01,DE,Germany,core_exvolatile,84.05786550
2002-12-01,DE,Germany,core_exvolatile,85.06439199
2003-01-01,DE,Germany,core_exvolatile,84.44499107
2003-02-01,DE,Germany,core_exvolatile,84.75469153
2003-03-01,DE,Germany,core_exvolatile,84.74178734
2003-04-01,DE,Germany,core_exvolatile,84.78049990
2003-05-01,DE,Germany,core_exvolatile,84.69017060
2003-06-01,DE,Germany,core_exvolatile,84.85792501
2003-07-01,DE,Germany,core_exvolatile,85.15472129
2003-08-01,DE,Germany,core_exvolatile,85.23214640
2003-09-01,DE,Germany,core_exvolatile,85.11600873
2003-10-01,DE,Germany,core_exvolatile,84.99987106
2003-11-01,DE,Germany,core_exvolatile,84.85792501
2003-12-01,DE,Germany,core_exvolatile,85.76121801
2004-01-01,DE,Germany,core_exvolatile,85.55475104
2004-02-01,DE,Germany,core_exvolatile,85.81283476
2004-03-01,DE,Germany,core_exvolatile,86.13543940
2004-04-01,DE,Germany,core_exvolatile,86.23867288
2004-05-01,DE,Germany,core_exvolatile,86.18705614
2004-06-01,DE,Germany,core_exvolatile,86.34190637
2004-07-01,DE,Germany,core_exvolatile,86.62579845
2004-08-01,DE,Germany,core_exvolatile,86.75484031
2004-09-01,DE,Germany,core_exvolatile,86.48385241
2004-10-01,DE,Germany,core_exvolatile,86.40642730
2004-11-01,DE,Germany,core_exvolatile,86.27738544
2004-12-01,DE,Germany,core_exvolatile,87.54199564
2005-01-01,DE,Germany,core_exvolatile,86.72903194
2005-02-01,DE,Germany,core_exvolatile,86.97421147
2005-03-01,DE,Germany,core_exvolatile,87.02582821
2005-04-01,DE,Germany,core_exvolatile,86.81936124
2005-05-01,DE,Germany,core_exvolatile,87.14196588
2005-06-01,DE,Germany,core_exvolatile,87.03873239
2005-07-01,DE,Germany,core_exvolatile,87.34843285
2005-08-01,DE,Germany,core_exvolatile,87.43876215
2005-09-01,DE,Germany,core_exvolatile,87.43876215
2005-10-01,DE,Germany,core_exvolatile,87.49037889
2005-11-01,DE,Germany,core_exvolatile,87.30972029
2005-12-01,DE,Germany,core_exvolatile,88.25172585
2006-01-01,DE,Germany,core_exvolatile,87.27100774
2006-02-01,DE,Germany,core_exvolatile,87.61942075
2006-03-01,DE,Germany,core_exvolatile,87.65813331
2006-04-01,DE,Germany,core_exvolatile,87.64522912
2006-05-01,DE,Germany,core_exvolatile,87.70975005
2006-06-01,DE,Germany,core_exvolatile,87.80007935
2006-07-01,DE,Germany,core_exvolatile,88.21301329
2006-08-01,DE,Germany,core_exvolatile,88.16139655
2006-09-01,DE,Germany,core_exvolatile,88.09687562
2006-10-01,DE,Germany,core_exvolatile,88.36786352
2006-11-01,DE,Germany,core_exvolatile,88.26463003
2006-12-01,DE,Germany,core_exvolatile,89.19373140
2007-01-01,DE,Germany,core_exvolatile,88.74208490
2007-02-01,DE,Germany,core_exvolatile,89.12921047
2007-03-01,DE,Germany,core_exvolatile,89.19373140
2007-04-01,DE,Germany,core_exvolatile,89.33567744
2007-05-01,DE,Germany,core_exvolatile,89.50343186
2007-06-01,DE,Germany,core_exvolatile,89.56795279
2007-07-01,DE,Germany,core_exvolatile,90.00669510
2007-08-01,DE,Germany,core_exvolatile,90.05831184
2007-09-01,DE,Germany,core_exvolatile,90.14864114
2007-10-01,DE,Germany,core_exvolatile,90.32929974
2007-11-01,DE,Germany,core_exvolatile,90.38091648
2007-12-01,DE,Germany,core_exvolatile,91.33582622
2008-01-01,DE,Germany,core_exvolatile,90.54867090
2008-02-01,DE,Germany,core_exvolatile,91.11645507
2008-03-01,DE,Germany,core_exvolatile,91.37453878
2008-04-01,DE,Germany,core_exvolatile,90.93579647
2008-05-01,DE,Germany,core_exvolatile,91.09064670
2008-06-01,DE,Germany,core_exvolatile,91.19388018
2008-07-01,DE,Germany,core_exvolatile,91.68423924
2008-08-01,DE,Germany,core_exvolatile,91.81328110
2008-09-01,DE,Germany,core_exvolatile,91.67133505
2008-10-01,DE,Germany,core_exvolatile,91.68423924
2008-11-01,DE,Germany,core_exvolatile,91.63262250
2008-12-01,DE,Germany,core_exvolatile,92.52301131
2009-01-01,DE,Germany,core_exvolatile,91.59390994
2009-02-01,DE,Germany,core_exvolatile,92.23911922
2009-03-01,DE,Germany,core_exvolatile,92.22621504
2009-04-01,DE,Germany,core_exvolatile,92.32944852
2009-05-01,DE,Germany,core_exvolatile,92.18750248
2009-06-01,DE,Germany,core_exvolatile,92.29073597
2009-07-01,DE,Germany,core_exvolatile,92.74238246
2009-08-01,DE,Germany,core_exvolatile,92.89723269
2009-09-01,DE,Germany,core_exvolatile,92.63914898
2009-10-01,DE,Germany,core_exvolatile,92.74238246
2009-11-01,DE,Germany,core_exvolatile,92.47139456
2009-12-01,DE,Germany,core_exvolatile,93.55534616
2010-01-01,DE,Germany,core_exvolatile,92.32944852
2010-02-01,DE,Germany,core_exvolatile,92.81980758
2010-03-01,DE,Germany,core_exvolatile,92.98756199
2010-04-01,DE,Germany,core_exvolatile,92.57462805
2010-05-01,DE,Germany,core_exvolatile,92.74238246
2010-06-01,DE,Germany,core_exvolatile,92.80690339
2010-07-01,DE,Germany,core_exvolatile,93.21983733
2010-08-01,DE,Germany,core_exvolatile,93.43920849
2010-09-01,DE,Germany,core_exvolatile,93.21983733
2010-10-01,DE,Germany,core_exvolatile,93.33597500
2010-11-01,DE,Germany,core_exvolatile,93.25854989
2010-12-01,DE,Germany,core_exvolatile,94.16184289
2011-01-01,DE,Germany,core_exvolatile,93.15531641
2011-02-01,DE,Germany,core_exvolatile,93.67148383
2011-03-01,DE,Germany,core_exvolatile,93.99408847
2011-04-01,DE,Germany,core_exvolatile,94.13603452
2011-05-01,DE,Germany,core_exvolatile,94.07151359
2011-06-01,DE,Germany,core_exvolatile,94.27798056
2011-07-01,DE,Germany,core_exvolatile,94.72962706
2011-08-01,DE,Germany,core_exvolatile,94.92318984
2011-09-01,DE,Germany,core_exvolatile,94.80705217
2011-10-01,DE,Germany,core_exvolatile,94.89738147
2011-11-01,DE,Germany,core_exvolatile,94.75543543
2011-12-01,DE,Germany,core_exvolatile,95.64582424
2012-01-01,DE,Germany,core_exvolatile,94.67801032
2012-02-01,DE,Germany,core_exvolatile,95.33612378
2012-03-01,DE,Germany,core_exvolatile,95.58130331
2012-04-01,DE,Germany,core_exvolatile,95.71034517
2012-05-01,DE,Germany,core_exvolatile,95.67163261
2012-06-01,DE,Germany,core_exvolatile,95.62001587
2012-07-01,DE,Germany,core_exvolatile,95.99423725
2012-08-01,DE,Germany,core_exvolatile,96.11037493
2012-09-01,DE,Germany,core_exvolatile,95.98133307
2012-10-01,DE,Germany,core_exvolatile,96.09747074
2012-11-01,DE,Germany,core_exvolatile,95.99423725
2012-12-01,DE,Germany,core_exvolatile,97.03947629
2013-01-01,DE,Germany,core_exvolatile,95.83938703
2013-02-01,DE,Germany,core_exvolatile,96.54911724
2013-03-01,DE,Germany,core_exvolatile,97.25884745
2013-04-01,DE,Germany,core_exvolatile,96.48459631
2013-05-01,DE,Germany,core_exvolatile,96.79429677
2013-06-01,DE,Germany,core_exvolatile,96.93624281
2013-07-01,DE,Germany,core_exvolatile,97.38788931
2013-08-01,DE,Germany,core_exvolatile,97.50402698
2013-09-01,DE,Germany,core_exvolatile,97.46531442
2013-10-01,DE,Germany,core_exvolatile,97.38788931
2013-11-01,DE,Germany,core_exvolatile,97.80082325
2013-12-01,DE,Germany,core_exvolatile,98.14923626
2014-01-01,DE,Germany,core_exvolatile,97.29756001
2014-02-01,DE,Germany,core_exvolatile,97.96857766
2014-03-01,DE,Germany,core_exvolatile,98.39441579
2014-04-01,DE,Germany,core_exvolatile,98.04600278
2014-05-01,DE,Germany,core_exvolatile,97.86534418
2014-06-01,DE,Germany,core_exvolatile,98.23956556
2014-07-01,DE,Germany,core_exvolatile,98.66540369
2014-08-01,DE,Germany,core_exvolatile,98.85896647
2014-09-01,DE,Germany,core_exvolatile,98.78154136
2014-10-01,DE,Germany,core_exvolatile,98.60088276
2014-11-01,DE,Germany,core_exvolatile,98.75573299
2014-12-01,DE,Germany,core_exvolatile,99.29770879
2015-01-01,DE,Germany,core_exvolatile,98.20085301
2015-02-01,DE,Germany,core_exvolatile,98.91058322
2015-03-01,DE,Germany,core_exvolatile,99.50417576
2015-04-01,DE,Germany,core_exvolatile,100.00743900
2015-05-01,DE,Germany,core_exvolatile,100.22681016
2015-06-01,DE,Germany,core_exvolatile,100.31713946
2015-07-01,DE,Germany,core_exvolatile,100.88492363
2015-08-01,DE,Germany,core_exvolatile,101.14300734
2015-09-01,DE,Germany,core_exvolatile,100.93654037
2015-10-01,DE,Germany,core_exvolatile,100.93654037
2015-11-01,DE,Germany,core_exvolatile,99.76225947
2015-12-01,DE,Germany,core_exvolatile,100.31713946
2016-01-01,DE,Germany,core_exvolatile,99.27190042
2016-02-01,DE,Germany,core_exvolatile,99.78806784
2016-03-01,DE,Germany,core_exvolatile,100.67845666
2016-04-01,DE,Germany,core_exvolatile,100.65264828
2016-05-01,DE,Germany,core_exvolatile,101.16881571
2016-06-01,DE,Germany,core_exvolatile,101.22043245
2016-07-01,DE,Germany,core_exvolatile,102.04630034
2016-08-01,DE,Germany,core_exvolatile,102.08501289
2016-09-01,DE,Germany,core_exvolatile,101.95597104
2016-10-01,DE,Germany,core_exvolatile,101.98177941
2016-11-01,DE,Germany,core_exvolatile,100.93654037
2016-12-01,DE,Germany,core_exvolatile,101.63336640
2017-01-01,DE,Germany,core_exvolatile,100.35585201
2017-02-01,DE,Germany,core_exvolatile,100.97525293
2017-03-01,DE,Germany,core_exvolatile,101.67207895
2017-04-01,DE,Germany,core_exvolatile,102.31728824
2017-05-01,DE,Germany,core_exvolatile,102.49794684
2017-06-01,DE,Germany,core_exvolatile,103.18186868
2017-07-01,DE,Germany,core_exvolatile,103.94321563
2017-08-01,DE,Germany,core_exvolatile,104.04644912
2017-09-01,DE,Germany,core_exvolatile,103.85288633
2017-10-01,DE,Germany,core_exvolatile,103.46576076
2017-11-01,DE,Germany,core_exvolatile,102.53665939
2017-12-01,DE,Germany,core_exvolatile,103.23348542
2018-01-01,DE,Germany,core_exvolatile,101.86564174
2018-02-01,DE,Germany,core_exvolatile,102.57537195
2018-03-01,DE,Germany,core_exvolatile,103.54318588
2018-04-01,DE,Germany,core_exvolatile,103.62061099
2018-05-01,DE,Germany,core_exvolatile,104.51099980
2018-06-01,DE,Germany,core_exvolatile,104.61423329
2018-07-01,DE,Germany,core_exvolatile,105.59495140
2018-08-01,DE,Germany,core_exvolatile,105.58204721
2018-09-01,DE,Germany,core_exvolatile,105.31105931
2018-10-01,DE,Germany,core_exvolatile,105.37558024
2018-11-01,DE,Germany,core_exvolatile,103.74965285
2018-12-01,DE,Germany,core_exvolatile,104.44647887
2019-01-01,DE,Germany,core_exvolatile,103.58189843
2019-02-01,DE,Germany,core_exvolatile,104.12387423
2019-03-01,DE,Germany,core_exvolatile,104.62713747
2019-04-01,DE,Germany,core_exvolatile,105.54333466
2019-05-01,DE,Germany,core_exvolatile,105.55623884
2019-06-01,DE,Germany,core_exvolatile,106.12402301
2019-07-01,DE,Germany,core_exvolatile,106.64019044
2019-08-01,DE,Germany,core_exvolatile,106.57566951
2019-09-01,DE,Germany,core_exvolatile,106.56276532
2019-10-01,DE,Germany,core_exvolatile,106.69180718
2019-11-01,DE,Germany,core_exvolatile,105.68528070
2019-12-01,DE,Germany,core_exvolatile,106.30468161
2020-01-01,DE,Germany,core_exvolatile,105.01426304
2020-02-01,DE,Germany,core_exvolatile,105.71108907
2020-03-01,DE,Germany,core_exvolatile,106.11111883
2020-04-01,DE,Germany,core_exvolatile,106.96279508
2020-05-01,DE,Germany,core_exvolatile,107.05312438
2020-06-01,DE,Germany,core_exvolatile,107.73704622
2020-07-01,DE,Germany,core_exvolatile,107.42734576
2020-08-01,DE,Germany,core_exvolatile,107.28539972
2020-09-01,DE,Germany,core_exvolatile,107.00150764
2020-10-01,DE,Germany,core_exvolatile,106.89827415
2020-11-01,DE,Germany,core_exvolatile,105.72399326
2020-12-01,DE,Germany,core_exvolatile,106.30468161
2021-01-01,DE,Germany,core_exvolatile,107.10474112
2021-02-01,DE,Germany,core_exvolatile,107.58219599
2021-03-01,DE,Germany,core_exvolatile,107.86608808
2021-04-01,DE,Germany,core_exvolatile,108.38225550
2021-05-01,DE,Germany,core_exvolatile,108.75647689
2021-06-01,DE,Germany,core_exvolatile,109.06617735
2021-07-01,DE,Germany,core_exvolatile,109.65976989
2021-08-01,DE,Germany,core_exvolatile,109.71138663
2021-09-01,DE,Germany,core_exvolatile,109.90494941
2021-10-01,DE,Germany,core_exvolatile,110.13722476
2021-11-01,DE,Germany,core_exvolatile,110.08560801
2021-12-01,DE,Germany,core_exvolatile,110.60177544
2022-01-01,DE,Germany,core_exvolatile,110.38240428
2022-02-01,DE,Germany,core_exvolatile,110.95018845
2022-03-01,DE,Germany,core_exvolatile,111.67282285
2022-04-01,DE,Germany,core_exvolatile,112.93743305
2022-05-01,DE,Germany,core_exvolatile,113.82782186
2022-06-01,DE,Germany,core_exvolatile,113.68587582
2022-07-01,DE,Germany,core_exvolatile,114.66659393
2022-08-01,DE,Germany,core_exvolatile,115.15695299
2022-09-01,DE,Germany,core_exvolatile,116.76997620
2022-10-01,DE,Germany,core_exvolatile,117.51841896
2022-11-01,DE,Germany,core_exvolatile,117.68617338
2022-12-01,DE,Germany,core_exvolatile,118.53784963
2023-01-01,DE,Germany,core_exvolatile,118.18943662
2023-02-01,DE,Germany,core_exvolatile,119.18305892
2023-03-01,DE,Germany,core_exvolatile,120.42186074
2023-04-01,DE,Germany,core_exvolatile,121.27353700
2023-05-01,DE,Germany,core_exvolatile,121.33805793
2023-06-01,DE,Germany,core_exvolatile,121.94455465
2023-07-01,DE,Germany,core_exvolatile,122.69299742
2023-08-01,DE,Germany,core_exvolatile,122.98979369
2023-09-01,DE,Germany,core_exvolatile,123.06721881
2023-10-01,DE,Germany,core_exvolatile,123.14464392
2023-11-01,DE,Germany,core_exvolatile,122.38329696
2023-12-01,DE,Germany,core_exvolatile,122.89946439
2024-01-01,DE,Germany,core_exvolatile,122.39620115
2024-02-01,DE,Germany,core_exvolatile,123.33820671
2024-03-01,DE,Germany,core_exvolatile,124.35763737
2024-04-01,DE,Germany,core_exvolatile,124.82218806
2024-05-01,DE,Germany,core_exvolatile,125.32545130
2024-06-01,DE,Germany,core_exvolatile,125.77709780
2024-07-01,DE,Germany,core_exvolatile,126.52554057
2024-08-01,DE,Germany,core_exvolatile,126.64167824
2024-09-01,DE,Germany,core_exvolatile,126.75781591
2024-10-01,DE,Germany,core_exvolatile,127.15784567
2024-11-01,DE,Germany,core_exvolatile,126.22874430
2024-12-01,DE,Germany,core_exvolatile,127.09332474
2025-01-01,DE,Germany,core_exvolatile,126.64167824
2025-02-01,DE,Germany,core_exvolatile,127.14494148
2025-03-01,DE,Germany,core_exvolatile,127.90628843
2025-04-01,DE,Germany,core_exvolatile,128.61601865
2025-05-01,DE,Germany,core_exvolatile,128.91281492
2025-06-01,DE,Germany,core_exvolatile,129.11928189
2025-07-01,DE,Germany,core_exvolatile,129.64835350
2025-08-01,DE,Germany,core_exvolatile,129.80320373
2025-09-01,DE,Germany,core_exvolatile,130.16452093
2025-10-01,DE,Germany,core_exvolatile,130.57745487
2025-11-01,DE,Germany,core_exvolatile,129.88062884
2025-12-01,DE,Germany,core_exvolatile,130.10000000
2026-01-01,DE,Germany,core_exvolatile,129.67416187
2026-02-01,DE,Germany,core_exvolatile,130.15161674
2026-03-01,DE,Germany,core_exvolatile,130.97748463
2026-04-01,DE,Germany,core_exvolatile,131.44203531
2026-05-01,DE,Germany,core_exvolatile,131.89368181
2026-06-01,DE,Germany,core_exvolatile,132.08724459
1996-01-01,DE,Germany,neig,91.01140036
1996-02-01,DE,Germany,neig,91.19437463
1996-03-01,DE,Germany,neig,91.21877119
1996-04-01,DE,Germany,neig,91.19437463
1996-05-01,DE,Germany,neig,91.19437463
1996-06-01,DE,Germany,neig,91.16997806
1996-07-01,DE,Germany,neig,91.18217634
1996-08-01,DE,Germany,neig,91.16997806
1996-09-01,DE,Germany,neig,91.18217634
1996-10-01,DE,Germany,neig,91.30415919
1996-11-01,DE,Germany,neig,91.30415919
1996-12-01,DE,Germany,neig,91.37734889
1997-01-01,DE,Germany,neig,91.45053860
1997-02-01,DE,Germany,neig,91.45053860
1997-03-01,DE,Germany,neig,91.43834032
1997-04-01,DE,Germany,neig,91.41394375
1997-05-01,DE,Germany,neig,91.51153002
1997-06-01,DE,Germany,neig,91.40174546
1997-07-01,DE,Germany,neig,91.41394375
1997-08-01,DE,Germany,neig,91.41394375
1997-09-01,DE,Germany,neig,91.48713345
1997-10-01,DE,Germany,neig,91.54812488
1997-11-01,DE,Germany,neig,91.63351287
1997-12-01,DE,Germany,neig,91.65790944
1998-01-01,DE,Germany,neig,91.73109914
1998-02-01,DE,Germany,neig,91.79209056
1998-03-01,DE,Germany,neig,91.75549571
1998-04-01,DE,Germany,neig,91.98726312
1998-05-01,DE,Germany,neig,92.09704768
1998-06-01,DE,Germany,neig,92.14584081
1998-07-01,DE,Germany,neig,92.17023738
1998-08-01,DE,Germany,neig,92.14584081
1998-09-01,DE,Germany,neig,92.28002194
1998-10-01,DE,Germany,neig,92.35321165
1998-11-01,DE,Germany,neig,92.46299621
1998-12-01,DE,Germany,neig,92.48739278
1999-01-01,DE,Germany,neig,92.45079793
1999-02-01,DE,Germany,neig,92.48739278
1999-03-01,DE,Germany,neig,92.52398763
1999-04-01,DE,Germany,neig,92.48739278
1999-05-01,DE,Germany,neig,92.49959106
1999-06-01,DE,Germany,neig,92.43859964
1999-07-01,DE,Germany,neig,92.37760822
1999-08-01,DE,Germany,neig,92.40200479
1999-09-01,DE,Germany,neig,92.46299621
1999-10-01,DE,Germany,neig,92.54838420
1999-11-01,DE,Germany,neig,92.59717734
1999-12-01,DE,Germany,neig,92.62157391
2000-01-01,DE,Germany,neig,92.52398763
2000-02-01,DE,Germany,neig,92.38980650
2000-03-01,DE,Germany,neig,92.21903052
2000-04-01,DE,Germany,neig,92.13364253
2000-05-01,DE,Germany,neig,92.01165968
2000-06-01,DE,Germany,neig,91.92627169
2000-07-01,DE,Germany,neig,91.81648713
2000-08-01,DE,Germany,neig,91.67010772
2000-09-01,DE,Germany,neig,91.81648713
2000-10-01,DE,Germany,neig,91.88967684
2000-11-01,DE,Germany,neig,91.93846998
2000-12-01,DE,Germany,neig,91.99946140
2001-01-01,DE,Germany,neig,91.95066826
2001-02-01,DE,Germany,neig,91.97506483
2001-03-01,DE,Germany,neig,92.03605625
2001-04-01,DE,Germany,neig,92.07265111
2001-05-01,DE,Germany,neig,92.15803910
2001-06-01,DE,Germany,neig,92.13364253
2001-07-01,DE,Germany,neig,92.09704768
2001-08-01,DE,Germany,neig,92.04825454
2001-09-01,DE,Germany,neig,92.24342709
2001-10-01,DE,Germany,neig,92.41420307
2001-11-01,DE,Germany,neig,92.58497905
2001-12-01,DE,Germany,neig,92.67036705
2002-01-01,DE,Germany,neig,92.88993617
2002-02-01,DE,Germany,neig,92.95092759
2002-03-01,DE,Germany,neig,93.01191901
2002-04-01,DE,Germany,neig,92.88993617
2002-05-01,DE,Germany,neig,92.76795332
2002-06-01,DE,Germany,neig,92.59717734
2002-07-01,DE,Germany,neig,92.32881508
2002-08-01,DE,Germany,neig,92.19463395
2002-09-01,DE,Germany,neig,92.36540993
2002-10-01,DE,Germany,neig,92.40200479
2002-11-01,DE,Germany,neig,92.47519449
2002-12-01,DE,Germany,neig,92.45079793
2003-01-01,DE,Germany,neig,92.38980650
2003-02-01,DE,Germany,neig,92.46299621
2003-03-01,DE,Germany,neig,92.52398763
2003-04-01,DE,Germany,neig,92.38980650
2003-05-01,DE,Germany,neig,92.35321165
2003-06-01,DE,Germany,neig,92.19463395
2003-07-01,DE,Germany,neig,91.99946140
2003-08-01,DE,Germany,neig,91.84088370
2003-09-01,DE,Germany,neig,92.28002194
2003-10-01,DE,Germany,neig,92.32881508
2003-11-01,DE,Germany,neig,92.36540993
2003-12-01,DE,Germany,neig,92.24342709
2004-01-01,DE,Germany,neig,93.07291043
2004-02-01,DE,Germany,neig,92.96312587
2004-03-01,DE,Germany,neig,93.15829842
2004-04-01,DE,Germany,neig,93.40226411
2004-05-01,DE,Germany,neig,93.30467784
2004-06-01,DE,Germany,neig,93.25588470
2004-07-01,DE,Germany,neig,92.92653102
2004-08-01,DE,Germany,neig,92.90213445
2004-09-01,DE,Germany,neig,93.06071215
2004-10-01,DE,Germany,neig,93.09730700
2004-11-01,DE,Germany,neig,93.13390186
2004-12-01,DE,Germany,neig,93.02411730
2005-01-01,DE,Germany,neig,92.73135847
2005-02-01,DE,Germany,neig,92.75575504
2005-03-01,DE,Germany,neig,93.02411730
2005-04-01,DE,Germany,neig,92.95092759
2005-05-01,DE,Germany,neig,92.91433273
2005-06-01,DE,Germany,neig,92.69476361
2005-07-01,DE,Germany,neig,92.30441851
2005-08-01,DE,Germany,neig,92.21903052
2005-09-01,DE,Germany,neig,92.71916018
2005-10-01,DE,Germany,neig,92.87773788
2005-11-01,DE,Germany,neig,93.01191901
2005-12-01,DE,Germany,neig,92.90213445
2006-01-01,DE,Germany,neig,92.43859964
2006-02-01,DE,Germany,neig,92.65816876
2006-03-01,DE,Germany,neig,93.02411730
2006-04-01,DE,Germany,neig,93.07291043
2006-05-01,DE,Germany,neig,93.03631558
2006-06-01,DE,Germany,neig,92.82894474
2006-07-01,DE,Germany,neig,92.43859964
2006-08-01,DE,Germany,neig,92.37760822
2006-09-01,DE,Germany,neig,93.02411730
2006-10-01,DE,Germany,neig,93.28028127
2006-11-01,DE,Germany,neig,93.45105725
2006-12-01,DE,Germany,neig,93.40226411
2007-01-01,DE,Germany,neig,93.63403152
2007-02-01,DE,Germany,neig,93.89019549
2007-03-01,DE,Germany,neig,94.18295432
2007-04-01,DE,Germany,neig,94.25614403
2007-05-01,DE,Germany,neig,94.18295432
2007-06-01,DE,Germany,neig,93.97558348
2007-07-01,DE,Germany,neig,93.60963495
2007-08-01,DE,Germany,neig,93.62183323
2007-09-01,DE,Germany,neig,94.37812687
2007-10-01,DE,Germany,neig,94.59769599
2007-11-01,DE,Germany,neig,94.78067026
2007-12-01,DE,Germany,neig,94.62209256
2008-01-01,DE,Germany,neig,94.19515260
2008-02-01,DE,Germany,neig,94.47571315
2008-03-01,DE,Germany,neig,94.74407540
2008-04-01,DE,Germany,neig,94.79286854
2008-05-01,DE,Germany,neig,94.60989427
2008-06-01,DE,Germany,neig,94.40252344
2008-07-01,DE,Germany,neig,93.91459206
2008-08-01,DE,Germany,neig,94.31713545
2008-09-01,DE,Germany,neig,95.06123080
2008-10-01,DE,Germany,neig,95.40278276
2008-11-01,DE,Germany,neig,95.42717933
2008-12-01,DE,Germany,neig,95.31739477
2009-01-01,DE,Germany,neig,94.93924796
2009-02-01,DE,Germany,neig,95.69554159
2009-03-01,DE,Germany,neig,96.02489527
2009-04-01,DE,Germany,neig,96.18347297
2009-05-01,DE,Germany,neig,96.02489527
2009-06-01,DE,Germany,neig,95.73213645
2009-07-01,DE,Germany,neig,95.09782565
2009-08-01,DE,Germany,neig,95.56136046
2009-09-01,DE,Germany,neig,96.26886096
2009-10-01,DE,Germany,neig,96.53722322
2009-11-01,DE,Germany,neig,96.06149013
2009-12-01,DE,Germany,neig,96.48843008
2010-01-01,DE,Germany,neig,95.57355875
2010-02-01,DE,Germany,neig,96.12248155
2010-03-01,DE,Germany,neig,96.40304209
2010-04-01,DE,Germany,neig,96.41524038
2010-05-01,DE,Germany,neig,96.36644724
2010-06-01,DE,Germany,neig,96.14687812
2010-07-01,DE,Germany,neig,95.41498105
2010-08-01,DE,Germany,neig,95.81752444
2010-09-01,DE,Germany,neig,96.64700778
2010-10-01,DE,Germany,neig,96.96416318
2010-11-01,DE,Germany,neig,97.17153401
2010-12-01,DE,Germany,neig,97.04955117
2011-01-01,DE,Germany,neig,96.07368841
2011-02-01,DE,Germany,neig,96.52502494
2011-03-01,DE,Germany,neig,97.37890485
2011-04-01,DE,Germany,neig,97.41549970
2011-05-01,DE,Germany,neig,97.47649112
2011-06-01,DE,Germany,neig,96.93976661
2011-07-01,DE,Germany,neig,96.29325753
2011-08-01,DE,Germany,neig,96.80558548
2011-09-01,DE,Germany,neig,97.80584480
2011-10-01,DE,Germany,neig,98.22058648
2011-11-01,DE,Germany,neig,98.25718133
2011-12-01,DE,Germany,neig,97.83024137
2012-01-01,DE,Germany,neig,97.18373230
2012-02-01,DE,Germany,neig,97.81804309
2012-03-01,DE,Germany,neig,98.78170756
2012-04-01,DE,Germany,neig,98.91588869
2012-05-01,DE,Germany,neig,98.90369040
2012-06-01,DE,Germany,neig,98.48894873
2012-07-01,DE,Germany,neig,97.51308598
2012-08-01,DE,Germany,neig,97.84243966
2012-09-01,DE,Germany,neig,98.87929384
2012-10-01,DE,Germany,neig,99.45261321
2012-11-01,DE,Germany,neig,99.44041492
2012-12-01,DE,Germany,neig,99.01347497
2013-01-01,DE,Germany,neig,97.89123279
2013-02-01,DE,Germany,neig,98.53774187
2013-03-01,DE,Germany,neig,99.65998404
2013-04-01,DE,Germany,neig,99.68438061
2013-05-01,DE,Germany,neig,99.56239777
2013-06-01,DE,Germany,neig,99.18425095
2013-07-01,DE,Germany,neig,98.26937961
2013-08-01,DE,Germany,neig,98.37916417
2013-09-01,DE,Germany,neig,99.55019948
2013-10-01,DE,Germany,neig,100.00153601
2013-11-01,DE,Germany,neig,100.03813086
2013-12-01,DE,Germany,neig,99.47700977
2014-01-01,DE,Germany,neig,98.64752643
2014-02-01,DE,Germany,neig,99.13545781
2014-03-01,DE,Germany,neig,100.12351885
2014-04-01,DE,Germany,neig,100.06252743
2014-05-01,DE,Germany,neig,99.89175145
2014-06-01,DE,Germany,neig,99.55019948
2014-07-01,DE,Germany,neig,98.90369040
2014-08-01,DE,Germany,neig,99.14765609
2014-09-01,DE,Germany,neig,100.26989826
2014-10-01,DE,Germany,neig,100.18451027
2014-11-01,DE,Germany,neig,100.31869140
2014-12-01,DE,Germany,neig,100.17231199
2015-01-01,DE,Germany,neig,99.00127668
2015-02-01,DE,Germany,neig,99.39162178
2015-03-01,DE,Germany,neig,100.70903651
2015-04-01,DE,Germany,neig,100.89201077
2015-05-01,DE,Germany,neig,100.62364851
2015-06-01,DE,Germany,neig,100.28209655
2015-07-01,DE,Germany,neig,99.53800120
2015-08-01,DE,Germany,neig,100.09912228
2015-09-01,DE,Germany,neig,101.19696788
2015-10-01,DE,Germany,neig,101.63610612
2015-11-01,DE,Germany,neig,101.45313186
2015-12-01,DE,Germany,neig,100.86761420
2016-01-01,DE,Germany,neig,100.14791542
2016-02-01,DE,Germany,neig,100.35528626
2016-03-01,DE,Germany,neig,101.48972671
2016-04-01,DE,Germany,neig,101.98985637
2016-05-01,DE,Germany,neig,101.84347696
2016-06-01,DE,Germany,neig,101.18476960
2016-07-01,DE,Germany,neig,100.52606224
2016-08-01,DE,Germany,neig,100.77002793
2016-09-01,DE,Germany,neig,101.98985637
2016-10-01,DE,Germany,neig,102.48998604
2016-11-01,DE,Germany,neig,102.52658089
2016-12-01,DE,Germany,neig,102.08744265
2017-01-01,DE,Germany,neig,101.14817475
2017-02-01,DE,Germany,neig,101.40433872
2017-03-01,DE,Germany,neig,103.03890884
2017-04-01,DE,Germany,neig,103.19748654
2017-05-01,DE,Germany,neig,103.18528825
2017-06-01,DE,Germany,neig,102.45339118
2017-07-01,DE,Germany,neig,101.79468382
2017-08-01,DE,Germany,neig,102.17283064
2017-09-01,DE,Germany,neig,103.36826252
2017-10-01,DE,Germany,neig,103.62442649
2017-11-01,DE,Germany,neig,103.58783164
2017-12-01,DE,Germany,neig,103.23408139
2018-01-01,DE,Germany,neig,101.83127868
2018-02-01,DE,Germany,neig,102.20942549
2018-03-01,DE,Germany,neig,103.30727110
2018-04-01,DE,Germany,neig,103.49024536
2018-05-01,DE,Germany,neig,103.39265909
2018-06-01,DE,Germany,neig,102.95352085
2018-07-01,DE,Germany,neig,101.90446838
2018-08-01,DE,Germany,neig,102.47778775
2018-09-01,DE,Germany,neig,103.90498703
2018-10-01,DE,Germany,neig,104.28313385
2018-11-01,DE,Germany,neig,104.31972871
2018-12-01,DE,Germany,neig,103.92938360
2019-01-01,DE,Germany,neig,103.03890884
2019-02-01,DE,Germany,neig,103.53903850
2019-03-01,DE,Germany,neig,104.05136645
2019-04-01,DE,Germany,neig,104.74666866
2019-05-01,DE,Germany,neig,104.73447038
2019-06-01,DE,Germany,neig,104.25873728
2019-07-01,DE,Germany,neig,103.50244365
2019-08-01,DE,Germany,neig,103.52684022
2019-09-01,DE,Germany,neig,104.83205665
2019-10-01,DE,Germany,neig,105.16141033
2019-11-01,DE,Germany,neig,105.35658288
2019-12-01,DE,Germany,neig,105.21020347
2020-01-01,DE,Germany,neig,104.02696988
2020-02-01,DE,Germany,neig,104.36852184
2020-03-01,DE,Germany,neig,105.22240176
2020-04-01,DE,Germany,neig,105.42977259
2020-05-01,DE,Germany,neig,105.42977259
2020-06-01,DE,Germany,neig,104.88084979
2020-07-01,DE,Germany,neig,102.51438261
2020-08-01,DE,Germany,neig,102.67296030
2020-09-01,DE,Germany,neig,103.63662478
2020-10-01,DE,Germany,neig,104.01477159
2020-11-01,DE,Germany,neig,104.02696988
2020-12-01,DE,Germany,neig,103.44145222
2021-01-01,DE,Germany,neig,105.06382406
2021-02-01,DE,Germany,neig,105.46636744
2021-03-01,DE,Germany,neig,105.63714343
2021-04-01,DE,Germany,neig,105.79572113
2021-05-01,DE,Germany,neig,106.30804907
2021-06-01,DE,Germany,neig,106.46662677
2021-07-01,DE,Germany,neig,106.35684221
2021-08-01,DE,Germany,neig,106.46662677
2021-09-01,DE,Germany,neig,107.57667066
2021-10-01,DE,Germany,neig,107.95481747
2021-11-01,DE,Germany,neig,108.45494714
2021-12-01,DE,Germany,neig,108.57692998
2022-01-01,DE,Germany,neig,108.41835228
2022-02-01,DE,Germany,neig,109.08925793
2022-03-01,DE,Germany,neig,110.34568123
2022-04-01,DE,Germany,neig,111.28494913
2022-05-01,DE,Germany,neig,112.27301017
2022-06-01,DE,Germany,neig,112.52917415
2022-07-01,DE,Germany,neig,112.55357072
2022-08-01,DE,Germany,neig,113.04150209
2022-09-01,DE,Germany,neig,114.54189108
2022-10-01,DE,Germany,neig,115.79831438
2022-11-01,DE,Germany,neig,116.35943547
2022-12-01,DE,Germany,neig,116.65219429
2023-01-01,DE,Germany,neig,116.42042689
2023-02-01,DE,Germany,neig,117.05473768
2023-03-01,DE,Germany,neig,118.38435069
2023-04-01,DE,Germany,neig,119.04305805
2023-05-01,DE,Germany,neig,119.34801516
2023-06-01,DE,Germany,neig,119.50659286
2023-07-01,DE,Germany,neig,118.78689408
2023-08-01,DE,Germany,neig,119.20163575
2023-09-01,DE,Germany,neig,120.05551566
2023-10-01,DE,Germany,neig,120.50685218
2023-11-01,DE,Germany,neig,120.51905047
2023-12-01,DE,Germany,neig,120.51905047
2024-01-01,DE,Germany,neig,119.66517056
2024-02-01,DE,Germany,neig,120.26288650
2024-03-01,DE,Germany,neig,120.89719729
2024-04-01,DE,Germany,neig,121.11676641
2024-05-01,DE,Germany,neig,120.92159386
2024-06-01,DE,Germany,neig,120.75081787
2024-07-01,DE,Germany,neig,120.07991223
2024-08-01,DE,Germany,neig,119.98232595
2024-09-01,DE,Germany,neig,120.97038699
2024-10-01,DE,Germany,neig,121.49491323
2024-11-01,DE,Germany,neig,121.67788749
2024-12-01,DE,Germany,neig,122.06823260
2025-01-01,DE,Germany,neig,121.11676641
2025-02-01,DE,Germany,neig,121.05577499
2025-03-01,DE,Germany,neig,121.93405147
2025-04-01,DE,Germany,neig,122.08043088
2025-05-01,DE,Germany,neig,122.15362059
2025-06-01,DE,Germany,neig,121.84866347
2025-07-01,DE,Germany,neig,121.62909435
2025-08-01,DE,Germany,neig,121.55590465
2025-09-01,DE,Germany,neig,122.40978456
2025-10-01,DE,Germany,neig,122.93431079
2025-11-01,DE,Germany,neig,122.80012966
2025-12-01,DE,Germany,neig,122.30000000
2026-01-01,DE,Germany,neig,121.83646519
2026-02-01,DE,Germany,neig,122.11702573
2026-03-01,DE,Germany,neig,122.99530221
2026-04-01,DE,Germany,neig,123.28806104
2026-05-01,DE,Germany,neig,123.62961301
2026-06-01,DE,Germany,neig,123.21487133
1996-01-01,DE,Germany,services,74.38321651
1996-02-01,DE,Germany,services,75.04598677
1996-03-01,DE,Germany,services,74.96951328
1996-04-01,DE,Germany,services,74.57440024
1996-05-01,DE,Germany,services,75.00775002
1996-06-01,DE,Germany,services,75.37737190
1996-07-01,DE,Germany,services,75.88719518
1996-08-01,DE,Germany,services,75.98915984
1996-09-01,DE,Germany,services,75.69601145
1996-10-01,DE,Germany,services,75.35188074
1996-11-01,DE,Germany,services,75.07147793
1996-12-01,DE,Germany,services,75.60679238
1997-01-01,DE,Germany,services,76.00190542
1997-02-01,DE,Germany,services,76.77938592
1997-03-01,DE,Germany,services,76.84311383
1997-04-01,DE,Germany,services,76.15485240
1997-05-01,DE,Germany,services,76.69016685
1997-06-01,DE,Germany,services,76.99606082
1997-07-01,DE,Germany,services,77.73530457
1997-08-01,DE,Germany,services,77.87550597
1997-09-01,DE,Germany,services,77.39117386
1997-10-01,DE,Germany,services,76.98331523
1997-11-01,DE,Germany,services,77.00880640
1997-12-01,DE,Germany,services,77.37842828
1998-01-01,DE,Germany,services,77.13626222
1998-02-01,DE,Germany,services,77.77354132
1998-03-01,DE,Germany,services,77.64608550
1998-04-01,DE,Germany,services,77.37842828
1998-05-01,DE,Germany,services,77.76079574
1998-06-01,DE,Germany,services,78.05394412
1998-07-01,DE,Germany,services,78.78044229
1998-08-01,DE,Germany,services,78.92064370
1998-09-01,DE,Germany,services,78.37258367
1998-10-01,DE,Germany,services,78.07943528
1998-11-01,DE,Germany,services,77.96472505
1998-12-01,DE,Germany,services,78.13041761
1999-01-01,DE,Germany,services,77.74805015
1999-02-01,DE,Germany,services,78.29611018
1999-03-01,DE,Germany,services,78.33434692
1999-04-01,DE,Germany,services,77.82452364
1999-05-01,DE,Germany,services,78.07943528
1999-06-01,DE,Germany,services,78.32160134
1999-07-01,DE,Germany,services,79.34124790
1999-08-01,DE,Germany,services,79.26477441
1999-09-01,DE,Germany,services,78.60200415
1999-10-01,DE,Germany,services,78.25787343
1999-11-01,DE,Germany,services,78.52553065
1999-12-01,DE,Germany,services,78.78044229
2000-01-01,DE,Germany,services,78.66573206
2000-02-01,DE,Germany,services,78.84417020
2000-03-01,DE,Germany,services,78.58925856
2000-04-01,DE,Germany,services,78.83142462
2000-05-01,DE,Germany,services,78.39807483
2000-06-01,DE,Germany,services,78.74220555
2000-07-01,DE,Germany,services,79.63439629
2000-08-01,DE,Germany,services,79.45595814
2000-09-01,DE,Germany,services,78.93338928
2000-10-01,DE,Germany,services,78.80593346
2000-11-01,DE,Germany,services,78.64024089
2000-12-01,DE,Germany,services,80.71777076
2001-01-01,DE,Germany,services,79.37948465
2001-02-01,DE,Germany,services,79.90205351
2001-03-01,DE,Germany,services,79.71086978
2001-04-01,DE,Germany,services,79.83832560
2001-05-01,DE,Germany,services,79.77459769
2001-06-01,DE,Germany,services,80.18245631
2001-07-01,DE,Germany,services,81.06190147
2001-08-01,DE,Germany,services,80.99817356
2001-09-01,DE,Germany,services,80.51384145
2001-10-01,DE,Germany,services,80.33540330
2001-11-01,DE,Germany,services,80.23343864
2001-12-01,DE,Germany,services,82.25998618
2002-01-01,DE,Germany,services,81.01091914
2002-02-01,DE,Germany,services,81.58447033
2002-03-01,DE,Germany,services,81.57172475
2002-04-01,DE,Germany,services,81.16386613
2002-05-01,DE,Germany,services,81.66094382
2002-06-01,DE,Germany,services,81.95409221
2002-07-01,DE,Germany,services,82.91001086
2002-08-01,DE,Germany,services,82.75706388
2002-09-01,DE,Germany,services,82.25998618
2002-10-01,DE,Germany,services,82.04331128
2002-11-01,DE,Germany,services,81.81389081
2002-12-01,DE,Germany,services,83.72572811
2003-01-01,DE,Germany,services,82.27273176
2003-02-01,DE,Germany,services,82.73157271
2003-03-01,DE,Germany,services,82.65509922
2003-04-01,DE,Germany,services,82.79530062
2003-05-01,DE,Germany,services,82.62960806
2003-06-01,DE,Germany,services,83.02472110
2003-07-01,DE,Germany,services,83.70023694
2003-08-01,DE,Germany,services,83.92965742
2003-09-01,DE,Germany,services,83.41983414
2003-10-01,DE,Germany,services,83.15217692
2003-11-01,DE,Germany,services,82.84628295
2003-12-01,DE,Germany,services,84.68164676
2004-01-01,DE,Germany,services,83.75121927
2004-02-01,DE,Germany,services,84.31202488
2004-03-01,DE,Germany,services,84.19731464
2004-04-01,DE,Germany,services,84.27378813
2004-05-01,DE,Germany,services,84.24829697
2004-06-01,DE,Germany,services,84.56693652
2004-07-01,DE,Germany,services,85.30618027
2004-08-01,DE,Germany,services,85.57383750
2004-09-01,DE,Germany,services,84.96204956
2004-10-01,DE,Germany,services,84.79635699
2004-11-01,DE,Germany,services,84.51595419
2004-12-01,DE,Germany,services,86.41504591
2005-01-01,DE,Germany,services,85.05126863
2005-02-01,DE,Germany,services,85.47187284
2005-03-01,DE,Germany,services,85.43363609
2005-04-01,DE,Germany,services,85.06401422
2005-05-01,DE,Germany,services,85.72678448
2005-06-01,DE,Germany,services,85.62481982
2005-07-01,DE,Germany,services,86.42779149
2005-08-01,DE,Germany,services,86.65721197
2005-09-01,DE,Germany,services,85.96895054
2005-10-01,DE,Germany,services,85.95620496
2005-11-01,DE,Germany,services,85.52285517
2005-12-01,DE,Germany,services,87.39645572
2006-01-01,DE,Germany,services,85.80325797
2006-02-01,DE,Germany,services,86.32582683
2006-03-01,DE,Germany,services,86.13464310
2006-04-01,DE,Germany,services,86.08366078
2006-05-01,DE,Germany,services,86.18562543
2006-06-01,DE,Germany,services,86.50426498
2006-07-01,DE,Germany,services,87.48567480
2006-08-01,DE,Germany,services,87.40920130
2006-09-01,DE,Germany,services,86.86114128
2006-10-01,DE,Germany,services,86.87388686
2006-11-01,DE,Germany,services,86.52975615
2006-12-01,DE,Germany,services,88.32688321
2007-01-01,DE,Germany,services,87.29449107
2007-02-01,DE,Germany,services,87.86804225
2007-03-01,DE,Germany,services,87.76607760
2007-04-01,DE,Germany,services,87.98275249
2007-05-01,DE,Germany,services,88.31413762
2007-06-01,DE,Germany,services,88.53081252
2007-07-01,DE,Germany,services,89.55045908
2007-08-01,DE,Germany,services,89.47398559
2007-09-01,DE,Germany,services,88.98965347
2007-10-01,DE,Germany,services,88.91317998
2007-11-01,DE,Germany,services,88.67101392
2007-12-01,DE,Germany,services,90.50637773
2008-01-01,DE,Germany,services,89.12985487
2008-02-01,DE,Germany,services,89.83086188
2008-03-01,DE,Germany,services,90.09851910
2008-04-01,DE,Germany,services,89.14260045
2008-05-01,DE,Germany,services,89.69066048
2008-06-01,DE,Germany,services,89.93282654
2008-07-01,DE,Germany,services,91.11816566
2008-08-01,DE,Germany,services,91.04169217
2008-09-01,DE,Germany,services,90.32793958
2008-10-01,DE,Germany,services,90.12401027
2008-11-01,DE,Germany,services,90.17499260
2008-12-01,DE,Germany,services,91.98486524
2009-01-01,DE,Germany,services,90.44264982
2009-02-01,DE,Germany,services,91.23287590
2009-03-01,DE,Germany,services,91.00345543
2009-04-01,DE,Germany,services,91.10542008
2009-05-01,DE,Germany,services,91.01620101
2009-06-01,DE,Germany,services,91.14365683
2009-07-01,DE,Germany,services,92.43096061
2009-08-01,DE,Germany,services,92.39272386
2009-09-01,DE,Germany,services,91.50053312
2009-10-01,DE,Germany,services,91.51327870
2009-11-01,DE,Germany,services,91.24562148
2009-12-01,DE,Germany,services,93.01725738
2010-01-01,DE,Germany,services,91.27111265
2010-02-01,DE,Germany,services,91.89564616
2010-03-01,DE,Germany,services,92.02310198
2010-04-01,DE,Germany,services,91.24562148
2010-05-01,DE,Germany,services,91.61524336
2010-06-01,DE,Germany,services,91.79368151
2010-07-01,DE,Germany,services,92.97902063
2010-08-01,DE,Germany,services,93.09373087
2010-09-01,DE,Germany,services,92.20154013
2010-10-01,DE,Germany,services,92.17604897
2010-11-01,DE,Germany,services,91.84466384
2010-12-01,DE,Germany,services,93.59080857
2011-01-01,DE,Germany,services,92.25252246
2011-02-01,DE,Germany,services,92.90254714
2011-03-01,DE,Germany,services,92.85156481
2011-04-01,DE,Germany,services,93.03000296
2011-05-01,DE,Germany,services,92.71136341
2011-06-01,DE,Germany,services,93.28491460
2011-07-01,DE,Germany,services,94.44476256
2011-08-01,DE,Germany,services,94.36828907
2011-09-01,DE,Germany,services,93.50158950
2011-10-01,DE,Germany,services,93.36138809
2011-11-01,DE,Germany,services,93.05549413
2011-12-01,DE,Germany,services,94.96733142
2012-01-01,DE,Germany,services,93.53982624
2012-02-01,DE,Germany,services,94.26632442
2012-03-01,DE,Germany,services,94.04964952
2012-04-01,DE,Germany,services,94.21534209
2012-05-01,DE,Germany,services,94.15161418
2012-06-01,DE,Germany,services,94.30456116
2012-07-01,DE,Germany,services,95.56637378
2012-08-01,DE,Germany,services,95.56637378
2012-09-01,DE,Germany,services,94.69967420
2012-10-01,DE,Germany,services,94.55947280
2012-11-01,DE,Germany,services,94.26632442
2012-12-01,DE,Germany,services,96.39483661
2013-01-01,DE,Germany,services,94.81438444
2013-02-01,DE,Germany,services,95.65559285
2013-03-01,DE,Germany,services,96.26738079
2013-04-01,DE,Germany,services,94.80163886
2013-05-01,DE,Germany,services,95.36244447
2013-06-01,DE,Germany,services,95.77030309
2013-07-01,DE,Germany,services,96.91740547
2013-08-01,DE,Germany,services,97.08309804
2013-09-01,DE,Germany,services,96.28012637
2013-10-01,DE,Germany,services,95.78304867
2013-11-01,DE,Germany,services,96.39483661
2013-12-01,DE,Germany,services,97.32526409
2014-01-01,DE,Germany,services,96.16541613
2014-02-01,DE,Germany,services,97.08309804
2014-03-01,DE,Germany,services,97.28702735
2014-04-01,DE,Germany,services,96.70073058
2014-05-01,DE,Germany,services,96.40758219
2014-06-01,DE,Germany,services,97.28702735
2014-07-01,DE,Germany,services,98.33216507
2014-08-01,DE,Germany,services,98.51060322
2014-09-01,DE,Germany,services,97.68214039
2014-10-01,DE,Germany,services,97.37624642
2014-11-01,DE,Germany,services,97.68214039
2014-12-01,DE,Germany,services,98.72727811
2015-01-01,DE,Germany,services,97.40173759
2015-02-01,DE,Germany,services,98.42138414
2015-03-01,DE,Germany,services,98.66355020
2015-04-01,DE,Germany,services,99.44103070
2015-05-01,DE,Germany,services,100.06556422
2015-06-01,DE,Germany,services,100.37145819
2015-07-01,DE,Germany,services,101.79896337
2015-08-01,DE,Germany,services,101.97740152
2015-09-01,DE,Germany,services,101.00873729
2015-10-01,DE,Germany,services,100.72833449
2015-11-01,DE,Germany,services,98.68904137
2015-12-01,DE,Germany,services,100.00183631
2016-01-01,DE,Germany,services,98.48511205
2016-02-01,DE,Germany,services,99.30082930
2016-03-01,DE,Germany,services,100.25674795
2016-04-01,DE,Germany,services,99.83614375
2016-05-01,DE,Germany,services,100.93226380
2016-06-01,DE,Germany,services,101.41659591
2016-07-01,DE,Germany,services,103.25195972
2016-08-01,DE,Germany,services,103.16274065
2016-09-01,DE,Germany,services,102.16858525
2016-10-01,DE,Germany,services,101.88818245
2016-11-01,DE,Germany,services,99.77241584
2016-12-01,DE,Germany,services,101.27639451
2017-01-01,DE,Germany,services,99.39004838
2017-02-01,DE,Germany,services,100.33322144
2017-03-01,DE,Germany,services,100.69009774
2017-04-01,DE,Germany,services,101.68425313
2017-05-01,DE,Germany,services,101.84994570
2017-06-01,DE,Germany,services,103.40490670
2017-07-01,DE,Germany,services,105.07457794
2017-08-01,DE,Germany,services,105.01085003
2017-09-01,DE,Germany,services,103.88923882
2017-10-01,DE,Germany,services,102.94606575
2017-11-01,DE,Germany,services,101.18717544
2017-12-01,DE,Germany,services,102.62742620
2018-01-01,DE,Germany,services,100.79206240
2018-02-01,DE,Germany,services,101.84994570
2018-03-01,DE,Germany,services,102.92057459
2018-04-01,DE,Germany,services,102.80586435
2018-05-01,DE,Germany,services,104.55200908
2018-06-01,DE,Germany,services,104.89613980
2018-07-01,DE,Germany,services,107.34329154
2018-08-01,DE,Germany,services,106.96092408
2018-09-01,DE,Germany,services,105.64812913
2018-10-01,DE,Germany,services,105.49518215
2018-11-01,DE,Germany,services,102.42349689
2018-12-01,DE,Germany,services,104.02944022
2019-01-01,DE,Germany,services,102.90782901
2019-02-01,DE,Germany,services,103.57059927
2019-03-01,DE,Germany,services,104.11865930
2019-04-01,DE,Germany,services,105.34223517
2019-05-01,DE,Germany,services,105.31674400
2019-06-01,DE,Germany,services,106.57855662
2019-07-01,DE,Germany,services,107.89135156
2019-08-01,DE,Germany,services,107.73840458
2019-09-01,DE,Germany,services,106.92268733
2019-10-01,DE,Germany,services,106.93543292
2019-11-01,DE,Germany,services,104.88339421
2019-12-01,DE,Germany,services,106.13246125
2020-01-01,DE,Germany,services,104.29709744
2020-02-01,DE,Germany,services,105.25301609
2020-03-01,DE,Germany,services,105.46969099
2020-04-01,DE,Germany,services,106.71875802
2020-05-01,DE,Germany,services,106.71875802
2020-06-01,DE,Germany,services,108.17175437
2020-07-01,DE,Germany,services,109.40807582
2020-08-01,DE,Germany,services,109.02570836
2020-09-01,DE,Germany,services,108.00606180
2020-10-01,DE,Germany,services,107.59820318
2020-11-01,DE,Germany,services,105.49518215
2020-12-01,DE,Germany,services,106.92268733
2021-01-01,DE,Germany,services,106.90994175
2021-02-01,DE,Germany,services,107.35603712
2021-03-01,DE,Germany,services,107.68742225
2021-04-01,DE,Germany,services,108.33744693
2021-05-01,DE,Germany,services,108.73255998
2021-06-01,DE,Germany,services,109.16590976
2021-07-01,DE,Germany,services,110.28752098
2021-08-01,DE,Germany,services,110.31301214
2021-09-01,DE,Germany,services,109.94339027
2021-10-01,DE,Germany,services,110.03260934
2021-11-01,DE,Germany,services,109.56102281
2021-12-01,DE,Germany,services,110.36399447
2022-01-01,DE,Germany,services,109.79044328
2022-02-01,DE,Germany,services,110.24928423
2022-03-01,DE,Germany,services,110.60616053
2022-04-01,DE,Germany,services,111.70228058
2022-05-01,DE,Germany,services,112.00817455
2022-06-01,DE,Germany,services,111.06500148
2022-07-01,DE,Germany,services,112.12288479
2022-08-01,DE,Germany,services,112.27583177
2022-09-01,DE,Germany,services,113.92001185
2022-10-01,DE,Germany,services,114.30237931
2022-11-01,DE,Germany,services,113.70333695
2022-12-01,DE,Germany,services,114.81220259
2023-01-01,DE,Germany,services,113.80530161
2023-02-01,DE,Germany,services,114.99064073
2023-03-01,DE,Germany,services,116.15048870
2023-04-01,DE,Germany,services,117.09366176
2023-05-01,DE,Germany,services,116.90247803
2023-06-01,DE,Germany,services,117.83290552
2023-07-01,DE,Germany,services,119.56630467
2023-08-01,DE,Germany,services,119.80847073
2023-09-01,DE,Germany,services,119.32413861
2023-10-01,DE,Germany,services,119.12020930
2023-11-01,DE,Germany,services,117.67995853
2023-12-01,DE,Germany,services,118.73784184
2024-01-01,DE,Germany,services,118.13879949
2024-02-01,DE,Germany,services,119.38786652
2024-03-01,DE,Germany,services,120.76438938
2024-04-01,DE,Germany,services,121.36343173
2024-05-01,DE,Germany,services,122.45955178
2024-06-01,DE,Germany,services,123.30076019
2024-07-01,DE,Germany,services,124.94494027
2024-08-01,DE,Germany,services,125.12337842
2024-09-01,DE,Germany,services,124.62630072
2024-10-01,DE,Germany,services,124.79199329
2024-11-01,DE,Germany,services,122.95662948
2024-12-01,DE,Germany,services,124.26942442
2025-01-01,DE,Germany,services,124.12922302
2025-02-01,DE,Germany,services,124.94494027
2025-03-01,DE,Germany,services,125.65869286
2025-04-01,DE,Germany,services,126.84403199
2025-05-01,DE,Germany,services,127.07345246
2025-06-01,DE,Germany,services,127.68524040
2025-07-01,DE,Germany,services,128.66665021
2025-08-01,DE,Germany,services,128.88332511
2025-09-01,DE,Germany,services,128.90881627
2025-10-01,DE,Germany,services,129.38040280
2025-11-01,DE,Germany,services,128.18231810
2025-12-01,DE,Germany,services,129.10000000
2026-01-01,DE,Germany,services,128.51370323
2026-02-01,DE,Germany,services,129.29118373
2026-03-01,DE,Germany,services,130.11964656
2026-04-01,DE,Germany,services,130.71868891
2026-05-01,DE,Germany,services,131.35596801
2026-06-01,DE,Germany,services,131.92951920
1996-01-01,FR,France,headline,74.12295100
1996-02-01,FR,France,headline,74.40914000
1996-03-01,FR,France,headline,74.89441700
1996-04-01,FR,France,headline,74.98151800
1996-05-01,FR,France,headline,75.19304900
1996-06-01,FR,France,headline,75.10594800
1996-07-01,FR,France,headline,74.94418900
1996-08-01,FR,France,headline,74.78243000
1996-09-01,FR,France,headline,75.01884700
1996-10-01,FR,France,headline,75.21793500
1996-11-01,FR,France,headline,75.16816300
1996-12-01,FR,France,headline,75.32992200
1997-01-01,FR,France,headline,75.47923800
1997-02-01,FR,France,headline,75.66588300
1997-03-01,FR,France,headline,75.74054100
1997-04-01,FR,France,headline,75.75298400
1997-05-01,FR,France,headline,75.86497100
1997-06-01,FR,France,headline,75.85252800
1997-07-01,FR,France,headline,75.74054100
1997-08-01,FR,France,headline,75.96451500
1997-09-01,FR,France,headline,76.10138800
1997-10-01,FR,France,headline,76.05161600
1997-11-01,FR,France,headline,76.17604600
1997-12-01,FR,France,headline,76.21337500
1998-01-01,FR,France,headline,75.92718600
1998-02-01,FR,France,headline,76.22581800
1998-03-01,FR,France,headline,76.36269100
1998-04-01,FR,France,headline,76.53689300
1998-05-01,FR,France,headline,76.57422200
1998-06-01,FR,France,headline,76.64888000
1998-07-01,FR,France,headline,76.33780500
1998-08-01,FR,France,headline,76.46223500
1998-09-01,FR,France,headline,76.49956400
1998-10-01,FR,France,headline,76.41246300
1998-11-01,FR,France,headline,76.36269100
1998-12-01,FR,France,headline,76.41246300
1999-01-01,FR,France,headline,76.16360300
1999-02-01,FR,France,headline,76.42490600
1999-03-01,FR,France,headline,76.68620900
1999-04-01,FR,France,headline,76.91018300
1999-05-01,FR,France,headline,76.91018300
1999-06-01,FR,France,headline,76.91018300
1999-07-01,FR,France,headline,76.67376600
1999-08-01,FR,France,headline,76.82308200
1999-09-01,FR,France,headline,76.95995500
1999-10-01,FR,France,headline,77.03461300
1999-11-01,FR,France,headline,77.07194200
1999-12-01,FR,France,headline,77.44523200
2000-01-01,FR,France,headline,77.43278900
2000-02-01,FR,France,headline,77.53233300
2000-03-01,FR,France,headline,77.91806600
2000-04-01,FR,France,headline,77.91806600
2000-05-01,FR,France,headline,78.07982500
2000-06-01,FR,France,headline,78.29135600
2000-07-01,FR,France,headline,78.15448300
2000-08-01,FR,France,headline,78.31624200
2000-09-01,FR,France,headline,78.73930400
2000-10-01,FR,France,headline,78.66464600
2000-11-01,FR,France,headline,78.85129100
2000-12-01,FR,France,headline,78.82640500
2001-01-01,FR,France,headline,78.46555800
2001-02-01,FR,France,headline,78.68953200
2001-03-01,FR,France,headline,79.07526500
2001-04-01,FR,France,headline,79.47344100
2001-05-01,FR,France,headline,79.99604700
2001-06-01,FR,France,headline,80.04581900
2001-07-01,FR,France,headline,79.87161700
2001-08-01,FR,France,headline,79.87161700
2001-09-01,FR,France,headline,80.03337600
2001-10-01,FR,France,headline,80.08314800
2001-11-01,FR,France,headline,79.87161700
2001-12-01,FR,France,headline,79.98360400
2002-01-01,FR,France,headline,80.36933700
2002-02-01,FR,France,headline,80.45643800
2002-03-01,FR,France,headline,80.80484200
2002-04-01,FR,France,headline,81.12836000
2002-05-01,FR,France,headline,81.24034700
2002-06-01,FR,France,headline,81.20301800
2002-07-01,FR,France,headline,81.12836000
2002-08-01,FR,France,headline,81.31500500
2002-09-01,FR,France,headline,81.47676400
2002-10-01,FR,France,headline,81.61363700
2002-11-01,FR,France,headline,81.56386500
2002-12-01,FR,France,headline,81.70073800
2003-01-01,FR,France,headline,81.86249700
2003-02-01,FR,France,headline,82.50953300
2003-03-01,FR,France,headline,82.85793700
2003-04-01,FR,France,headline,82.72106400
2003-05-01,FR,France,headline,82.67129200
2003-06-01,FR,France,headline,82.82060800
2003-07-01,FR,France,headline,82.73350700
2003-08-01,FR,France,headline,82.94503800
2003-09-01,FR,France,headline,83.29344200
2003-10-01,FR,France,headline,83.48008700
2003-11-01,FR,France,headline,83.55474500
2003-12-01,FR,France,headline,83.65428900
2004-01-01,FR,France,headline,83.67917500
2004-02-01,FR,France,headline,84.06490800
2004-03-01,FR,France,headline,84.43819800
2004-04-01,FR,France,headline,84.67461500
2004-05-01,FR,France,headline,85.01057600
2004-06-01,FR,France,headline,85.04790500
2004-07-01,FR,France,headline,84.87370300
2004-08-01,FR,France,headline,85.08523400
2004-09-01,FR,France,headline,85.15989200
2004-10-01,FR,France,headline,85.39630900
2004-11-01,FR,France,headline,85.43363800
2004-12-01,FR,France,headline,85.53318200
2005-01-01,FR,France,headline,85.06034800
2005-02-01,FR,France,headline,85.63272600
2005-03-01,FR,France,headline,86.21754700
2005-04-01,FR,France,headline,86.37930600
2005-05-01,FR,France,headline,86.42907800
2005-06-01,FR,France,headline,86.54106500
2005-07-01,FR,France,headline,86.39174900
2005-08-01,FR,France,headline,86.75259600
2005-09-01,FR,France,headline,87.12588600
2005-10-01,FR,France,headline,87.11344300
2005-11-01,FR,France,headline,86.92679800
2005-12-01,FR,France,headline,87.03878500
2006-01-01,FR,France,headline,86.96412700
2006-02-01,FR,France,headline,87.30008800
2006-03-01,FR,France,headline,87.68582100
2006-04-01,FR,France,headline,88.08399700
2006-05-01,FR,France,headline,88.45728700
2006-06-01,FR,France,headline,88.45728700
2006-07-01,FR,France,headline,88.28308500
2006-08-01,FR,France,headline,88.58171700
2006-09-01,FR,France,headline,88.39507200
2006-10-01,FR,France,headline,88.19598400
2006-11-01,FR,France,headline,88.29552800
2006-12-01,FR,France,headline,88.51950200
2007-01-01,FR,France,headline,88.17109800
2007-02-01,FR,France,headline,88.35774300
2007-03-01,FR,France,headline,88.76836200
2007-04-01,FR,France,headline,89.24119600
2007-05-01,FR,France,headline,89.47761300
2007-06-01,FR,France,headline,89.61448600
2007-07-01,FR,France,headline,89.32829700
2007-08-01,FR,France,headline,89.70158700
2007-09-01,FR,France,headline,89.82601700
2007-10-01,FR,France,headline,90.07487700
2007-11-01,FR,France,headline,90.62236900
2007-12-01,FR,France,headline,90.99565900
2008-01-01,FR,France,headline,90.98321600
2008-02-01,FR,France,headline,91.18230400
2008-03-01,FR,France,headline,91.90399800
2008-04-01,FR,France,headline,92.25240200
2008-05-01,FR,France,headline,92.78745100
2008-06-01,FR,France,headline,93.18562700
2008-07-01,FR,France,headline,92.92432400
2008-08-01,FR,France,headline,92.87455200
2008-09-01,FR,France,headline,92.83722300
2008-10-01,FR,France,headline,92.78745100
2008-11-01,FR,France,headline,92.31461700
2008-12-01,FR,France,headline,92.07820000
2009-01-01,FR,France,headline,91.68002400
2009-02-01,FR,France,headline,92.06575700
2009-03-01,FR,France,headline,92.23995900
2009-04-01,FR,France,headline,92.38927500
2009-05-01,FR,France,headline,92.52614800
2009-06-01,FR,France,headline,92.65057800
2009-07-01,FR,France,headline,92.19018700
2009-08-01,FR,France,headline,92.70035000
2009-09-01,FR,France,headline,92.48881900
2009-10-01,FR,France,headline,92.58836300
2009-11-01,FR,France,headline,92.73767900
2009-12-01,FR,France,headline,93.01142500
2010-01-01,FR,France,headline,92.78745100
2010-02-01,FR,France,headline,93.35982900
2010-03-01,FR,France,headline,93.85754900
2010-04-01,FR,France,headline,94.13129500
2010-05-01,FR,France,headline,94.26816800
2010-06-01,FR,France,headline,94.26816800
2010-07-01,FR,France,headline,93.94465000
2010-08-01,FR,France,headline,94.18106700
2010-09-01,FR,France,headline,94.14373800
2010-10-01,FR,France,headline,94.29305400
2010-11-01,FR,France,headline,94.41748400
2010-12-01,FR,France,headline,94.87787500
2011-01-01,FR,France,headline,94.60412900
2011-02-01,FR,France,headline,95.06452000
2011-03-01,FR,France,headline,95.89820100
2011-04-01,FR,France,headline,96.24660500
2011-05-01,FR,France,headline,96.30882000
2011-06-01,FR,France,headline,96.39592100
2011-07-01,FR,France,headline,95.91064400
2011-08-01,FR,France,headline,96.45813600
2011-09-01,FR,France,headline,96.43325000
2011-10-01,FR,France,headline,96.68211000
2011-11-01,FR,France,headline,96.98074200
2011-12-01,FR,France,headline,97.41624700
2012-01-01,FR,France,headline,97.03051400
2012-02-01,FR,France,headline,97.49090500
2012-03-01,FR,France,headline,98.38680100
2012-04-01,FR,France,headline,98.56100300
2012-05-01,FR,France,headline,98.51123100
2012-06-01,FR,France,headline,98.56100300
2012-07-01,FR,France,headline,98.05084000
2012-08-01,FR,France,headline,98.76009100
2012-09-01,FR,France,headline,98.51123100
2012-10-01,FR,France,headline,98.71031900
2012-11-01,FR,France,headline,98.53611700
2012-12-01,FR,France,headline,98.90940700
2013-01-01,FR,France,headline,98.33702900
2013-02-01,FR,France,headline,98.64810400
2013-03-01,FR,France,headline,99.45689900
2013-04-01,FR,France,headline,99.34491200
2013-05-01,FR,France,headline,99.39468400
2013-06-01,FR,France,headline,99.56888600
2013-07-01,FR,France,headline,99.22048200
2013-08-01,FR,France,headline,99.71820200
2013-09-01,FR,France,headline,99.51911400
2013-10-01,FR,France,headline,99.39468400
2013-11-01,FR,France,headline,99.35735500
2013-12-01,FR,France,headline,99.73064500
2014-01-01,FR,France,headline,99.09605200
2014-02-01,FR,France,headline,99.70575900
2014-03-01,FR,France,headline,100.21592200
2014-04-01,FR,France,headline,100.17859300
2014-05-01,FR,France,headline,100.21592200
2014-06-01,FR,France,headline,100.16615000
2014-07-01,FR,France,headline,99.78041700
2014-08-01,FR,France,headline,100.25325100
2014-09-01,FR,France,headline,99.87996100
2014-10-01,FR,France,headline,99.91729000
2014-11-01,FR,France,headline,99.75553100
2014-12-01,FR,France,headline,99.81774600
2015-01-01,FR,France,headline,98.69787600
2015-02-01,FR,France,headline,99.41957000
2015-03-01,FR,France,headline,100.16615000
2015-04-01,FR,France,headline,100.30302300
2015-05-01,FR,France,headline,100.55188300
2015-06-01,FR,France,headline,100.48966800
2015-07-01,FR,France,headline,99.99194800
2015-08-01,FR,France,headline,100.35279500
2015-09-01,FR,France,headline,99.99194800
2015-10-01,FR,France,headline,100.06660600
2015-11-01,FR,France,headline,99.86751800
2015-12-01,FR,France,headline,100.09149200
2016-01-01,FR,France,headline,99.02139400
2016-02-01,FR,France,headline,99.30758300
2016-03-01,FR,France,headline,100.07904900
2016-04-01,FR,France,headline,100.17859300
2016-05-01,FR,France,headline,100.65142700
2016-06-01,FR,France,headline,100.80074300
2016-07-01,FR,France,headline,100.39012400
2016-08-01,FR,France,headline,100.73852800
2016-09-01,FR,France,headline,100.50211100
2016-10-01,FR,France,headline,100.53944000
2016-11-01,FR,France,headline,100.55188300
2016-12-01,FR,France,headline,100.90028700
2017-01-01,FR,France,headline,100.57676900
2017-02-01,FR,France,headline,100.72608500
2017-03-01,FR,France,headline,101.47266500
2017-04-01,FR,France,headline,101.57220900
2017-05-01,FR,France,headline,101.59709500
2017-06-01,FR,France,headline,101.58465200
2017-07-01,FR,France,headline,101.16159000
2017-08-01,FR,France,headline,101.73396800
2017-09-01,FR,France,headline,101.57220900
2017-10-01,FR,France,headline,101.69663900
2017-11-01,FR,France,headline,101.79618300
2017-12-01,FR,France,headline,102.15703000
2018-01-01,FR,France,headline,102.05748600
2018-02-01,FR,France,headline,102.05748600
2018-03-01,FR,France,headline,103.22712800
2018-04-01,FR,France,headline,103.42621600
2018-05-01,FR,France,headline,103.91149300
2018-06-01,FR,France,headline,103.93637900
2018-07-01,FR,France,headline,103.79950600
2018-08-01,FR,France,headline,104.34699800
2018-09-01,FR,France,headline,104.11058100
2018-10-01,FR,France,headline,104.23501100
2018-11-01,FR,France,headline,103.99859400
2018-12-01,FR,France,headline,104.09813800
2019-01-01,FR,France,headline,103.52576000
2019-02-01,FR,France,headline,103.63774700
2019-03-01,FR,France,headline,104.54608600
2019-04-01,FR,France,headline,104.91937600
2019-05-01,FR,France,headline,105.05624900
2019-06-01,FR,France,headline,105.35488100
2019-07-01,FR,France,headline,105.11846400
2019-08-01,FR,France,headline,105.67839900
2019-09-01,FR,France,headline,105.28022300
2019-10-01,FR,France,headline,105.19312200
2019-11-01,FR,France,headline,105.26778000
2019-12-01,FR,France,headline,105.77794300
2020-01-01,FR,France,headline,105.24289400
2020-02-01,FR,France,headline,105.26778000
2020-03-01,FR,France,headline,105.34243800
2020-04-01,FR,France,headline,105.31755200
2020-05-01,FR,France,headline,105.49175400
2020-06-01,FR,France,headline,105.57885500
2020-07-01,FR,France,headline,106.00191700
2020-08-01,FR,France,headline,105.88993000
2020-09-01,FR,France,headline,105.29266600
2020-10-01,FR,France,headline,105.26778000
2020-11-01,FR,France,headline,105.50419700
2020-12-01,FR,France,headline,105.75305700
2021-01-01,FR,France,headline,106.03924600
2021-02-01,FR,France,headline,106.06413200
2021-03-01,FR,France,headline,106.79826900
2021-04-01,FR,France,headline,107.02224300
2021-05-01,FR,France,headline,107.38309000
2021-06-01,FR,France,headline,107.56973500
2021-07-01,FR,France,headline,107.64439300
2021-08-01,FR,France,headline,108.37853000
2021-09-01,FR,France,headline,108.16699900
2021-10-01,FR,France,headline,108.63983300
2021-11-01,FR,France,headline,109.08778100
2021-12-01,FR,France,headline,109.33664100
2022-01-01,FR,France,headline,109.51084300
2022-02-01,FR,France,headline,110.49384000
2022-03-01,FR,France,headline,112.26074600
2022-04-01,FR,France,headline,112.78335200
2022-05-01,FR,France,headline,113.62947600
2022-06-01,FR,France,headline,114.60003000
2022-07-01,FR,France,headline,114.94843400
2022-08-01,FR,France,headline,115.48348300
2022-09-01,FR,France,headline,114.89866200
2022-10-01,FR,France,headline,116.32960700
2022-11-01,FR,France,headline,116.81488400
2022-12-01,FR,France,headline,116.70289700
2023-01-01,FR,France,headline,117.21306000
2023-02-01,FR,France,headline,118.54446100
2023-03-01,FR,France,headline,119.76387500
2023-04-01,FR,France,headline,120.54778400
2023-05-01,FR,France,headline,120.46068300
2023-06-01,FR,France,headline,120.70954300
2023-07-01,FR,France,headline,120.77175800
2023-08-01,FR,France,headline,122.10315900
2023-09-01,FR,France,headline,121.40635100
2023-10-01,FR,France,headline,121.61788200
2023-11-01,FR,France,headline,121.31925000
2023-12-01,FR,France,headline,121.49345200
2024-01-01,FR,France,headline,121.20726300
2024-02-01,FR,France,headline,122.35201900
2024-03-01,FR,France,headline,122.65065100
2024-04-01,FR,France,headline,123.40967400
2024-05-01,FR,France,headline,123.58387600
2024-06-01,FR,France,headline,123.78296400
2024-07-01,FR,France,headline,124.03182400
2024-08-01,FR,France,headline,124.76596100
2024-09-01,FR,France,headline,123.14837100
2024-10-01,FR,France,headline,123.53410400
2024-11-01,FR,France,headline,123.35990200
2024-12-01,FR,France,headline,123.62120500
2025-01-01,FR,France,headline,123.42211700
2025-02-01,FR,France,headline,123.48433200
2025-03-01,FR,France,headline,123.73319200
2025-04-01,FR,France,headline,124.54198700
2025-05-01,FR,France,headline,124.31801300
2025-06-01,FR,France,headline,124.84061900
2025-07-01,FR,France,headline,125.20146600
2025-08-01,FR,France,headline,125.79873000
2025-09-01,FR,France,headline,124.46732900
2025-10-01,FR,France,headline,124.57931600
2025-11-01,FR,France,headline,124.33045600
2025-12-01,FR,France,headline,124.43000000
2026-01-01,FR,France,headline,123.91983700
2026-02-01,FR,France,headline,124.80329000
2026-03-01,FR,France,headline,126.17202000
2026-04-01,FR,France,headline,127.62785100
2026-05-01,FR,France,headline,127.80205300
2026-06-01,FR,France,headline,127.36654800
1996-01-01,FR,France,core,78.83401259
1996-02-01,FR,France,core,79.16175607
1996-03-01,FR,France,core,79.66507642
1996-04-01,FR,France,core,79.71189691
1996-05-01,FR,France,core,79.79383278
1996-06-01,FR,France,core,79.84065328
1996-07-01,FR,France,core,79.65337129
1996-08-01,FR,France,core,79.71189691
1996-09-01,FR,France,core,79.89917890
1996-10-01,FR,France,core,80.02793527
1996-11-01,FR,France,core,79.77042254
1996-12-01,FR,France,core,79.81724303
1997-01-01,FR,France,core,79.48949955
1997-02-01,FR,France,core,79.96940965
1997-03-01,FR,France,core,80.28544801
1997-04-01,FR,France,core,80.32056338
1997-05-01,FR,France,core,80.34397363
1997-06-01,FR,France,core,80.33226850
1997-07-01,FR,France,core,80.14498651
1997-08-01,FR,France,core,80.40249925
1997-09-01,FR,France,core,80.55466587
1997-10-01,FR,France,core,80.39079413
1997-11-01,FR,France,core,80.36738388
1997-12-01,FR,France,core,80.49614025
1998-01-01,FR,France,core,80.01623015
1998-02-01,FR,France,core,80.56637099
1998-03-01,FR,France,core,80.85899910
1998-04-01,FR,France,core,80.96434522
1998-05-01,FR,France,core,80.97605034
1998-06-01,FR,France,core,81.06969134
1998-07-01,FR,France,core,80.76535811
1998-08-01,FR,France,core,81.06969134
1998-09-01,FR,France,core,81.22185796
1998-10-01,FR,France,core,81.18674258
1998-11-01,FR,France,core,81.08139646
1998-12-01,FR,France,core,81.18674258
1999-01-01,FR,France,core,80.63660174
1999-02-01,FR,France,core,81.08139646
1999-03-01,FR,France,core,81.37402457
1999-04-01,FR,France,core,81.52619119
1999-05-01,FR,France,core,81.51448607
1999-06-01,FR,France,core,81.56130656
1999-07-01,FR,France,core,81.23356308
1999-08-01,FR,France,core,81.50278094
1999-09-01,FR,France,core,81.54960144
1999-10-01,FR,France,core,81.46766557
1999-11-01,FR,France,core,81.33890920
1999-12-01,FR,France,core,81.47937069
2000-01-01,FR,France,core,81.18674258
2000-02-01,FR,France,core,81.17503746
2000-03-01,FR,France,core,81.58471681
2000-04-01,FR,France,core,81.54960144
2000-05-01,FR,France,core,81.59642194
2000-06-01,FR,France,core,81.72517830
2000-07-01,FR,France,core,81.50278094
2000-08-01,FR,France,core,81.78370393
2000-09-01,FR,France,core,81.90075517
2000-10-01,FR,France,core,81.94757567
2000-11-01,FR,France,core,81.93587054
2000-12-01,FR,France,core,82.05292179
2001-01-01,FR,France,core,81.77199880
2001-02-01,FR,France,core,81.92416542
2001-03-01,FR,France,core,82.26361402
2001-04-01,FR,France,core,82.54453701
2001-05-01,FR,France,core,82.62647288
2001-06-01,FR,France,core,82.69670363
2001-07-01,FR,France,core,82.60306263
2001-08-01,FR,France,core,82.93080611
2001-09-01,FR,France,core,83.05956248
2001-10-01,FR,France,core,83.17661372
2001-11-01,FR,France,core,83.07126761
2001-12-01,FR,France,core,83.31707522
2002-01-01,FR,France,core,83.29366497
2002-02-01,FR,France,core,83.46924183
2002-03-01,FR,France,core,83.89062631
2002-04-01,FR,France,core,84.13643392
2002-05-01,FR,France,core,84.28860054
2002-06-01,FR,France,core,84.33542104
2002-07-01,FR,France,core,84.41735691
2002-08-01,FR,France,core,84.66316452
2002-09-01,FR,France,core,84.74510039
2002-10-01,FR,France,core,84.81533114
2002-11-01,FR,France,core,84.82703626
2002-12-01,FR,France,core,84.99090800
2003-01-01,FR,France,core,84.58122865
2003-02-01,FR,France,core,85.17818999
2003-03-01,FR,France,core,85.43570273
2003-04-01,FR,France,core,85.56445909
2003-05-01,FR,France,core,85.75174108
2003-06-01,FR,France,core,85.84538208
2003-07-01,FR,France,core,85.69321546
2003-08-01,FR,France,core,85.96243332
2003-09-01,FR,France,core,86.27847168
2003-10-01,FR,France,core,86.43063830
2003-11-01,FR,France,core,86.31358705
2003-12-01,FR,France,core,86.53598442
2004-01-01,FR,France,core,86.10289482
2004-02-01,FR,France,core,86.75838178
2004-03-01,FR,France,core,86.98077914
2004-04-01,FR,France,core,87.16806113
2004-05-01,FR,France,core,87.32022775
2004-06-01,FR,France,core,87.36704825
2004-07-01,FR,France,core,87.33193287
2004-08-01,FR,France,core,87.75331735
2004-09-01,FR,France,core,87.81184297
2004-10-01,FR,France,core,87.84695835
2004-11-01,FR,France,core,87.83525322
2004-12-01,FR,France,core,88.05765058
2005-01-01,FR,France,core,87.54262511
2005-02-01,FR,France,core,88.08106083
2005-03-01,FR,France,core,88.46732994
2005-04-01,FR,France,core,88.58438118
2005-05-01,FR,France,core,88.72484267
2005-06-01,FR,France,core,88.73654780
2005-07-01,FR,France,core,88.37368894
2005-08-01,FR,France,core,88.92382979
2005-09-01,FR,France,core,89.06429128
2005-10-01,FR,France,core,88.98235541
2005-11-01,FR,France,core,88.97065028
2005-12-01,FR,France,core,89.20475277
2006-01-01,FR,France,core,88.80677854
2006-02-01,FR,France,core,89.13452203
2006-03-01,FR,France,core,89.61443212
2006-04-01,FR,France,core,89.81341924
2006-05-01,FR,France,core,90.00070123
2006-06-01,FR,France,core,90.08263710
2006-07-01,FR,France,core,89.80171411
2006-08-01,FR,France,core,90.25821396
2006-09-01,FR,France,core,90.22309859
2006-10-01,FR,France,core,90.28162421
2006-11-01,FR,France,core,90.35185496
2006-12-01,FR,France,core,90.69130357
2007-01-01,FR,France,core,90.21139347
2007-02-01,FR,France,core,90.53913695
2007-03-01,FR,France,core,90.98393168
2007-04-01,FR,France,core,91.29997003
2007-05-01,FR,France,core,91.45213665
2007-06-01,FR,France,core,91.48725202
2007-07-01,FR,France,core,91.19462391
2007-08-01,FR,France,core,91.70964939
2007-09-01,FR,France,core,91.66282889
2007-10-01,FR,France,core,91.75646988
2007-11-01,FR,France,core,91.90863650
2007-12-01,FR,France,core,92.22467486
2008-01-01,FR,France,core,91.79158526
2008-02-01,FR,France,core,92.09591849
2008-03-01,FR,France,core,92.73970033
2008-04-01,FR,France,core,92.95039257
2008-05-01,FR,France,core,93.05573869
2008-06-01,FR,France,core,93.14937968
2008-07-01,FR,France,core,92.73970033
2008-08-01,FR,France,core,93.34836680
2008-09-01,FR,France,core,93.32495655
2008-10-01,FR,France,core,93.46541804
2008-11-01,FR,France,core,93.46541804
2008-12-01,FR,France,core,93.69952053
2009-01-01,FR,France,core,93.20790530
2009-02-01,FR,France,core,93.68781540
2009-03-01,FR,France,core,94.17943063
2009-04-01,FR,France,core,94.36671262
2009-05-01,FR,France,core,94.54228948
2009-06-01,FR,France,core,94.54228948
2009-07-01,FR,France,core,94.14431525
2009-08-01,FR,France,core,94.84662272
2009-09-01,FR,France,core,94.53058436
2009-10-01,FR,France,core,94.50717411
2009-11-01,FR,France,core,94.41353311
2009-12-01,FR,France,core,94.82321247
2010-01-01,FR,France,core,94.01555889
2010-02-01,FR,France,core,94.79980222
2010-03-01,FR,France,core,95.18607132
2010-04-01,FR,France,core,95.19777645
2010-05-01,FR,France,core,95.30312257
2010-06-01,FR,France,core,95.40846868
2010-07-01,FR,France,core,95.10413545
2010-08-01,FR,France,core,95.64257117
2010-09-01,FR,France,core,95.52551993
2010-10-01,FR,France,core,95.52551993
2010-11-01,FR,France,core,95.37335331
2010-12-01,FR,France,core,95.73621217
2011-01-01,FR,France,core,94.94026371
2011-02-01,FR,France,core,95.39676356
2011-03-01,FR,France,core,96.06395565
2011-04-01,FR,France,core,96.35658376
2011-05-01,FR,France,core,96.42681450
2011-06-01,FR,France,core,96.54386575
2011-07-01,FR,France,core,95.88837878
2011-08-01,FR,France,core,96.66091699
2011-09-01,FR,France,core,96.47363500
2011-10-01,FR,France,core,96.59068625
2011-11-01,FR,France,core,96.71944261
2011-12-01,FR,France,core,97.26958346
2012-01-01,FR,France,core,96.37999401
2012-02-01,FR,France,core,96.74285286
2012-03-01,FR,France,core,97.69096794
2012-04-01,FR,France,core,97.91336530
2012-05-01,FR,France,core,97.98359604
2012-06-01,FR,France,core,98.24110878
2012-07-01,FR,France,core,97.63244231
2012-08-01,FR,France,core,98.27622415
2012-09-01,FR,France,core,97.91336530
2012-10-01,FR,France,core,97.77290381
2012-11-01,FR,France,core,97.67926281
2012-12-01,FR,France,core,98.24110878
2013-01-01,FR,France,core,97.22276296
2013-02-01,FR,France,core,97.44516032
2013-03-01,FR,France,core,98.48691639
2013-04-01,FR,France,core,98.39327540
2013-05-01,FR,France,core,98.60396764
2013-06-01,FR,France,core,98.73272400
2013-07-01,FR,France,core,98.31133953
2013-08-01,FR,France,core,98.90830087
2013-09-01,FR,France,core,98.65078813
2013-10-01,FR,France,core,98.62737788
2013-11-01,FR,France,core,98.62737788
2013-12-01,FR,France,core,99.04876236
2014-01-01,FR,France,core,97.97189092
2014-02-01,FR,France,core,98.81465987
2014-03-01,FR,France,core,99.57549296
2014-04-01,FR,France,core,99.59890321
2014-05-01,FR,France,core,99.63401858
2014-06-01,FR,France,core,99.63401858
2014-07-01,FR,France,core,99.20092898
2014-08-01,FR,France,core,100.13733893
2014-09-01,FR,France,core,99.52867246
2014-10-01,FR,France,core,99.44673659
2014-11-01,FR,France,core,99.29456997
2014-12-01,FR,France,core,99.75106982
2015-01-01,FR,France,core,98.38157027
2015-02-01,FR,France,core,99.09558286
2015-03-01,FR,France,core,99.97346719
2015-04-01,FR,France,core,100.13733893
2015-05-01,FR,France,core,100.33632604
2015-06-01,FR,France,core,100.35973629
2015-07-01,FR,France,core,99.96176206
2015-08-01,FR,France,core,100.74600539
2015-09-01,FR,France,core,100.20756967
2015-10-01,FR,France,core,100.20756967
2015-11-01,FR,France,core,100.02028768
2015-12-01,FR,France,core,100.58213365
2016-01-01,FR,France,core,99.23604435
2016-02-01,FR,France,core,99.77448007
2016-03-01,FR,France,core,100.65236440
2016-04-01,FR,France,core,100.75771052
2016-05-01,FR,France,core,100.89817201
2016-06-01,FR,France,core,101.00351813
2016-07-01,FR,France,core,100.55872340
2016-08-01,FR,France,core,101.21421037
2016-09-01,FR,France,core,100.89817201
2016-10-01,FR,France,core,100.81623614
2016-11-01,FR,France,core,100.66406952
2016-12-01,FR,France,core,101.01522325
2017-01-01,FR,France,core,99.90323644
2017-02-01,FR,France,core,100.03199281
2017-03-01,FR,France,core,101.14397962
2017-04-01,FR,France,core,101.33126161
2017-05-01,FR,France,core,101.37808211
2017-06-01,FR,France,core,101.58877435
2017-07-01,FR,France,core,101.14397962
2017-08-01,FR,France,core,101.79946659
2017-09-01,FR,France,core,101.46001798
2017-10-01,FR,France,core,101.40149236
2017-11-01,FR,France,core,101.26103087
2017-12-01,FR,France,core,101.67071022
2018-01-01,FR,France,core,100.85135151
2018-02-01,FR,France,core,100.87476176
2018-03-01,FR,France,core,102.11550494
2018-04-01,FR,France,core,102.26767156
2018-05-01,FR,France,core,102.49006892
2018-06-01,FR,France,core,102.44324843
2018-07-01,FR,France,core,102.13891519
2018-08-01,FR,France,core,102.82951753
2018-09-01,FR,France,core,102.22085106
2018-10-01,FR,France,core,102.18573569
2018-11-01,FR,France,core,101.99845370
2018-12-01,FR,France,core,102.30278693
2019-01-01,FR,France,core,101.50683848
2019-02-01,FR,France,core,101.46001798
2019-03-01,FR,France,core,102.40813305
2019-04-01,FR,France,core,102.82951753
2019-05-01,FR,France,core,102.74758166
2019-06-01,FR,France,core,103.15726101
2019-07-01,FR,France,core,102.81781241
2019-08-01,FR,France,core,103.48500450
2019-09-01,FR,France,core,103.02850464
2019-10-01,FR,France,core,103.02850464
2019-11-01,FR,France,core,102.84122266
2019-12-01,FR,France,core,103.30942763
2020-01-01,FR,France,core,102.37301768
2020-02-01,FR,France,core,102.67735091
2020-03-01,FR,France,core,103.08703027
2020-04-01,FR,France,core,103.11044052
2020-05-01,FR,France,core,103.43818400
2020-06-01,FR,France,core,103.57864549
2020-07-01,FR,France,core,104.30436320
2020-08-01,FR,France,core,104.04685046
2020-09-01,FR,France,core,103.43818400
2020-10-01,FR,France,core,103.32113275
2020-11-01,FR,France,core,103.25090201
2020-12-01,FR,France,core,103.49670962
2021-01-01,FR,France,core,103.55523524
2021-02-01,FR,France,core,103.33283788
2021-03-01,FR,France,core,104.07026071
2021-04-01,FR,France,core,104.26924783
2021-05-01,FR,France,core,104.56187594
2021-06-01,FR,France,core,104.87791429
2021-07-01,FR,France,core,104.65551693
2021-08-01,FR,France,core,105.41635001
2021-09-01,FR,France,core,105.14713215
2021-10-01,FR,France,core,105.18224753
2021-11-01,FR,France,core,105.41635001
2021-12-01,FR,France,core,105.69727300
2022-01-01,FR,France,core,105.34611927
2022-02-01,FR,France,core,106.02501648
2022-03-01,FR,France,core,106.77414444
2022-04-01,FR,France,core,107.55838777
2022-05-01,FR,France,core,108.12023374
2022-06-01,FR,France,core,108.33092598
2022-07-01,FR,France,core,108.81083608
2022-08-01,FR,France,core,109.77065628
2022-09-01,FR,France,core,109.04493857
2022-10-01,FR,France,core,109.45461792
2022-11-01,FR,France,core,109.79406653
2022-12-01,FR,France,core,110.16863051
2023-01-01,FR,France,core,109.79406653
2023-02-01,FR,France,core,110.84752772
2023-03-01,FR,France,core,111.64347618
2023-04-01,FR,France,core,112.60329637
2023-05-01,FR,France,core,112.83739886
2023-06-01,FR,France,core,113.09491160
2023-07-01,FR,France,core,113.45777045
2023-08-01,FR,France,core,114.14837279
2023-09-01,FR,France,core,112.96615523
2023-10-01,FR,France,core,113.32901408
2023-11-01,FR,France,core,112.97786035
2023-12-01,FR,France,core,113.38753971
2024-01-01,FR,France,core,112.70864249
2024-02-01,FR,France,core,113.63334732
2024-03-01,FR,France,core,114.12496254
2024-04-01,FR,France,core,115.15501349
2024-05-01,FR,France,core,115.47105184
2024-06-01,FR,France,core,115.88073120
2024-07-01,FR,France,core,116.05630806
2024-08-01,FR,France,core,117.12147438
2024-09-01,FR,France,core,115.37741085
2024-10-01,FR,France,core,115.69344921
2024-11-01,FR,France,core,115.44764159
2024-12-01,FR,France,core,115.69344921
2025-01-01,FR,France,core,115.01455199
2025-02-01,FR,France,core,115.78709020
2025-03-01,FR,France,core,116.23188493
2025-04-01,FR,France,core,117.32046149
2025-05-01,FR,France,core,117.09806413
2025-06-01,FR,France,core,117.74184597
2025-07-01,FR,France,core,118.08129458
2025-08-01,FR,France,core,118.79530716
2025-09-01,FR,France,core,117.13317950
2025-10-01,FR,France,core,117.37898711
2025-11-01,FR,France,core,116.86396164
2025-12-01,FR,France,core,117.18000000
2026-01-01,FR,France,core,116.22017980
2026-02-01,FR,France,core,117.29705124
2026-03-01,FR,France,core,117.78866647
2026-04-01,FR,France,core,118.91235841
2026-05-01,FR,France,core,118.94747378
2026-06-01,FR,France,core,119.14646089
1996-01-01,FR,France,core_exvolatile,76.88626460
1996-02-01,FR,France,core_exvolatile,77.17558263
1996-03-01,FR,France,core_exvolatile,77.59750474
1996-04-01,FR,France,core_exvolatile,77.64572441
1996-05-01,FR,France,core_exvolatile,77.70599900
1996-06-01,FR,France,core_exvolatile,77.75421867
1996-07-01,FR,France,core_exvolatile,77.62161458
1996-08-01,FR,France,core_exvolatile,77.66983425
1996-09-01,FR,France,core_exvolatile,77.82654818
1996-10-01,FR,France,core_exvolatile,77.92298752
1996-11-01,FR,France,core_exvolatile,77.71805392
1996-12-01,FR,France,core_exvolatile,77.82654818
1997-01-01,FR,France,core_exvolatile,77.74216375
1997-02-01,FR,France,core_exvolatile,78.17614079
1997-03-01,FR,France,core_exvolatile,78.42929406
1997-04-01,FR,France,core_exvolatile,78.46545881
1997-05-01,FR,France,core_exvolatile,78.48956865
1997-06-01,FR,France,core_exvolatile,78.47751373
1997-07-01,FR,France,core_exvolatile,78.34490964
1997-08-01,FR,France,core_exvolatile,78.57395307
1997-09-01,FR,France,core_exvolatile,78.69450225
1997-10-01,FR,France,core_exvolatile,78.56189815
1997-11-01,FR,France,core_exvolatile,78.54984324
1997-12-01,FR,France,core_exvolatile,78.67039241
1998-01-01,FR,France,core_exvolatile,78.35696455
1998-02-01,FR,France,core_exvolatile,78.82710634
1998-03-01,FR,France,core_exvolatile,79.06820469
1998-04-01,FR,France,core_exvolatile,79.17669895
1998-05-01,FR,France,core_exvolatile,79.18875387
1998-06-01,FR,France,core_exvolatile,79.26108337
1998-07-01,FR,France,core_exvolatile,79.03203994
1998-08-01,FR,France,core_exvolatile,79.29724813
1998-09-01,FR,France,core_exvolatile,79.41779730
1998-10-01,FR,France,core_exvolatile,79.40574239
1998-11-01,FR,France,core_exvolatile,79.33341288
1998-12-01,FR,France,core_exvolatile,79.41779730
1999-01-01,FR,France,core_exvolatile,79.06820469
1999-02-01,FR,France,core_exvolatile,79.45396206
1999-03-01,FR,France,core_exvolatile,79.70711533
1999-04-01,FR,France,core_exvolatile,79.83971942
1999-05-01,FR,France,core_exvolatile,79.83971942
1999-06-01,FR,France,core_exvolatile,79.88793909
1999-07-01,FR,France,core_exvolatile,79.62273090
1999-08-01,FR,France,core_exvolatile,79.86382926
1999-09-01,FR,France,core_exvolatile,79.89999401
1999-10-01,FR,France,core_exvolatile,79.82766450
1999-11-01,FR,France,core_exvolatile,79.74328008
1999-12-01,FR,France,core_exvolatile,79.88793909
2000-01-01,FR,France,core_exvolatile,79.76738992
2000-02-01,FR,France,core_exvolatile,79.77944483
2000-03-01,FR,France,core_exvolatile,80.14109236
2000-04-01,FR,France,core_exvolatile,80.11698253
2000-05-01,FR,France,core_exvolatile,80.16520220
2000-06-01,FR,France,core_exvolatile,80.27369646
2000-07-01,FR,France,core_exvolatile,80.11698253
2000-08-01,FR,France,core_exvolatile,80.35808088
2000-09-01,FR,France,core_exvolatile,80.46657514
2000-10-01,FR,France,core_exvolatile,80.55095956
2000-11-01,FR,France,core_exvolatile,80.56301448
2000-12-01,FR,France,core_exvolatile,80.67150874
2001-01-01,FR,France,core_exvolatile,80.56301448
2001-02-01,FR,France,core_exvolatile,80.73178333
2001-03-01,FR,France,core_exvolatile,81.04521118
2001-04-01,FR,France,core_exvolatile,81.31041937
2001-05-01,FR,France,core_exvolatile,81.40685871
2001-06-01,FR,France,core_exvolatile,81.49124314
2001-07-01,FR,France,core_exvolatile,81.44302346
2001-08-01,FR,France,core_exvolatile,81.78056116
2001-09-01,FR,France,core_exvolatile,81.91316525
2001-10-01,FR,France,core_exvolatile,82.03371443
2001-11-01,FR,France,core_exvolatile,81.94933000
2001-12-01,FR,France,core_exvolatile,82.16631852
2002-01-01,FR,France,core_exvolatile,82.32303245
2002-02-01,FR,France,core_exvolatile,82.46769146
2002-03-01,FR,France,core_exvolatile,82.82933899
2002-04-01,FR,France,core_exvolatile,83.04632751
2002-05-01,FR,France,core_exvolatile,83.21509636
2002-06-01,FR,France,core_exvolatile,83.28742586
2002-07-01,FR,France,core_exvolatile,83.35975537
2002-08-01,FR,France,core_exvolatile,83.61290864
2002-09-01,FR,France,core_exvolatile,83.69729306
2002-10-01,FR,France,core_exvolatile,83.75756765
2002-11-01,FR,France,core_exvolatile,83.79373240
2002-12-01,FR,France,core_exvolatile,83.93839141
2003-01-01,FR,France,core_exvolatile,83.82989715
2003-02-01,FR,France,core_exvolatile,84.39647828
2003-03-01,FR,France,core_exvolatile,84.63757664
2003-04-01,FR,France,core_exvolatile,84.77018073
2003-05-01,FR,France,core_exvolatile,84.95100449
2003-06-01,FR,France,core_exvolatile,85.04744383
2003-07-01,FR,France,core_exvolatile,84.93894958
2003-08-01,FR,France,core_exvolatile,85.18004793
2003-09-01,FR,France,core_exvolatile,85.46936595
2003-10-01,FR,France,core_exvolatile,85.75868397
2003-11-01,FR,France,core_exvolatile,85.93950774
2003-12-01,FR,France,core_exvolatile,86.13238642
2004-01-01,FR,France,core_exvolatile,85.99978233
2004-02-01,FR,France,core_exvolatile,86.60252821
2004-03-01,FR,France,core_exvolatile,86.80746181
2004-04-01,FR,France,core_exvolatile,86.97623065
2004-05-01,FR,France,core_exvolatile,87.12088967
2004-06-01,FR,France,core_exvolatile,87.15705442
2004-07-01,FR,France,core_exvolatile,87.13294458
2004-08-01,FR,France,core_exvolatile,87.49459211
2004-09-01,FR,France,core_exvolatile,87.47048228
2004-10-01,FR,France,core_exvolatile,87.47048228
2004-11-01,FR,France,core_exvolatile,87.45842736
2004-12-01,FR,France,core_exvolatile,87.62719621
2005-01-01,FR,France,core_exvolatile,87.19321917
2005-02-01,FR,France,core_exvolatile,87.66336096
2005-03-01,FR,France,core_exvolatile,87.98884373
2005-04-01,FR,France,core_exvolatile,88.08528308
2005-05-01,FR,France,core_exvolatile,88.19377733
2005-06-01,FR,France,core_exvolatile,88.21788717
2005-07-01,FR,France,core_exvolatile,87.91651423
2005-08-01,FR,France,core_exvolatile,88.39871093
2005-09-01,FR,France,core_exvolatile,88.50720519
2005-10-01,FR,France,core_exvolatile,88.45898552
2005-11-01,FR,France,core_exvolatile,88.44693060
2005-12-01,FR,France,core_exvolatile,88.63980929
2006-01-01,FR,France,core_exvolatile,88.32638143
2006-02-01,FR,France,core_exvolatile,88.62775437
2006-03-01,FR,France,core_exvolatile,89.03762157
2006-04-01,FR,France,core_exvolatile,89.21844533
2006-05-01,FR,France,core_exvolatile,89.37515926
2006-06-01,FR,France,core_exvolatile,89.43543385
2006-07-01,FR,France,core_exvolatile,89.20639041
2006-08-01,FR,France,core_exvolatile,89.60420270
2006-09-01,FR,France,core_exvolatile,89.56803794
2006-10-01,FR,France,core_exvolatile,89.61625761
2006-11-01,FR,France,core_exvolatile,89.70064204
2006-12-01,FR,France,core_exvolatile,90.00201498
2007-01-01,FR,France,core_exvolatile,89.58009286
2007-02-01,FR,France,core_exvolatile,89.84530105
2007-03-01,FR,France,core_exvolatile,90.21900349
2007-04-01,FR,France,core_exvolatile,90.47215676
2007-05-01,FR,France,core_exvolatile,90.61681578
2007-06-01,FR,France,core_exvolatile,90.65298053
2007-07-01,FR,France,core_exvolatile,90.42393709
2007-08-01,FR,France,core_exvolatile,91.00257314
2007-09-01,FR,France,core_exvolatile,91.01462806
2007-10-01,FR,France,core_exvolatile,91.14723215
2007-11-01,FR,France,core_exvolatile,91.35216575
2007-12-01,FR,France,core_exvolatile,91.74997803
2008-01-01,FR,France,core_exvolatile,91.54504443
2008-02-01,FR,France,core_exvolatile,91.90669196
2008-03-01,FR,France,core_exvolatile,92.49738293
2008-04-01,FR,France,core_exvolatile,92.70231653
2008-05-01,FR,France,core_exvolatile,92.81081078
2008-06-01,FR,France,core_exvolatile,92.88314029
2008-07-01,FR,France,core_exvolatile,92.56971243
2008-08-01,FR,France,core_exvolatile,93.12423864
2008-09-01,FR,France,core_exvolatile,93.10012881
2008-10-01,FR,France,core_exvolatile,93.23273290
2008-11-01,FR,France,core_exvolatile,93.25684274
2008-12-01,FR,France,core_exvolatile,93.46177634
2009-01-01,FR,France,core_exvolatile,93.05190914
2009-02-01,FR,France,core_exvolatile,93.46177634
2009-03-01,FR,France,core_exvolatile,93.88369845
2009-04-01,FR,France,core_exvolatile,94.02835746
2009-05-01,FR,France,core_exvolatile,94.17301648
2009-06-01,FR,France,core_exvolatile,94.16096156
2009-07-01,FR,France,core_exvolatile,93.83547878
2009-08-01,FR,France,core_exvolatile,94.46233450
2009-09-01,FR,France,core_exvolatile,94.18507139
2009-10-01,FR,France,core_exvolatile,94.16096156
2009-11-01,FR,France,core_exvolatile,94.14890664
2009-12-01,FR,France,core_exvolatile,94.52260909
2010-01-01,FR,France,core_exvolatile,93.84753370
2010-02-01,FR,France,core_exvolatile,94.52260909
2010-03-01,FR,France,core_exvolatile,94.86014678
2010-04-01,FR,France,core_exvolatile,94.86014678
2010-05-01,FR,France,core_exvolatile,94.94453120
2010-06-01,FR,France,core_exvolatile,95.00480579
2010-07-01,FR,France,core_exvolatile,94.73959760
2010-08-01,FR,France,core_exvolatile,95.20973939
2010-09-01,FR,France,core_exvolatile,95.10124513
2010-10-01,FR,France,core_exvolatile,95.10124513
2010-11-01,FR,France,core_exvolatile,95.07713530
2010-12-01,FR,France,core_exvolatile,95.41467299
2011-01-01,FR,France,core_exvolatile,94.75165252
2011-02-01,FR,France,core_exvolatile,95.14946480
2011-03-01,FR,France,core_exvolatile,95.78837544
2011-04-01,FR,France,core_exvolatile,96.10180330
2011-05-01,FR,France,core_exvolatile,96.23440739
2011-06-01,FR,France,core_exvolatile,96.37906640
2011-07-01,FR,France,core_exvolatile,95.88481478
2011-08-01,FR,France,core_exvolatile,96.57194508
2011-09-01,FR,France,core_exvolatile,96.42728607
2011-10-01,FR,France,core_exvolatile,96.60810984
2011-11-01,FR,France,core_exvolatile,96.83715327
2011-12-01,FR,France,core_exvolatile,97.30729506
2012-01-01,FR,France,core_exvolatile,96.60810984
2012-02-01,FR,France,core_exvolatile,96.93359261
2012-03-01,FR,France,core_exvolatile,97.75332701
2012-04-01,FR,France,core_exvolatile,97.94620569
2012-05-01,FR,France,core_exvolatile,98.01853520
2012-06-01,FR,France,core_exvolatile,98.23552371
2012-07-01,FR,France,core_exvolatile,97.74127209
2012-08-01,FR,France,core_exvolatile,98.30785322
2012-09-01,FR,France,core_exvolatile,97.98237044
2012-10-01,FR,France,core_exvolatile,98.05469995
2012-11-01,FR,France,core_exvolatile,97.98237044
2012-12-01,FR,France,core_exvolatile,98.42840240
2013-01-01,FR,France,core_exvolatile,97.58455816
2013-02-01,FR,France,core_exvolatile,97.77743684
2013-03-01,FR,France,core_exvolatile,98.65744583
2013-04-01,FR,France,core_exvolatile,98.57306141
2013-05-01,FR,France,core_exvolatile,98.74183025
2013-06-01,FR,France,core_exvolatile,98.87443435
2013-07-01,FR,France,core_exvolatile,98.57306141
2013-08-01,FR,France,core_exvolatile,99.13964254
2013-09-01,FR,France,core_exvolatile,98.89854418
2013-10-01,FR,France,core_exvolatile,98.86237943
2013-11-01,FR,France,core_exvolatile,98.86237943
2013-12-01,FR,France,core_exvolatile,99.19991712
2014-01-01,FR,France,core_exvolatile,98.36812781
2014-02-01,FR,France,core_exvolatile,99.10347778
2014-03-01,FR,France,core_exvolatile,99.77855317
2014-04-01,FR,France,core_exvolatile,99.79060809
2014-05-01,FR,France,core_exvolatile,99.81471792
2014-06-01,FR,France,core_exvolatile,99.77855317
2014-07-01,FR,France,core_exvolatile,99.40485072
2014-08-01,FR,France,core_exvolatile,100.18842037
2014-09-01,FR,France,core_exvolatile,99.64594908
2014-10-01,FR,France,core_exvolatile,99.56156465
2014-11-01,FR,France,core_exvolatile,99.44101548
2014-12-01,FR,France,core_exvolatile,99.81471792
2015-01-01,FR,France,core_exvolatile,98.66950075
2015-02-01,FR,France,core_exvolatile,99.27224663
2015-03-01,FR,France,core_exvolatile,100.00759661
2015-04-01,FR,France,core_exvolatile,100.14020070
2015-05-01,FR,France,core_exvolatile,100.30896955
2015-06-01,FR,France,core_exvolatile,100.33307938
2015-07-01,FR,France,core_exvolatile,99.98348677
2015-08-01,FR,France,core_exvolatile,100.65856216
2015-09-01,FR,France,core_exvolatile,100.21253020
2015-10-01,FR,France,core_exvolatile,100.21253020
2015-11-01,FR,France,core_exvolatile,100.05581628
2015-12-01,FR,France,core_exvolatile,100.52595806
2016-01-01,FR,France,core_exvolatile,99.38074089
2016-02-01,FR,France,core_exvolatile,99.83882776
2016-03-01,FR,France,core_exvolatile,100.57417773
2016-04-01,FR,France,core_exvolatile,100.65856216
2016-05-01,FR,France,core_exvolatile,100.76705642
2016-06-01,FR,France,core_exvolatile,100.86349576
2016-07-01,FR,France,core_exvolatile,100.48979331
2016-08-01,FR,France,core_exvolatile,101.04431952
2016-09-01,FR,France,core_exvolatile,100.76705642
2016-10-01,FR,France,core_exvolatile,100.68267199
2016-11-01,FR,France,core_exvolatile,100.56212282
2016-12-01,FR,France,core_exvolatile,100.86349576
2017-01-01,FR,France,core_exvolatile,99.94732202
2017-02-01,FR,France,core_exvolatile,100.06787119
2017-03-01,FR,France,core_exvolatile,101.04431952
2017-04-01,FR,France,core_exvolatile,101.22514329
2017-05-01,FR,France,core_exvolatile,101.28541787
2017-06-01,FR,France,core_exvolatile,101.46624164
2017-07-01,FR,France,core_exvolatile,101.12870394
2017-08-01,FR,France,core_exvolatile,101.69528507
2017-09-01,FR,France,core_exvolatile,101.41802197
2017-10-01,FR,France,core_exvolatile,101.36980230
2017-11-01,FR,France,core_exvolatile,101.34569246
2017-12-01,FR,France,core_exvolatile,101.71939491
2018-01-01,FR,France,core_exvolatile,101.04431952
2018-02-01,FR,France,core_exvolatile,101.06842936
2018-03-01,FR,France,core_exvolatile,102.44268997
2018-04-01,FR,France,core_exvolatile,102.59940389
2018-05-01,FR,France,core_exvolatile,102.79228258
2018-06-01,FR,France,core_exvolatile,102.76817274
2018-07-01,FR,France,core_exvolatile,102.55118422
2018-08-01,FR,France,core_exvolatile,103.17803994
2018-09-01,FR,France,core_exvolatile,102.68378832
2018-10-01,FR,France,core_exvolatile,102.65967848
2018-11-01,FR,France,core_exvolatile,102.55118422
2018-12-01,FR,France,core_exvolatile,102.84050225
2019-01-01,FR,France,core_exvolatile,102.21364653
2019-02-01,FR,France,core_exvolatile,102.23775637
2019-03-01,FR,France,core_exvolatile,103.25036945
2019-04-01,FR,France,core_exvolatile,103.63612681
2019-05-01,FR,France,core_exvolatile,103.59996206
2019-06-01,FR,France,core_exvolatile,103.94955467
2019-07-01,FR,France,core_exvolatile,103.70845632
2019-08-01,FR,France,core_exvolatile,104.28709236
2019-09-01,FR,France,core_exvolatile,103.90133500
2019-10-01,FR,France,core_exvolatile,103.91338992
2019-11-01,FR,France,core_exvolatile,103.94955467
2019-12-01,FR,France,core_exvolatile,104.38353170
2020-01-01,FR,France,core_exvolatile,103.61201697
2020-02-01,FR,France,core_exvolatile,103.86517024
2020-03-01,FR,France,core_exvolatile,104.40764154
2020-04-01,FR,France,core_exvolatile,104.41969646
2020-05-01,FR,France,core_exvolatile,104.70901448
2020-06-01,FR,France,core_exvolatile,104.82956365
2020-07-01,FR,France,core_exvolatile,105.45641937
2020-08-01,FR,France,core_exvolatile,105.25148577
2020-09-01,FR,France,core_exvolatile,104.69695956
2020-10-01,FR,France,core_exvolatile,104.58846530
2020-11-01,FR,France,core_exvolatile,104.69695956
2020-12-01,FR,France,core_exvolatile,104.87778333
2021-01-01,FR,France,core_exvolatile,104.98627758
2021-02-01,FR,France,core_exvolatile,104.80545382
2021-03-01,FR,France,core_exvolatile,105.42025462
2021-04-01,FR,France,core_exvolatile,105.58902346
2021-05-01,FR,France,core_exvolatile,105.80601198
2021-06-01,FR,France,core_exvolatile,106.07122017
2021-07-01,FR,France,core_exvolatile,105.89039641
2021-08-01,FR,France,core_exvolatile,106.52930704
2021-09-01,FR,France,core_exvolatile,106.25204393
2021-10-01,FR,France,core_exvolatile,106.28820869
2021-11-01,FR,France,core_exvolatile,106.54136196
2021-12-01,FR,France,core_exvolatile,106.81862506
2022-01-01,FR,France,core_exvolatile,106.56547179
2022-02-01,FR,France,core_exvolatile,107.18027259
2022-03-01,FR,France,core_exvolatile,107.93973240
2022-04-01,FR,France,core_exvolatile,108.77152172
2022-05-01,FR,France,core_exvolatile,109.45865202
2022-06-01,FR,France,core_exvolatile,109.77207988
2022-07-01,FR,France,core_exvolatile,110.39893560
2022-08-01,FR,France,core_exvolatile,111.49593310
2022-09-01,FR,France,core_exvolatile,111.01373640
2022-10-01,FR,France,core_exvolatile,111.61648228
2022-11-01,FR,France,core_exvolatile,112.12278882
2022-12-01,FR,France,core_exvolatile,112.58087569
2023-01-01,FR,France,core_exvolatile,112.53265602
2023-02-01,FR,France,core_exvolatile,113.64170844
2023-03-01,FR,France,core_exvolatile,114.82309036
2023-04-01,FR,France,core_exvolatile,115.90803295
2023-05-01,FR,France,core_exvolatile,116.23351573
2023-06-01,FR,France,core_exvolatile,116.51077883
2023-07-01,FR,France,core_exvolatile,116.90859111
2023-08-01,FR,France,core_exvolatile,117.53544683
2023-09-01,FR,France,core_exvolatile,116.51077883
2023-10-01,FR,France,core_exvolatile,116.81215177
2023-11-01,FR,France,core_exvolatile,116.53488867
2023-12-01,FR,France,core_exvolatile,116.86037144
2024-01-01,FR,France,core_exvolatile,116.45050424
2024-02-01,FR,France,core_exvolatile,117.28229356
2024-03-01,FR,France,core_exvolatile,117.75243535
2024-04-01,FR,France,core_exvolatile,118.64449925
2024-05-01,FR,France,core_exvolatile,118.92176236
2024-06-01,FR,France,core_exvolatile,119.27135497
2024-07-01,FR,France,core_exvolatile,119.41601398
2024-08-01,FR,France,core_exvolatile,120.36835247
2024-09-01,FR,France,core_exvolatile,118.82532302
2024-10-01,FR,France,core_exvolatile,119.07847629
2024-11-01,FR,France,core_exvolatile,118.88559760
2024-12-01,FR,France,core_exvolatile,119.09053120
2025-01-01,FR,France,core_exvolatile,118.59627958
2025-02-01,FR,France,core_exvolatile,119.27135497
2025-03-01,FR,France,core_exvolatile,119.69327708
2025-04-01,FR,France,core_exvolatile,120.76616475
2025-05-01,FR,France,core_exvolatile,120.64561558
2025-06-01,FR,France,core_exvolatile,121.20014179
2025-07-01,FR,France,core_exvolatile,121.50151473
2025-08-01,FR,France,core_exvolatile,122.14042536
2025-09-01,FR,France,core_exvolatile,120.69383525
2025-10-01,FR,France,core_exvolatile,120.88671393
2025-11-01,FR,France,core_exvolatile,120.46479181
2025-12-01,FR,France,core_exvolatile,120.73000000
2026-01-01,FR,France,core_exvolatile,119.94643035
2026-02-01,FR,France,core_exvolatile,120.88671393
2026-03-01,FR,France,core_exvolatile,121.33274588
2026-04-01,FR,France,core_exvolatile,122.29713929
2026-05-01,FR,France,core_exvolatile,122.33330404
2026-06-01,FR,France,core_exvolatile,122.49001797
1996-01-01,FR,France,neig,94.85949430
1996-02-01,FR,France,neig,95.38497102
1996-03-01,FR,France,neig,96.46876674
1996-04-01,FR,France,neig,96.44687188
1996-05-01,FR,France,neig,96.44687188
1996-06-01,FR,France,neig,96.40308215
1996-07-01,FR,France,neig,95.58202479
1996-08-01,FR,France,neig,95.81192085
1996-09-01,FR,France,neig,96.31550270
1996-10-01,FR,France,neig,96.77529482
1996-11-01,FR,France,neig,96.15129123
1996-12-01,FR,France,neig,96.15129123
1997-01-01,FR,France,neig,95.02370578
1997-02-01,FR,France,neig,96.03086948
1997-03-01,FR,France,neig,96.65487308
1997-04-01,FR,France,neig,96.61108335
1997-05-01,FR,France,neig,96.47971417
1997-06-01,FR,France,neig,96.30455527
1997-07-01,FR,France,neig,95.24265441
1997-08-01,FR,France,neig,95.84476314
1997-09-01,FR,France,neig,96.37023986
1997-10-01,FR,France,neig,96.38118729
1997-11-01,FR,France,neig,96.33739756
1997-12-01,FR,France,neig,96.47971417
1998-01-01,FR,France,neig,94.96896862
1998-02-01,FR,France,neig,96.12939636
1998-03-01,FR,France,neig,96.85192684
1998-04-01,FR,France,neig,96.91761143
1998-05-01,FR,France,neig,96.80813712
1998-06-01,FR,France,neig,96.74245253
1998-07-01,FR,France,neig,95.42876074
1998-08-01,FR,France,neig,96.19508095
1998-09-01,FR,France,neig,96.83003198
1998-10-01,FR,France,neig,96.76434739
1998-11-01,FR,France,neig,96.64392564
1998-12-01,FR,France,neig,96.68771537
1999-01-01,FR,France,neig,95.05654807
1999-02-01,FR,France,neig,95.94329003
1999-03-01,FR,France,neig,96.65487308
1999-04-01,FR,France,neig,96.62203078
1999-05-01,FR,France,neig,96.60013592
1999-06-01,FR,France,neig,96.63297821
1999-07-01,FR,France,neig,95.06749550
1999-08-01,FR,France,neig,95.77907855
1999-09-01,FR,France,neig,96.31550270
1999-10-01,FR,France,neig,96.43592445
1999-11-01,FR,France,neig,96.34834499
1999-12-01,FR,France,neig,96.31550270
2000-01-01,FR,France,neig,95.65865681
2000-02-01,FR,France,neig,95.27549670
2000-03-01,FR,France,neig,96.45781931
2000-04-01,FR,France,neig,96.38118729
2000-05-01,FR,France,neig,96.42497701
2000-06-01,FR,France,neig,96.51255647
2000-07-01,FR,France,neig,95.04560064
2000-08-01,FR,France,neig,95.92139516
2000-09-01,FR,France,neig,96.63297821
2000-10-01,FR,France,neig,96.87382171
2000-11-01,FR,France,neig,96.84097941
2000-12-01,FR,France,neig,96.92855886
2001-01-01,FR,France,neig,95.95423746
2001-02-01,FR,France,neig,96.14034379
2001-03-01,FR,France,neig,97.21319208
2001-04-01,FR,France,neig,97.38835099
2001-05-01,FR,France,neig,97.55256246
2001-06-01,FR,France,neig,97.51972017
2001-07-01,FR,France,neig,96.16223866
2001-08-01,FR,France,neig,97.03803318
2001-09-01,FR,France,neig,97.69487907
2001-10-01,FR,France,neig,97.88098541
2001-11-01,FR,France,neig,97.62919448
2001-12-01,FR,France,neig,97.87003798
2002-01-01,FR,France,neig,97.05992804
2002-02-01,FR,France,neig,97.16940236
2002-03-01,FR,France,neig,98.22035579
2002-04-01,FR,France,neig,98.27509294
2002-05-01,FR,France,neig,98.41740955
2002-06-01,FR,France,neig,98.30793524
2002-07-01,FR,France,neig,97.10371777
2002-08-01,FR,France,neig,97.61824705
2002-09-01,FR,France,neig,98.36267240
2002-10-01,FR,France,neig,98.43930442
2002-11-01,FR,France,neig,98.29698781
2002-12-01,FR,France,neig,98.50498901
2003-01-01,FR,France,neig,96.87382171
2003-02-01,FR,France,neig,98.12182890
2003-03-01,FR,France,neig,98.68014791
2003-04-01,FR,France,neig,98.71299021
2003-05-01,FR,France,neig,99.04141315
2003-06-01,FR,France,neig,98.85530682
2003-07-01,FR,France,neig,97.35550869
2003-08-01,FR,France,neig,97.93572257
2003-09-01,FR,France,neig,98.94288627
2003-10-01,FR,France,neig,99.26036178
2003-11-01,FR,France,neig,98.95383370
2003-12-01,FR,France,neig,99.17278233
2004-01-01,FR,France,neig,97.09277034
2004-02-01,FR,France,neig,98.36267240
2004-03-01,FR,France,neig,98.97572856
2004-04-01,FR,France,neig,99.22751949
2004-05-01,FR,France,neig,99.27130921
2004-06-01,FR,France,neig,99.12899260
2004-07-01,FR,France,neig,97.31171897
2004-08-01,FR,France,neig,98.39551469
2004-09-01,FR,France,neig,99.07425545
2004-10-01,FR,France,neig,99.11804517
2004-11-01,FR,France,neig,99.06330802
2004-12-01,FR,France,neig,99.04141315
2005-01-01,FR,France,neig,97.31171897
2005-02-01,FR,France,neig,97.72772137
2005-03-01,FR,France,neig,98.68014791
2005-04-01,FR,France,neig,98.91004397
2005-05-01,FR,France,neig,98.87720168
2005-06-01,FR,France,neig,98.72393764
2005-07-01,FR,France,neig,96.55634619
2005-08-01,FR,France,neig,97.68393164
2005-09-01,FR,France,neig,98.57067360
2005-10-01,FR,France,neig,98.61446332
2005-11-01,FR,France,neig,98.55972616
2005-12-01,FR,France,neig,98.51593644
2006-01-01,FR,France,neig,97.10371777
2006-02-01,FR,France,neig,97.30077154
2006-03-01,FR,France,neig,98.48309414
2006-04-01,FR,France,neig,98.91004397
2006-05-01,FR,France,neig,99.00857086
2006-06-01,FR,France,neig,98.87720168
2006-07-01,FR,France,neig,96.67676794
2006-08-01,FR,France,neig,97.68393164
2006-09-01,FR,France,neig,98.48309414
2006-10-01,FR,France,neig,98.43930442
2006-11-01,FR,France,neig,98.54877873
2006-12-01,FR,France,neig,98.76772736
2007-01-01,FR,France,neig,97.04898061
2007-02-01,FR,France,neig,97.30077154
2007-03-01,FR,France,neig,98.55972616
2007-04-01,FR,France,neig,98.83341195
2007-05-01,FR,France,neig,98.97572856
2007-06-01,FR,France,neig,98.84435938
2007-07-01,FR,France,neig,96.78624225
2007-08-01,FR,France,neig,97.79340596
2007-09-01,FR,France,neig,98.53783130
2007-10-01,FR,France,neig,98.65825305
2007-11-01,FR,France,neig,98.99762343
2007-12-01,FR,France,neig,99.19467719
2008-01-01,FR,France,neig,97.69487907
2008-02-01,FR,France,neig,97.92477513
2008-03-01,FR,France,neig,99.29320408
2008-04-01,FR,France,neig,99.36983610
2008-05-01,FR,France,neig,99.41362582
2008-06-01,FR,France,neig,99.44646812
2008-07-01,FR,France,neig,97.15845493
2008-08-01,FR,France,neig,98.35172497
2008-09-01,FR,France,neig,99.46836298
2008-10-01,FR,France,neig,99.44646812
2008-11-01,FR,France,neig,99.54499500
2008-12-01,FR,France,neig,99.54499500
2009-01-01,FR,France,neig,97.76056366
2009-02-01,FR,France,neig,98.19846092
2009-03-01,FR,France,neig,99.54499500
2009-04-01,FR,France,neig,99.53404757
2009-05-01,FR,France,neig,99.61067959
2009-06-01,FR,France,neig,99.40267839
2009-07-01,FR,France,neig,97.33361383
2009-08-01,FR,France,neig,98.97572856
2009-09-01,FR,France,neig,99.35888867
2009-10-01,FR,France,neig,99.18372976
2009-11-01,FR,France,neig,99.16183490
2009-12-01,FR,France,neig,99.47931041
2010-01-01,FR,France,neig,97.19129722
2010-02-01,FR,France,neig,98.48309414
2010-03-01,FR,France,neig,99.41362582
2010-04-01,FR,France,neig,99.31509894
2010-05-01,FR,France,neig,99.42457326
2010-06-01,FR,France,neig,99.39173096
2010-07-01,FR,France,neig,97.45403558
2010-08-01,FR,France,neig,98.59256846
2010-09-01,FR,France,neig,99.49025785
2010-10-01,FR,France,neig,99.32604637
2010-11-01,FR,France,neig,99.16183490
2010-12-01,FR,France,neig,99.42457326
2011-01-01,FR,France,neig,97.66203678
2011-02-01,FR,France,neig,97.67298421
2011-03-01,FR,France,neig,99.10709774
2011-04-01,FR,France,neig,99.72015391
2011-05-01,FR,France,neig,99.70920648
2011-06-01,FR,France,neig,99.76394363
2011-07-01,FR,France,neig,96.79718969
2011-08-01,FR,France,neig,98.60351589
2011-09-01,FR,France,neig,99.86247052
2011-10-01,FR,France,neig,100.16899860
2011-11-01,FR,France,neig,100.19089346
2011-12-01,FR,France,neig,100.74921247
2012-01-01,FR,France,neig,98.60351589
2012-02-01,FR,France,neig,98.78962223
2012-03-01,FR,France,neig,100.91342395
2012-04-01,FR,France,neig,101.20900460
2012-05-01,FR,France,neig,101.37321607
2012-06-01,FR,France,neig,101.50458525
2012-07-01,FR,France,neig,98.46119928
2012-08-01,FR,France,neig,99.80773336
2012-09-01,FR,France,neig,101.35132121
2012-10-01,FR,France,neig,101.11047771
2012-11-01,FR,France,neig,101.30753148
2012-12-01,FR,France,neig,101.57026984
2013-01-01,FR,France,neig,99.10709774
2013-02-01,FR,France,neig,99.32604637
2013-03-01,FR,France,neig,101.52648011
2013-04-01,FR,France,neig,101.61405956
2013-05-01,FR,France,neig,101.65784929
2013-06-01,FR,France,neig,101.62500700
2013-07-01,FR,France,neig,98.57067360
2013-08-01,FR,France,neig,99.80773336
2013-09-01,FR,France,neig,101.20900460
2013-10-01,FR,France,neig,101.18710973
2013-11-01,FR,France,neig,101.42795323
2013-12-01,FR,France,neig,101.51553268
2014-01-01,FR,France,neig,98.30793524
2014-02-01,FR,France,neig,99.79678593
2014-03-01,FR,France,neig,101.35132121
2014-04-01,FR,France,neig,101.42795323
2014-05-01,FR,France,neig,101.37321607
2014-06-01,FR,France,neig,100.90247651
2014-07-01,FR,France,neig,97.74961623
2014-08-01,FR,France,neig,99.79678593
2014-09-01,FR,France,neig,101.09953028
2014-10-01,FR,France,neig,100.91342395
2014-11-01,FR,France,neig,100.74921247
2014-12-01,FR,France,neig,100.85868679
2015-01-01,FR,France,neig,97.39929842
2015-02-01,FR,France,neig,98.51593644
2015-03-01,FR,France,neig,100.81489706
2015-04-01,FR,France,neig,101.01195083
2015-05-01,FR,France,neig,101.23089946
2015-06-01,FR,France,neig,100.81489706
2015-07-01,FR,France,neig,97.51972017
2015-08-01,FR,France,neig,99.24941435
2015-09-01,FR,France,neig,100.82584449
2015-10-01,FR,France,neig,100.86963422
2015-11-01,FR,France,neig,100.81489706
2015-12-01,FR,France,neig,101.15426744
2016-01-01,FR,France,neig,97.87003798
2016-02-01,FR,France,neig,99.00857086
2016-03-01,FR,France,neig,101.12142514
2016-04-01,FR,France,neig,100.93531881
2016-05-01,FR,France,neig,101.12142514
2016-06-01,FR,France,neig,100.81489706
2016-07-01,FR,France,neig,97.65108935
2016-08-01,FR,France,neig,99.28225665
2016-09-01,FR,France,neig,100.71637018
2016-10-01,FR,France,neig,100.74921247
2016-11-01,FR,France,neig,100.69447531
2016-12-01,FR,France,neig,100.69447531
2017-01-01,FR,France,neig,98.09993404
2017-02-01,FR,France,neig,97.84814311
2017-03-01,FR,France,neig,100.58500100
2017-04-01,FR,France,neig,100.77110734
2017-05-01,FR,France,neig,100.90247651
2017-06-01,FR,France,neig,100.97910853
2017-07-01,FR,France,neig,97.71677394
2017-08-01,FR,France,neig,98.94288627
2017-09-01,FR,France,neig,100.57405357
2017-10-01,FR,France,neig,100.77110734
2017-11-01,FR,France,neig,100.71637018
2017-12-01,FR,France,neig,100.89152908
2018-01-01,FR,France,neig,98.46119928
2018-02-01,FR,France,neig,98.26414551
2018-03-01,FR,France,neig,100.63973816
2018-04-01,FR,France,neig,100.76015990
2018-05-01,FR,France,neig,101.06668799
2018-06-01,FR,France,neig,101.05574056
2018-07-01,FR,France,neig,97.96856486
2018-08-01,FR,France,neig,99.23846692
2018-09-01,FR,France,neig,100.69447531
2018-10-01,FR,France,neig,100.71637018
2018-11-01,FR,France,neig,100.76015990
2018-12-01,FR,France,neig,100.74921247
2019-01-01,FR,France,neig,98.43930442
2019-02-01,FR,France,neig,98.09993404
2019-03-01,FR,France,neig,100.36605237
2019-04-01,FR,France,neig,100.48647412
2019-05-01,FR,France,neig,100.70542275
2019-06-01,FR,France,neig,100.71637018
2019-07-01,FR,France,neig,97.66203678
2019-08-01,FR,France,neig,98.60351589
2019-09-01,FR,France,neig,100.22373576
2019-10-01,FR,France,neig,100.51931641
2019-11-01,FR,France,neig,100.44268439
2019-12-01,FR,France,neig,100.68352788
2020-01-01,FR,France,neig,98.34077753
2020-02-01,FR,France,neig,98.73488507
2020-03-01,FR,France,neig,100.26752548
2020-04-01,FR,France,neig,100.28942035
2020-05-01,FR,France,neig,100.26752548
2020-06-01,FR,France,neig,99.93910254
2020-07-01,FR,France,neig,99.92815511
2020-08-01,FR,France,neig,98.60351589
2020-09-01,FR,France,neig,100.33321007
2020-10-01,FR,France,neig,100.73826504
2020-11-01,FR,France,neig,100.32226264
2020-12-01,FR,France,neig,99.90626024
2021-01-01,FR,France,neig,99.55594243
2021-02-01,FR,France,neig,98.68014791
2021-03-01,FR,France,neig,100.46457925
2021-04-01,FR,France,neig,100.50836898
2021-05-01,FR,France,neig,100.67258045
2021-06-01,FR,France,neig,101.24184689
2021-07-01,FR,France,neig,99.23846692
2021-08-01,FR,France,neig,100.48647412
2021-09-01,FR,France,neig,101.50458525
2021-10-01,FR,France,neig,101.73448131
2021-11-01,FR,France,neig,101.96437737
2021-12-01,FR,France,neig,101.96437737
2022-01-01,FR,France,neig,100.88058165
2022-02-01,FR,France,neig,101.67974415
2022-03-01,FR,France,neig,103.25617430
2022-04-01,FR,France,neig,103.81449330
2022-05-01,FR,France,neig,104.47133920
2022-06-01,FR,France,neig,104.43849690
2022-07-01,FR,France,neig,102.66501299
2022-08-01,FR,France,neig,104.73407755
2022-09-01,FR,France,neig,105.79597841
2022-10-01,FR,France,neig,106.70461523
2022-11-01,FR,France,neig,107.16440736
2022-12-01,FR,France,neig,107.40525085
2023-01-01,FR,France,neig,106.22292824
2023-02-01,FR,France,neig,107.19724965
2023-03-01,FR,France,neig,109.04736558
2023-04-01,FR,France,neig,109.43052568
2023-05-01,FR,France,neig,109.54000000
2023-06-01,FR,France,neig,109.64947432
2023-07-01,FR,France,neig,106.87977414
2023-08-01,FR,France,neig,108.58757346
2023-09-01,FR,France,neig,109.40863082
2023-10-01,FR,France,neig,109.59473716
2023-11-01,FR,France,neig,109.63852688
2023-12-01,FR,France,neig,109.28820907
2024-01-01,FR,France,neig,107.26293424
2024-02-01,FR,France,neig,107.87599041
2024-03-01,FR,France,neig,109.44147312
2024-04-01,FR,France,neig,109.54000000
2024-05-01,FR,France,neig,110.10926644
2024-06-01,FR,France,neig,110.24063562
2024-07-01,FR,France,neig,107.38335599
2024-08-01,FR,France,neig,109.13494503
2024-09-01,FR,France,neig,109.69326404
2024-10-01,FR,France,neig,110.02168699
2024-11-01,FR,France,neig,110.03263442
2024-12-01,FR,France,neig,109.48526284
2025-01-01,FR,France,neig,108.18251849
2025-02-01,FR,France,neig,108.64231061
2025-03-01,FR,France,neig,109.96694983
2025-04-01,FR,France,neig,110.09831901
2025-05-01,FR,France,neig,110.21874076
2025-06-01,FR,France,neig,110.37200480
2025-07-01,FR,France,neig,107.72272636
2025-08-01,FR,France,neig,109.32105137
2025-09-01,FR,France,neig,109.76989606
2025-10-01,FR,France,neig,110.01073956
2025-11-01,FR,France,neig,109.85747551
2025-12-01,FR,France,neig,109.54000000
2026-01-01,FR,France,neig,107.25198681
2026-02-01,FR,France,neig,108.95978613
2026-03-01,FR,France,neig,109.95600240
2026-04-01,FR,France,neig,110.03263442
2026-05-01,FR,France,neig,110.15305617
2026-06-01,FR,France,neig,109.71515890
1996-01-01,FR,France,services,69.62634275
1996-02-01,FR,France,services,69.82018676
1996-03-01,FR,France,services,69.96556976
1996-04-01,FR,France,services,70.06249176
1996-05-01,FR,France,services,70.19575951
1996-06-01,FR,France,services,70.30479676
1996-07-01,FR,France,services,70.51075602
1996-08-01,FR,France,services,70.46229502
1996-09-01,FR,France,services,70.46229502
1996-10-01,FR,France,services,70.36537302
1996-11-01,FR,France,services,70.34114251
1996-12-01,FR,France,services,70.42594927
1997-01-01,FR,France,services,70.58344752
1997-02-01,FR,France,services,70.75306102
1997-03-01,FR,France,services,70.86209827
1997-04-01,FR,France,services,70.95902027
1997-05-01,FR,France,services,71.08017278
1997-06-01,FR,France,services,71.17709478
1997-07-01,FR,France,services,71.51632178
1997-08-01,FR,France,services,71.56478278
1997-09-01,FR,France,services,71.47997603
1997-10-01,FR,France,services,71.21344053
1997-11-01,FR,France,services,71.21344053
1997-12-01,FR,France,services,71.32247778
1998-01-01,FR,France,services,71.47997603
1998-02-01,FR,France,services,71.66170478
1998-03-01,FR,France,services,71.67382003
1998-04-01,FR,France,services,71.83131829
1998-05-01,FR,France,services,71.90400979
1998-06-01,FR,France,services,72.09785379
1998-07-01,FR,France,services,72.41285029
1998-08-01,FR,France,services,72.43708079
1998-09-01,FR,France,services,72.27958254
1998-10-01,FR,France,services,72.27958254
1998-11-01,FR,France,services,72.18266054
1998-12-01,FR,France,services,72.31592829
1999-01-01,FR,France,services,72.37650454
1999-02-01,FR,France,services,72.57034855
1999-03-01,FR,France,services,72.63092480
1999-04-01,FR,France,services,72.87322980
1999-05-01,FR,France,services,72.87322980
1999-06-01,FR,France,services,72.93380605
1999-07-01,FR,France,services,73.28514831
1999-08-01,FR,France,services,73.30937881
1999-09-01,FR,France,services,73.07918905
1999-10-01,FR,France,services,72.88534505
1999-11-01,FR,France,services,72.73996205
1999-12-01,FR,France,services,72.98226705
2000-01-01,FR,France,services,72.88534505
2000-02-01,FR,France,services,73.06707380
2000-03-01,FR,France,services,73.06707380
2000-04-01,FR,France,services,73.04284330
2000-05-01,FR,France,services,73.09130430
2000-06-01,FR,France,services,73.23668731
2000-07-01,FR,France,services,73.68495156
2000-08-01,FR,France,services,73.64860581
2000-09-01,FR,France,services,73.44264656
2000-10-01,FR,France,services,73.39418556
2000-11-01,FR,France,services,73.39418556
2000-12-01,FR,France,services,73.51533806
2001-01-01,FR,France,services,73.61226006
2001-02-01,FR,France,services,73.74552781
2001-03-01,FR,France,services,73.69706681
2001-04-01,FR,France,services,74.02417857
2001-05-01,FR,France,services,74.06052432
2001-06-01,FR,France,services,74.19379207
2001-07-01,FR,France,services,74.75109358
2001-08-01,FR,France,services,74.79955458
2001-09-01,FR,France,services,74.64205633
2001-10-01,FR,France,services,74.73897833
2001-11-01,FR,France,services,74.70263258
2001-12-01,FR,France,services,74.95705283
2002-01-01,FR,France,services,75.33262559
2002-02-01,FR,France,services,75.52646959
2002-03-01,FR,France,services,75.63550684
2002-04-01,FR,France,services,75.96261860
2002-05-01,FR,France,services,76.12011685
2002-06-01,FR,France,services,76.25338460
2002-07-01,FR,France,services,76.98029961
2002-08-01,FR,France,services,77.10145211
2002-09-01,FR,France,services,76.83491661
2002-10-01,FR,France,services,76.89549286
2002-11-01,FR,France,services,76.98029961
2002-12-01,FR,France,services,77.12568261
2003-01-01,FR,France,services,77.35587237
2003-02-01,FR,France,services,77.61029262
2003-03-01,FR,France,services,77.70721462
2003-04-01,FR,France,services,77.87682812
2003-05-01,FR,France,services,77.99798063
2003-06-01,FR,France,services,78.24028563
2003-07-01,FR,France,services,78.77335664
2003-08-01,FR,France,services,78.88239389
2003-09-01,FR,France,services,78.84604814
2003-10-01,FR,France,services,78.90662439
2003-11-01,FR,France,services,78.88239389
2003-12-01,FR,France,services,79.10046839
2004-01-01,FR,France,services,79.51238690
2004-02-01,FR,France,services,79.83949865
2004-03-01,FR,France,services,79.87584440
2004-04-01,FR,France,services,80.02122740
2004-05-01,FR,France,services,80.21507141
2004-06-01,FR,France,services,80.36045441
2004-07-01,FR,France,services,81.22063717
2004-08-01,FR,France,services,81.31755917
2004-09-01,FR,France,services,81.06313892
2004-10-01,FR,France,services,81.08736942
2004-11-01,FR,France,services,81.09948467
2004-12-01,FR,France,services,81.42659642
2005-01-01,FR,France,services,81.63255568
2005-02-01,FR,France,services,82.23831819
2005-03-01,FR,France,services,82.29889444
2005-04-01,FR,France,services,82.35947069
2005-05-01,FR,France,services,82.58966044
2005-06-01,FR,France,services,82.69869769
2005-07-01,FR,France,services,83.38926695
2005-08-01,FR,France,services,83.59522621
2005-09-01,FR,France,services,83.30446020
2005-10-01,FR,France,services,83.15907720
2005-11-01,FR,France,services,83.15907720
2005-12-01,FR,France,services,83.54676521
2006-01-01,FR,France,services,83.75272446
2006-02-01,FR,France,services,84.16464296
2006-03-01,FR,France,services,84.22521922
2006-04-01,FR,France,services,84.29791072
2006-05-01,FR,France,services,84.52810047
2006-06-01,FR,France,services,84.73405972
2006-07-01,FR,France,services,85.59424248
2006-08-01,FR,France,services,85.71539499
2006-09-01,FR,France,services,85.19443923
2006-10-01,FR,France,services,85.30347648
2006-11-01,FR,France,services,85.35193748
2006-12-01,FR,France,services,85.77597124
2007-01-01,FR,France,services,86.03039149
2007-02-01,FR,France,services,86.39384900
2007-03-01,FR,France,services,86.35750325
2007-04-01,FR,France,services,86.69673025
2007-05-01,FR,France,services,86.86634375
2007-06-01,FR,France,services,86.99961151
2007-07-01,FR,France,services,87.75075702
2007-08-01,FR,France,services,87.95671627
2007-09-01,FR,France,services,87.45999101
2007-10-01,FR,France,services,87.53268251
2007-11-01,FR,France,services,87.56902826
2007-12-01,FR,France,services,87.96883152
2008-01-01,FR,France,services,88.17479077
2008-02-01,FR,France,services,88.52613303
2008-03-01,FR,France,services,88.71997703
2008-04-01,FR,France,services,89.02285828
2008-05-01,FR,France,services,89.16824129
2008-06-01,FR,France,services,89.28939379
2008-07-01,FR,France,services,90.04053930
2008-08-01,FR,France,services,90.28284430
2008-09-01,FR,France,services,89.55592929
2008-10-01,FR,France,services,89.79823430
2008-11-01,FR,France,services,89.73765804
2008-12-01,FR,France,services,90.11323080
2009-01-01,FR,France,services,90.42822730
2009-02-01,FR,France,services,90.92495256
2009-03-01,FR,France,services,90.90072206
2009-04-01,FR,France,services,91.20360332
2009-05-01,FR,France,services,91.43379307
2009-06-01,FR,France,services,91.55494557
2009-07-01,FR,France,services,92.18493858
2009-08-01,FR,France,services,92.31820633
2009-09-01,FR,France,services,91.56706082
2009-10-01,FR,France,services,91.65186757
2009-11-01,FR,France,services,91.50648457
2009-12-01,FR,France,services,91.97897933
2010-01-01,FR,France,services,92.07590133
2010-02-01,FR,France,services,92.53628083
2010-03-01,FR,France,services,92.59685709
2010-04-01,FR,France,services,92.68166384
2010-05-01,FR,France,services,92.77858584
2010-06-01,FR,France,services,92.97242984
2010-07-01,FR,France,services,93.66299910
2010-08-01,FR,France,services,93.83261260
2010-09-01,FR,France,services,93.09358234
2010-10-01,FR,France,services,93.19050434
2010-11-01,FR,France,services,93.04512134
2010-12-01,FR,France,services,93.46915510
2011-01-01,FR,France,services,93.29954160
2011-02-01,FR,France,services,94.03857186
2011-03-01,FR,France,services,94.23241586
2011-04-01,FR,France,services,94.30510736
2011-05-01,FR,France,services,94.41414461
2011-06-01,FR,France,services,94.58375811
2011-07-01,FR,France,services,95.41971038
2011-08-01,FR,France,services,95.52874763
2011-09-01,FR,France,services,94.40202936
2011-10-01,FR,France,services,94.40202936
2011-11-01,FR,France,services,94.59587336
2011-12-01,FR,France,services,95.14105962
2012-01-01,FR,France,services,95.09259862
2012-02-01,FR,France,services,95.57720863
2012-03-01,FR,France,services,95.73470688
2012-04-01,FR,France,services,95.91643563
2012-05-01,FR,France,services,95.92855088
2012-06-01,FR,France,services,96.26777789
2012-07-01,FR,France,services,97.30968940
2012-08-01,FR,France,services,97.47930291
2012-09-01,FR,France,services,95.81951363
2012-10-01,FR,France,services,95.74682213
2012-11-01,FR,France,services,95.45605613
2012-12-01,FR,France,services,96.20720164
2013-01-01,FR,France,services,96.09816439
2013-02-01,FR,France,services,96.32835414
2013-03-01,FR,France,services,96.64335064
2013-04-01,FR,France,services,96.43739139
2013-05-01,FR,France,services,96.75238790
2013-06-01,FR,France,services,96.99469290
2013-07-01,FR,France,services,98.21833317
2013-08-01,FR,France,services,98.40006192
2013-09-01,FR,France,services,97.10373015
2013-10-01,FR,France,services,97.09161490
2013-11-01,FR,France,services,96.94623190
2013-12-01,FR,France,services,97.56410966
2014-01-01,FR,France,services,97.75795366
2014-02-01,FR,France,services,98.21833317
2014-03-01,FR,France,services,98.50909917
2014-04-01,FR,France,services,98.48486867
2014-05-01,FR,France,services,98.59390592
2014-06-01,FR,France,services,98.86044143
2014-07-01,FR,France,services,100.07196644
2014-08-01,FR,France,services,100.35061720
2014-09-01,FR,France,services,98.58179067
2014-10-01,FR,France,services,98.55756017
2014-11-01,FR,France,services,98.41217717
2014-12-01,FR,France,services,99.07851593
2015-01-01,FR,France,services,98.96947868
2015-02-01,FR,France,services,99.44197343
2015-03-01,FR,France,services,99.46620393
2015-04-01,FR,France,services,99.61158694
2015-05-01,FR,France,services,99.79331569
2015-06-01,FR,France,services,100.08408169
2015-07-01,FR,France,services,101.41675921
2015-08-01,FR,France,services,101.63483372
2015-09-01,FR,France,services,99.84177669
2015-10-01,FR,France,services,99.80543094
2015-11-01,FR,France,services,99.53889544
2015-12-01,FR,France,services,100.24157995
2016-01-01,FR,France,services,100.03562069
2016-02-01,FR,France,services,100.24157995
2016-03-01,FR,France,services,100.37484770
2016-04-01,FR,France,services,100.65349845
2016-05-01,FR,France,services,100.76253570
2016-06-01,FR,France,services,101.11387796
2016-07-01,FR,France,services,102.28905723
2016-08-01,FR,France,services,102.36174873
2016-09-01,FR,France,services,101.00484071
2016-10-01,FR,France,services,100.84734245
2016-11-01,FR,France,services,100.65349845
2016-12-01,FR,France,services,101.19868471
2017-01-01,FR,France,services,100.98061021
2017-02-01,FR,France,services,101.33195246
2017-03-01,FR,France,services,101.47733546
2017-04-01,FR,France,services,101.67117947
2017-05-01,FR,France,services,101.65906422
2017-06-01,FR,France,services,101.93771497
2017-07-01,FR,France,services,103.17347049
2017-08-01,FR,France,services,103.48846699
2017-09-01,FR,France,services,101.98617597
2017-10-01,FR,France,services,101.76810147
2017-11-01,FR,France,services,101.58637272
2017-12-01,FR,France,services,102.13155897
2018-01-01,FR,France,services,102.28905723
2018-02-01,FR,France,services,102.44655548
2018-03-01,FR,France,services,102.99174174
2018-04-01,FR,France,services,103.17347049
2018-05-01,FR,France,services,103.33096874
2018-06-01,FR,France,services,103.25827724
2018-07-01,FR,France,services,104.65153101
2018-08-01,FR,France,services,104.99075801
2018-09-01,FR,France,services,103.13712474
2018-10-01,FR,France,services,103.06443324
2018-11-01,FR,France,services,102.73732148
2018-12-01,FR,France,services,103.23404674
2019-01-01,FR,France,services,103.34308399
2019-02-01,FR,France,services,103.45212124
2019-03-01,FR,France,services,103.63385000
2019-04-01,FR,France,services,104.22749725
2019-05-01,FR,France,services,103.96096175
2019-06-01,FR,France,services,104.60307001
2019-07-01,FR,France,services,105.89940178
2019-08-01,FR,France,services,106.38401178
2019-09-01,FR,France,services,104.68787676
2019-10-01,FR,France,services,104.51826326
2019-11-01,FR,France,services,104.27595825
2019-12-01,FR,France,services,104.86960551
2020-01-01,FR,France,services,104.76056826
2020-02-01,FR,France,services,105.00287326
2020-03-01,FR,France,services,104.77268351
2020-04-01,FR,France,services,104.78479876
2020-05-01,FR,France,services,105.32998502
2020-06-01,FR,France,services,105.72978828
2020-07-01,FR,France,services,106.88073704
2020-08-01,FR,France,services,107.24419455
2020-09-01,FR,France,services,105.26940877
2020-10-01,FR,France,services,104.86960551
2020-11-01,FR,France,services,104.97864276
2020-12-01,FR,France,services,105.62075102
2021-01-01,FR,France,services,105.92363228
2021-02-01,FR,France,services,106.10536103
2021-03-01,FR,France,services,106.20228303
2021-04-01,FR,France,services,106.49304904
2021-05-01,FR,France,services,106.85650654
2021-06-01,FR,France,services,107.02612004
2021-07-01,FR,France,services,107.88630281
2021-08-01,FR,France,services,108.35879756
2021-09-01,FR,France,services,107.30477080
2021-10-01,FR,France,services,107.20784880
2021-11-01,FR,France,services,107.45015380
2021-12-01,FR,France,services,107.89841806
2022-01-01,FR,France,services,108.00745531
2022-02-01,FR,France,services,108.60110257
2022-03-01,FR,France,services,108.85552282
2022-04-01,FR,France,services,109.76416658
2022-05-01,FR,France,services,110.28512234
2022-06-01,FR,France,services,110.63646460
2022-07-01,FR,France,services,112.49009787
2022-08-01,FR,France,services,112.76874863
2022-09-01,FR,France,services,110.95146110
2022-10-01,FR,France,services,111.07261360
2022-11-01,FR,France,services,111.33914911
2022-12-01,FR,France,services,111.77529811
2023-01-01,FR,France,services,111.84798961
2023-02-01,FR,France,services,112.93836213
2023-03-01,FR,France,services,113.16855188
2023-04-01,FR,France,services,114.44065315
2023-05-01,FR,France,services,114.74353441
2023-06-01,FR,France,services,115.07064616
2023-07-01,FR,France,services,117.10600819
2023-08-01,FR,France,services,117.25139119
2023-09-01,FR,France,services,115.01006991
2023-10-01,FR,France,services,115.45833417
2023-11-01,FR,France,services,114.90103266
2023-12-01,FR,France,services,115.71275442
2024-01-01,FR,France,services,115.72486967
2024-02-01,FR,France,services,116.80312693
2024-03-01,FR,France,services,116.75466593
2024-04-01,FR,France,services,118.25695696
2024-05-01,FR,France,services,118.43868571
2024-06-01,FR,France,services,119.00810247
2024-07-01,FR,France,services,120.72846799
2024-08-01,FR,France,services,121.44326775
2024-09-01,FR,France,services,118.52349246
2024-10-01,FR,France,services,118.82637371
2024-11-01,FR,France,services,118.45080096
2024-12-01,FR,France,services,119.10502447
2025-01-01,FR,France,services,118.74156696
2025-02-01,FR,France,services,119.67444123
2025-03-01,FR,France,services,119.67444123
2025-04-01,FR,France,services,121.23730850
2025-05-01,FR,France,services,120.83750524
2025-06-01,FR,France,services,121.73403376
2025-07-01,FR,France,services,123.57555178
2025-08-01,FR,France,services,123.85420254
2025-09-01,FR,France,services,121.12827125
2025-10-01,FR,France,services,121.38269150
2025-11-01,FR,France,services,120.68000699
2025-12-01,FR,France,services,121.31000000
2026-01-01,FR,France,services,121.06769500
2026-02-01,FR,France,services,121.80672526
2026-03-01,FR,France,services,122.02479976
2026-04-01,FR,France,services,123.72093478
2026-05-01,FR,France,services,123.68458903
2026-06-01,FR,France,services,124.22977529
1996-01-01,IT,Italy,headline,67.48328358
1996-02-01,IT,Italy,headline,67.73184080
1996-03-01,IT,Italy,headline,67.98039801
1996-04-01,IT,Italy,headline,68.22895522
1996-05-01,IT,Italy,headline,68.47751244
1996-06-01,IT,Italy,headline,68.72606965
1996-07-01,IT,Italy,headline,68.60179104
1996-08-01,IT,Italy,headline,68.72606965
1996-09-01,IT,Italy,headline,68.72606965
1996-10-01,IT,Italy,headline,68.85034826
1996-11-01,IT,Italy,headline,69.09890547
1996-12-01,IT,Italy,headline,69.09890547
1997-01-01,IT,Italy,headline,69.34746269
1997-02-01,IT,Italy,headline,69.34746269
1997-03-01,IT,Italy,headline,69.47174129
1997-04-01,IT,Italy,headline,69.59601990
1997-05-01,IT,Italy,headline,69.72029851
1997-06-01,IT,Italy,headline,69.72029851
1997-07-01,IT,Italy,headline,69.72029851
1997-08-01,IT,Italy,headline,69.72029851
1997-09-01,IT,Italy,headline,69.84457711
1997-10-01,IT,Italy,headline,70.09313433
1997-11-01,IT,Italy,headline,70.34169154
1997-12-01,IT,Italy,headline,70.34169154
1998-01-01,IT,Italy,headline,70.59024876
1998-02-01,IT,Italy,headline,70.83880597
1998-03-01,IT,Italy,headline,70.96308458
1998-04-01,IT,Italy,headline,71.08736318
1998-05-01,IT,Italy,headline,71.08736318
1998-06-01,IT,Italy,headline,71.21164179
1998-07-01,IT,Italy,headline,71.21164179
1998-08-01,IT,Italy,headline,71.33592040
1998-09-01,IT,Italy,headline,71.33592040
1998-10-01,IT,Italy,headline,71.46019900
1998-11-01,IT,Italy,headline,71.46019900
1998-12-01,IT,Italy,headline,71.58447761
1999-01-01,IT,Italy,headline,71.58447761
1999-02-01,IT,Italy,headline,71.70875622
1999-03-01,IT,Italy,headline,71.83303483
1999-04-01,IT,Italy,headline,72.08159204
1999-05-01,IT,Italy,headline,72.20587065
1999-06-01,IT,Italy,headline,72.20587065
1999-07-01,IT,Italy,headline,72.45442786
1999-08-01,IT,Italy,headline,72.45442786
1999-09-01,IT,Italy,headline,72.70298507
1999-10-01,IT,Italy,headline,72.82726368
1999-11-01,IT,Italy,headline,72.95154229
1999-12-01,IT,Italy,headline,73.07582090
2000-01-01,IT,Italy,headline,73.20009950
2000-02-01,IT,Italy,headline,73.44865672
2000-03-01,IT,Italy,headline,73.69721393
2000-04-01,IT,Italy,headline,73.69721393
2000-05-01,IT,Italy,headline,74.07004975
2000-06-01,IT,Italy,headline,74.19432836
2000-07-01,IT,Italy,headline,74.31860697
2000-08-01,IT,Italy,headline,74.31860697
2000-09-01,IT,Italy,headline,74.56716418
2000-10-01,IT,Italy,headline,74.81572139
2000-11-01,IT,Italy,headline,75.06427861
2000-12-01,IT,Italy,headline,75.06427861
2001-01-01,IT,Italy,headline,74.94000000
2001-02-01,IT,Italy,headline,74.56716418
2001-03-01,IT,Italy,headline,75.31283582
2001-04-01,IT,Italy,headline,75.80995025
2001-05-01,IT,Italy,headline,76.18278607
2001-06-01,IT,Italy,headline,76.30706468
2001-07-01,IT,Italy,headline,76.18278607
2001-08-01,IT,Italy,headline,75.80995025
2001-09-01,IT,Italy,headline,76.18278607
2001-10-01,IT,Italy,headline,76.55562189
2001-11-01,IT,Italy,headline,76.67990050
2001-12-01,IT,Italy,headline,76.80417910
2002-01-01,IT,Italy,headline,76.67990050
2002-02-01,IT,Italy,headline,76.55562189
2002-03-01,IT,Italy,headline,77.17701493
2002-04-01,IT,Italy,headline,77.79840796
2002-05-01,IT,Italy,headline,78.04696517
2002-06-01,IT,Italy,headline,78.04696517
2002-07-01,IT,Italy,headline,78.04696517
2002-08-01,IT,Italy,headline,77.79840796
2002-09-01,IT,Italy,headline,78.29552239
2002-10-01,IT,Italy,headline,78.66835821
2002-11-01,IT,Italy,headline,78.91691542
2002-12-01,IT,Italy,headline,79.04119403
2003-01-01,IT,Italy,headline,78.91691542
2003-02-01,IT,Italy,headline,78.54407960
2003-03-01,IT,Italy,headline,79.53830846
2003-04-01,IT,Italy,headline,80.15970149
2003-05-01,IT,Italy,headline,80.28398010
2003-06-01,IT,Italy,headline,80.28398010
2003-07-01,IT,Italy,headline,80.28398010
2003-08-01,IT,Italy,headline,79.91114428
2003-09-01,IT,Italy,headline,80.53253731
2003-10-01,IT,Italy,headline,80.90537313
2003-11-01,IT,Italy,headline,81.02965174
2003-12-01,IT,Italy,headline,81.02965174
2004-01-01,IT,Italy,headline,80.53253731
2004-02-01,IT,Italy,headline,80.40825871
2004-03-01,IT,Italy,headline,81.40248756
2004-04-01,IT,Italy,headline,81.89960199
2004-05-01,IT,Italy,headline,82.14815920
2004-06-01,IT,Italy,headline,82.27243781
2004-07-01,IT,Italy,headline,82.02388060
2004-08-01,IT,Italy,headline,81.89960199
2004-09-01,IT,Italy,headline,82.27243781
2004-10-01,IT,Italy,headline,82.52099502
2004-11-01,IT,Italy,headline,82.76955224
2004-12-01,IT,Italy,headline,83.01810945
2005-01-01,IT,Italy,headline,82.14815920
2005-02-01,IT,Italy,headline,82.14815920
2005-03-01,IT,Italy,headline,83.01810945
2005-04-01,IT,Italy,headline,83.76378109
2005-05-01,IT,Italy,headline,84.01233831
2005-06-01,IT,Italy,headline,84.01233831
2005-07-01,IT,Italy,headline,83.76378109
2005-08-01,IT,Italy,headline,83.63950249
2005-09-01,IT,Italy,headline,84.13661692
2005-10-01,IT,Italy,headline,84.75800995
2005-11-01,IT,Italy,headline,84.75800995
2005-12-01,IT,Italy,headline,84.75800995
2006-01-01,IT,Italy,headline,84.01233831
2006-02-01,IT,Italy,headline,83.88805970
2006-03-01,IT,Italy,headline,84.88228856
2006-04-01,IT,Italy,headline,85.62796020
2006-05-01,IT,Italy,headline,85.87651741
2006-06-01,IT,Italy,headline,86.00079602
2006-07-01,IT,Italy,headline,85.75223881
2006-08-01,IT,Italy,headline,85.62796020
2006-09-01,IT,Italy,headline,86.12507463
2006-10-01,IT,Italy,headline,86.37363184
2006-11-01,IT,Italy,headline,86.37363184
2006-12-01,IT,Italy,headline,86.49791045
2007-01-01,IT,Italy,headline,85.62796020
2007-02-01,IT,Italy,headline,85.62796020
2007-03-01,IT,Italy,headline,86.62218905
2007-04-01,IT,Italy,headline,87.11930348
2007-05-01,IT,Italy,headline,87.49213930
2007-06-01,IT,Italy,headline,87.74069652
2007-07-01,IT,Italy,headline,87.11930348
2007-08-01,IT,Italy,headline,86.99502488
2007-09-01,IT,Italy,headline,87.61641791
2007-10-01,IT,Italy,headline,88.36208955
2007-11-01,IT,Italy,headline,88.61064677
2007-12-01,IT,Italy,headline,88.98348259
2008-01-01,IT,Italy,headline,88.23781095
2008-02-01,IT,Italy,headline,88.36208955
2008-03-01,IT,Italy,headline,89.72915423
2008-04-01,IT,Italy,headline,90.22626866
2008-05-01,IT,Italy,headline,90.72338308
2008-06-01,IT,Italy,headline,91.22049751
2008-07-01,IT,Italy,headline,90.72338308
2008-08-01,IT,Italy,headline,90.72338308
2008-09-01,IT,Italy,headline,91.09621891
2008-10-01,IT,Italy,headline,91.46905473
2008-11-01,IT,Italy,headline,91.09621891
2008-12-01,IT,Italy,headline,91.09621891
2009-01-01,IT,Italy,headline,89.48059701
2009-02-01,IT,Italy,headline,89.60487562
2009-03-01,IT,Italy,headline,90.72338308
2009-04-01,IT,Italy,headline,91.34477612
2009-05-01,IT,Italy,headline,91.59333333
2009-06-01,IT,Italy,headline,91.71761194
2009-07-01,IT,Italy,headline,90.59910448
2009-08-01,IT,Italy,headline,90.72338308
2009-09-01,IT,Italy,headline,91.46905473
2009-10-01,IT,Italy,headline,91.84189055
2009-11-01,IT,Italy,headline,91.84189055
2009-12-01,IT,Italy,headline,92.09044776
2010-01-01,IT,Italy,headline,90.72338308
2010-02-01,IT,Italy,headline,90.59910448
2010-03-01,IT,Italy,headline,91.96616915
2010-04-01,IT,Italy,headline,92.83611940
2010-05-01,IT,Italy,headline,92.96039801
2010-06-01,IT,Italy,headline,92.96039801
2010-07-01,IT,Italy,headline,92.21472637
2010-08-01,IT,Italy,headline,92.33900498
2010-09-01,IT,Italy,headline,92.96039801
2010-10-01,IT,Italy,headline,93.58179104
2010-11-01,IT,Italy,headline,93.58179104
2010-12-01,IT,Italy,headline,93.95462687
2011-01-01,IT,Italy,headline,92.46328358
2011-02-01,IT,Italy,headline,92.58756219
2011-03-01,IT,Italy,headline,94.57601990
2011-04-01,IT,Italy,headline,95.57024876
2011-05-01,IT,Italy,headline,95.69452736
2011-06-01,IT,Italy,headline,95.81880597
2011-07-01,IT,Italy,headline,94.07890547
2011-08-01,IT,Italy,headline,94.45174129
2011-09-01,IT,Italy,headline,96.31592040
2011-10-01,IT,Italy,headline,97.06159204
2011-11-01,IT,Italy,headline,97.06159204
2011-12-01,IT,Italy,headline,97.43442786
2012-01-01,IT,Italy,headline,95.69452736
2012-02-01,IT,Italy,headline,95.81880597
2012-03-01,IT,Italy,headline,98.18009950
2012-04-01,IT,Italy,headline,99.05004975
2012-05-01,IT,Italy,headline,99.05004975
2012-06-01,IT,Italy,headline,99.29860697
2012-07-01,IT,Italy,headline,97.55870647
2012-08-01,IT,Italy,headline,97.55870647
2012-09-01,IT,Italy,headline,99.54716418
2012-10-01,IT,Italy,headline,99.79572139
2012-11-01,IT,Italy,headline,99.54716418
2012-12-01,IT,Italy,headline,99.92000000
2013-01-01,IT,Italy,headline,97.93154229
2013-02-01,IT,Italy,headline,97.68298507
2013-03-01,IT,Italy,headline,99.92000000
2013-04-01,IT,Italy,headline,100.29283582
2013-05-01,IT,Italy,headline,100.29283582
2013-06-01,IT,Italy,headline,100.54139303
2013-07-01,IT,Italy,headline,98.67721393
2013-08-01,IT,Italy,headline,98.67721393
2013-09-01,IT,Italy,headline,100.54139303
2013-10-01,IT,Italy,headline,100.54139303
2013-11-01,IT,Italy,headline,100.16855721
2013-12-01,IT,Italy,headline,100.54139303
2014-01-01,IT,Italy,headline,98.42865672
2014-02-01,IT,Italy,headline,98.05582090
2014-03-01,IT,Italy,headline,100.29283582
2014-04-01,IT,Italy,headline,100.78995025
2014-05-01,IT,Italy,headline,100.66567164
2014-06-01,IT,Italy,headline,100.78995025
2014-07-01,IT,Italy,headline,98.67721393
2014-08-01,IT,Italy,headline,98.55293532
2014-09-01,IT,Italy,headline,100.41711443
2014-10-01,IT,Italy,headline,100.66567164
2014-11-01,IT,Italy,headline,100.41711443
2014-12-01,IT,Italy,headline,100.41711443
2015-01-01,IT,Italy,headline,98.05582090
2015-02-01,IT,Italy,headline,98.18009950
2015-03-01,IT,Italy,headline,100.29283582
2015-04-01,IT,Italy,headline,100.78995025
2015-05-01,IT,Italy,headline,100.91422886
2015-06-01,IT,Italy,headline,101.03850746
2015-07-01,IT,Italy,headline,99.05004975
2015-08-01,IT,Italy,headline,98.92577114
2015-09-01,IT,Italy,headline,100.54139303
2015-10-01,IT,Italy,headline,101.03850746
2015-11-01,IT,Italy,headline,100.66567164
2015-12-01,IT,Italy,headline,100.54139303
2016-01-01,IT,Italy,headline,98.42865672
2016-02-01,IT,Italy,headline,97.93154229
2016-03-01,IT,Italy,headline,100.04427861
2016-04-01,IT,Italy,headline,100.29283582
2016-05-01,IT,Italy,headline,100.54139303
2016-06-01,IT,Italy,headline,100.78995025
2016-07-01,IT,Italy,headline,98.92577114
2016-08-01,IT,Italy,headline,98.80149254
2016-09-01,IT,Italy,headline,100.66567164
2016-10-01,IT,Italy,headline,100.91422886
2016-11-01,IT,Italy,headline,100.78995025
2016-12-01,IT,Italy,headline,101.16278607
2017-01-01,IT,Italy,headline,99.42288557
2017-02-01,IT,Italy,headline,99.54716418
2017-03-01,IT,Italy,headline,101.53562189
2017-04-01,IT,Italy,headline,102.28129353
2017-05-01,IT,Italy,headline,102.15701493
2017-06-01,IT,Italy,headline,102.03273632
2017-07-01,IT,Italy,headline,100.04427861
2017-08-01,IT,Italy,headline,100.16855721
2017-09-01,IT,Italy,headline,102.03273632
2017-10-01,IT,Italy,headline,102.03273632
2017-11-01,IT,Italy,headline,101.78417910
2017-12-01,IT,Italy,headline,102.15701493
2018-01-01,IT,Italy,headline,100.54139303
2018-02-01,IT,Italy,headline,100.16855721
2018-03-01,IT,Italy,headline,102.40557214
2018-04-01,IT,Italy,headline,102.90268657
2018-05-01,IT,Italy,headline,103.15124378
2018-06-01,IT,Italy,headline,103.39980100
2018-07-01,IT,Italy,headline,102.03273632
2018-08-01,IT,Italy,headline,101.78417910
2018-09-01,IT,Italy,headline,103.52407960
2018-10-01,IT,Italy,headline,103.64835821
2018-11-01,IT,Italy,headline,103.39980100
2018-12-01,IT,Italy,headline,103.27552239
2019-01-01,IT,Italy,headline,101.53562189
2019-02-01,IT,Italy,headline,101.28706468
2019-03-01,IT,Italy,headline,103.52407960
2019-04-01,IT,Italy,headline,104.02119403
2019-05-01,IT,Italy,headline,104.14547264
2019-06-01,IT,Italy,headline,104.14547264
2019-07-01,IT,Italy,headline,102.28129353
2019-08-01,IT,Italy,headline,102.28129353
2019-09-01,IT,Italy,headline,103.77263682
2019-10-01,IT,Italy,headline,103.89691542
2019-11-01,IT,Italy,headline,103.64835821
2019-12-01,IT,Italy,headline,103.77263682
2020-01-01,IT,Italy,headline,101.90845771
2020-02-01,IT,Italy,headline,101.41134328
2020-03-01,IT,Italy,headline,103.64835821
2020-04-01,IT,Italy,headline,104.14547264
2020-05-01,IT,Italy,headline,103.77263682
2020-06-01,IT,Italy,headline,103.77263682
2020-07-01,IT,Italy,headline,103.02696517
2020-08-01,IT,Italy,headline,101.78417910
2020-09-01,IT,Italy,headline,102.65412935
2020-10-01,IT,Italy,headline,103.27552239
2020-11-01,IT,Italy,headline,103.27552239
2020-12-01,IT,Italy,headline,103.52407960
2021-01-01,IT,Italy,headline,102.65412935
2021-02-01,IT,Italy,headline,102.40557214
2021-03-01,IT,Italy,headline,104.14547264
2021-04-01,IT,Italy,headline,105.01542289
2021-05-01,IT,Italy,headline,105.01542289
2021-06-01,IT,Italy,headline,105.13970149
2021-07-01,IT,Italy,headline,104.14547264
2021-08-01,IT,Italy,headline,104.26975124
2021-09-01,IT,Italy,headline,105.63681592
2021-10-01,IT,Italy,headline,106.63104478
2021-11-01,IT,Italy,headline,107.37671642
2021-12-01,IT,Italy,headline,107.87383085
2022-01-01,IT,Italy,headline,107.74955224
2022-02-01,IT,Italy,headline,108.74378109
2022-03-01,IT,Italy,headline,111.35363184
2022-04-01,IT,Italy,headline,111.72646766
2022-05-01,IT,Italy,headline,112.72069652
2022-06-01,IT,Italy,headline,114.08776119
2022-07-01,IT,Italy,headline,112.84497512
2022-08-01,IT,Italy,headline,113.71492537
2022-09-01,IT,Italy,headline,115.70338308
2022-10-01,IT,Italy,headline,120.05313433
2022-11-01,IT,Italy,headline,120.79880597
2022-12-01,IT,Italy,headline,121.04736318
2023-01-01,IT,Italy,headline,119.30746269
2023-02-01,IT,Italy,headline,119.43174129
2023-03-01,IT,Italy,headline,120.30169154
2023-04-01,IT,Italy,headline,121.29592040
2023-05-01,IT,Italy,headline,121.79303483
2023-06-01,IT,Italy,headline,121.79303483
2023-07-01,IT,Italy,headline,119.92885572
2023-08-01,IT,Italy,headline,120.05313433
2023-09-01,IT,Italy,headline,122.16587065
2023-10-01,IT,Italy,headline,122.16587065
2023-11-01,IT,Italy,headline,121.54447761
2023-12-01,IT,Italy,headline,121.79303483
2024-01-01,IT,Italy,headline,120.42597015
2024-02-01,IT,Italy,headline,120.42597015
2024-03-01,IT,Italy,headline,121.79303483
2024-04-01,IT,Italy,headline,122.41442786
2024-05-01,IT,Italy,headline,122.66298507
2024-06-01,IT,Italy,headline,122.91154229
2024-07-01,IT,Italy,headline,121.79303483
2024-08-01,IT,Italy,headline,121.66875622
2024-09-01,IT,Italy,headline,123.03582090
2024-10-01,IT,Italy,headline,123.40865672
2024-11-01,IT,Italy,headline,123.28437811
2024-12-01,IT,Italy,headline,123.40865672
2025-01-01,IT,Italy,headline,122.41442786
2025-02-01,IT,Italy,headline,122.41442786
2025-03-01,IT,Italy,headline,124.40288557
2025-04-01,IT,Italy,headline,124.90000000
2025-05-01,IT,Italy,headline,124.77572139
2025-06-01,IT,Italy,headline,125.02427861
2025-07-01,IT,Italy,headline,123.90577114
2025-08-01,IT,Italy,headline,123.65721393
2025-09-01,IT,Italy,headline,125.14855721
2025-10-01,IT,Italy,headline,125.02427861
2025-11-01,IT,Italy,headline,124.65144279
2025-12-01,IT,Italy,headline,124.90000000
2026-01-01,IT,Italy,headline,123.65721393
2026-02-01,IT,Italy,headline,124.27860697
2026-03-01,IT,Italy,headline,126.39134328
2026-04-01,IT,Italy,headline,128.37980100
2026-05-01,IT,Italy,headline,128.75263682
2026-06-01,IT,Italy,headline,128.75263682
1999-12-01,IT,Italy,core,75.45133531
2000-01-01,IT,Italy,core,75.56795252
2000-02-01,IT,Italy,core,75.80118694
2000-03-01,IT,Italy,core,75.91780415
2000-04-01,IT,Italy,core,76.03442136
2000-05-01,IT,Italy,core,76.15103858
2000-06-01,IT,Italy,core,76.26765579
2000-07-01,IT,Italy,core,76.38427300
2000-08-01,IT,Italy,core,76.50089021
2000-09-01,IT,Italy,core,76.50089021
2000-10-01,IT,Italy,core,76.73412463
2000-11-01,IT,Italy,core,76.96735905
2000-12-01,IT,Italy,core,77.08397626
2001-01-01,IT,Italy,core,76.85074184
2001-02-01,IT,Italy,core,76.26765579
2001-03-01,IT,Italy,core,77.20059347
2001-04-01,IT,Italy,core,77.78367953
2001-05-01,IT,Italy,core,78.01691395
2001-06-01,IT,Italy,core,78.13353116
2001-07-01,IT,Italy,core,78.13353116
2001-08-01,IT,Italy,core,77.78367953
2001-09-01,IT,Italy,core,78.13353116
2001-10-01,IT,Italy,core,78.71661721
2001-11-01,IT,Italy,core,78.83323442
2001-12-01,IT,Italy,core,78.94985163
2002-01-01,IT,Italy,core,78.83323442
2002-02-01,IT,Italy,core,78.48338279
2002-03-01,IT,Italy,core,79.41632047
2002-04-01,IT,Italy,core,79.99940653
2002-05-01,IT,Italy,core,80.23264095
2002-06-01,IT,Italy,core,80.34925816
2002-07-01,IT,Italy,core,80.34925816
2002-08-01,IT,Italy,core,79.99940653
2002-09-01,IT,Italy,core,80.69910979
2002-10-01,IT,Italy,core,81.04896142
2002-11-01,IT,Italy,core,81.39881306
2002-12-01,IT,Italy,core,81.39881306
2003-01-01,IT,Italy,core,80.93234421
2003-02-01,IT,Italy,core,80.34925816
2003-03-01,IT,Italy,core,81.63204748
2003-04-01,IT,Italy,core,82.21513353
2003-05-01,IT,Italy,core,82.44836795
2003-06-01,IT,Italy,core,82.56498516
2003-07-01,IT,Italy,core,82.33175074
2003-08-01,IT,Italy,core,81.98189911
2003-09-01,IT,Italy,core,82.56498516
2003-10-01,IT,Italy,core,83.03145401
2003-11-01,IT,Italy,core,83.26468843
2003-12-01,IT,Italy,core,83.26468843
2004-01-01,IT,Italy,core,82.44836795
2004-02-01,IT,Italy,core,82.21513353
2004-03-01,IT,Italy,core,83.26468843
2004-04-01,IT,Italy,core,83.96439169
2004-05-01,IT,Italy,core,84.19762611
2004-06-01,IT,Italy,core,84.31424332
2004-07-01,IT,Italy,core,84.08100890
2004-08-01,IT,Italy,core,83.84777448
2004-09-01,IT,Italy,core,84.43086053
2004-10-01,IT,Italy,core,84.78071217
2004-11-01,IT,Italy,core,85.01394659
2004-12-01,IT,Italy,core,85.13056380
2005-01-01,IT,Italy,core,84.08100890
2005-02-01,IT,Italy,core,83.73115727
2005-03-01,IT,Italy,core,85.01394659
2005-04-01,IT,Italy,core,85.71364985
2005-05-01,IT,Italy,core,86.06350148
2005-06-01,IT,Italy,core,86.06350148
2005-07-01,IT,Italy,core,85.59703264
2005-08-01,IT,Italy,core,85.36379822
2005-09-01,IT,Italy,core,85.94688427
2005-10-01,IT,Italy,core,86.41335312
2005-11-01,IT,Italy,core,86.52997033
2005-12-01,IT,Italy,core,86.64658754
2006-01-01,IT,Italy,core,85.48041543
2006-02-01,IT,Italy,core,85.01394659
2006-03-01,IT,Italy,core,86.41335312
2006-04-01,IT,Italy,core,87.22967359
2006-05-01,IT,Italy,core,87.46290801
2006-06-01,IT,Italy,core,87.46290801
2006-07-01,IT,Italy,core,86.87982196
2006-08-01,IT,Italy,core,86.52997033
2006-09-01,IT,Italy,core,87.46290801
2006-10-01,IT,Italy,core,87.81275964
2006-11-01,IT,Italy,core,88.04599407
2006-12-01,IT,Italy,core,88.04599407
2007-01-01,IT,Italy,core,86.64658754
2007-02-01,IT,Italy,core,86.76320475
2007-03-01,IT,Italy,core,88.04599407
2007-04-01,IT,Italy,core,88.74569733
2007-05-01,IT,Italy,core,88.97893175
2007-06-01,IT,Italy,core,89.09554896
2007-07-01,IT,Italy,core,88.27922849
2007-08-01,IT,Italy,core,88.16261128
2007-09-01,IT,Italy,core,88.97893175
2007-10-01,IT,Italy,core,89.56201780
2007-11-01,IT,Italy,core,89.67863501
2007-12-01,IT,Italy,core,89.91186944
2008-01-01,IT,Italy,core,88.51246291
2008-02-01,IT,Italy,core,88.51246291
2008-03-01,IT,Italy,core,90.26172107
2008-04-01,IT,Italy,core,90.61157270
2008-05-01,IT,Italy,core,90.96142433
2008-06-01,IT,Italy,core,91.19465875
2008-07-01,IT,Italy,core,90.02848665
2008-08-01,IT,Italy,core,90.26172107
2008-09-01,IT,Italy,core,90.96142433
2008-10-01,IT,Italy,core,91.66112760
2008-11-01,IT,Italy,core,91.66112760
2008-12-01,IT,Italy,core,91.89436202
2009-01-01,IT,Italy,core,89.91186944
2009-02-01,IT,Italy,core,90.02848665
2009-03-01,IT,Italy,core,91.54451039
2009-04-01,IT,Italy,core,92.36083086
2009-05-01,IT,Italy,core,92.59406528
2009-06-01,IT,Italy,core,92.59406528
2009-07-01,IT,Italy,core,91.19465875
2009-08-01,IT,Italy,core,91.42789318
2009-09-01,IT,Italy,core,92.47744807
2009-10-01,IT,Italy,core,93.17715134
2009-11-01,IT,Italy,core,93.06053412
2009-12-01,IT,Italy,core,93.29376855
2010-01-01,IT,Italy,core,91.31127596
2010-02-01,IT,Italy,core,91.19465875
2010-03-01,IT,Italy,core,92.94391691
2010-04-01,IT,Italy,core,94.11008902
2010-05-01,IT,Italy,core,93.99347181
2010-06-01,IT,Italy,core,94.11008902
2010-07-01,IT,Italy,core,92.94391691
2010-08-01,IT,Italy,core,93.17715134
2010-09-01,IT,Italy,core,93.87685460
2010-10-01,IT,Italy,core,94.80979228
2010-11-01,IT,Italy,core,94.69317507
2010-12-01,IT,Italy,core,94.92640950
2011-01-01,IT,Italy,core,92.36083086
2011-02-01,IT,Italy,core,92.36083086
2011-03-01,IT,Italy,core,94.92640950
2011-04-01,IT,Italy,core,96.09258160
2011-05-01,IT,Italy,core,96.09258160
2011-06-01,IT,Italy,core,96.32581602
2011-07-01,IT,Italy,core,93.87685460
2011-08-01,IT,Italy,core,94.22670623
2011-09-01,IT,Italy,core,96.79228487
2011-10-01,IT,Italy,core,97.37537092
2011-11-01,IT,Italy,core,97.14213650
2011-12-01,IT,Italy,core,97.37537092
2012-01-01,IT,Italy,core,94.22670623
2012-02-01,IT,Italy,core,94.22670623
2012-03-01,IT,Italy,core,97.25875371
2012-04-01,IT,Italy,core,98.30830861
2012-05-01,IT,Italy,core,98.19169139
2012-06-01,IT,Italy,core,98.42492582
2012-07-01,IT,Italy,core,96.32581602
2012-08-01,IT,Italy,core,96.09258160
2012-09-01,IT,Italy,core,98.54154303
2012-10-01,IT,Italy,core,98.77477745
2012-11-01,IT,Italy,core,98.54154303
2012-12-01,IT,Italy,core,98.89139466
2013-01-01,IT,Italy,core,95.85934718
2013-02-01,IT,Italy,core,95.50949555
2013-03-01,IT,Italy,core,98.77477745
2013-04-01,IT,Italy,core,99.47448071
2013-05-01,IT,Italy,core,99.59109792
2013-06-01,IT,Italy,core,99.70771513
2013-07-01,IT,Italy,core,97.25875371
2013-08-01,IT,Italy,core,97.25875371
2013-09-01,IT,Italy,core,99.70771513
2013-10-01,IT,Italy,core,100.05756677
2013-11-01,IT,Italy,core,99.59109792
2013-12-01,IT,Italy,core,99.82433234
2014-01-01,IT,Italy,core,96.79228487
2014-02-01,IT,Italy,core,96.32581602
2014-03-01,IT,Italy,core,99.59109792
2014-04-01,IT,Italy,core,100.52403561
2014-05-01,IT,Italy,core,100.29080119
2014-06-01,IT,Italy,core,100.40741840
2014-07-01,IT,Italy,core,97.72522255
2014-08-01,IT,Italy,core,97.60860534
2014-09-01,IT,Italy,core,100.29080119
2014-10-01,IT,Italy,core,100.52403561
2014-11-01,IT,Italy,core,100.29080119
2014-12-01,IT,Italy,core,100.52403561
2015-01-01,IT,Italy,core,97.25875371
2015-02-01,IT,Italy,core,97.25875371
2015-03-01,IT,Italy,core,100.05756677
2015-04-01,IT,Italy,core,100.87388724
2015-05-01,IT,Italy,core,100.99050445
2015-06-01,IT,Italy,core,101.10712166
2015-07-01,IT,Italy,core,98.65816024
2015-08-01,IT,Italy,core,98.54154303
2015-09-01,IT,Italy,core,101.10712166
2015-10-01,IT,Italy,core,101.57359050
2015-11-01,IT,Italy,core,100.87388724
2015-12-01,IT,Italy,core,100.99050445
2016-01-01,IT,Italy,core,98.07507418
2016-02-01,IT,Italy,core,97.72522255
2016-03-01,IT,Italy,core,100.75727003
2016-04-01,IT,Italy,core,101.45697329
2016-05-01,IT,Italy,core,101.57359050
2016-06-01,IT,Italy,core,101.57359050
2016-07-01,IT,Italy,core,99.24124629
2016-08-01,IT,Italy,core,99.00801187
2016-09-01,IT,Italy,core,101.57359050
2016-10-01,IT,Italy,core,101.80682493
2016-11-01,IT,Italy,core,101.34035608
2016-12-01,IT,Italy,core,101.69020772
2017-01-01,IT,Italy,core,98.65816024
2017-02-01,IT,Italy,core,98.42492582
2017-03-01,IT,Italy,core,101.45697329
2017-04-01,IT,Italy,core,102.73976261
2017-05-01,IT,Italy,core,102.50652819
2017-06-01,IT,Italy,core,102.62314540
2017-07-01,IT,Italy,core,100.17418398
2017-08-01,IT,Italy,core,100.17418398
2017-09-01,IT,Italy,core,102.62314540
2017-10-01,IT,Italy,core,102.27329377
2017-11-01,IT,Italy,core,101.80682493
2017-12-01,IT,Italy,core,102.15667656
2018-01-01,IT,Italy,core,99.35786350
2018-02-01,IT,Italy,core,98.89139466
2018-03-01,IT,Italy,core,102.15667656
2018-04-01,IT,Italy,core,102.97299703
2018-05-01,IT,Italy,core,103.08961424
2018-06-01,IT,Italy,core,103.32284866
2018-07-01,IT,Italy,core,101.10712166
2018-08-01,IT,Italy,core,100.87388724
2018-09-01,IT,Italy,core,103.20623145
2018-10-01,IT,Italy,core,102.97299703
2018-11-01,IT,Italy,core,102.38991098
2018-12-01,IT,Italy,core,102.73976261
2019-01-01,IT,Italy,core,99.94094955
2019-02-01,IT,Italy,core,99.35786350
2019-03-01,IT,Italy,core,102.50652819
2019-04-01,IT,Italy,core,103.67270030
2019-05-01,IT,Italy,core,103.55608309
2019-06-01,IT,Italy,core,103.78931751
2019-07-01,IT,Italy,core,101.45697329
2019-08-01,IT,Italy,core,101.45697329
2019-09-01,IT,Italy,core,103.67270030
2019-10-01,IT,Italy,core,103.67270030
2019-11-01,IT,Italy,core,103.20623145
2019-12-01,IT,Italy,core,103.43946588
2020-01-01,IT,Italy,core,100.40741840
2020-02-01,IT,Italy,core,99.82433234
2020-03-01,IT,Italy,core,102.97299703
2020-04-01,IT,Italy,core,104.25578635
2020-05-01,IT,Italy,core,104.13916914
2020-06-01,IT,Italy,core,104.25578635
2020-07-01,IT,Italy,core,103.55608309
2020-08-01,IT,Italy,core,101.69020772
2020-09-01,IT,Italy,core,103.08961424
2020-10-01,IT,Italy,core,103.55608309
2020-11-01,IT,Italy,core,103.43946588
2020-12-01,IT,Italy,core,103.67270030
2021-01-01,IT,Italy,core,101.69020772
2021-02-01,IT,Italy,core,101.34035608
2021-03-01,IT,Italy,core,103.67270030
2021-04-01,IT,Italy,core,104.48902077
2021-05-01,IT,Italy,core,104.25578635
2021-06-01,IT,Italy,core,104.48902077
2021-07-01,IT,Italy,core,102.62314540
2021-08-01,IT,Italy,core,102.50652819
2021-09-01,IT,Italy,core,104.60563798
2021-10-01,IT,Italy,core,104.72225519
2021-11-01,IT,Italy,core,104.72225519
2021-12-01,IT,Italy,core,105.30534125
2022-01-01,IT,Italy,core,102.97299703
2022-02-01,IT,Italy,core,103.08961424
2022-03-01,IT,Italy,core,105.53857567
2022-04-01,IT,Italy,core,106.82136499
2022-05-01,IT,Italy,core,107.40445104
2022-06-01,IT,Italy,core,108.10415430
2022-07-01,IT,Italy,core,106.12166172
2022-08-01,IT,Italy,core,106.70474777
2022-09-01,IT,Italy,core,109.03709199
2022-10-01,IT,Italy,core,109.50356083
2022-11-01,IT,Italy,core,109.62017804
2022-12-01,IT,Italy,core,110.43649852
2023-01-01,IT,Italy,core,108.45400593
2023-02-01,IT,Italy,core,108.80385757
2023-03-01,IT,Italy,core,111.13620178
2023-04-01,IT,Italy,core,112.53560831
2023-05-01,IT,Italy,core,113.00207715
2023-06-01,IT,Italy,core,113.46854599
2023-07-01,IT,Italy,core,111.13620178
2023-08-01,IT,Italy,core,111.01958457
2023-09-01,IT,Italy,core,113.58516320
2023-10-01,IT,Italy,core,113.81839763
2023-11-01,IT,Italy,core,113.23531157
2023-12-01,IT,Italy,core,113.70178042
2024-01-01,IT,Italy,core,111.48605341
2024-02-01,IT,Italy,core,111.48605341
2024-03-01,IT,Italy,core,113.70178042
2024-04-01,IT,Italy,core,114.98456973
2024-05-01,IT,Italy,core,115.45103858
2024-06-01,IT,Italy,core,115.80089021
2024-07-01,IT,Italy,core,113.81839763
2024-08-01,IT,Italy,core,113.70178042
2024-09-01,IT,Italy,core,115.68427300
2024-10-01,IT,Italy,core,115.91750742
2024-11-01,IT,Italy,core,115.45103858
2024-12-01,IT,Italy,core,115.68427300
2025-01-01,IT,Italy,core,113.46854599
2025-02-01,IT,Italy,core,113.23531157
2025-03-01,IT,Italy,core,115.80089021
2025-04-01,IT,Italy,core,117.43353116
2025-05-01,IT,Italy,core,117.55014837
2025-06-01,IT,Italy,core,118.13323442
2025-07-01,IT,Italy,core,116.15074184
2025-08-01,IT,Italy,core,115.91750742
2025-09-01,IT,Italy,core,118.13323442
2025-10-01,IT,Italy,core,118.13323442
2025-11-01,IT,Italy,core,117.55014837
2025-12-01,IT,Italy,core,117.90000000
2026-01-01,IT,Italy,core,115.56765579
2026-02-01,IT,Italy,core,116.26735905
2026-03-01,IT,Italy,core,117.90000000
2026-04-01,IT,Italy,core,119.41602374
2026-05-01,IT,Italy,core,119.88249258
2026-06-01,IT,Italy,core,120.11572700
1999-12-01,IT,Italy,core_exvolatile,74.51199207
2000-01-01,IT,Italy,core_exvolatile,74.63102081
2000-02-01,IT,Italy,core_exvolatile,74.86907830
2000-03-01,IT,Italy,core_exvolatile,74.98810704
2000-04-01,IT,Italy,core_exvolatile,75.10713578
2000-05-01,IT,Italy,core_exvolatile,75.22616452
2000-06-01,IT,Italy,core_exvolatile,75.34519326
2000-07-01,IT,Italy,core_exvolatile,75.46422200
2000-08-01,IT,Italy,core_exvolatile,75.58325074
2000-09-01,IT,Italy,core_exvolatile,75.58325074
2000-10-01,IT,Italy,core_exvolatile,75.82130823
2000-11-01,IT,Italy,core_exvolatile,76.05936571
2000-12-01,IT,Italy,core_exvolatile,76.05936571
2001-01-01,IT,Italy,core_exvolatile,75.94033697
2001-02-01,IT,Italy,core_exvolatile,75.46422200
2001-03-01,IT,Italy,core_exvolatile,76.17839445
2001-04-01,IT,Italy,core_exvolatile,76.89256690
2001-05-01,IT,Italy,core_exvolatile,77.13062438
2001-06-01,IT,Italy,core_exvolatile,77.13062438
2001-07-01,IT,Italy,core_exvolatile,77.13062438
2001-08-01,IT,Italy,core_exvolatile,76.89256690
2001-09-01,IT,Italy,core_exvolatile,77.24965312
2001-10-01,IT,Italy,core_exvolatile,77.72576809
2001-11-01,IT,Italy,core_exvolatile,77.96382557
2001-12-01,IT,Italy,core_exvolatile,77.96382557
2002-01-01,IT,Italy,core_exvolatile,77.84479683
2002-02-01,IT,Italy,core_exvolatile,77.60673935
2002-03-01,IT,Italy,core_exvolatile,78.43994054
2002-04-01,IT,Italy,core_exvolatile,78.91605550
2002-05-01,IT,Italy,core_exvolatile,79.15411298
2002-06-01,IT,Italy,core_exvolatile,79.27314172
2002-07-01,IT,Italy,core_exvolatile,79.27314172
2002-08-01,IT,Italy,core_exvolatile,79.03508424
2002-09-01,IT,Italy,core_exvolatile,79.63022795
2002-10-01,IT,Italy,core_exvolatile,79.98731417
2002-11-01,IT,Italy,core_exvolatile,80.22537166
2002-12-01,IT,Italy,core_exvolatile,80.34440040
2003-01-01,IT,Italy,core_exvolatile,79.98731417
2003-02-01,IT,Italy,core_exvolatile,79.51119921
2003-03-01,IT,Italy,core_exvolatile,80.58245788
2003-04-01,IT,Italy,core_exvolatile,81.17760159
2003-05-01,IT,Italy,core_exvolatile,81.53468781
2003-06-01,IT,Italy,core_exvolatile,81.53468781
2003-07-01,IT,Italy,core_exvolatile,81.41565907
2003-08-01,IT,Italy,core_exvolatile,81.17760159
2003-09-01,IT,Italy,core_exvolatile,81.65371655
2003-10-01,IT,Italy,core_exvolatile,82.01080278
2003-11-01,IT,Italy,core_exvolatile,82.24886026
2003-12-01,IT,Italy,core_exvolatile,82.36788900
2004-01-01,IT,Italy,core_exvolatile,81.65371655
2004-02-01,IT,Italy,core_exvolatile,81.41565907
2004-03-01,IT,Italy,core_exvolatile,82.48691774
2004-04-01,IT,Italy,core_exvolatile,83.08206145
2004-05-01,IT,Italy,core_exvolatile,83.32011893
2004-06-01,IT,Italy,core_exvolatile,83.43914767
2004-07-01,IT,Italy,core_exvolatile,83.20109019
2004-08-01,IT,Italy,core_exvolatile,82.96303271
2004-09-01,IT,Italy,core_exvolatile,83.55817641
2004-10-01,IT,Italy,core_exvolatile,83.91526264
2004-11-01,IT,Italy,core_exvolatile,84.15332012
2004-12-01,IT,Italy,core_exvolatile,84.39137760
2005-01-01,IT,Italy,core_exvolatile,83.43914767
2005-02-01,IT,Italy,core_exvolatile,83.20109019
2005-03-01,IT,Italy,core_exvolatile,84.27234886
2005-04-01,IT,Italy,core_exvolatile,84.86749257
2005-05-01,IT,Italy,core_exvolatile,85.10555005
2005-06-01,IT,Italy,core_exvolatile,85.10555005
2005-07-01,IT,Italy,core_exvolatile,84.74846383
2005-08-01,IT,Italy,core_exvolatile,84.62943508
2005-09-01,IT,Italy,core_exvolatile,85.10555005
2005-10-01,IT,Italy,core_exvolatile,85.46263627
2005-11-01,IT,Italy,core_exvolatile,85.70069376
2005-12-01,IT,Italy,core_exvolatile,85.70069376
2006-01-01,IT,Italy,core_exvolatile,84.74846383
2006-02-01,IT,Italy,core_exvolatile,84.51040634
2006-03-01,IT,Italy,core_exvolatile,85.70069376
2006-04-01,IT,Italy,core_exvolatile,86.41486620
2006-05-01,IT,Italy,core_exvolatile,86.65292369
2006-06-01,IT,Italy,core_exvolatile,86.65292369
2006-07-01,IT,Italy,core_exvolatile,86.17680872
2006-08-01,IT,Italy,core_exvolatile,85.93875124
2006-09-01,IT,Italy,core_exvolatile,86.77195243
2006-10-01,IT,Italy,core_exvolatile,87.12903865
2006-11-01,IT,Italy,core_exvolatile,87.24806739
2006-12-01,IT,Italy,core_exvolatile,87.36709613
2007-01-01,IT,Italy,core_exvolatile,86.17680872
2007-02-01,IT,Italy,core_exvolatile,86.29583746
2007-03-01,IT,Italy,core_exvolatile,87.36709613
2007-04-01,IT,Italy,core_exvolatile,87.96223984
2007-05-01,IT,Italy,core_exvolatile,88.20029732
2007-06-01,IT,Italy,core_exvolatile,88.31932607
2007-07-01,IT,Italy,core_exvolatile,87.72418236
2007-08-01,IT,Italy,core_exvolatile,87.60515362
2007-09-01,IT,Italy,core_exvolatile,88.31932607
2007-10-01,IT,Italy,core_exvolatile,88.91446977
2007-11-01,IT,Italy,core_exvolatile,89.15252725
2007-12-01,IT,Italy,core_exvolatile,89.39058474
2008-01-01,IT,Italy,core_exvolatile,88.31932607
2008-02-01,IT,Italy,core_exvolatile,88.43835481
2008-03-01,IT,Italy,core_exvolatile,89.98572844
2008-04-01,IT,Italy,core_exvolatile,90.46184341
2008-05-01,IT,Italy,core_exvolatile,90.69990089
2008-06-01,IT,Italy,core_exvolatile,90.93795837
2008-07-01,IT,Italy,core_exvolatile,90.10475719
2008-08-01,IT,Italy,core_exvolatile,90.34281467
2008-09-01,IT,Italy,core_exvolatile,90.93795837
2008-10-01,IT,Italy,core_exvolatile,91.65213082
2008-11-01,IT,Italy,core_exvolatile,91.65213082
2008-12-01,IT,Italy,core_exvolatile,91.77115956
2009-01-01,IT,Italy,core_exvolatile,90.10475719
2009-02-01,IT,Italy,core_exvolatile,90.22378593
2009-03-01,IT,Italy,core_exvolatile,91.53310208
2009-04-01,IT,Italy,core_exvolatile,92.24727453
2009-05-01,IT,Italy,core_exvolatile,92.48533201
2009-06-01,IT,Italy,core_exvolatile,92.48533201
2009-07-01,IT,Italy,core_exvolatile,91.29504460
2009-08-01,IT,Italy,core_exvolatile,91.53310208
2009-09-01,IT,Italy,core_exvolatile,92.36630327
2009-10-01,IT,Italy,core_exvolatile,92.96144698
2009-11-01,IT,Italy,core_exvolatile,92.96144698
2009-12-01,IT,Italy,core_exvolatile,93.08047572
2010-01-01,IT,Italy,core_exvolatile,91.41407334
2010-02-01,IT,Italy,core_exvolatile,91.41407334
2010-03-01,IT,Italy,core_exvolatile,92.84241824
2010-04-01,IT,Italy,core_exvolatile,93.79464817
2010-05-01,IT,Italy,core_exvolatile,93.79464817
2010-06-01,IT,Italy,core_exvolatile,93.79464817
2010-07-01,IT,Italy,core_exvolatile,92.84241824
2010-08-01,IT,Italy,core_exvolatile,93.08047572
2010-09-01,IT,Italy,core_exvolatile,93.67561943
2010-10-01,IT,Italy,core_exvolatile,94.50882061
2010-11-01,IT,Italy,core_exvolatile,94.38979187
2010-12-01,IT,Italy,core_exvolatile,94.62784936
2011-01-01,IT,Italy,core_exvolatile,92.48533201
2011-02-01,IT,Italy,core_exvolatile,92.48533201
2011-03-01,IT,Italy,core_exvolatile,94.74687810
2011-04-01,IT,Italy,core_exvolatile,95.81813677
2011-05-01,IT,Italy,core_exvolatile,95.81813677
2011-06-01,IT,Italy,core_exvolatile,96.05619425
2011-07-01,IT,Italy,core_exvolatile,94.03270565
2011-08-01,IT,Italy,core_exvolatile,94.38979187
2011-09-01,IT,Italy,core_exvolatile,96.53230922
2011-10-01,IT,Italy,core_exvolatile,97.36551041
2011-11-01,IT,Italy,core_exvolatile,97.12745292
2011-12-01,IT,Italy,core_exvolatile,97.36551041
2012-01-01,IT,Italy,core_exvolatile,94.74687810
2012-02-01,IT,Italy,core_exvolatile,94.62784936
2012-03-01,IT,Italy,core_exvolatile,97.36551041
2012-04-01,IT,Italy,core_exvolatile,98.19871160
2012-05-01,IT,Italy,core_exvolatile,98.19871160
2012-06-01,IT,Italy,core_exvolatile,98.43676908
2012-07-01,IT,Italy,core_exvolatile,96.65133796
2012-08-01,IT,Italy,core_exvolatile,96.53230922
2012-09-01,IT,Italy,core_exvolatile,98.55579782
2012-10-01,IT,Italy,core_exvolatile,98.79385530
2012-11-01,IT,Italy,core_exvolatile,98.67482656
2012-12-01,IT,Italy,core_exvolatile,98.91288404
2013-01-01,IT,Italy,core_exvolatile,96.41328048
2013-02-01,IT,Italy,core_exvolatile,96.05619425
2013-03-01,IT,Italy,core_exvolatile,98.79385530
2013-04-01,IT,Italy,core_exvolatile,99.50802775
2013-05-01,IT,Italy,core_exvolatile,99.62705649
2013-06-01,IT,Italy,core_exvolatile,99.74608523
2013-07-01,IT,Italy,core_exvolatile,97.60356789
2013-08-01,IT,Italy,core_exvolatile,97.72259663
2013-09-01,IT,Italy,core_exvolatile,99.86511397
2013-10-01,IT,Italy,core_exvolatile,100.10317146
2013-11-01,IT,Italy,core_exvolatile,99.74608523
2013-12-01,IT,Italy,core_exvolatile,99.86511397
2014-01-01,IT,Italy,core_exvolatile,97.36551041
2014-02-01,IT,Italy,core_exvolatile,97.00842418
2014-03-01,IT,Italy,core_exvolatile,99.74608523
2014-04-01,IT,Italy,core_exvolatile,100.57928642
2014-05-01,IT,Italy,core_exvolatile,100.34122894
2014-06-01,IT,Italy,core_exvolatile,100.34122894
2014-07-01,IT,Italy,core_exvolatile,98.19871160
2014-08-01,IT,Italy,core_exvolatile,98.07968285
2014-09-01,IT,Italy,core_exvolatile,100.34122894
2014-10-01,IT,Italy,core_exvolatile,100.57928642
2014-11-01,IT,Italy,core_exvolatile,100.22220020
2014-12-01,IT,Italy,core_exvolatile,100.46025768
2015-01-01,IT,Italy,core_exvolatile,97.72259663
2015-02-01,IT,Italy,core_exvolatile,97.84162537
2015-03-01,IT,Italy,core_exvolatile,100.22220020
2015-04-01,IT,Italy,core_exvolatile,100.93637265
2015-05-01,IT,Italy,core_exvolatile,101.05540139
2015-06-01,IT,Italy,core_exvolatile,101.17443013
2015-07-01,IT,Italy,core_exvolatile,99.03191278
2015-08-01,IT,Italy,core_exvolatile,99.03191278
2015-09-01,IT,Italy,core_exvolatile,101.17443013
2015-10-01,IT,Italy,core_exvolatile,101.53151635
2015-11-01,IT,Italy,core_exvolatile,100.93637265
2015-12-01,IT,Italy,core_exvolatile,101.05540139
2016-01-01,IT,Italy,core_exvolatile,98.67482656
2016-02-01,IT,Italy,core_exvolatile,98.31774034
2016-03-01,IT,Italy,core_exvolatile,100.93637265
2016-04-01,IT,Italy,core_exvolatile,101.41248761
2016-05-01,IT,Italy,core_exvolatile,101.65054509
2016-06-01,IT,Italy,core_exvolatile,101.65054509
2016-07-01,IT,Italy,core_exvolatile,99.62705649
2016-08-01,IT,Italy,core_exvolatile,99.50802775
2016-09-01,IT,Italy,core_exvolatile,101.65054509
2016-10-01,IT,Italy,core_exvolatile,101.76957384
2016-11-01,IT,Italy,core_exvolatile,101.41248761
2016-12-01,IT,Italy,core_exvolatile,101.76957384
2017-01-01,IT,Italy,core_exvolatile,99.15094153
2017-02-01,IT,Italy,core_exvolatile,99.03191278
2017-03-01,IT,Italy,core_exvolatile,101.53151635
2017-04-01,IT,Italy,core_exvolatile,102.60277502
2017-05-01,IT,Italy,core_exvolatile,102.48374628
2017-06-01,IT,Italy,core_exvolatile,102.60277502
2017-07-01,IT,Italy,core_exvolatile,100.46025768
2017-08-01,IT,Italy,core_exvolatile,100.57928642
2017-09-01,IT,Italy,core_exvolatile,102.60277502
2017-10-01,IT,Italy,core_exvolatile,102.36471754
2017-11-01,IT,Italy,core_exvolatile,102.00763132
2017-12-01,IT,Italy,core_exvolatile,102.24568880
2018-01-01,IT,Italy,core_exvolatile,99.98414272
2018-02-01,IT,Italy,core_exvolatile,99.50802775
2018-03-01,IT,Italy,core_exvolatile,102.36471754
2018-04-01,IT,Italy,core_exvolatile,103.19791873
2018-05-01,IT,Italy,core_exvolatile,103.19791873
2018-06-01,IT,Italy,core_exvolatile,103.43597621
2018-07-01,IT,Italy,core_exvolatile,101.53151635
2018-08-01,IT,Italy,core_exvolatile,101.41248761
2018-09-01,IT,Italy,core_exvolatile,103.31694747
2018-10-01,IT,Italy,core_exvolatile,103.07888999
2018-11-01,IT,Italy,core_exvolatile,102.72180377
2018-12-01,IT,Italy,core_exvolatile,102.84083251
2019-01-01,IT,Italy,core_exvolatile,100.57928642
2019-02-01,IT,Italy,core_exvolatile,100.10317146
2019-03-01,IT,Italy,core_exvolatile,102.84083251
2019-04-01,IT,Italy,core_exvolatile,103.79306244
2019-05-01,IT,Italy,core_exvolatile,103.67403370
2019-06-01,IT,Italy,core_exvolatile,103.91209118
2019-07-01,IT,Italy,core_exvolatile,102.00763132
2019-08-01,IT,Italy,core_exvolatile,102.00763132
2019-09-01,IT,Italy,core_exvolatile,103.79306244
2019-10-01,IT,Italy,core_exvolatile,103.79306244
2019-11-01,IT,Italy,core_exvolatile,103.43597621
2019-12-01,IT,Italy,core_exvolatile,103.55500496
2020-01-01,IT,Italy,core_exvolatile,101.17443013
2020-02-01,IT,Italy,core_exvolatile,100.69831516
2020-03-01,IT,Italy,core_exvolatile,103.55500496
2020-04-01,IT,Italy,core_exvolatile,104.62626363
2020-05-01,IT,Italy,core_exvolatile,104.50723489
2020-06-01,IT,Italy,core_exvolatile,104.50723489
2020-07-01,IT,Italy,core_exvolatile,103.91209118
2020-08-01,IT,Italy,core_exvolatile,102.36471754
2020-09-01,IT,Italy,core_exvolatile,103.43597621
2020-10-01,IT,Italy,core_exvolatile,103.79306244
2020-11-01,IT,Italy,core_exvolatile,103.67403370
2020-12-01,IT,Italy,core_exvolatile,103.91209118
2021-01-01,IT,Italy,core_exvolatile,102.48374628
2021-02-01,IT,Italy,core_exvolatile,102.00763132
2021-03-01,IT,Italy,core_exvolatile,104.03111992
2021-04-01,IT,Italy,core_exvolatile,104.74529237
2021-05-01,IT,Italy,core_exvolatile,104.50723489
2021-06-01,IT,Italy,core_exvolatile,104.74529237
2021-07-01,IT,Italy,core_exvolatile,103.19791873
2021-08-01,IT,Italy,core_exvolatile,103.19791873
2021-09-01,IT,Italy,core_exvolatile,104.86432111
2021-10-01,IT,Italy,core_exvolatile,104.98334985
2021-11-01,IT,Italy,core_exvolatile,105.10237859
2021-12-01,IT,Italy,core_exvolatile,105.57849356
2022-01-01,IT,Italy,core_exvolatile,103.79306244
2022-02-01,IT,Italy,core_exvolatile,103.91209118
2022-03-01,IT,Italy,core_exvolatile,106.17363726
2022-04-01,IT,Italy,core_exvolatile,107.48295342
2022-05-01,IT,Italy,core_exvolatile,108.19712587
2022-06-01,IT,Italy,core_exvolatile,109.03032706
2022-07-01,IT,Italy,core_exvolatile,107.60198216
2022-08-01,IT,Italy,core_exvolatile,108.31615461
2022-09-01,IT,Italy,core_exvolatile,110.33964321
2022-10-01,IT,Italy,core_exvolatile,110.93478692
2022-11-01,IT,Italy,core_exvolatile,111.29187314
2022-12-01,IT,Italy,core_exvolatile,112.24410307
2023-01-01,IT,Italy,core_exvolatile,110.69672944
2023-02-01,IT,Italy,core_exvolatile,111.17284440
2023-03-01,IT,Italy,core_exvolatile,113.31536174
2023-04-01,IT,Italy,core_exvolatile,114.50564916
2023-05-01,IT,Italy,core_exvolatile,114.98176412
2023-06-01,IT,Italy,core_exvolatile,115.45787909
2023-07-01,IT,Italy,core_exvolatile,113.55341923
2023-08-01,IT,Italy,core_exvolatile,113.55341923
2023-09-01,IT,Italy,core_exvolatile,115.69593657
2023-10-01,IT,Italy,core_exvolatile,115.81496531
2023-11-01,IT,Italy,core_exvolatile,115.33885035
2023-12-01,IT,Italy,core_exvolatile,115.81496531
2024-01-01,IT,Italy,core_exvolatile,113.91050545
2024-02-01,IT,Italy,core_exvolatile,114.02953419
2024-03-01,IT,Italy,core_exvolatile,115.93399405
2024-04-01,IT,Italy,core_exvolatile,117.12428147
2024-05-01,IT,Italy,core_exvolatile,117.48136769
2024-06-01,IT,Italy,core_exvolatile,117.83845391
2024-07-01,IT,Italy,core_exvolatile,116.17205154
2024-08-01,IT,Italy,core_exvolatile,116.17205154
2024-09-01,IT,Italy,core_exvolatile,117.83845391
2024-10-01,IT,Italy,core_exvolatile,118.07651140
2024-11-01,IT,Italy,core_exvolatile,117.71942517
2024-12-01,IT,Italy,core_exvolatile,117.83845391
2025-01-01,IT,Italy,core_exvolatile,116.05302279
2025-02-01,IT,Italy,core_exvolatile,115.93399405
2025-03-01,IT,Italy,core_exvolatile,118.19554014
2025-04-01,IT,Italy,core_exvolatile,119.74291378
2025-05-01,IT,Italy,core_exvolatile,119.86194252
2025-06-01,IT,Italy,core_exvolatile,120.33805748
2025-07-01,IT,Italy,core_exvolatile,118.67165510
2025-08-01,IT,Italy,core_exvolatile,118.67165510
2025-09-01,IT,Italy,core_exvolatile,120.45708622
2025-10-01,IT,Italy,core_exvolatile,120.45708622
2025-11-01,IT,Italy,core_exvolatile,119.86194252
2025-12-01,IT,Italy,core_exvolatile,120.10000000
2026-01-01,IT,Italy,core_exvolatile,118.31456888
2026-02-01,IT,Italy,core_exvolatile,118.90971259
2026-03-01,IT,Italy,core_exvolatile,120.33805748
2026-04-01,IT,Italy,core_exvolatile,121.64737364
2026-05-01,IT,Italy,core_exvolatile,122.00445986
2026-06-01,IT,Italy,core_exvolatile,122.12348860
1999-12-01,IT,Italy,neig,81.07110676
2000-01-01,IT,Italy,neig,81.07110676
2000-02-01,IT,Italy,neig,81.18246817
2000-03-01,IT,Italy,neig,81.29382958
2000-04-01,IT,Italy,neig,81.40519099
2000-05-01,IT,Italy,neig,81.62791381
2000-06-01,IT,Italy,neig,81.73927522
2000-07-01,IT,Italy,neig,81.85063663
2000-08-01,IT,Italy,neig,81.96199804
2000-09-01,IT,Italy,neig,82.07335945
2000-10-01,IT,Italy,neig,82.40744368
2000-11-01,IT,Italy,neig,82.63016650
2000-12-01,IT,Italy,neig,82.74152791
2001-01-01,IT,Italy,neig,81.96199804
2001-02-01,IT,Italy,neig,80.06885406
2001-03-01,IT,Italy,neig,81.96199804
2001-04-01,IT,Italy,neig,82.85288932
2001-05-01,IT,Italy,neig,83.18697356
2001-06-01,IT,Italy,neig,83.29833497
2001-07-01,IT,Italy,neig,82.85288932
2001-08-01,IT,Italy,neig,81.96199804
2001-09-01,IT,Italy,neig,82.85288932
2001-10-01,IT,Italy,neig,83.74378061
2001-11-01,IT,Italy,neig,83.96650343
2001-12-01,IT,Italy,neig,84.07786484
2002-01-01,IT,Italy,neig,83.18697356
2002-02-01,IT,Italy,neig,82.18472086
2002-03-01,IT,Italy,neig,83.96650343
2002-04-01,IT,Italy,neig,84.96875612
2002-05-01,IT,Italy,neig,85.08011753
2002-06-01,IT,Italy,neig,85.19147894
2002-07-01,IT,Italy,neig,84.74603330
2002-08-01,IT,Italy,neig,83.85514202
2002-09-01,IT,Italy,neig,85.08011753
2002-10-01,IT,Italy,neig,85.74828599
2002-11-01,IT,Italy,neig,86.19373164
2002-12-01,IT,Italy,neig,86.30509305
2003-01-01,IT,Italy,neig,84.74603330
2003-02-01,IT,Italy,neig,83.18697356
2003-03-01,IT,Italy,neig,85.74828599
2003-04-01,IT,Italy,neig,86.63917728
2003-05-01,IT,Italy,neig,86.97326151
2003-06-01,IT,Italy,neig,87.08462292
2003-07-01,IT,Italy,neig,86.30509305
2003-08-01,IT,Italy,neig,85.08011753
2003-09-01,IT,Italy,neig,86.52781587
2003-10-01,IT,Italy,neig,87.53006856
2003-11-01,IT,Italy,neig,87.86415279
2003-12-01,IT,Italy,neig,87.86415279
2004-01-01,IT,Italy,neig,85.63692458
2004-02-01,IT,Italy,neig,84.85739471
2004-03-01,IT,Italy,neig,86.97326151
2004-04-01,IT,Italy,neig,88.19823702
2004-05-01,IT,Italy,neig,88.42095984
2004-06-01,IT,Italy,neig,88.42095984
2004-07-01,IT,Italy,neig,87.41870715
2004-08-01,IT,Italy,neig,86.19373164
2004-09-01,IT,Italy,neig,87.86415279
2004-10-01,IT,Italy,neig,88.97776690
2004-11-01,IT,Italy,neig,89.31185113
2004-12-01,IT,Italy,neig,89.31185113
2005-01-01,IT,Italy,neig,86.75053869
2005-02-01,IT,Italy,neig,85.74828599
2005-03-01,IT,Italy,neig,88.19823702
2005-04-01,IT,Italy,neig,89.75729677
2005-05-01,IT,Italy,neig,89.98001959
2005-06-01,IT,Italy,neig,89.98001959
2005-07-01,IT,Italy,neig,88.30959843
2005-08-01,IT,Italy,neig,87.19598433
2005-09-01,IT,Italy,neig,88.75504407
2005-10-01,IT,Italy,neig,90.09138100
2005-11-01,IT,Italy,neig,90.53682664
2005-12-01,IT,Italy,neig,90.64818805
2006-01-01,IT,Italy,neig,87.75279138
2006-02-01,IT,Italy,neig,86.52781587
2006-03-01,IT,Italy,neig,89.31185113
2006-04-01,IT,Italy,neig,90.75954946
2006-05-01,IT,Italy,neig,91.09363369
2006-06-01,IT,Italy,neig,91.09363369
2006-07-01,IT,Italy,neig,89.20048972
2006-08-01,IT,Italy,neig,88.08687561
2006-09-01,IT,Italy,neig,90.31410382
2006-10-01,IT,Italy,neig,91.42771792
2006-11-01,IT,Italy,neig,91.76180215
2006-12-01,IT,Italy,neig,91.87316357
2007-01-01,IT,Italy,neig,88.42095984
2007-02-01,IT,Italy,neig,87.97551420
2007-03-01,IT,Italy,neig,91.09363369
2007-04-01,IT,Italy,neig,92.20724780
2007-05-01,IT,Italy,neig,92.42997062
2007-06-01,IT,Italy,neig,92.54133203
2007-07-01,IT,Italy,neig,89.98001959
2007-08-01,IT,Italy,neig,89.20048972
2007-09-01,IT,Italy,neig,91.76180215
2007-10-01,IT,Italy,neig,93.09813908
2007-11-01,IT,Italy,neig,93.43222331
2007-12-01,IT,Italy,neig,93.43222331
2008-01-01,IT,Italy,neig,89.86865818
2008-02-01,IT,Italy,neig,89.64593536
2008-03-01,IT,Italy,neig,92.87541626
2008-04-01,IT,Italy,neig,93.87766895
2008-05-01,IT,Italy,neig,94.10039177
2008-06-01,IT,Italy,neig,94.21175318
2008-07-01,IT,Italy,neig,90.98227228
2008-08-01,IT,Italy,neig,90.53682664
2008-09-01,IT,Italy,neig,93.09813908
2008-10-01,IT,Italy,neig,94.76856024
2008-11-01,IT,Italy,neig,94.87992165
2008-12-01,IT,Italy,neig,94.99128306
2009-01-01,IT,Italy,neig,90.53682664
2009-02-01,IT,Italy,neig,90.64818805
2009-03-01,IT,Italy,neig,94.21175318
2009-04-01,IT,Italy,neig,95.54809011
2009-05-01,IT,Italy,neig,95.65945152
2009-06-01,IT,Italy,neig,95.65945152
2009-07-01,IT,Italy,neig,91.87316357
2009-08-01,IT,Italy,neig,91.53907933
2009-09-01,IT,Italy,neig,94.65719882
2009-10-01,IT,Italy,neig,95.99353575
2009-11-01,IT,Italy,neig,96.21625857
2009-12-01,IT,Italy,neig,96.32761998
2010-01-01,IT,Italy,neig,91.42771792
2010-02-01,IT,Italy,neig,91.20499510
2010-03-01,IT,Italy,neig,94.99128306
2010-04-01,IT,Italy,neig,96.77306562
2010-05-01,IT,Italy,neig,96.77306562
2010-06-01,IT,Italy,neig,96.88442703
2010-07-01,IT,Italy,neig,93.09813908
2010-08-01,IT,Italy,neig,92.76405485
2010-09-01,IT,Italy,neig,95.77081293
2010-10-01,IT,Italy,neig,97.66395690
2010-11-01,IT,Italy,neig,97.88667973
2010-12-01,IT,Italy,neig,97.99804114
2011-01-01,IT,Italy,neig,91.76180215
2011-02-01,IT,Italy,neig,91.31635651
2011-03-01,IT,Italy,neig,96.99578844
2011-04-01,IT,Italy,neig,98.66620960
2011-05-01,IT,Italy,neig,98.66620960
2011-06-01,IT,Italy,neig,98.77757101
2011-07-01,IT,Italy,neig,91.76180215
2011-08-01,IT,Italy,neig,91.42771792
2011-09-01,IT,Italy,neig,98.55484819
2011-10-01,IT,Italy,neig,100.11390793
2011-11-01,IT,Italy,neig,100.33663075
2011-12-01,IT,Italy,neig,100.33663075
2012-01-01,IT,Italy,neig,93.09813908
2012-02-01,IT,Italy,neig,92.65269344
2012-03-01,IT,Italy,neig,99.44573947
2012-04-01,IT,Italy,neig,100.78207640
2012-05-01,IT,Italy,neig,100.78207640
2012-06-01,IT,Italy,neig,100.89343781
2012-07-01,IT,Italy,neig,94.65719882
2012-08-01,IT,Italy,neig,92.98677767
2012-09-01,IT,Italy,neig,100.33663075
2012-10-01,IT,Italy,neig,101.22752204
2012-11-01,IT,Italy,neig,101.33888345
2012-12-01,IT,Italy,neig,101.33888345
2013-01-01,IT,Italy,neig,93.76630754
2013-02-01,IT,Italy,neig,93.09813908
2013-03-01,IT,Italy,neig,100.44799216
2013-04-01,IT,Italy,neig,101.56160627
2013-05-01,IT,Italy,neig,101.45024486
2013-06-01,IT,Italy,neig,101.45024486
2013-07-01,IT,Italy,neig,94.54583741
2013-08-01,IT,Italy,neig,93.32086190
2013-09-01,IT,Italy,neig,101.00479922
2013-10-01,IT,Italy,neig,102.22977473
2013-11-01,IT,Italy,neig,102.22977473
2013-12-01,IT,Italy,neig,102.22977473
2014-01-01,IT,Italy,neig,94.21175318
2014-02-01,IT,Italy,neig,93.32086190
2014-03-01,IT,Italy,neig,101.22752204
2014-04-01,IT,Italy,neig,102.34113614
2014-05-01,IT,Italy,neig,102.22977473
2014-06-01,IT,Italy,neig,102.11841332
2014-07-01,IT,Italy,neig,94.76856024
2014-08-01,IT,Italy,neig,93.32086190
2014-09-01,IT,Italy,neig,101.78432909
2014-10-01,IT,Italy,neig,102.78658178
2014-11-01,IT,Italy,neig,102.56385896
2014-12-01,IT,Italy,neig,102.56385896
2015-01-01,IT,Italy,neig,94.32311459
2015-02-01,IT,Italy,neig,93.76630754
2015-03-01,IT,Italy,neig,101.67296768
2015-04-01,IT,Italy,neig,103.00930460
2015-05-01,IT,Italy,neig,103.00930460
2015-06-01,IT,Italy,neig,103.12066601
2015-07-01,IT,Italy,neig,95.54809011
2015-08-01,IT,Italy,neig,93.87766895
2015-09-01,IT,Italy,neig,102.34113614
2015-10-01,IT,Italy,neig,103.56611166
2015-11-01,IT,Italy,neig,103.45475024
2015-12-01,IT,Italy,neig,103.45475024
2016-01-01,IT,Italy,neig,95.54809011
2016-02-01,IT,Italy,neig,94.65719882
2016-03-01,IT,Italy,neig,102.56385896
2016-04-01,IT,Italy,neig,103.78883448
2016-05-01,IT,Italy,neig,103.78883448
2016-06-01,IT,Italy,neig,103.56611166
2016-07-01,IT,Italy,neig,95.77081293
2016-08-01,IT,Italy,neig,94.10039177
2016-09-01,IT,Italy,neig,102.78658178
2016-10-01,IT,Italy,neig,103.90019589
2016-11-01,IT,Italy,neig,103.78883448
2016-12-01,IT,Italy,neig,103.78883448
2017-01-01,IT,Italy,neig,96.10489716
2017-02-01,IT,Italy,neig,94.99128306
2017-03-01,IT,Italy,neig,102.56385896
2017-04-01,IT,Italy,neig,104.01155730
2017-05-01,IT,Italy,neig,103.90019589
2017-06-01,IT,Italy,neig,103.78883448
2017-07-01,IT,Italy,neig,96.10489716
2017-08-01,IT,Italy,neig,94.76856024
2017-09-01,IT,Italy,neig,103.34338883
2017-10-01,IT,Italy,neig,104.01155730
2017-11-01,IT,Italy,neig,104.01155730
2017-12-01,IT,Italy,neig,104.01155730
2018-01-01,IT,Italy,neig,96.88442703
2018-02-01,IT,Italy,neig,95.10264447
2018-03-01,IT,Italy,neig,102.78658178
2018-04-01,IT,Italy,neig,104.12291871
2018-05-01,IT,Italy,neig,103.90019589
2018-06-01,IT,Italy,neig,103.78883448
2018-07-01,IT,Italy,neig,96.99578844
2018-08-01,IT,Italy,neig,94.65719882
2018-09-01,IT,Italy,neig,103.00930460
2018-10-01,IT,Italy,neig,103.67747307
2018-11-01,IT,Italy,neig,103.45475024
2018-12-01,IT,Italy,neig,103.56611166
2019-01-01,IT,Italy,neig,96.55034280
2019-02-01,IT,Italy,neig,94.99128306
2019-03-01,IT,Italy,neig,102.56385896
2019-04-01,IT,Italy,neig,103.67747307
2019-05-01,IT,Italy,neig,103.56611166
2019-06-01,IT,Italy,neig,103.34338883
2019-07-01,IT,Italy,neig,96.32761998
2019-08-01,IT,Italy,neig,94.76856024
2019-09-01,IT,Italy,neig,102.78658178
2019-10-01,IT,Italy,neig,103.45475024
2019-11-01,IT,Italy,neig,103.56611166
2019-12-01,IT,Italy,neig,103.56611166
2020-01-01,IT,Italy,neig,96.21625857
2020-02-01,IT,Italy,neig,94.87992165
2020-03-01,IT,Italy,neig,102.67522037
2020-04-01,IT,Italy,neig,104.23428012
2020-05-01,IT,Italy,neig,104.12291871
2020-06-01,IT,Italy,neig,103.90019589
2020-07-01,IT,Italy,neig,101.78432909
2020-08-01,IT,Italy,neig,95.77081293
2020-09-01,IT,Italy,neig,101.89569050
2020-10-01,IT,Italy,neig,103.56611166
2020-11-01,IT,Italy,neig,103.90019589
2020-12-01,IT,Italy,neig,103.90019589
2021-01-01,IT,Italy,neig,98.88893242
2021-02-01,IT,Italy,neig,97.66395690
2021-03-01,IT,Italy,neig,102.89794319
2021-04-01,IT,Italy,neig,104.34564153
2021-05-01,IT,Italy,neig,104.23428012
2021-06-01,IT,Italy,neig,104.23428012
2021-07-01,IT,Italy,neig,98.77757101
2021-08-01,IT,Italy,neig,97.55259549
2021-09-01,IT,Italy,neig,103.56611166
2021-10-01,IT,Italy,neig,104.34564153
2021-11-01,IT,Italy,neig,104.56836435
2021-12-01,IT,Italy,neig,105.01380999
2022-01-01,IT,Italy,neig,99.11165524
2022-02-01,IT,Italy,neig,99.00029383
2022-03-01,IT,Italy,neig,104.56836435
2022-04-01,IT,Italy,neig,106.57286974
2022-05-01,IT,Italy,neig,106.79559256
2022-06-01,IT,Italy,neig,107.24103820
2022-07-01,IT,Italy,neig,101.33888345
2022-08-01,IT,Italy,neig,101.67296768
2022-09-01,IT,Italy,neig,108.02056807
2022-10-01,IT,Italy,neig,109.46826641
2022-11-01,IT,Italy,neig,109.91371205
2022-12-01,IT,Italy,neig,110.69324192
2023-01-01,IT,Italy,neig,105.57061704
2023-02-01,IT,Italy,neig,105.68197845
2023-03-01,IT,Italy,neig,110.80460333
2023-04-01,IT,Italy,neig,112.47502449
2023-05-01,IT,Italy,neig,112.47502449
2023-06-01,IT,Italy,neig,112.58638590
2023-07-01,IT,Italy,neig,106.57286974
2023-08-01,IT,Italy,neig,105.90470127
2023-09-01,IT,Italy,neig,112.14094025
2023-10-01,IT,Italy,neig,113.03183154
2023-11-01,IT,Italy,neig,112.58638590
2023-12-01,IT,Italy,neig,113.14319295
2024-01-01,IT,Italy,neig,107.46376102
2024-02-01,IT,Italy,neig,107.01831538
2024-03-01,IT,Italy,neig,111.69549461
2024-04-01,IT,Italy,neig,113.47727718
2024-05-01,IT,Italy,neig,113.25455436
2024-06-01,IT,Italy,neig,113.14319295
2024-07-01,IT,Italy,neig,107.57512243
2024-08-01,IT,Italy,neig,106.23878550
2024-09-01,IT,Italy,neig,112.02957884
2024-10-01,IT,Italy,neig,113.25455436
2024-11-01,IT,Italy,neig,113.03183154
2024-12-01,IT,Italy,neig,113.25455436
2025-01-01,IT,Italy,neig,107.57512243
2025-02-01,IT,Italy,neig,106.90695397
2025-03-01,IT,Italy,neig,112.25230167
2025-04-01,IT,Italy,neig,113.70000000
2025-05-01,IT,Italy,neig,113.70000000
2025-06-01,IT,Italy,neig,113.81136141
2025-07-01,IT,Italy,neig,107.90920666
2025-08-01,IT,Italy,neig,106.46150833
2025-09-01,IT,Italy,neig,112.92047013
2025-10-01,IT,Italy,neig,113.81136141
2025-11-01,IT,Italy,neig,113.70000000
2025-12-01,IT,Italy,neig,113.70000000
2026-01-01,IT,Italy,neig,108.13192948
2026-02-01,IT,Italy,neig,107.57512243
2026-03-01,IT,Italy,neig,112.36366308
2026-04-01,IT,Italy,neig,114.36816846
2026-05-01,IT,Italy,neig,114.36816846
2026-06-01,IT,Italy,neig,114.36816846
1999-12-01,IT,Italy,services,71.58764940
2000-01-01,IT,Italy,services,71.70816733
2000-02-01,IT,Italy,services,72.19023904
2000-03-01,IT,Italy,services,72.31075697
2000-04-01,IT,Italy,services,72.31075697
2000-05-01,IT,Italy,services,72.43127490
2000-06-01,IT,Italy,services,72.55179283
2000-07-01,IT,Italy,services,72.79282869
2000-08-01,IT,Italy,services,72.91334661
2000-09-01,IT,Italy,services,72.79282869
2000-10-01,IT,Italy,services,73.03386454
2000-11-01,IT,Italy,services,73.15438247
2000-12-01,IT,Italy,services,73.15438247
2001-01-01,IT,Italy,services,73.51593625
2001-02-01,IT,Italy,services,73.87749004
2001-03-01,IT,Italy,services,73.99800797
2001-04-01,IT,Italy,services,74.35956175
2001-05-01,IT,Italy,services,74.60059761
2001-06-01,IT,Italy,services,74.72111554
2001-07-01,IT,Italy,services,74.96215139
2001-08-01,IT,Italy,services,75.08266932
2001-09-01,IT,Italy,services,75.08266932
2001-10-01,IT,Italy,services,75.32370518
2001-11-01,IT,Italy,services,75.44422311
2001-12-01,IT,Italy,services,75.68525896
2002-01-01,IT,Italy,services,75.92629482
2002-02-01,IT,Italy,services,76.28784861
2002-03-01,IT,Italy,services,76.40836653
2002-04-01,IT,Italy,services,76.64940239
2002-05-01,IT,Italy,services,77.01095618
2002-06-01,IT,Italy,services,77.13147410
2002-07-01,IT,Italy,services,77.49302789
2002-08-01,IT,Italy,services,77.85458167
2002-09-01,IT,Italy,services,77.73406375
2002-10-01,IT,Italy,services,77.97509960
2002-11-01,IT,Italy,services,78.21613546
2002-12-01,IT,Italy,services,78.21613546
2003-01-01,IT,Italy,services,78.69820717
2003-02-01,IT,Italy,services,78.93924303
2003-03-01,IT,Italy,services,79.18027888
2003-04-01,IT,Italy,services,79.30079681
2003-05-01,IT,Italy,services,79.54183267
2003-06-01,IT,Italy,services,79.66235060
2003-07-01,IT,Italy,services,80.02390438
2003-08-01,IT,Italy,services,80.38545817
2003-09-01,IT,Italy,services,80.14442231
2003-10-01,IT,Italy,services,80.14442231
2003-11-01,IT,Italy,services,80.26494024
2003-12-01,IT,Italy,services,80.26494024
2004-01-01,IT,Italy,services,80.50597610
2004-02-01,IT,Italy,services,80.86752988
2004-03-01,IT,Italy,services,80.98804781
2004-04-01,IT,Italy,services,81.34960159
2004-05-01,IT,Italy,services,81.47011952
2004-06-01,IT,Italy,services,81.83167331
2004-07-01,IT,Italy,services,82.07270916
2004-08-01,IT,Italy,services,82.55478088
2004-09-01,IT,Italy,services,82.43426295
2004-10-01,IT,Italy,services,82.19322709
2004-11-01,IT,Italy,services,82.43426295
2004-12-01,IT,Italy,services,82.55478088
2005-01-01,IT,Italy,services,82.67529880
2005-02-01,IT,Italy,services,82.91633466
2005-03-01,IT,Italy,services,83.15737052
2005-04-01,IT,Italy,services,83.39840637
2005-05-01,IT,Italy,services,83.63944223
2005-06-01,IT,Italy,services,83.75996016
2005-07-01,IT,Italy,services,84.12151394
2005-08-01,IT,Italy,services,84.48306773
2005-09-01,IT,Italy,services,84.24203187
2005-10-01,IT,Italy,services,84.12151394
2005-11-01,IT,Italy,services,84.12151394
2005-12-01,IT,Italy,services,84.12151394
2006-01-01,IT,Italy,services,84.36254980
2006-02-01,IT,Italy,services,84.60358566
2006-03-01,IT,Italy,services,84.84462151
2006-04-01,IT,Italy,services,85.20617530
2006-05-01,IT,Italy,services,85.32669323
2006-06-01,IT,Italy,services,85.32669323
2006-07-01,IT,Italy,services,85.68824701
2006-08-01,IT,Italy,services,85.92928287
2006-09-01,IT,Italy,services,85.92928287
2006-10-01,IT,Italy,services,85.80876494
2006-11-01,IT,Italy,services,85.80876494
2006-12-01,IT,Italy,services,85.80876494
2007-01-01,IT,Italy,services,85.92928287
2007-02-01,IT,Italy,services,86.41135458
2007-03-01,IT,Italy,services,86.29083665
2007-04-01,IT,Italy,services,86.65239044
2007-05-01,IT,Italy,services,87.01394422
2007-06-01,IT,Italy,services,87.13446215
2007-07-01,IT,Italy,services,87.61653386
2007-08-01,IT,Italy,services,87.85756972
2007-09-01,IT,Italy,services,87.37549801
2007-10-01,IT,Italy,services,87.37549801
2007-11-01,IT,Italy,services,87.49601594
2007-12-01,IT,Italy,services,87.73705179
2008-01-01,IT,Italy,services,87.97808765
2008-02-01,IT,Italy,services,88.21912351
2008-03-01,IT,Italy,services,88.82171315
2008-04-01,IT,Italy,services,88.82171315
2008-05-01,IT,Italy,services,89.18326693
2008-06-01,IT,Italy,services,89.42430279
2008-07-01,IT,Italy,services,89.90637450
2008-08-01,IT,Italy,services,90.62948207
2008-09-01,IT,Italy,services,89.90637450
2008-10-01,IT,Italy,services,90.02689243
2008-11-01,IT,Italy,services,89.90637450
2008-12-01,IT,Italy,services,90.14741036
2009-01-01,IT,Italy,services,90.02689243
2009-02-01,IT,Italy,services,90.14741036
2009-03-01,IT,Italy,services,90.02689243
2009-04-01,IT,Italy,services,90.62948207
2009-05-01,IT,Italy,services,90.99103586
2009-06-01,IT,Italy,services,90.87051793
2009-07-01,IT,Italy,services,91.35258964
2009-08-01,IT,Italy,services,91.95517928
2009-09-01,IT,Italy,services,91.47310757
2009-10-01,IT,Italy,services,91.59362550
2009-11-01,IT,Italy,services,91.35258964
2009-12-01,IT,Italy,services,91.71414343
2010-01-01,IT,Italy,services,91.71414343
2010-02-01,IT,Italy,services,91.71414343
2010-03-01,IT,Italy,services,92.07569721
2010-04-01,IT,Italy,services,92.67828685
2010-05-01,IT,Italy,services,92.55776892
2010-06-01,IT,Italy,services,92.67828685
2010-07-01,IT,Italy,services,93.28087649
2010-08-01,IT,Italy,services,93.88346614
2010-09-01,IT,Italy,services,93.16035857
2010-10-01,IT,Italy,services,93.28087649
2010-11-01,IT,Italy,services,92.91932271
2010-12-01,IT,Italy,services,93.28087649
2011-01-01,IT,Italy,services,93.28087649
2011-02-01,IT,Italy,services,93.52191235
2011-03-01,IT,Italy,services,94.00398406
2011-04-01,IT,Italy,services,94.72709163
2011-05-01,IT,Italy,services,94.72709163
2011-06-01,IT,Italy,services,95.08864542
2011-07-01,IT,Italy,services,95.69123506
2011-08-01,IT,Italy,services,96.53486056
2011-09-01,IT,Italy,services,95.93227092
2011-10-01,IT,Italy,services,95.93227092
2011-11-01,IT,Italy,services,95.32968127
2011-12-01,IT,Italy,services,95.69123506
2012-01-01,IT,Italy,services,95.57071713
2012-02-01,IT,Italy,services,95.81175299
2012-03-01,IT,Italy,services,96.29382470
2012-04-01,IT,Italy,services,97.01693227
2012-05-01,IT,Italy,services,96.89641434
2012-06-01,IT,Italy,services,97.25796813
2012-07-01,IT,Italy,services,97.86055777
2012-08-01,IT,Italy,services,98.70418327
2012-09-01,IT,Italy,services,97.74003984
2012-10-01,IT,Italy,services,97.49900398
2012-11-01,IT,Italy,services,97.13745020
2012-12-01,IT,Italy,services,97.74003984
2013-01-01,IT,Italy,services,97.61952191
2013-02-01,IT,Italy,services,97.49900398
2013-03-01,IT,Italy,services,97.98107570
2013-04-01,IT,Italy,services,98.46314741
2013-05-01,IT,Italy,services,98.70418327
2013-06-01,IT,Italy,services,98.94521912
2013-07-01,IT,Italy,services,99.42729084
2013-08-01,IT,Italy,services,100.39143426
2013-09-01,IT,Italy,services,99.30677291
2013-10-01,IT,Italy,services,98.94521912
2013-11-01,IT,Italy,services,98.34262948
2013-12-01,IT,Italy,services,98.58366534
2014-01-01,IT,Italy,services,98.58366534
2014-02-01,IT,Italy,services,98.58366534
2014-03-01,IT,Italy,services,98.94521912
2014-04-01,IT,Italy,services,99.78884462
2014-05-01,IT,Italy,services,99.42729084
2014-06-01,IT,Italy,services,99.66832669
2014-07-01,IT,Italy,services,100.02988048
2014-08-01,IT,Italy,services,100.63247012
2014-09-01,IT,Italy,services,99.66832669
2014-10-01,IT,Italy,services,99.54780876
2014-11-01,IT,Italy,services,99.06573705
2014-12-01,IT,Italy,services,99.54780876
2015-01-01,IT,Italy,services,99.06573705
2015-02-01,IT,Italy,services,99.30677291
2015-03-01,IT,Italy,services,99.30677291
2015-04-01,IT,Italy,services,99.90936255
2015-05-01,IT,Italy,services,100.02988048
2015-06-01,IT,Italy,services,100.15039841
2015-07-01,IT,Italy,services,100.63247012
2015-08-01,IT,Italy,services,101.47609562
2015-09-01,IT,Italy,services,100.51195219
2015-10-01,IT,Italy,services,100.51195219
2015-11-01,IT,Italy,services,99.66832669
2015-12-01,IT,Italy,services,99.78884462
2016-01-01,IT,Italy,services,99.78884462
2016-02-01,IT,Italy,services,99.78884462
2016-03-01,IT,Italy,services,99.90936255
2016-04-01,IT,Italy,services,100.27091633
2016-05-01,IT,Italy,services,100.51195219
2016-06-01,IT,Italy,services,100.63247012
2016-07-01,IT,Italy,services,101.35557769
2016-08-01,IT,Italy,services,101.95816733
2016-09-01,IT,Italy,services,101.11454183
2016-10-01,IT,Italy,services,100.75298805
2016-11-01,IT,Italy,services,100.15039841
2016-12-01,IT,Italy,services,100.75298805
2017-01-01,IT,Italy,services,100.39143426
2017-02-01,IT,Italy,services,100.75298805
2017-03-01,IT,Italy,services,100.99402390
2017-04-01,IT,Italy,services,102.19920319
2017-05-01,IT,Italy,services,101.83764940
2017-06-01,IT,Italy,services,102.31972112
2017-07-01,IT,Italy,services,102.80179283
2017-08-01,IT,Italy,services,103.64541833
2017-09-01,IT,Italy,services,102.44023904
2017-10-01,IT,Italy,services,101.47609562
2017-11-01,IT,Italy,services,100.63247012
2017-12-01,IT,Italy,services,101.35557769
2018-01-01,IT,Italy,services,100.99402390
2018-02-01,IT,Italy,services,101.47609562
2018-03-01,IT,Italy,services,101.95816733
2018-04-01,IT,Italy,services,102.56075697
2018-05-01,IT,Italy,services,102.92231076
2018-06-01,IT,Italy,services,103.28386454
2018-07-01,IT,Italy,services,103.76593625
2018-08-01,IT,Italy,services,104.85059761
2018-09-01,IT,Italy,services,103.52490040
2018-10-01,IT,Italy,services,102.80179283
2018-11-01,IT,Italy,services,102.07868526
2018-12-01,IT,Italy,services,102.44023904
2019-01-01,IT,Italy,services,102.19920319
2019-02-01,IT,Italy,services,102.19920319
2019-03-01,IT,Italy,services,102.68127490
2019-04-01,IT,Italy,services,104.00697211
2019-05-01,IT,Italy,services,103.76593625
2019-06-01,IT,Italy,services,104.36852590
2019-07-01,IT,Italy,services,104.85059761
2019-08-01,IT,Italy,services,105.81474104
2019-09-01,IT,Italy,services,104.48904382
2019-10-01,IT,Italy,services,104.00697211
2019-11-01,IT,Italy,services,103.16334661
2019-12-01,IT,Italy,services,103.52490040
2020-01-01,IT,Italy,services,103.28386454
2020-02-01,IT,Italy,services,103.28386454
2020-03-01,IT,Italy,services,103.52490040
2020-04-01,IT,Italy,services,104.60956175
2020-05-01,IT,Italy,services,104.36852590
2020-06-01,IT,Italy,services,104.73007968
2020-07-01,IT,Italy,services,104.85059761
2020-08-01,IT,Italy,services,105.69422311
2020-09-01,IT,Italy,services,104.12749004
2020-10-01,IT,Italy,services,103.88645418
2020-11-01,IT,Italy,services,103.40438247
2020-12-01,IT,Italy,services,103.88645418
2021-01-01,IT,Italy,services,104.00697211
2021-02-01,IT,Italy,services,104.24800797
2021-03-01,IT,Italy,services,104.48904382
2021-04-01,IT,Italy,services,104.97111554
2021-05-01,IT,Italy,services,104.60956175
2021-06-01,IT,Italy,services,105.09163347
2021-07-01,IT,Italy,services,105.57370518
2021-08-01,IT,Italy,services,106.41733068
2021-09-01,IT,Italy,services,105.57370518
2021-10-01,IT,Italy,services,105.33266932
2021-11-01,IT,Italy,services,105.21215139
2021-12-01,IT,Italy,services,105.81474104
2022-01-01,IT,Italy,services,106.17629482
2022-02-01,IT,Italy,services,106.29681275
2022-03-01,IT,Italy,services,106.53784861
2022-04-01,IT,Italy,services,107.38147410
2022-05-01,IT,Italy,services,108.10458167
2022-06-01,IT,Italy,services,109.06872510
2022-07-01,IT,Italy,services,109.91235060
2022-08-01,IT,Italy,services,110.63545817
2022-09-01,IT,Italy,services,110.15338645
2022-10-01,IT,Italy,services,109.79183267
2022-11-01,IT,Italy,services,109.79183267
2022-12-01,IT,Italy,services,110.63545817
2023-01-01,IT,Italy,services,110.87649402
2023-02-01,IT,Italy,services,111.35856574
2023-03-01,IT,Italy,services,111.84063745
2023-04-01,IT,Italy,services,112.92529880
2023-05-01,IT,Italy,services,113.64840637
2023-06-01,IT,Italy,services,114.37151394
2023-07-01,IT,Italy,services,114.85358566
2023-08-01,IT,Italy,services,115.09462151
2023-09-01,IT,Italy,services,115.09462151
2023-10-01,IT,Italy,services,114.61254980
2023-11-01,IT,Italy,services,114.00996016
2023-12-01,IT,Italy,services,114.49203187
2024-01-01,IT,Italy,services,114.49203187
2024-02-01,IT,Italy,services,114.85358566
2024-03-01,IT,Italy,services,115.45617530
2024-04-01,IT,Italy,services,116.42031873
2024-05-01,IT,Italy,services,117.26394422
2024-06-01,IT,Italy,services,117.98705179
2024-07-01,IT,Italy,services,118.58964143
2024-08-01,IT,Italy,services,119.07171315
2024-09-01,IT,Italy,services,118.58964143
2024-10-01,IT,Italy,services,118.10756972
2024-11-01,IT,Italy,services,117.50498008
2024-12-01,IT,Italy,services,117.74601594
2025-01-01,IT,Italy,services,117.74601594
2025-02-01,IT,Italy,services,117.86653386
2025-03-01,IT,Italy,services,118.58964143
2025-04-01,IT,Italy,services,120.39741036
2025-05-01,IT,Italy,services,120.63844622
2025-06-01,IT,Italy,services,121.36155378
2025-07-01,IT,Italy,services,121.96414343
2025-08-01,IT,Italy,services,122.68725100
2025-09-01,IT,Italy,services,122.08466135
2025-10-01,IT,Italy,services,121.48207171
2025-11-01,IT,Italy,services,120.51792829
2025-12-01,IT,Italy,services,121.00000000
2026-01-01,IT,Italy,services,120.87948207
2026-02-01,IT,Italy,services,122.44621514
2026-03-01,IT,Italy,services,122.08466135
2026-04-01,IT,Italy,services,123.16932271
2026-05-01,IT,Italy,services,123.89243028
2026-06-01,IT,Italy,services,124.37450199
1996-01-01,ES,Spain,headline,63.95636292
1996-02-01,ES,Spain,headline,64.08300918
1996-03-01,ES,Spain,headline,64.34896633
1996-04-01,ES,Spain,headline,64.72890512
1996-05-01,ES,Spain,headline,64.99486228
1996-06-01,ES,Spain,headline,64.93153915
1996-07-01,ES,Spain,headline,64.99486228
1996-08-01,ES,Spain,headline,65.18483167
1996-09-01,ES,Spain,headline,65.38746569
1996-10-01,ES,Spain,headline,65.45078882
1996-11-01,ES,Spain,headline,65.45078882
1996-12-01,ES,Spain,headline,65.64075822
1997-01-01,ES,Spain,headline,65.76740448
1997-02-01,ES,Spain,headline,65.70408135
1997-03-01,ES,Spain,headline,65.76740448
1997-04-01,ES,Spain,headline,65.76740448
1997-05-01,ES,Spain,headline,65.83072761
1997-06-01,ES,Spain,headline,65.83072761
1997-07-01,ES,Spain,headline,65.97003850
1997-08-01,ES,Spain,headline,66.28665416
1997-09-01,ES,Spain,headline,66.61593445
1997-10-01,ES,Spain,headline,66.61593445
1997-11-01,ES,Spain,headline,66.67925758
1997-12-01,ES,Spain,headline,66.88189160
1998-01-01,ES,Spain,headline,67.00853786
1998-02-01,ES,Spain,headline,66.80590384
1998-03-01,ES,Spain,headline,66.88189160
1998-04-01,ES,Spain,headline,67.00853786
1998-05-01,ES,Spain,headline,67.13518412
1998-06-01,ES,Spain,headline,67.13518412
1998-07-01,ES,Spain,headline,67.46446441
1998-08-01,ES,Spain,headline,67.65443380
1998-09-01,ES,Spain,headline,67.65443380
1998-10-01,ES,Spain,headline,67.65443380
1998-11-01,ES,Spain,headline,67.59111067
1998-12-01,ES,Spain,headline,67.78108007
1999-01-01,ES,Spain,headline,67.98371409
1999-02-01,ES,Spain,headline,68.04703722
1999-03-01,ES,Spain,headline,68.30032975
1999-04-01,ES,Spain,headline,68.56628690
1999-05-01,ES,Spain,headline,68.56628690
1999-06-01,ES,Spain,headline,68.56628690
1999-07-01,ES,Spain,headline,68.88290256
1999-08-01,ES,Spain,headline,69.21218284
1999-09-01,ES,Spain,headline,69.33882910
1999-10-01,ES,Spain,headline,69.27550597
1999-11-01,ES,Spain,headline,69.40215224
1999-12-01,ES,Spain,headline,69.66810939
2000-01-01,ES,Spain,headline,69.92140192
2000-02-01,ES,Spain,headline,70.06071280
2000-03-01,ES,Spain,headline,70.37732846
2000-04-01,ES,Spain,headline,70.64328562
2000-05-01,ES,Spain,headline,70.76993188
2000-06-01,ES,Spain,headline,70.97256590
2000-07-01,ES,Spain,headline,71.41582782
2000-08-01,ES,Spain,headline,71.68178497
2000-09-01,ES,Spain,headline,71.93507750
2000-10-01,ES,Spain,headline,72.07438839
2000-11-01,ES,Spain,headline,72.26435778
2000-12-01,ES,Spain,headline,72.45432718
2001-01-01,ES,Spain,headline,71.93507750
2001-02-01,ES,Spain,headline,71.93507750
2001-03-01,ES,Spain,headline,72.53031494
2001-04-01,ES,Spain,headline,73.17621088
2001-05-01,ES,Spain,headline,73.42950341
2001-06-01,ES,Spain,headline,73.63213743
2001-07-01,ES,Spain,headline,73.11288775
2001-08-01,ES,Spain,headline,73.17621088
2001-09-01,ES,Spain,headline,73.56881430
2001-10-01,ES,Spain,headline,73.88542995
2001-11-01,ES,Spain,headline,74.08806397
2001-12-01,ES,Spain,headline,74.27803337
2002-01-01,ES,Spain,headline,74.15138711
2002-02-01,ES,Spain,headline,74.21471024
2002-03-01,ES,Spain,headline,74.86060618
2002-04-01,ES,Spain,headline,75.89910554
2002-05-01,ES,Spain,headline,76.16506269
2002-06-01,ES,Spain,headline,76.16506269
2002-07-01,ES,Spain,headline,75.64581301
2002-08-01,ES,Spain,headline,75.89910554
2002-09-01,ES,Spain,headline,76.16506269
2002-10-01,ES,Spain,headline,76.87428177
2002-11-01,ES,Spain,headline,77.00092803
2002-12-01,ES,Spain,headline,77.26688518
2003-01-01,ES,Spain,headline,76.93760490
2003-02-01,ES,Spain,headline,77.06425116
2003-03-01,ES,Spain,headline,77.65948860
2003-04-01,ES,Spain,headline,78.30538454
2003-05-01,ES,Spain,headline,78.24206141
2003-06-01,ES,Spain,headline,78.30538454
2003-07-01,ES,Spain,headline,77.84945799
2003-08-01,ES,Spain,headline,78.24206141
2003-09-01,ES,Spain,headline,78.43203080
2003-10-01,ES,Spain,headline,78.95128048
2003-11-01,ES,Spain,headline,79.21723763
2003-12-01,ES,Spain,headline,79.34388390
2004-01-01,ES,Spain,headline,78.69798796
2004-02-01,ES,Spain,headline,78.76131109
2004-03-01,ES,Spain,headline,79.34388390
2004-04-01,ES,Spain,headline,80.44570639
2004-05-01,ES,Spain,headline,80.90163294
2004-06-01,ES,Spain,headline,81.02827920
2004-07-01,ES,Spain,headline,80.44570639
2004-08-01,ES,Spain,headline,80.83830980
2004-09-01,ES,Spain,headline,80.96495607
2004-10-01,ES,Spain,headline,81.81348603
2004-11-01,ES,Spain,headline,82.00345543
2004-12-01,ES,Spain,headline,81.94013229
2005-01-01,ES,Spain,headline,81.15492546
2005-02-01,ES,Spain,headline,81.35755948
2005-03-01,ES,Spain,headline,82.06677856
2005-04-01,ES,Spain,headline,83.23192418
2005-05-01,ES,Spain,headline,83.37123507
2005-06-01,ES,Spain,headline,83.62452759
2005-07-01,ES,Spain,headline,83.10527791
2005-08-01,ES,Spain,headline,83.49788133
2005-09-01,ES,Spain,headline,84.01713101
2005-10-01,ES,Spain,headline,84.66302695
2005-11-01,ES,Spain,headline,84.78967322
2005-12-01,ES,Spain,headline,84.99230724
2006-01-01,ES,Spain,headline,84.59970382
2006-02-01,ES,Spain,headline,84.66302695
2006-03-01,ES,Spain,headline,85.25826439
2006-04-01,ES,Spain,headline,86.49939777
2006-05-01,ES,Spain,headline,86.80334880
2006-06-01,ES,Spain,headline,86.92999506
2006-07-01,ES,Spain,headline,86.44873926
2006-08-01,ES,Spain,headline,86.65137328
2006-09-01,ES,Spain,headline,86.48673314
2006-10-01,ES,Spain,headline,86.84134268
2006-11-01,ES,Spain,headline,87.05664133
2006-12-01,ES,Spain,headline,87.29726923
2007-01-01,ES,Spain,headline,86.66403791
2007-02-01,ES,Spain,headline,86.72736104
2007-03-01,ES,Spain,headline,87.39858624
2007-04-01,ES,Spain,headline,88.63971962
2007-05-01,ES,Spain,headline,88.89301214
2007-06-01,ES,Spain,headline,89.07031691
2007-07-01,ES,Spain,headline,88.43708560
2007-08-01,ES,Spain,headline,88.58906111
2007-09-01,ES,Spain,headline,88.85501826
2007-10-01,ES,Spain,headline,90.00749926
2007-11-01,ES,Spain,headline,90.65339520
2007-12-01,ES,Spain,headline,91.03333399
2008-01-01,ES,Spain,headline,90.46342581
2008-02-01,ES,Spain,headline,90.59007207
2008-03-01,ES,Spain,headline,91.41327278
2008-04-01,ES,Spain,headline,92.40111363
2008-05-01,ES,Spain,headline,93.03434495
2008-06-01,ES,Spain,headline,93.57892388
2008-07-01,ES,Spain,headline,93.14832659
2008-08-01,ES,Spain,headline,92.97102182
2008-09-01,ES,Spain,headline,92.92036331
2008-10-01,ES,Spain,headline,93.23697897
2008-11-01,ES,Spain,headline,92.83171093
2008-12-01,ES,Spain,headline,92.36311976
2009-01-01,ES,Spain,headline,91.18530951
2009-02-01,ES,Spain,headline,91.21063876
2009-03-01,ES,Spain,headline,91.34994965
2009-04-01,ES,Spain,headline,92.26180274
2009-05-01,ES,Spain,headline,92.22380887
2009-06-01,ES,Spain,headline,92.67973541
2009-07-01,ES,Spain,headline,91.91985783
2009-08-01,ES,Spain,headline,92.28713200
2009-09-01,ES,Spain,headline,92.05916872
2009-10-01,ES,Spain,headline,92.70506467
2009-11-01,ES,Spain,headline,93.21164972
2009-12-01,ES,Spain,headline,93.19898509
2010-01-01,ES,Spain,headline,91.83120545
2010-02-01,ES,Spain,headline,91.61590680
2010-03-01,ES,Spain,headline,93.80688716
2010-04-01,ES,Spain,headline,94.45278310
2010-05-01,ES,Spain,headline,94.49077698
2010-06-01,ES,Spain,headline,94.59209399
2010-07-01,ES,Spain,headline,93.54093000
2010-08-01,ES,Spain,headline,93.74356402
2010-09-01,ES,Spain,headline,94.60475861
2010-10-01,ES,Spain,headline,95.03535591
2010-11-01,ES,Spain,headline,95.32664231
2010-12-01,ES,Spain,headline,95.85855662
2011-01-01,ES,Spain,headline,94.60475861
2011-02-01,ES,Spain,headline,94.70607562
2011-03-01,ES,Spain,headline,96.93504986
2011-04-01,ES,Spain,headline,97.78357982
2011-05-01,ES,Spain,headline,97.66959818
2011-06-01,ES,Spain,headline,97.47962879
2011-07-01,ES,Spain,headline,96.33981242
2011-08-01,ES,Spain,headline,96.30181854
2011-09-01,ES,Spain,headline,97.46696416
2011-10-01,ES,Spain,headline,97.87223220
2011-11-01,ES,Spain,headline,98.08753085
2011-12-01,ES,Spain,headline,98.11286010
2012-01-01,ES,Spain,headline,96.47912331
2012-02-01,ES,Spain,headline,96.51711719
2012-03-01,ES,Spain,headline,98.64477441
2012-04-01,ES,Spain,headline,99.70860302
2012-05-01,ES,Spain,headline,99.50596900
2012-06-01,ES,Spain,headline,99.26534110
2012-07-01,ES,Spain,headline,98.41681114
2012-08-01,ES,Spain,headline,98.92339619
2012-09-01,ES,Spain,headline,100.82309014
2012-10-01,ES,Spain,headline,101.29168131
2012-11-01,ES,Spain,headline,101.05105341
2012-12-01,ES,Spain,headline,101.05105341
2013-01-01,ES,Spain,headline,99.21468259
2013-02-01,ES,Spain,headline,99.31599961
2013-03-01,ES,Spain,headline,101.15237042
2013-04-01,ES,Spain,headline,101.22835818
2013-05-01,ES,Spain,headline,101.32967519
2013-06-01,ES,Spain,headline,101.44365683
2013-07-01,ES,Spain,headline,100.29117583
2013-08-01,ES,Spain,headline,100.54446836
2013-09-01,ES,Spain,headline,101.31701056
2013-10-01,ES,Spain,headline,101.34233982
2013-11-01,ES,Spain,headline,101.35500444
2013-12-01,ES,Spain,headline,101.36766907
2014-01-01,ES,Spain,headline,99.49330437
2014-02-01,ES,Spain,headline,99.36665811
2014-03-01,ES,Spain,headline,100.93707177
2014-04-01,ES,Spain,headline,101.57030309
2014-05-01,ES,Spain,headline,101.54497384
2014-06-01,ES,Spain,headline,101.49431533
2014-07-01,ES,Spain,headline,99.93656629
2014-08-01,ES,Spain,headline,100.02521868
2014-09-01,ES,Spain,headline,101.03838878
2014-10-01,ES,Spain,headline,101.11437654
2014-11-01,ES,Spain,headline,100.87374864
2014-12-01,ES,Spain,headline,100.21518807
2015-01-01,ES,Spain,headline,98.03687235
2015-02-01,ES,Spain,headline,98.17618324
2015-03-01,ES,Spain,headline,100.15186494
2015-04-01,ES,Spain,headline,100.82309014
2015-05-01,ES,Spain,headline,101.26635206
2015-06-01,ES,Spain,headline,101.46898608
2015-07-01,ES,Spain,headline,99.89857242
2015-08-01,ES,Spain,headline,99.49330437
2015-09-01,ES,Spain,headline,99.89857242
2015-10-01,ES,Spain,headline,100.21518807
2015-11-01,ES,Spain,headline,100.46848060
2015-12-01,ES,Spain,headline,100.08854181
2016-01-01,ES,Spain,headline,97.63160430
2016-02-01,ES,Spain,headline,97.21367164
2016-03-01,ES,Spain,headline,99.16402409
2016-04-01,ES,Spain,headline,99.64527989
2016-05-01,ES,Spain,headline,100.17719419
2016-06-01,ES,Spain,headline,100.59512686
2016-07-01,ES,Spain,headline,99.25267647
2016-08-01,ES,Spain,headline,99.21468259
2016-09-01,ES,Spain,headline,99.92390167
2016-10-01,ES,Spain,headline,100.70910850
2016-11-01,ES,Spain,headline,100.94973640
2016-12-01,ES,Spain,headline,101.49431533
2017-01-01,ES,Spain,headline,100.50647448
2017-02-01,ES,Spain,headline,100.16452957
2017-03-01,ES,Spain,headline,101.29168131
2017-04-01,ES,Spain,headline,102.21619903
2017-05-01,ES,Spain,headline,102.15287590
2017-06-01,ES,Spain,headline,102.21619903
2017-07-01,ES,Spain,headline,100.97506565
2017-08-01,ES,Spain,headline,101.15237042
2017-09-01,ES,Spain,headline,101.76027248
2017-10-01,ES,Spain,headline,102.40616843
2017-11-01,ES,Spain,headline,102.73544871
2017-12-01,ES,Spain,headline,102.73544871
2018-01-01,ES,Spain,headline,101.22835818
2018-02-01,ES,Spain,headline,101.36766907
2018-03-01,ES,Spain,headline,102.58347320
2018-04-01,ES,Spain,headline,103.35601540
2018-05-01,ES,Spain,headline,104.31852700
2018-06-01,ES,Spain,headline,104.55915490
2018-07-01,ES,Spain,headline,103.31802152
2018-08-01,ES,Spain,headline,103.40667391
2018-09-01,ES,Spain,headline,104.06523448
2018-10-01,ES,Spain,headline,104.77445355
2018-11-01,ES,Spain,headline,104.52116102
2018-12-01,ES,Spain,headline,104.00191134
2019-01-01,ES,Spain,headline,102.25419291
2019-02-01,ES,Spain,headline,102.46949156
2019-03-01,ES,Spain,headline,103.90059433
2019-04-01,ES,Spain,headline,105.06573995
2019-05-01,ES,Spain,headline,105.30636785
2019-06-01,ES,Spain,headline,105.17972159
2019-07-01,ES,Spain,headline,103.98924672
2019-08-01,ES,Spain,headline,103.87526508
2019-09-01,ES,Spain,headline,104.28053312
2019-10-01,ES,Spain,headline,104.96442294
2019-11-01,ES,Spain,headline,105.00241682
2019-12-01,ES,Spain,headline,104.87577056
2020-01-01,ES,Spain,headline,103.41933853
2020-02-01,ES,Spain,headline,103.35601540
2020-03-01,ES,Spain,headline,103.97658209
2020-04-01,ES,Spain,headline,104.34385625
2020-05-01,ES,Spain,headline,104.40717939
2020-06-01,ES,Spain,headline,104.86310593
2020-07-01,ES,Spain,headline,103.22936914
2020-08-01,ES,Spain,headline,103.22936914
2020-09-01,ES,Spain,headline,103.68529569
2020-10-01,ES,Spain,headline,104.01457597
2020-11-01,ES,Spain,headline,104.11589298
2020-12-01,ES,Spain,headline,104.28053312
2021-01-01,ES,Spain,headline,103.87526508
2021-02-01,ES,Spain,headline,103.26736302
2021-03-01,ES,Spain,headline,105.21771547
2021-04-01,ES,Spain,headline,106.38286109
2021-05-01,ES,Spain,headline,106.95276928
2021-06-01,ES,Spain,headline,107.45935433
2021-07-01,ES,Spain,headline,106.18022707
2021-08-01,ES,Spain,headline,106.64881824
2021-09-01,ES,Spain,headline,107.86462237
2021-10-01,ES,Spain,headline,109.59967618
2021-11-01,ES,Spain,headline,109.86563333
2021-12-01,ES,Spain,headline,111.13209596
2022-01-01,ES,Spain,headline,110.25823675
2022-02-01,ES,Spain,headline,111.14476059
2022-03-01,ES,Spain,headline,115.50139204
2022-04-01,ES,Spain,headline,115.21010564
2022-05-01,ES,Spain,headline,116.02064172
2022-06-01,ES,Spain,headline,118.22428670
2022-07-01,ES,Spain,headline,117.54039688
2022-08-01,ES,Spain,headline,117.84434791
2022-09-01,ES,Spain,headline,117.55306151
2022-10-01,ES,Spain,headline,117.60372001
2022-11-01,ES,Spain,headline,117.21111660
2022-12-01,ES,Spain,headline,117.22378122
2023-01-01,ES,Spain,headline,116.71719617
2023-02-01,ES,Spain,headline,117.81901866
2023-03-01,ES,Spain,headline,119.06015204
2023-04-01,ES,Spain,headline,119.60473097
2023-05-01,ES,Spain,headline,119.44009083
2023-06-01,ES,Spain,headline,120.12398065
2023-07-01,ES,Spain,headline,120.03532827
2023-08-01,ES,Spain,headline,120.68122421
2023-09-01,ES,Spain,headline,121.37777866
2023-10-01,ES,Spain,headline,121.69439431
2023-11-01,ES,Spain,headline,121.04849837
2023-12-01,ES,Spain,headline,121.06116300
2024-01-01,ES,Spain,headline,120.82053510
2024-02-01,ES,Spain,headline,121.28912627
2024-03-01,ES,Spain,headline,122.92286307
2024-04-01,ES,Spain,headline,123.67007602
2024-05-01,ES,Spain,headline,123.94869780
2024-06-01,ES,Spain,headline,124.44261822
2024-07-01,ES,Spain,headline,123.50543588
2024-08-01,ES,Spain,headline,123.54342976
2024-09-01,ES,Spain,headline,123.42944812
2024-10-01,ES,Spain,headline,123.91070392
2024-11-01,ES,Spain,headline,123.94869780
2024-12-01,ES,Spain,headline,124.49327673
2025-01-01,ES,Spain,headline,124.30330734
2025-02-01,ES,Spain,headline,124.79722776
2025-03-01,ES,Spain,headline,125.65842235
2025-04-01,ES,Spain,headline,126.44362918
2025-05-01,ES,Spain,headline,126.40563530
2025-06-01,ES,Spain,headline,127.26682989
2025-07-01,ES,Spain,headline,126.83623260
2025-08-01,ES,Spain,headline,126.87422648
2025-09-01,ES,Spain,headline,127.17817751
2025-10-01,ES,Spain,headline,127.84940271
2025-11-01,ES,Spain,headline,127.86206733
2025-12-01,ES,Spain,headline,128.28000000
2026-01-01,ES,Spain,headline,127.31748840
2026-02-01,ES,Spain,headline,127.86206733
2026-03-01,ES,Spain,headline,129.98972455
2026-04-01,ES,Spain,headline,130.90157765
2026-05-01,ES,Spain,headline,131.01555929
2026-06-01,ES,Spain,headline,131.81343074
2000-12-01,ES,Spain,core,77.16946362
2001-01-01,ES,Spain,core,76.54548413
2001-02-01,ES,Spain,core,76.56948334
2001-03-01,ES,Spain,core,77.31345888
2001-04-01,ES,Spain,core,78.12943206
2001-05-01,ES,Spain,core,78.21342930
2001-06-01,ES,Spain,core,78.36942418
2001-07-01,ES,Spain,core,77.69744626
2001-08-01,ES,Spain,core,77.85344114
2001-09-01,ES,Spain,core,78.23742852
2001-10-01,ES,Spain,core,79.05340170
2001-11-01,ES,Spain,core,79.50938671
2001-12-01,ES,Spain,core,79.70138040
2002-01-01,ES,Spain,core,79.16139815
2002-02-01,ES,Spain,core,79.28139420
2002-03-01,ES,Spain,core,79.96537172
2002-04-01,ES,Spain,core,81.02133701
2002-05-01,ES,Spain,core,81.30932755
2002-06-01,ES,Spain,core,81.46532242
2002-07-01,ES,Spain,core,80.52935318
2002-08-01,ES,Spain,core,80.74534609
2002-09-01,ES,Spain,core,80.94933938
2002-10-01,ES,Spain,core,82.02930388
2002-11-01,ES,Spain,core,82.47328929
2002-12-01,ES,Spain,core,82.62928416
2003-01-01,ES,Spain,core,81.63331690
2003-02-01,ES,Spain,core,81.78931177
2003-03-01,ES,Spain,core,82.38929205
2003-04-01,ES,Spain,core,83.75724709
2003-05-01,ES,Spain,core,83.84124433
2003-06-01,ES,Spain,core,83.96124039
2003-07-01,ES,Spain,core,82.94127391
2003-08-01,ES,Spain,core,83.18126602
2003-09-01,ES,Spain,core,83.30126208
2003-10-01,ES,Spain,core,84.24923092
2003-11-01,ES,Spain,core,84.59721948
2003-12-01,ES,Spain,core,84.74121475
2004-01-01,ES,Spain,core,83.52925458
2004-02-01,ES,Spain,core,83.64925064
2004-03-01,ES,Spain,core,84.23723132
2004-04-01,ES,Spain,core,85.74918162
2004-05-01,ES,Spain,core,85.91717610
2004-06-01,ES,Spain,core,86.10916979
2004-07-01,ES,Spain,core,84.99320647
2004-08-01,ES,Spain,core,85.30519621
2004-09-01,ES,Spain,core,85.47319069
2004-10-01,ES,Spain,core,86.46915796
2004-11-01,ES,Spain,core,86.85314534
2004-12-01,ES,Spain,core,86.96114179
2005-01-01,ES,Spain,core,85.66518438
2005-02-01,ES,Spain,core,85.82117925
2005-03-01,ES,Spain,core,86.54115559
2005-04-01,ES,Spain,core,87.78911457
2005-05-01,ES,Spain,core,88.04110629
2005-06-01,ES,Spain,core,88.19710116
2005-07-01,ES,Spain,core,87.08113784
2005-08-01,ES,Spain,core,87.35712877
2005-09-01,ES,Spain,core,87.62112009
2005-10-01,ES,Spain,core,88.74908302
2005-11-01,ES,Spain,core,89.14507001
2005-12-01,ES,Spain,core,89.32506409
2006-01-01,ES,Spain,core,88.06510550
2006-02-01,ES,Spain,core,88.26909880
2006-03-01,ES,Spain,core,88.92907711
2006-04-01,ES,Spain,core,90.41702820
2006-05-01,ES,Spain,core,90.60902189
2006-06-01,ES,Spain,core,90.75301716
2006-07-01,ES,Spain,core,89.66105305
2006-08-01,ES,Spain,core,89.91304476
2006-09-01,ES,Spain,core,90.09303885
2006-10-01,ES,Spain,core,91.14900414
2006-11-01,ES,Spain,core,91.52099191
2006-12-01,ES,Spain,core,91.67698679
2007-01-01,ES,Spain,core,90.46502662
2007-02-01,ES,Spain,core,90.58502268
2007-03-01,ES,Spain,core,91.25700059
2007-04-01,ES,Spain,core,92.81694932
2007-05-01,ES,Spain,core,92.96094459
2007-06-01,ES,Spain,core,93.08094064
2007-07-01,ES,Spain,core,91.92897851
2007-08-01,ES,Spain,core,92.16897062
2007-09-01,ES,Spain,core,92.24096825
2007-10-01,ES,Spain,core,93.32093275
2007-11-01,ES,Spain,core,93.68092092
2007-12-01,ES,Spain,core,93.86091501
2008-01-01,ES,Spain,core,92.54095839
2008-02-01,ES,Spain,core,92.73295208
2008-03-01,ES,Spain,core,93.52492605
2008-04-01,ES,Spain,core,94.78488464
2008-05-01,ES,Spain,core,95.07287517
2008-06-01,ES,Spain,core,95.24086965
2008-07-01,ES,Spain,core,94.19690396
2008-08-01,ES,Spain,core,94.50889371
2008-09-01,ES,Spain,core,94.64088937
2008-10-01,ES,Spain,core,95.73285348
2008-11-01,ES,Spain,core,96.04484323
2008-12-01,ES,Spain,core,96.05684283
2009-01-01,ES,Spain,core,94.31690002
2009-02-01,ES,Spain,core,94.22090317
2009-03-01,ES,Spain,core,94.77288503
2009-04-01,ES,Spain,core,96.17683889
2009-05-01,ES,Spain,core,96.12884047
2009-06-01,ES,Spain,core,96.12884047
2009-07-01,ES,Spain,core,94.80888385
2009-08-01,ES,Spain,core,94.94087951
2009-09-01,ES,Spain,core,94.88088148
2009-10-01,ES,Spain,core,95.90084796
2009-11-01,ES,Spain,core,96.34483337
2009-12-01,ES,Spain,core,96.36883258
2010-01-01,ES,Spain,core,93.72891935
2010-02-01,ES,Spain,core,93.52492605
2010-03-01,ES,Spain,core,96.29683494
2010-04-01,ES,Spain,core,96.89681522
2010-05-01,ES,Spain,core,96.95681325
2010-06-01,ES,Spain,core,96.99281207
2010-07-01,ES,Spain,core,95.24086965
2010-08-01,ES,Spain,core,95.46886216
2010-09-01,ES,Spain,core,96.93281404
2010-10-01,ES,Spain,core,97.23280418
2010-11-01,ES,Spain,core,97.40079866
2010-12-01,ES,Spain,core,97.38879905
2011-01-01,ES,Spain,core,94.71288700
2011-02-01,ES,Spain,core,94.61689016
2011-03-01,ES,Spain,core,97.41279826
2011-04-01,ES,Spain,core,98.36076711
2011-05-01,ES,Spain,core,98.32476829
2011-06-01,ES,Spain,core,98.31276868
2011-07-01,ES,Spain,core,96.20083810
2011-08-01,ES,Spain,core,96.39283179
2011-09-01,ES,Spain,core,97.85678367
2011-10-01,ES,Spain,core,98.31276868
2011-11-01,ES,Spain,core,98.43276474
2011-12-01,ES,Spain,core,98.48076316
2012-01-01,ES,Spain,core,95.56485900
2012-02-01,ES,Spain,core,95.37286531
2012-03-01,ES,Spain,core,98.16877342
2012-04-01,ES,Spain,core,99.05674423
2012-05-01,ES,Spain,core,99.09274305
2012-06-01,ES,Spain,core,99.05674423
2012-07-01,ES,Spain,core,97.25680339
2012-08-01,ES,Spain,core,97.34080063
2012-09-01,ES,Spain,core,99.64472491
2012-10-01,ES,Spain,core,100.60469335
2012-11-01,ES,Spain,core,100.64069217
2012-12-01,ES,Spain,core,100.54469533
2013-01-01,ES,Spain,core,97.54479393
2013-02-01,ES,Spain,core,97.41279826
2013-03-01,ES,Spain,core,100.31670282
2013-04-01,ES,Spain,core,100.86868468
2013-05-01,ES,Spain,core,101.04867876
2013-06-01,ES,Spain,core,100.97668113
2013-07-01,ES,Spain,core,98.68475646
2013-08-01,ES,Spain,core,98.70875567
2013-09-01,ES,Spain,core,100.14870834
2013-10-01,ES,Spain,core,100.49669690
2013-11-01,ES,Spain,core,100.61669296
2013-12-01,ES,Spain,core,100.40070006
2014-01-01,ES,Spain,core,97.47279629
2014-02-01,ES,Spain,core,97.37679945
2014-03-01,ES,Spain,core,100.00471307
2014-04-01,ES,Spain,core,100.94068231
2014-05-01,ES,Spain,core,100.96468152
2014-06-01,ES,Spain,core,100.90468349
2014-07-01,ES,Spain,core,98.63675804
2014-08-01,ES,Spain,core,98.69675606
2014-09-01,ES,Spain,core,99.94471505
2014-10-01,ES,Spain,core,100.25670479
2014-11-01,ES,Spain,core,100.43669888
2014-12-01,ES,Spain,core,100.32870243
2015-01-01,ES,Spain,core,97.52079472
2015-02-01,ES,Spain,core,97.36479984
2015-03-01,ES,Spain,core,100.01671268
2015-04-01,ES,Spain,core,100.97668113
2015-05-01,ES,Spain,core,101.30067048
2015-06-01,ES,Spain,core,101.30067048
2015-07-01,ES,Spain,core,99.14074147
2015-08-01,ES,Spain,core,99.14074147
2015-09-01,ES,Spain,core,100.29270361
2015-10-01,ES,Spain,core,100.82068626
2015-11-01,ES,Spain,core,101.14467561
2015-12-01,ES,Spain,core,100.95268192
2016-01-01,ES,Spain,core,98.16877342
2016-02-01,ES,Spain,core,98.15677381
2016-03-01,ES,Spain,core,100.82068626
2016-04-01,ES,Spain,core,101.48066456
2016-05-01,ES,Spain,core,101.81665352
2016-06-01,ES,Spain,core,101.79265431
2016-07-01,ES,Spain,core,99.74072175
2016-08-01,ES,Spain,core,99.87271741
2016-09-01,ES,Spain,core,100.96468152
2016-10-01,ES,Spain,core,101.45666535
2016-11-01,ES,Spain,core,101.84065273
2016-12-01,ES,Spain,core,101.87665155
2017-01-01,ES,Spain,core,99.38073358
2017-02-01,ES,Spain,core,99.40473279
2017-03-01,ES,Spain,core,101.62465983
2017-04-01,ES,Spain,core,102.95661605
2017-05-01,ES,Spain,core,102.96861566
2017-06-01,ES,Spain,core,103.22060738
2017-07-01,ES,Spain,core,101.46866496
2017-08-01,ES,Spain,core,101.60066062
2017-09-01,ES,Spain,core,102.28463814
2017-10-01,ES,Spain,core,102.56062907
2017-11-01,ES,Spain,core,102.77662197
2017-12-01,ES,Spain,core,102.74062315
2018-01-01,ES,Spain,core,100.32870243
2018-02-01,ES,Spain,core,100.66469138
2018-03-01,ES,Spain,core,102.87261881
2018-04-01,ES,Spain,core,103.74859002
2018-05-01,ES,Spain,core,104.25257346
2018-06-01,ES,Spain,core,104.30057188
2018-07-01,ES,Spain,core,102.53662986
2018-08-01,ES,Spain,core,102.51263064
2018-09-01,ES,Spain,core,103.16060935
2018-10-01,ES,Spain,core,103.71259120
2018-11-01,ES,Spain,core,103.84458687
2018-12-01,ES,Spain,core,103.82058766
2019-01-01,ES,Spain,core,101.30067048
2019-02-01,ES,Spain,core,101.40866693
2019-03-01,ES,Spain,core,103.59259515
2019-04-01,ES,Spain,core,105.08054624
2019-05-01,ES,Spain,core,105.30853875
2019-06-01,ES,Spain,core,105.52453165
2019-07-01,ES,Spain,core,103.67659239
2019-08-01,ES,Spain,core,103.70059160
2019-09-01,ES,Spain,core,104.42056794
2019-10-01,ES,Spain,core,104.85255374
2019-11-01,ES,Spain,core,105.02054822
2019-12-01,ES,Spain,core,105.00854861
2020-01-01,ES,Spain,core,102.39263459
2020-02-01,ES,Spain,core,102.70462433
2020-03-01,ES,Spain,core,104.73255768
2020-04-01,ES,Spain,core,106.05251430
2020-05-01,ES,Spain,core,106.24450799
2020-06-01,ES,Spain,core,106.41250246
2020-07-01,ES,Spain,core,103.85658647
2020-08-01,ES,Spain,core,103.77258923
2020-09-01,ES,Spain,core,104.37256951
2020-10-01,ES,Spain,core,104.75655689
2020-11-01,ES,Spain,core,105.00854861
2020-12-01,ES,Spain,core,104.88855255
2021-01-01,ES,Spain,core,102.76462236
2021-02-01,ES,Spain,core,102.68062512
2021-03-01,ES,Spain,core,104.69655886
2021-04-01,ES,Spain,core,105.70452573
2021-05-01,ES,Spain,core,106.12451193
2021-06-01,ES,Spain,core,106.25650759
2021-07-01,ES,Spain,core,104.33657070
2021-08-01,ES,Spain,core,104.43256754
2021-09-01,ES,Spain,core,105.39253599
2021-10-01,ES,Spain,core,106.20850917
2021-11-01,ES,Spain,core,106.72449221
2021-12-01,ES,Spain,core,106.85648787
2022-01-01,ES,Spain,core,105.03254782
2022-02-01,ES,Spain,core,105.41653520
2022-03-01,ES,Spain,core,107.79245711
2022-04-01,ES,Spain,core,109.32840663
2022-05-01,ES,Spain,core,109.68839479
2022-06-01,ES,Spain,core,110.42037074
2022-07-01,ES,Spain,core,109.18441136
2022-08-01,ES,Spain,core,109.49640110
2022-09-01,ES,Spain,core,110.42037074
2022-10-01,ES,Spain,core,110.91235457
2022-11-01,ES,Spain,core,111.03235062
2022-12-01,ES,Spain,core,111.28434234
2023-01-01,ES,Spain,core,110.37237231
2023-02-01,ES,Spain,core,110.84035693
2023-03-01,ES,Spain,core,112.78429304
2023-04-01,ES,Spain,core,113.75626109
2023-05-01,ES,Spain,core,113.86425754
2023-06-01,ES,Spain,core,114.52423585
2023-07-01,ES,Spain,core,113.96025439
2023-08-01,ES,Spain,core,114.24824492
2023-09-01,ES,Spain,core,114.70422993
2023-10-01,ES,Spain,core,115.07621771
2023-11-01,ES,Spain,core,114.82422599
2023-12-01,ES,Spain,core,115.16021495
2024-01-01,ES,Spain,core,113.90025636
2024-02-01,ES,Spain,core,114.46423782
2024-03-01,ES,Spain,core,116.26417866
2024-04-01,ES,Spain,core,116.81616052
2024-05-01,ES,Spain,core,117.26014593
2024-06-01,ES,Spain,core,117.98012226
2024-07-01,ES,Spain,core,117.14014987
2024-08-01,ES,Spain,core,117.44014001
2024-09-01,ES,Spain,core,117.84812660
2024-10-01,ES,Spain,core,117.96812266
2024-11-01,ES,Spain,core,117.68013212
2024-12-01,ES,Spain,core,118.19611516
2025-01-01,ES,Spain,core,116.67216525
2025-02-01,ES,Spain,core,117.11615066
2025-03-01,ES,Spain,core,118.83209426
2025-04-01,ES,Spain,core,120.27204693
2025-05-01,ES,Spain,core,120.15205088
2025-06-01,ES,Spain,core,120.88402682
2025-07-01,ES,Spain,core,120.16405048
2025-08-01,ES,Spain,core,120.56003747
2025-09-01,ES,Spain,core,121.02802209
2025-10-01,ES,Spain,core,121.38801025
2025-11-01,ES,Spain,core,121.19601656
2025-12-01,ES,Spain,core,121.70000000
2026-01-01,ES,Spain,core,120.12805167
2026-02-01,ES,Spain,core,120.63203510
2026-03-01,ES,Spain,core,122.49197397
2026-04-01,ES,Spain,core,124.17191875
2026-05-01,ES,Spain,core,124.55590613
2026-06-01,ES,Spain,core,125.21588444
2000-12-01,ES,Spain,core_exvolatile,74.90094731
2001-01-01,ES,Spain,core_exvolatile,74.46785080
2001-02-01,ES,Spain,core_exvolatile,74.50497336
2001-03-01,ES,Spain,core_exvolatile,75.12368265
2001-04-01,ES,Spain,core_exvolatile,75.80426288
2001-05-01,ES,Spain,core_exvolatile,75.94037892
2001-06-01,ES,Spain,core_exvolatile,76.08886915
2001-07-01,ES,Spain,core_exvolatile,75.56915335
2001-08-01,ES,Spain,core_exvolatile,75.71764358
2001-09-01,ES,Spain,core_exvolatile,76.10124334
2001-10-01,ES,Spain,core_exvolatile,76.86844287
2001-11-01,ES,Spain,core_exvolatile,77.30153937
2001-12-01,ES,Spain,core_exvolatile,77.51190053
2002-01-01,ES,Spain,core_exvolatile,77.10355240
2002-02-01,ES,Spain,core_exvolatile,77.21492007
2002-03-01,ES,Spain,core_exvolatile,77.82125518
2002-04-01,ES,Spain,core_exvolatile,78.87306098
2002-05-01,ES,Spain,core_exvolatile,79.15766726
2002-06-01,ES,Spain,core_exvolatile,79.31853168
2002-07-01,ES,Spain,core_exvolatile,78.56370634
2002-08-01,ES,Spain,core_exvolatile,78.76169331
2002-09-01,ES,Spain,core_exvolatile,78.94730610
2002-10-01,ES,Spain,core_exvolatile,79.85062167
2002-11-01,ES,Spain,core_exvolatile,80.22184725
2002-12-01,ES,Spain,core_exvolatile,80.38271166
2003-01-01,ES,Spain,core_exvolatile,79.65263470
2003-02-01,ES,Spain,core_exvolatile,79.86299586
2003-03-01,ES,Spain,core_exvolatile,80.39508585
2003-04-01,ES,Spain,core_exvolatile,81.53351095
2003-05-01,ES,Spain,core_exvolatile,81.62013025
2003-06-01,ES,Spain,core_exvolatile,81.71912374
2003-07-01,ES,Spain,core_exvolatile,80.90242747
2003-08-01,ES,Spain,core_exvolatile,81.12516282
2003-09-01,ES,Spain,core_exvolatile,81.24890468
2003-10-01,ES,Spain,core_exvolatile,82.07797513
2003-11-01,ES,Spain,core_exvolatile,82.39970397
2003-12-01,ES,Spain,core_exvolatile,82.53582001
2004-01-01,ES,Spain,core_exvolatile,81.63250444
2004-02-01,ES,Spain,core_exvolatile,81.80574304
2004-03-01,ES,Spain,core_exvolatile,82.32545885
2004-04-01,ES,Spain,core_exvolatile,83.63712256
2004-05-01,ES,Spain,core_exvolatile,83.93410302
2004-06-01,ES,Spain,core_exvolatile,84.11971581
2004-07-01,ES,Spain,core_exvolatile,83.22877442
2004-08-01,ES,Spain,core_exvolatile,83.48863233
2004-09-01,ES,Spain,core_exvolatile,83.64949674
2004-10-01,ES,Spain,core_exvolatile,84.46619301
2004-11-01,ES,Spain,core_exvolatile,84.80029603
2004-12-01,ES,Spain,core_exvolatile,84.92403789
2005-01-01,ES,Spain,core_exvolatile,83.92172883
2005-02-01,ES,Spain,core_exvolatile,84.05784488
2005-03-01,ES,Spain,core_exvolatile,84.72605092
2005-04-01,ES,Spain,core_exvolatile,85.88922439
2005-05-01,ES,Spain,core_exvolatile,86.11195974
2005-06-01,ES,Spain,core_exvolatile,86.26044997
2005-07-01,ES,Spain,core_exvolatile,85.32001184
2005-08-01,ES,Spain,core_exvolatile,85.54274719
2005-09-01,ES,Spain,core_exvolatile,85.79023091
2005-10-01,ES,Spain,core_exvolatile,86.74304322
2005-11-01,ES,Spain,core_exvolatile,87.17613973
2005-12-01,ES,Spain,core_exvolatile,87.43599763
2006-01-01,ES,Spain,core_exvolatile,86.44606276
2006-02-01,ES,Spain,core_exvolatile,86.58217880
2006-03-01,ES,Spain,core_exvolatile,87.38650089
2006-04-01,ES,Spain,core_exvolatile,88.64866785
2006-05-01,ES,Spain,core_exvolatile,88.82190645
2006-06-01,ES,Spain,core_exvolatile,88.94564831
2006-07-01,ES,Spain,core_exvolatile,88.05470693
2006-08-01,ES,Spain,core_exvolatile,88.20319716
2006-09-01,ES,Spain,core_exvolatile,88.35168739
2006-10-01,ES,Spain,core_exvolatile,89.21788040
2006-11-01,ES,Spain,core_exvolatile,89.52723505
2006-12-01,ES,Spain,core_exvolatile,89.66335110
2007-01-01,ES,Spain,core_exvolatile,88.83428064
2007-02-01,ES,Spain,core_exvolatile,89.00751924
2007-03-01,ES,Spain,core_exvolatile,89.58910598
2007-04-01,ES,Spain,core_exvolatile,90.88839550
2007-05-01,ES,Spain,core_exvolatile,91.02451155
2007-06-01,ES,Spain,core_exvolatile,91.13587922
2007-07-01,ES,Spain,core_exvolatile,90.19544109
2007-08-01,ES,Spain,core_exvolatile,90.44292481
2007-09-01,ES,Spain,core_exvolatile,90.66566015
2007-10-01,ES,Spain,core_exvolatile,92.00207223
2007-11-01,ES,Spain,core_exvolatile,92.45991711
2007-12-01,ES,Spain,core_exvolatile,92.68265246
2008-01-01,ES,Spain,core_exvolatile,91.69271758
2008-02-01,ES,Spain,core_exvolatile,91.96494967
2008-03-01,ES,Spain,core_exvolatile,92.68265246
2008-04-01,ES,Spain,core_exvolatile,93.77158082
2008-05-01,ES,Spain,core_exvolatile,94.03143872
2008-06-01,ES,Spain,core_exvolatile,94.20467732
2008-07-01,ES,Spain,core_exvolatile,93.35085850
2008-08-01,ES,Spain,core_exvolatile,93.63546477
2008-09-01,ES,Spain,core_exvolatile,93.75920663
2008-10-01,ES,Spain,core_exvolatile,94.68727057
2008-11-01,ES,Spain,core_exvolatile,94.93475429
2008-12-01,ES,Spain,core_exvolatile,94.94712848
2009-01-01,ES,Spain,core_exvolatile,93.48697454
2009-02-01,ES,Spain,core_exvolatile,93.41272943
2009-03-01,ES,Spain,core_exvolatile,93.84582593
2009-04-01,ES,Spain,core_exvolatile,95.02137359
2009-05-01,ES,Spain,core_exvolatile,94.91000592
2009-06-01,ES,Spain,core_exvolatile,95.02137359
2009-07-01,ES,Spain,core_exvolatile,93.99431616
2009-08-01,ES,Spain,core_exvolatile,94.13043221
2009-09-01,ES,Spain,core_exvolatile,94.04381291
2009-10-01,ES,Spain,core_exvolatile,94.92238011
2009-11-01,ES,Spain,core_exvolatile,95.31835406
2009-12-01,ES,Spain,core_exvolatile,95.38022499
2010-01-01,ES,Spain,core_exvolatile,93.14049734
2010-02-01,ES,Spain,core_exvolatile,92.95488455
2010-03-01,ES,Spain,core_exvolatile,95.30597987
2010-04-01,ES,Spain,core_exvolatile,95.75145056
2010-05-01,ES,Spain,core_exvolatile,95.78857312
2010-06-01,ES,Spain,core_exvolatile,95.98656009
2010-07-01,ES,Spain,core_exvolatile,94.50165779
2010-08-01,ES,Spain,core_exvolatile,94.72439313
2010-09-01,ES,Spain,core_exvolatile,95.97418591
2010-10-01,ES,Spain,core_exvolatile,96.23404381
2010-11-01,ES,Spain,core_exvolatile,96.41965660
2010-12-01,ES,Spain,core_exvolatile,96.65476613
2011-01-01,ES,Spain,core_exvolatile,94.46453523
2011-02-01,ES,Spain,core_exvolatile,94.41503848
2011-03-01,ES,Spain,core_exvolatile,96.82800474
2011-04-01,ES,Spain,core_exvolatile,97.68182356
2011-05-01,ES,Spain,core_exvolatile,97.66944938
2011-06-01,ES,Spain,core_exvolatile,97.50858496
2011-07-01,ES,Spain,core_exvolatile,95.80094731
2011-08-01,ES,Spain,core_exvolatile,95.98656009
2011-09-01,ES,Spain,core_exvolatile,97.37246892
2011-10-01,ES,Spain,core_exvolatile,97.81793961
2011-11-01,ES,Spain,core_exvolatile,97.96642984
2011-12-01,ES,Spain,core_exvolatile,98.04067496
2012-01-01,ES,Spain,core_exvolatile,95.57821196
2012-02-01,ES,Spain,core_exvolatile,95.45447010
2012-03-01,ES,Spain,core_exvolatile,97.85506217
2012-04-01,ES,Spain,core_exvolatile,98.74600355
2012-05-01,ES,Spain,core_exvolatile,98.82024867
2012-06-01,ES,Spain,core_exvolatile,98.78312611
2012-07-01,ES,Spain,core_exvolatile,97.24872706
2012-08-01,ES,Spain,core_exvolatile,97.32297217
2012-09-01,ES,Spain,core_exvolatile,99.36471285
2012-10-01,ES,Spain,core_exvolatile,100.24328005
2012-11-01,ES,Spain,core_exvolatile,100.31752516
2012-12-01,ES,Spain,core_exvolatile,100.28040261
2013-01-01,ES,Spain,core_exvolatile,97.81793961
2013-02-01,ES,Spain,core_exvolatile,97.74369449
2013-03-01,ES,Spain,core_exvolatile,100.24328005
2013-04-01,ES,Spain,core_exvolatile,100.71349911
2013-05-01,ES,Spain,core_exvolatile,100.88673771
2013-06-01,ES,Spain,core_exvolatile,100.82486679
2013-07-01,ES,Spain,core_exvolatile,98.91924216
2013-08-01,ES,Spain,core_exvolatile,98.95636471
2013-09-01,ES,Spain,core_exvolatile,100.20615749
2013-10-01,ES,Spain,core_exvolatile,100.54026051
2013-11-01,ES,Spain,core_exvolatile,100.65162818
2013-12-01,ES,Spain,core_exvolatile,100.45364121
2014-01-01,ES,Spain,core_exvolatile,97.95405565
2014-02-01,ES,Spain,core_exvolatile,97.85506217
2014-03-01,ES,Spain,core_exvolatile,100.07004144
2014-04-01,ES,Spain,core_exvolatile,100.82486679
2014-05-01,ES,Spain,core_exvolatile,100.81249260
2014-06-01,ES,Spain,core_exvolatile,100.71349911
2014-07-01,ES,Spain,core_exvolatile,98.77075192
2014-08-01,ES,Spain,core_exvolatile,98.83262285
2014-09-01,ES,Spain,core_exvolatile,99.93392540
2014-10-01,ES,Spain,core_exvolatile,100.21853168
2014-11-01,ES,Spain,core_exvolatile,100.39177028
2014-12-01,ES,Spain,core_exvolatile,100.29277679
2015-01-01,ES,Spain,core_exvolatile,97.94168147
2015-02-01,ES,Spain,core_exvolatile,97.84268798
2015-03-01,ES,Spain,core_exvolatile,100.11953819
2015-04-01,ES,Spain,core_exvolatile,100.93623446
2015-05-01,ES,Spain,core_exvolatile,101.23321492
2015-06-01,ES,Spain,core_exvolatile,101.24558911
2015-07-01,ES,Spain,core_exvolatile,99.41420959
2015-08-01,ES,Spain,core_exvolatile,99.42658378
2015-09-01,ES,Spain,core_exvolatile,100.44126702
2015-10-01,ES,Spain,core_exvolatile,100.92386027
2015-11-01,ES,Spain,core_exvolatile,101.22084073
2015-12-01,ES,Spain,core_exvolatile,101.05997632
2016-01-01,ES,Spain,core_exvolatile,98.69650681
2016-02-01,ES,Spain,core_exvolatile,98.69650681
2016-03-01,ES,Spain,core_exvolatile,100.98573120
2016-04-01,ES,Spain,core_exvolatile,101.54256957
2016-05-01,ES,Spain,core_exvolatile,101.82717584
2016-06-01,ES,Spain,core_exvolatile,101.79005329
2016-07-01,ES,Spain,core_exvolatile,100.02054470
2016-08-01,ES,Spain,core_exvolatile,100.13191237
2016-09-01,ES,Spain,core_exvolatile,101.04760213
2016-10-01,ES,Spain,core_exvolatile,101.46832445
2016-11-01,ES,Spain,core_exvolatile,101.80242747
2016-12-01,ES,Spain,core_exvolatile,101.82717584
2017-01-01,ES,Spain,core_exvolatile,99.81018354
2017-02-01,ES,Spain,core_exvolatile,99.79780935
2017-03-01,ES,Spain,core_exvolatile,101.65393724
2017-04-01,ES,Spain,core_exvolatile,102.76761397
2017-05-01,ES,Spain,core_exvolatile,102.81711072
2017-06-01,ES,Spain,core_exvolatile,103.06459443
2017-07-01,ES,Spain,core_exvolatile,101.64156306
2017-08-01,ES,Spain,core_exvolatile,101.79005329
2017-09-01,ES,Spain,core_exvolatile,102.32214328
2017-10-01,ES,Spain,core_exvolatile,102.55725281
2017-11-01,ES,Spain,core_exvolatile,102.77998816
2017-12-01,ES,Spain,core_exvolatile,102.75523979
2018-01-01,ES,Spain,core_exvolatile,100.80011841
2018-02-01,ES,Spain,core_exvolatile,101.07235050
2018-03-01,ES,Spain,core_exvolatile,102.91610420
2018-04-01,ES,Spain,core_exvolatile,103.67092954
2018-05-01,ES,Spain,core_exvolatile,104.09165187
2018-06-01,ES,Spain,core_exvolatile,104.12877442
2018-07-01,ES,Spain,core_exvolatile,102.65624630
2018-08-01,ES,Spain,core_exvolatile,102.66862049
2018-09-01,ES,Spain,core_exvolatile,103.18833629
2018-10-01,ES,Spain,core_exvolatile,103.68330373
2018-11-01,ES,Spain,core_exvolatile,103.74517466
2018-12-01,ES,Spain,core_exvolatile,103.72042629
2019-01-01,ES,Spain,core_exvolatile,101.64156306
2019-02-01,ES,Spain,core_exvolatile,101.74055654
2019-03-01,ES,Spain,core_exvolatile,103.58431024
2019-04-01,ES,Spain,core_exvolatile,104.83410302
2019-05-01,ES,Spain,core_exvolatile,105.04446418
2019-06-01,ES,Spain,core_exvolatile,105.21770278
2019-07-01,ES,Spain,core_exvolatile,103.68330373
2019-08-01,ES,Spain,core_exvolatile,103.76992303
2019-09-01,ES,Spain,core_exvolatile,104.33913558
2019-10-01,ES,Spain,core_exvolatile,104.73510953
2019-11-01,ES,Spain,core_exvolatile,104.88359976
2019-12-01,ES,Spain,core_exvolatile,104.84647721
2020-01-01,ES,Spain,core_exvolatile,102.73049142
2020-02-01,ES,Spain,core_exvolatile,103.06459443
2020-03-01,ES,Spain,core_exvolatile,104.78460628
2020-04-01,ES,Spain,core_exvolatile,105.97252812
2020-05-01,ES,Spain,core_exvolatile,106.17051510
2020-06-01,ES,Spain,core_exvolatile,106.24476021
2020-07-01,ES,Spain,core_exvolatile,104.09165187
2020-08-01,ES,Spain,core_exvolatile,104.04215512
2020-09-01,ES,Spain,core_exvolatile,104.50000000
2020-10-01,ES,Spain,core_exvolatile,104.83410302
2020-11-01,ES,Spain,core_exvolatile,105.01971581
2020-12-01,ES,Spain,core_exvolatile,104.90834813
2021-01-01,ES,Spain,core_exvolatile,103.31207815
2021-02-01,ES,Spain,core_exvolatile,103.26258141
2021-03-01,ES,Spain,core_exvolatile,104.89597395
2021-04-01,ES,Spain,core_exvolatile,105.73741859
2021-05-01,ES,Spain,core_exvolatile,106.10864417
2021-06-01,ES,Spain,core_exvolatile,106.24476021
2021-07-01,ES,Spain,core_exvolatile,104.74748372
2021-08-01,ES,Spain,core_exvolatile,104.87122558
2021-09-01,ES,Spain,core_exvolatile,105.67554766
2021-10-01,ES,Spain,core_exvolatile,106.44274719
2021-11-01,ES,Spain,core_exvolatile,106.93771462
2021-12-01,ES,Spain,core_exvolatile,107.24706927
2022-01-01,ES,Spain,core_exvolatile,105.96015394
2022-02-01,ES,Spain,core_exvolatile,106.56648905
2022-03-01,ES,Spain,core_exvolatile,108.68247484
2022-04-01,ES,Spain,core_exvolatile,110.50148017
2022-05-01,ES,Spain,core_exvolatile,111.10781528
2022-06-01,ES,Spain,core_exvolatile,111.93688573
2022-07-01,ES,Spain,core_exvolatile,111.16968620
2022-08-01,ES,Spain,core_exvolatile,111.60278271
2022-09-01,ES,Spain,core_exvolatile,112.43185317
2022-10-01,ES,Spain,core_exvolatile,113.07531083
2022-11-01,ES,Spain,core_exvolatile,113.57027827
2022-12-01,ES,Spain,core_exvolatile,114.34985198
2023-01-01,ES,Spain,core_exvolatile,113.80538780
2023-02-01,ES,Spain,core_exvolatile,114.54783896
2023-03-01,ES,Spain,core_exvolatile,116.32972173
2023-04-01,ES,Spain,core_exvolatile,117.27015986
2023-05-01,ES,Spain,core_exvolatile,117.41865009
2023-06-01,ES,Spain,core_exvolatile,118.01261101
2023-07-01,ES,Spain,core_exvolatile,117.60426288
2023-08-01,ES,Spain,core_exvolatile,117.95074008
2023-09-01,ES,Spain,core_exvolatile,118.40858496
2023-10-01,ES,Spain,core_exvolatile,118.81693310
2023-11-01,ES,Spain,core_exvolatile,118.64369449
2023-12-01,ES,Spain,core_exvolatile,118.91592658
2024-01-01,ES,Spain,core_exvolatile,118.08685613
2024-02-01,ES,Spain,core_exvolatile,118.73031380
2024-03-01,ES,Spain,core_exvolatile,120.27708703
2024-04-01,ES,Spain,core_exvolatile,120.83392540
2024-05-01,ES,Spain,core_exvolatile,121.19277679
2024-06-01,ES,Spain,core_exvolatile,121.78673771
2024-07-01,ES,Spain,core_exvolatile,121.04428656
2024-08-01,ES,Spain,core_exvolatile,121.30414446
2024-09-01,ES,Spain,core_exvolatile,121.60112493
2024-10-01,ES,Spain,core_exvolatile,121.81148609
2024-11-01,ES,Spain,core_exvolatile,121.57637655
2024-12-01,ES,Spain,core_exvolatile,121.98472469
2025-01-01,ES,Spain,core_exvolatile,120.84629959
2025-02-01,ES,Spain,core_exvolatile,121.22989935
2025-03-01,ES,Spain,core_exvolatile,122.65293073
2025-04-01,ES,Spain,core_exvolatile,123.86560095
2025-05-01,ES,Spain,core_exvolatile,123.84085258
2025-06-01,ES,Spain,core_exvolatile,124.47193606
2025-07-01,ES,Spain,core_exvolatile,123.85322676
2025-08-01,ES,Spain,core_exvolatile,124.23682652
2025-09-01,ES,Spain,core_exvolatile,124.60805210
2025-10-01,ES,Spain,core_exvolatile,125.00402605
2025-11-01,ES,Spain,core_exvolatile,124.91740675
2025-12-01,ES,Spain,core_exvolatile,125.40000000
2026-01-01,ES,Spain,core_exvolatile,124.19970397
2026-02-01,ES,Spain,core_exvolatile,124.66992303
2026-03-01,ES,Spain,core_exvolatile,126.25381883
2026-04-01,ES,Spain,core_exvolatile,127.71397276
2026-05-01,ES,Spain,core_exvolatile,128.04807578
2026-06-01,ES,Spain,core_exvolatile,128.58016578
2000-12-01,ES,Spain,neig,89.74773223
2001-01-01,ES,Spain,neig,87.56628723
2001-02-01,ES,Spain,neig,87.44509584
2001-03-01,ES,Spain,neig,88.91040991
2001-04-01,ES,Spain,neig,90.34267178
2001-05-01,ES,Spain,neig,90.61810675
2001-06-01,ES,Spain,neig,90.52996756
2001-07-01,ES,Spain,neig,88.13919198
2001-08-01,ES,Spain,neig,87.91884400
2001-09-01,ES,Spain,neig,89.28500147
2001-10-01,ES,Spain,neig,91.27915069
2001-11-01,ES,Spain,neig,92.39190799
2001-12-01,ES,Spain,neig,92.33682100
2002-01-01,ES,Spain,neig,90.04520201
2002-02-01,ES,Spain,neig,89.80281923
2002-03-01,ES,Spain,neig,90.60708935
2002-04-01,ES,Spain,neig,92.82158655
2002-05-01,ES,Spain,neig,93.24024771
2002-06-01,ES,Spain,neig,93.19617812
2002-07-01,ES,Spain,neig,90.23249779
2002-08-01,ES,Spain,neig,90.08927160
2002-09-01,ES,Spain,neig,90.98168092
2002-10-01,ES,Spain,neig,93.65890888
2002-11-01,ES,Spain,neig,94.98099676
2002-12-01,ES,Spain,neig,94.84878797
2003-01-01,ES,Spain,neig,91.89612504
2003-02-01,ES,Spain,neig,91.85205544
2003-03-01,ES,Spain,neig,92.78853436
2003-04-01,ES,Spain,neig,95.36660572
2003-05-01,ES,Spain,neig,95.80730168
2003-06-01,ES,Spain,neig,95.65305809
2003-07-01,ES,Spain,neig,92.32580360
2003-08-01,ES,Spain,neig,92.08342082
2003-09-01,ES,Spain,neig,93.01989973
2003-10-01,ES,Spain,neig,95.19032734
2003-11-01,ES,Spain,neig,96.23698024
2003-12-01,ES,Spain,neig,96.14884105
2004-01-01,ES,Spain,neig,92.65632557
2004-02-01,ES,Spain,neig,92.48004718
2004-03-01,ES,Spain,neig,93.32838691
2004-04-01,ES,Spain,neig,96.19291065
2004-05-01,ES,Spain,neig,96.78785019
2004-06-01,ES,Spain,neig,96.72174580
2004-07-01,ES,Spain,neig,93.17414332
2004-08-01,ES,Spain,neig,93.07498673
2004-09-01,ES,Spain,neig,94.07757004
2004-10-01,ES,Spain,neig,96.55648481
2004-11-01,ES,Spain,neig,97.52601592
2004-12-01,ES,Spain,neig,97.34973754
2005-01-01,ES,Spain,neig,93.63687408
2005-02-01,ES,Spain,neig,93.43856090
2005-03-01,ES,Spain,neig,94.40809201
2005-04-01,ES,Spain,neig,97.23956355
2005-05-01,ES,Spain,neig,97.71331171
2005-06-01,ES,Spain,neig,97.58110292
2005-07-01,ES,Spain,neig,93.92332645
2005-08-01,ES,Spain,neig,93.78010027
2005-09-01,ES,Spain,neig,95.02506635
2005-10-01,ES,Spain,neig,97.70229431
2005-11-01,ES,Spain,neig,98.72691242
2005-12-01,ES,Spain,neig,98.55063403
2006-01-01,ES,Spain,neig,94.94794456
2006-02-01,ES,Spain,neig,94.87082277
2006-03-01,ES,Spain,neig,95.88442347
2006-04-01,ES,Spain,neig,98.67182542
2006-05-01,ES,Spain,neig,99.25574757
2006-06-01,ES,Spain,neig,99.14557358
2006-07-01,ES,Spain,neig,95.46576231
2006-08-01,ES,Spain,neig,95.34457092
2006-09-01,ES,Spain,neig,96.40224123
2006-10-01,ES,Spain,neig,99.09048658
2006-11-01,ES,Spain,neig,100.10408729
2006-12-01,ES,Spain,neig,99.89475671
2007-01-01,ES,Spain,neig,96.17087585
2007-02-01,ES,Spain,neig,95.92849307
2007-03-01,ES,Spain,neig,96.68869360
2007-04-01,ES,Spain,neig,99.59728694
2007-05-01,ES,Spain,neig,100.06001769
2007-06-01,ES,Spain,neig,99.85068711
2007-07-01,ES,Spain,neig,96.03866706
2007-08-01,ES,Spain,neig,95.81831908
2007-09-01,ES,Spain,neig,96.84293719
2007-10-01,ES,Spain,neig,99.50914774
2007-11-01,ES,Spain,neig,100.51173105
2007-12-01,ES,Spain,neig,100.25833088
2008-01-01,ES,Spain,neig,96.43529342
2008-02-01,ES,Spain,neig,96.24799764
2008-03-01,ES,Spain,neig,97.09633736
2008-04-01,ES,Spain,neig,99.92780891
2008-05-01,ES,Spain,neig,100.29138307
2008-06-01,ES,Spain,neig,100.07103509
2008-07-01,ES,Spain,neig,96.43529342
2008-08-01,ES,Spain,neig,96.29206724
2008-09-01,ES,Spain,neig,97.40482454
2008-10-01,ES,Spain,neig,100.07103509
2008-11-01,ES,Spain,neig,101.12870540
2008-12-01,ES,Spain,neig,100.71004423
2009-01-01,ES,Spain,neig,96.23698024
2009-02-01,ES,Spain,neig,95.73017989
2009-03-01,ES,Spain,neig,96.72174580
2009-04-01,ES,Spain,neig,99.37693896
2009-05-01,ES,Spain,neig,99.66339133
2009-06-01,ES,Spain,neig,99.32185196
2009-07-01,ES,Spain,neig,95.41067532
2009-08-01,ES,Spain,neig,95.04710115
2009-09-01,ES,Spain,neig,95.92849307
2009-10-01,ES,Spain,neig,98.58368623
2009-11-01,ES,Spain,neig,99.96086110
2009-12-01,ES,Spain,neig,99.58626954
2010-01-01,ES,Spain,neig,93.25126511
2010-02-01,ES,Spain,neig,92.67836037
2010-03-01,ES,Spain,neig,98.96929519
2010-04-01,ES,Spain,neig,100.28036567
2010-05-01,ES,Spain,neig,100.56681805
2010-06-01,ES,Spain,neig,100.26934827
2010-07-01,ES,Spain,neig,94.70556178
2010-08-01,ES,Spain,neig,94.36402241
2010-09-01,ES,Spain,neig,99.01336479
2010-10-01,ES,Spain,neig,100.01594810
2010-11-01,ES,Spain,neig,100.71004423
2010-12-01,ES,Spain,neig,100.12612209
2011-01-01,ES,Spain,neig,93.55975229
2011-02-01,ES,Spain,neig,92.96481274
2011-03-01,ES,Spain,neig,99.54219994
2011-04-01,ES,Spain,neig,101.08463580
2011-05-01,ES,Spain,neig,101.40414037
2011-06-01,ES,Spain,neig,101.07361840
2011-07-01,ES,Spain,neig,94.84878797
2011-08-01,ES,Spain,neig,94.44114421
2011-09-01,ES,Spain,neig,99.20066057
2011-10-01,ES,Spain,neig,100.66597464
2011-11-01,ES,Spain,neig,101.26091418
2011-12-01,ES,Spain,neig,100.61088764
2012-01-01,ES,Spain,neig,93.83518726
2012-02-01,ES,Spain,neig,93.19617812
2012-03-01,ES,Spain,neig,99.81763492
2012-04-01,ES,Spain,neig,101.30498378
2012-05-01,ES,Spain,neig,101.77873194
2012-06-01,ES,Spain,neig,101.30498378
2012-07-01,ES,Spain,neig,96.04968446
2012-08-01,ES,Spain,neig,95.34457092
2012-09-01,ES,Spain,neig,101.18379239
2012-10-01,ES,Spain,neig,102.74826305
2012-11-01,ES,Spain,neig,103.45337659
2012-12-01,ES,Spain,neig,102.68215866
2013-01-01,ES,Spain,neig,95.59797110
2013-02-01,ES,Spain,neig,95.04710115
2013-03-01,ES,Spain,neig,101.77873194
2013-04-01,ES,Spain,neig,103.56355058
2013-05-01,ES,Spain,neig,103.96017694
2013-06-01,ES,Spain,neig,103.43134179
2013-07-01,ES,Spain,neig,96.77683279
2013-08-01,ES,Spain,neig,96.17087585
2013-09-01,ES,Spain,neig,101.11768800
2013-10-01,ES,Spain,neig,102.61605426
2013-11-01,ES,Spain,neig,103.42032439
2013-12-01,ES,Spain,neig,102.50588027
2014-01-01,ES,Spain,neig,95.65305809
2014-02-01,ES,Spain,neig,95.02506635
2014-03-01,ES,Spain,neig,101.50329696
2014-04-01,ES,Spain,neig,103.22201121
2014-05-01,ES,Spain,neig,103.75084636
2014-06-01,ES,Spain,neig,103.16692421
2014-07-01,ES,Spain,neig,96.55648481
2014-08-01,ES,Spain,neig,95.99459746
2014-09-01,ES,Spain,neig,100.65495724
2014-10-01,ES,Spain,neig,102.14230610
2014-11-01,ES,Spain,neig,103.05675022
2014-12-01,ES,Spain,neig,102.20841050
2015-01-01,ES,Spain,neig,95.39965792
2015-02-01,ES,Spain,neig,94.80471837
2015-03-01,ES,Spain,neig,101.18379239
2015-04-01,ES,Spain,neig,103.08980242
2015-05-01,ES,Spain,neig,103.80593335
2015-06-01,ES,Spain,neig,103.35421999
2015-07-01,ES,Spain,neig,96.85395459
2015-08-01,ES,Spain,neig,96.22596284
2015-09-01,ES,Spain,neig,100.43460926
2015-10-01,ES,Spain,neig,102.35163669
2015-11-01,ES,Spain,neig,103.51948098
2015-12-01,ES,Spain,neig,102.60503686
2016-01-01,ES,Spain,neig,95.75221469
2016-02-01,ES,Spain,neig,95.19032734
2016-03-01,ES,Spain,neig,101.38210557
2016-04-01,ES,Spain,neig,103.45337659
2016-05-01,ES,Spain,neig,104.19154232
2016-06-01,ES,Spain,neig,103.68474196
2016-07-01,ES,Spain,neig,97.21752875
2016-08-01,ES,Spain,neig,96.73276320
2016-09-01,ES,Spain,neig,100.83123562
2016-10-01,ES,Spain,neig,102.59401946
2016-11-01,ES,Spain,neig,103.71779416
2016-12-01,ES,Spain,neig,102.84741964
2017-01-01,ES,Spain,neig,96.46834562
2017-02-01,ES,Spain,neig,95.78526688
2017-03-01,ES,Spain,neig,101.49227956
2017-04-01,ES,Spain,neig,103.46439398
2017-05-01,ES,Spain,neig,104.24662931
2017-06-01,ES,Spain,neig,103.76186376
2017-07-01,ES,Spain,neig,97.48194633
2017-08-01,ES,Spain,neig,96.99718077
2017-09-01,ES,Spain,neig,100.41257446
2017-10-01,ES,Spain,neig,102.28553229
2017-11-01,ES,Spain,neig,103.56355058
2017-12-01,ES,Spain,neig,102.74826305
2018-01-01,ES,Spain,neig,96.55648481
2018-02-01,ES,Spain,neig,96.07171926
2018-03-01,ES,Spain,neig,101.33803598
2018-04-01,ES,Spain,neig,103.59660277
2018-05-01,ES,Spain,neig,104.35680330
2018-06-01,ES,Spain,neig,103.79491595
2018-07-01,ES,Spain,neig,97.61415512
2018-08-01,ES,Spain,neig,97.04125037
2018-09-01,ES,Spain,neig,100.28036567
2018-10-01,ES,Spain,neig,102.45079328
2018-11-01,ES,Spain,neig,103.67372457
2018-12-01,ES,Spain,neig,102.95759363
2019-01-01,ES,Spain,neig,96.60055441
2019-02-01,ES,Spain,neig,95.88442347
2019-03-01,ES,Spain,neig,101.13972280
2019-04-01,ES,Spain,neig,103.94915954
2019-05-01,ES,Spain,neig,104.80851666
2019-06-01,ES,Spain,neig,104.22459451
2019-07-01,ES,Spain,neig,97.97772928
2019-08-01,ES,Spain,neig,97.51499853
2019-09-01,ES,Spain,neig,100.67699204
2019-10-01,ES,Spain,neig,102.77029785
2019-11-01,ES,Spain,neig,103.92712474
2019-12-01,ES,Spain,neig,103.02369802
2020-01-01,ES,Spain,neig,96.87598938
2020-02-01,ES,Spain,neig,96.39122383
2020-03-01,ES,Spain,neig,101.49227956
2020-04-01,ES,Spain,neig,103.91610734
2020-05-01,ES,Spain,neig,104.68732527
2020-06-01,ES,Spain,neig,104.09238573
2020-07-01,ES,Spain,neig,98.26418166
2020-08-01,ES,Spain,neig,97.65822471
2020-09-01,ES,Spain,neig,100.46766146
2020-10-01,ES,Spain,neig,102.64910646
2020-11-01,ES,Spain,neig,103.98221174
2020-12-01,ES,Spain,neig,103.17794161
2021-01-01,ES,Spain,neig,97.22854615
2021-02-01,ES,Spain,neig,96.64462400
2021-03-01,ES,Spain,neig,101.82280153
2021-04-01,ES,Spain,neig,104.24662931
2021-05-01,ES,Spain,neig,105.18310823
2021-06-01,ES,Spain,neig,104.72037747
2021-07-01,ES,Spain,neig,98.53961663
2021-08-01,ES,Spain,neig,98.10993807
2021-09-01,ES,Spain,neig,101.36007078
2021-10-01,ES,Spain,neig,103.59660277
2021-11-01,ES,Spain,neig,105.01784724
2021-12-01,ES,Spain,neig,104.47799469
2022-01-01,ES,Spain,neig,99.75153052
2022-02-01,ES,Spain,neig,99.70746093
2022-03-01,ES,Spain,neig,105.05089944
2022-04-01,ES,Spain,neig,106.59333530
2022-05-01,ES,Spain,neig,107.24336184
2022-06-01,ES,Spain,neig,107.34251843
2022-07-01,ES,Spain,neig,102.64910646
2022-08-01,ES,Spain,neig,102.62707166
2022-09-01,ES,Spain,neig,106.81368328
2022-10-01,ES,Spain,neig,108.35611914
2022-11-01,ES,Spain,neig,109.41378944
2022-12-01,ES,Spain,neig,108.75274550
2023-01-01,ES,Spain,neig,105.61278679
2023-02-01,ES,Spain,neig,105.66787378
2023-03-01,ES,Spain,neig,109.94262459
2023-04-01,ES,Spain,neig,110.59265114
2023-05-01,ES,Spain,neig,110.65875553
2023-06-01,ES,Spain,neig,110.48247715
2023-07-01,ES,Spain,neig,106.46112651
2023-08-01,ES,Spain,neig,106.50519611
2023-09-01,ES,Spain,neig,109.41378944
2023-10-01,ES,Spain,neig,111.06639929
2023-11-01,ES,Spain,neig,111.38590386
2023-12-01,ES,Spain,neig,111.05538189
2024-01-01,ES,Spain,neig,107.60693601
2024-02-01,ES,Spain,neig,107.12217045
2024-03-01,ES,Spain,neig,110.68079033
2024-04-01,ES,Spain,neig,111.46302566
2024-05-01,ES,Spain,neig,111.63930404
2024-06-01,ES,Spain,neig,111.30878207
2024-07-01,ES,Spain,neig,107.37557063
2024-08-01,ES,Spain,neig,107.02301386
2024-09-01,ES,Spain,neig,110.57061634
2024-10-01,ES,Spain,neig,111.44099086
2024-11-01,ES,Spain,neig,111.51811265
2024-12-01,ES,Spain,neig,111.31979947
2025-01-01,ES,Spain,neig,107.47472722
2025-02-01,ES,Spain,neig,107.02301386
2025-03-01,ES,Spain,neig,110.77994692
2025-04-01,ES,Spain,neig,111.68337364
2025-05-01,ES,Spain,neig,111.80456503
2025-06-01,ES,Spain,neig,111.50709525
2025-07-01,ES,Spain,neig,107.41964022
2025-08-01,ES,Spain,neig,107.12217045
2025-09-01,ES,Spain,neig,110.80198172
2025-10-01,ES,Spain,neig,111.98084341
2025-11-01,ES,Spain,neig,112.41052197
2025-12-01,ES,Spain,neig,112.08000000
2026-01-01,ES,Spain,neig,108.03661457
2026-02-01,ES,Spain,neig,107.94847538
2026-03-01,ES,Spain,neig,111.70540843
2026-04-01,ES,Spain,neig,114.19534061
2026-05-01,ES,Spain,neig,114.10720142
2026-06-01,ES,Spain,neig,113.85380124
2000-12-01,ES,Spain,services,68.91275151
2001-01-01,ES,Spain,services,69.36267154
2001-02-01,ES,Spain,services,69.48764932
2001-03-01,ES,Spain,services,69.73760490
2001-04-01,ES,Spain,services,70.12503604
2001-05-01,ES,Spain,services,70.10004048
2001-06-01,ES,Spain,services,70.41248494
2001-07-01,ES,Spain,services,70.91239609
2001-08-01,ES,Spain,services,71.32482279
2001-09-01,ES,Spain,services,71.03737388
2001-10-01,ES,Spain,services,71.06236943
2001-11-01,ES,Spain,services,71.04987166
2001-12-01,ES,Spain,services,71.42480502
2002-01-01,ES,Spain,services,72.07468951
2002-02-01,ES,Spain,services,72.44962287
2002-03-01,ES,Spain,services,73.04951624
2002-04-01,ES,Spain,services,73.31196959
2002-05-01,ES,Spain,services,73.53692961
2002-06-01,ES,Spain,services,73.82437852
2002-07-01,ES,Spain,services,74.26180077
2002-08-01,ES,Spain,services,74.73671636
2002-09-01,ES,Spain,services,74.46176523
2002-10-01,ES,Spain,services,74.46176523
2002-11-01,ES,Spain,services,74.31179188
2002-12-01,ES,Spain,services,74.64923191
2003-01-01,ES,Spain,services,74.99916971
2003-02-01,ES,Spain,services,75.28661862
2003-03-01,ES,Spain,services,75.64905420
2003-04-01,ES,Spain,services,76.19895646
2003-05-01,ES,Spain,services,76.04898312
2003-06-01,ES,Spain,services,76.34892981
2003-07-01,ES,Spain,services,76.89883207
2003-08-01,ES,Spain,services,77.47372988
2003-09-01,ES,Spain,services,77.03630763
2003-10-01,ES,Spain,services,77.16128542
2003-11-01,ES,Spain,services,77.02380985
2003-12-01,ES,Spain,services,77.32375654
2004-01-01,ES,Spain,services,77.62370323
2004-02-01,ES,Spain,services,77.93614769
2004-03-01,ES,Spain,services,78.34857439
2004-04-01,ES,Spain,services,78.97346332
2004-05-01,ES,Spain,services,78.86098332
2004-06-01,ES,Spain,services,79.22341890
2004-07-01,ES,Spain,services,79.72333004
2004-08-01,ES,Spain,services,80.28573008
2004-09-01,ES,Spain,services,79.91079672
2004-10-01,ES,Spain,services,79.93579228
2004-11-01,ES,Spain,services,79.92329450
2004-12-01,ES,Spain,services,80.22324119
2005-01-01,ES,Spain,services,80.53568566
2005-02-01,ES,Spain,services,80.91061901
2005-03-01,ES,Spain,services,81.48551683
2005-04-01,ES,Spain,services,81.68548129
2005-05-01,ES,Spain,services,81.78546352
2005-06-01,ES,Spain,services,82.13540132
2005-07-01,ES,Spain,services,82.71029914
2005-08-01,ES,Spain,services,83.26020140
2005-09-01,ES,Spain,services,82.87277026
2005-10-01,ES,Spain,services,82.97275249
2005-11-01,ES,Spain,services,82.96025471
2005-12-01,ES,Spain,services,83.37268141
2006-01-01,ES,Spain,services,83.67262810
2006-02-01,ES,Spain,services,84.07255701
2006-03-01,ES,Spain,services,84.50997927
2006-04-01,ES,Spain,services,85.12237042
2006-05-01,ES,Spain,services,85.04738375
2006-06-01,ES,Spain,services,85.37232599
2006-07-01,ES,Spain,services,86.00971271
2006-08-01,ES,Spain,services,86.52212163
2006-09-01,ES,Spain,services,86.10969494
2006-10-01,ES,Spain,services,86.07220160
2006-11-01,ES,Spain,services,86.00971271
2006-12-01,ES,Spain,services,86.42213940
2007-01-01,ES,Spain,services,86.85956165
2007-02-01,ES,Spain,services,87.23449501
2007-03-01,ES,Spain,services,87.84688617
2007-04-01,ES,Spain,services,88.49677066
2007-05-01,ES,Spain,services,88.43428177
2007-06-01,ES,Spain,services,88.77172179
2007-07-01,ES,Spain,services,89.38411294
2007-08-01,ES,Spain,services,89.94651298
2007-09-01,ES,Spain,services,89.37161516
2007-10-01,ES,Spain,services,89.40910850
2007-11-01,ES,Spain,services,89.33412183
2007-12-01,ES,Spain,services,89.79653964
2008-01-01,ES,Spain,services,90.19646856
2008-02-01,ES,Spain,services,90.64638859
2008-03-01,ES,Spain,services,91.40875309
2008-04-01,ES,Spain,services,91.59621977
2008-05-01,ES,Spain,services,91.83367756
2008-06-01,ES,Spain,services,92.27109981
2008-07-01,ES,Spain,services,92.99597097
2008-08-01,ES,Spain,services,93.60836213
2008-09-01,ES,Spain,services,93.07095765
2008-10-01,ES,Spain,services,93.09595320
2008-11-01,ES,Spain,services,92.88349097
2008-12-01,ES,Spain,services,93.19593543
2009-01-01,ES,Spain,services,93.34590878
2009-02-01,ES,Spain,services,93.54587324
2009-03-01,ES,Spain,services,93.78333103
2009-04-01,ES,Spain,services,94.33323329
2009-05-01,ES,Spain,services,94.04578438
2009-06-01,ES,Spain,services,94.28324218
2009-07-01,ES,Spain,services,94.75815776
2009-08-01,ES,Spain,services,95.24557113
2009-09-01,ES,Spain,services,94.53319775
2009-10-01,ES,Spain,services,94.40821996
2009-11-01,ES,Spain,services,94.22075328
2009-12-01,ES,Spain,services,94.52069997
2010-01-01,ES,Spain,services,94.35822885
2010-02-01,ES,Spain,services,94.40821996
2010-03-01,ES,Spain,services,94.80814888
2010-04-01,ES,Spain,services,94.93312667
2010-05-01,ES,Spain,services,94.83314444
2010-06-01,ES,Spain,services,95.09559779
2010-07-01,ES,Spain,services,95.93294896
2010-08-01,ES,Spain,services,96.54534011
2010-09-01,ES,Spain,services,95.84546451
2010-10-01,ES,Spain,services,95.65799783
2010-11-01,ES,Spain,services,95.49552671
2010-12-01,ES,Spain,services,95.87046007
2011-01-01,ES,Spain,services,95.78297561
2011-02-01,ES,Spain,services,96.02043341
2011-03-01,ES,Spain,services,96.29538454
2011-04-01,ES,Spain,services,96.83278902
2011-05-01,ES,Spain,services,96.57033567
2011-06-01,ES,Spain,services,96.77030013
2011-07-01,ES,Spain,services,97.40768684
2011-08-01,ES,Spain,services,98.00758022
2011-09-01,ES,Spain,services,97.25771350
2011-10-01,ES,Spain,services,97.03275348
2011-11-01,ES,Spain,services,96.85778458
2011-12-01,ES,Spain,services,97.35769573
2012-01-01,ES,Spain,services,96.99526014
2012-02-01,ES,Spain,services,97.12023793
2012-03-01,ES,Spain,services,97.37019350
2012-04-01,ES,Spain,services,97.85760687
2012-05-01,ES,Spain,services,97.60765130
2012-06-01,ES,Spain,services,97.85760687
2012-07-01,ES,Spain,services,98.35751802
2012-08-01,ES,Spain,services,98.95741139
2012-09-01,ES,Spain,services,98.93241584
2012-10-01,ES,Spain,services,99.46982032
2012-11-01,ES,Spain,services,99.06989140
2012-12-01,ES,Spain,services,99.43232698
2013-01-01,ES,Spain,services,99.04489584
2013-02-01,ES,Spain,services,99.19486919
2013-03-01,ES,Spain,services,99.64478922
2013-04-01,ES,Spain,services,99.39483365
2013-05-01,ES,Spain,services,99.43232698
2013-06-01,ES,Spain,services,99.65728700
2013-07-01,ES,Spain,services,100.16969592
2013-08-01,ES,Spain,services,100.59462040
2013-09-01,ES,Spain,services,99.78226478
2013-10-01,ES,Spain,services,99.39483365
2013-11-01,ES,Spain,services,99.06989140
2013-12-01,ES,Spain,services,99.29485142
2014-01-01,ES,Spain,services,98.83243361
2014-02-01,ES,Spain,services,99.06989140
2014-03-01,ES,Spain,services,99.28235364
2014-04-01,ES,Spain,services,99.74477145
2014-05-01,ES,Spain,services,99.44482476
2014-06-01,ES,Spain,services,99.70727811
2014-07-01,ES,Spain,services,100.14470037
2014-08-01,ES,Spain,services,100.60711818
2014-09-01,ES,Spain,services,99.73227367
2014-10-01,ES,Spain,services,99.29485142
2014-11-01,ES,Spain,services,99.03239806
2014-12-01,ES,Spain,services,99.35734031
2015-01-01,ES,Spain,services,99.10738474
2015-02-01,ES,Spain,services,99.23236252
2015-03-01,ES,Spain,services,99.51981143
2015-04-01,ES,Spain,services,99.85725146
2015-05-01,ES,Spain,services,99.94473591
2015-06-01,ES,Spain,services,100.24468259
2015-07-01,ES,Spain,services,100.84457597
2015-08-01,ES,Spain,services,101.24450489
2015-09-01,ES,Spain,services,100.44464705
2015-10-01,ES,Spain,services,100.09470925
2015-11-01,ES,Spain,services,99.86974923
2015-12-01,ES,Spain,services,100.13220259
2016-01-01,ES,Spain,services,99.95723369
2016-02-01,ES,Spain,services,100.30717149
2016-03-01,ES,Spain,services,100.71959818
2016-04-01,ES,Spain,services,100.46964261
2016-05-01,ES,Spain,services,100.54462928
2016-06-01,ES,Spain,services,100.83207819
2016-07-01,ES,Spain,services,101.60694047
2016-08-01,ES,Spain,services,102.14434495
2016-09-01,ES,Spain,services,101.29449600
2016-10-01,ES,Spain,services,100.98205154
2016-11-01,ES,Spain,services,100.89456708
2016-12-01,ES,Spain,services,101.50695824
2017-01-01,ES,Spain,services,101.15702044
2017-02-01,ES,Spain,services,101.58194491
2017-03-01,ES,Spain,services,101.86939382
2017-04-01,ES,Spain,services,102.85671833
2017-05-01,ES,Spain,services,102.43179386
2017-06-01,ES,Spain,services,103.09417613
2017-07-01,ES,Spain,services,103.84404285
2017-08-01,ES,Spain,services,104.31895844
2017-09-01,ES,Spain,services,103.49410504
2017-10-01,ES,Spain,services,102.88171389
2017-11-01,ES,Spain,services,102.51927831
2017-12-01,ES,Spain,services,102.91920723
2018-01-01,ES,Spain,services,102.63175832
2018-02-01,ES,Spain,services,103.41911837
2018-03-01,ES,Spain,services,103.91902952
2018-04-01,ES,Spain,services,104.00651397
2018-05-01,ES,Spain,services,104.36894955
2018-06-01,ES,Spain,services,104.75638069
2018-07-01,ES,Spain,services,105.48125185
2018-08-01,ES,Spain,services,105.75620298
2018-09-01,ES,Spain,services,104.96884293
2018-10-01,ES,Spain,services,104.60640735
2018-11-01,ES,Spain,services,104.11899398
2018-12-01,ES,Spain,services,104.48142956
2019-01-01,ES,Spain,services,104.10649620
2019-02-01,ES,Spain,services,104.68139402
2019-03-01,ES,Spain,services,105.13131405
2019-04-01,ES,Spain,services,105.89367855
2019-05-01,ES,Spain,services,105.76870076
2019-06-01,ES,Spain,services,106.43108303
2019-07-01,ES,Spain,services,107.04347418
2019-08-01,ES,Spain,services,107.35591865
2019-09-01,ES,Spain,services,106.69353638
2019-10-01,ES,Spain,services,106.19362523
2019-11-01,ES,Spain,services,105.80619410
2019-12-01,ES,Spain,services,106.29360746
2020-01-01,ES,Spain,services,105.70621187
2020-02-01,ES,Spain,services,106.46857636
2020-03-01,ES,Spain,services,106.74352750
2020-04-01,ES,Spain,services,107.43090532
2020-05-01,ES,Spain,services,107.29342976
2020-06-01,ES,Spain,services,107.89332313
2020-07-01,ES,Spain,services,107.20594531
2020-08-01,ES,Spain,services,107.41840754
2020-09-01,ES,Spain,services,106.76852305
2020-10-01,ES,Spain,services,106.11863856
2020-11-01,ES,Spain,services,105.74370520
2020-12-01,ES,Spain,services,106.03115411
2021-01-01,ES,Spain,services,106.15613190
2021-02-01,ES,Spain,services,106.35609636
2021-03-01,ES,Spain,services,106.51856748
2021-04-01,ES,Spain,services,106.68103860
2021-05-01,ES,Spain,services,106.81851417
2021-06-01,ES,Spain,services,107.29342976
2021-07-01,ES,Spain,services,107.88082535
2021-08-01,ES,Spain,services,108.28075427
2021-09-01,ES,Spain,services,107.89332313
2021-10-01,ES,Spain,services,107.88082535
2021-11-01,ES,Spain,services,107.85582980
2021-12-01,ES,Spain,services,108.39323428
2022-01-01,ES,Spain,services,108.20576760
2022-02-01,ES,Spain,services,108.83065653
2022-03-01,ES,Spain,services,109.53053214
2022-04-01,ES,Spain,services,111.06775891
2022-05-01,ES,Spain,services,111.25522559
2022-06-01,ES,Spain,services,112.36752789
2022-07-01,ES,Spain,services,113.07990127
2022-08-01,ES,Spain,services,113.57981242
2022-09-01,ES,Spain,services,112.66747458
2022-10-01,ES,Spain,services,112.54249679
2022-11-01,ES,Spain,services,112.14256787
2022-12-01,ES,Spain,services,112.91743015
2023-01-01,ES,Spain,services,113.01741238
2023-02-01,ES,Spain,services,113.67979465
2023-03-01,ES,Spain,services,114.55463915
2023-04-01,ES,Spain,services,115.67943923
2023-05-01,ES,Spain,services,115.81691480
2023-06-01,ES,Spain,services,116.86672821
2023-07-01,ES,Spain,services,117.87904828
2023-08-01,ES,Spain,services,118.27897719
2023-09-01,ES,Spain,services,117.61659493
2023-10-01,ES,Spain,services,117.39163491
2023-11-01,ES,Spain,services,116.87922598
2023-12-01,ES,Spain,services,117.51661270
2024-01-01,ES,Spain,services,117.24166157
2024-02-01,ES,Spain,services,118.27897719
2024-03-01,ES,Spain,services,119.29129727
2024-04-01,ES,Spain,services,119.75371508
2024-05-01,ES,Spain,services,120.31611512
2024-06-01,ES,Spain,services,121.51590187
2024-07-01,ES,Spain,services,122.06580413
2024-08-01,ES,Spain,services,122.65319972
2024-09-01,ES,Spain,services,121.65337743
2024-10-01,ES,Spain,services,121.42841742
2024-11-01,ES,Spain,services,120.97849738
2024-12-01,ES,Spain,services,121.81584855
2025-01-01,ES,Spain,services,121.36592852
2025-02-01,ES,Spain,services,122.20327969
2025-03-01,ES,Spain,services,123.00313753
2025-04-01,ES,Spain,services,124.67783987
2025-05-01,ES,Spain,services,124.46537763
2025-06-01,ES,Spain,services,125.65266660
2025-07-01,ES,Spain,services,126.49001777
2025-08-01,ES,Spain,services,127.18989338
2025-09-01,ES,Spain,services,126.20256886
2025-10-01,ES,Spain,services,126.17757330
2025-11-01,ES,Spain,services,125.70265772
2025-12-01,ES,Spain,services,126.59000000
2026-01-01,ES,Spain,services,126.07759108
2026-02-01,ES,Spain,services,126.83995557
2026-03-01,ES,Spain,services,127.88976898
2026-04-01,ES,Spain,services,129.23952907
2026-05-01,ES,Spain,services,129.82692467
2026-06-01,ES,Spain,services,130.87673808
1996-01-01,BE,Belgium,headline,69.90205260
1996-02-01,BE,Belgium,headline,69.98334981
1996-03-01,BE,Belgium,headline,70.11884517
1996-04-01,BE,Belgium,headline,70.47113308
1996-05-01,BE,Belgium,headline,70.60662844
1996-06-01,BE,Belgium,headline,70.47113308
1996-07-01,BE,Belgium,headline,70.40338541
1996-08-01,BE,Belgium,headline,70.40338541
1996-09-01,BE,Belgium,headline,70.53888076
1996-10-01,BE,Belgium,headline,70.89116868
1996-11-01,BE,Belgium,headline,70.89116868
1996-12-01,BE,Belgium,headline,71.04021357
1997-01-01,BE,Belgium,headline,71.39250148
1997-02-01,BE,Belgium,headline,71.31120427
1997-03-01,BE,Belgium,headline,71.04021357
1997-04-01,BE,Belgium,headline,71.24345659
1997-05-01,BE,Belgium,headline,71.59574451
1997-06-01,BE,Belgium,headline,71.59574451
1997-07-01,BE,Belgium,headline,71.74478940
1997-08-01,BE,Belgium,headline,71.59574451
1997-09-01,BE,Belgium,headline,71.66349219
1997-10-01,BE,Belgium,headline,71.74478940
1997-11-01,BE,Belgium,headline,71.81253708
1997-12-01,BE,Belgium,headline,71.66349219
1998-01-01,BE,Belgium,headline,71.74478940
1998-02-01,BE,Belgium,headline,71.88028475
1998-03-01,BE,Belgium,headline,71.74478940
1998-04-01,BE,Belgium,headline,72.16482500
1998-05-01,BE,Belgium,headline,72.51711291
1998-06-01,BE,Belgium,headline,72.44936524
1998-07-01,BE,Belgium,headline,72.58486059
1998-08-01,BE,Belgium,headline,72.30032035
1998-09-01,BE,Belgium,headline,72.23257267
1998-10-01,BE,Belgium,headline,72.23257267
1998-11-01,BE,Belgium,headline,72.23257267
1998-12-01,BE,Belgium,headline,72.16482500
1999-01-01,BE,Belgium,headline,72.44936524
1999-02-01,BE,Belgium,headline,72.58486059
1999-03-01,BE,Belgium,headline,72.65260827
1999-04-01,BE,Belgium,headline,72.93714851
1999-05-01,BE,Belgium,headline,73.08619340
1999-06-01,BE,Belgium,headline,72.93714851
1999-07-01,BE,Belgium,headline,73.08619340
1999-08-01,BE,Belgium,headline,72.93714851
1999-09-01,BE,Belgium,headline,73.15394107
1999-10-01,BE,Belgium,headline,73.22168875
1999-11-01,BE,Belgium,headline,73.35718410
1999-12-01,BE,Belgium,headline,73.64172434
2000-01-01,BE,Belgium,headline,72.65260827
2000-02-01,BE,Belgium,headline,74.14305715
2000-03-01,BE,Belgium,headline,74.49534507
2000-04-01,BE,Belgium,headline,74.63084042
2000-05-01,BE,Belgium,headline,74.84763298
2000-06-01,BE,Belgium,headline,75.11862369
2000-07-01,BE,Belgium,headline,74.34630018
2000-08-01,BE,Belgium,headline,75.47091161
2000-09-01,BE,Belgium,headline,76.03999209
2000-10-01,BE,Belgium,headline,75.90449674
2000-11-01,BE,Belgium,headline,76.03999209
2000-12-01,BE,Belgium,headline,75.82319953
2001-01-01,BE,Belgium,headline,74.64438995
2001-02-01,BE,Belgium,headline,75.97224441
2001-03-01,BE,Belgium,headline,76.12128930
2001-04-01,BE,Belgium,headline,76.79876607
2001-05-01,BE,Belgium,headline,77.20525213
2001-06-01,BE,Belgium,headline,77.34074748
2001-07-01,BE,Belgium,headline,76.36518094
2001-08-01,BE,Belgium,headline,77.38139608
2001-09-01,BE,Belgium,headline,77.48979237
2001-10-01,BE,Belgium,headline,77.40849516
2001-11-01,BE,Belgium,headline,77.40849516
2001-12-01,BE,Belgium,headline,77.30009887
2002-01-01,BE,Belgium,headline,76.60907257
2002-02-01,BE,Belgium,headline,77.85562982
2002-03-01,BE,Belgium,headline,78.04532331
2002-04-01,BE,Belgium,headline,78.08597192
2002-05-01,BE,Belgium,headline,78.19436820
2002-06-01,BE,Belgium,headline,77.99112517
2002-07-01,BE,Belgium,headline,77.24590073
2002-08-01,BE,Belgium,headline,78.32986356
2002-09-01,BE,Belgium,headline,78.41116077
2002-10-01,BE,Belgium,headline,78.34341309
2002-11-01,BE,Belgium,headline,78.23501681
2002-12-01,BE,Belgium,headline,78.31631402
2003-01-01,BE,Belgium,headline,77.51689144
2003-02-01,BE,Belgium,headline,79.16993474
2003-03-01,BE,Belgium,headline,79.38672731
2003-04-01,BE,Belgium,headline,79.23768242
2003-05-01,BE,Belgium,headline,78.93959264
2003-06-01,BE,Belgium,headline,79.18348428
2003-07-01,BE,Belgium,headline,78.31631402
2003-08-01,BE,Belgium,headline,79.64416848
2003-09-01,BE,Belgium,headline,79.75256476
2003-10-01,BE,Belgium,headline,79.50867313
2003-11-01,BE,Belgium,headline,79.64416848
2003-12-01,BE,Belgium,headline,79.60351987
2004-01-01,BE,Belgium,headline,78.58730473
2004-02-01,BE,Belgium,headline,80.05065454
2004-03-01,BE,Belgium,headline,80.11840221
2004-04-01,BE,Belgium,headline,80.56553688
2004-05-01,BE,Belgium,headline,80.82297805
2004-06-01,BE,Belgium,headline,80.75523037
2004-07-01,BE,Belgium,headline,79.91515919
2004-08-01,BE,Belgium,headline,81.27011272
2004-09-01,BE,Belgium,headline,81.18881550
2004-10-01,BE,Belgium,headline,81.58175203
2004-11-01,BE,Belgium,headline,81.44625667
2004-12-01,BE,Belgium,headline,81.20236504
2005-01-01,BE,Belgium,headline,80.14550129
2005-02-01,BE,Belgium,headline,81.86629227
2005-03-01,BE,Belgium,headline,82.39472414
2005-04-01,BE,Belgium,headline,82.54376903
2005-05-01,BE,Belgium,headline,82.65216532
2005-06-01,BE,Belgium,headline,82.92315602
2005-07-01,BE,Belgium,headline,82.09663437
2005-08-01,BE,Belgium,headline,83.58708325
2005-09-01,BE,Belgium,headline,83.55998418
2005-10-01,BE,Belgium,headline,83.43803836
2005-11-01,BE,Belgium,headline,83.39738976
2005-12-01,BE,Belgium,headline,83.43803836
2006-01-01,BE,Belgium,headline,82.32697647
2006-02-01,BE,Belgium,headline,84.22391141
2006-03-01,BE,Belgium,headline,84.16971327
2006-04-01,BE,Belgium,headline,84.63039747
2006-05-01,BE,Belgium,headline,84.92848725
2006-06-01,BE,Belgium,headline,84.99623492
2006-07-01,BE,Belgium,headline,84.08841606
2006-08-01,BE,Belgium,headline,85.53821633
2006-09-01,BE,Belgium,headline,85.13173027
2006-10-01,BE,Belgium,headline,84.88783864
2006-11-01,BE,Belgium,headline,85.06398260
2006-12-01,BE,Belgium,headline,85.17237888
2007-01-01,BE,Belgium,headline,83.73612814
2007-02-01,BE,Belgium,headline,85.71436029
2007-03-01,BE,Belgium,headline,85.71436029
2007-04-01,BE,Belgium,headline,86.14794542
2007-05-01,BE,Belgium,headline,86.03954914
2007-06-01,BE,Belgium,headline,86.10729682
2007-07-01,BE,Belgium,headline,85.18592842
2007-08-01,BE,Belgium,headline,86.51378288
2007-09-01,BE,Belgium,headline,86.35118845
2007-10-01,BE,Belgium,headline,86.75767451
2007-11-01,BE,Belgium,headline,87.50289895
2007-12-01,BE,Belgium,headline,87.81453826
2008-01-01,BE,Belgium,headline,86.68992683
2008-02-01,BE,Belgium,headline,88.81720388
2008-03-01,BE,Belgium,headline,89.46758157
2008-04-01,BE,Belgium,headline,89.65727506
2008-05-01,BE,Belgium,headline,90.42959858
2008-06-01,BE,Belgium,headline,91.05287720
2008-07-01,BE,Belgium,headline,90.21280601
2008-08-01,BE,Belgium,headline,91.16127348
2008-09-01,BE,Belgium,headline,91.07997627
2008-10-01,BE,Belgium,headline,90.91738185
2008-11-01,BE,Belgium,headline,90.32120229
2008-12-01,BE,Belgium,headline,90.19925648
2009-01-01,BE,Belgium,headline,88.50556456
2009-02-01,BE,Belgium,headline,90.53799486
2009-03-01,BE,Belgium,headline,90.03666205
2009-04-01,BE,Belgium,headline,90.30765276
2009-05-01,BE,Belgium,headline,90.21280601
2009-06-01,BE,Belgium,headline,90.10440973
2009-07-01,BE,Belgium,headline,88.65460945
2009-08-01,BE,Belgium,headline,90.51089579
2009-09-01,BE,Belgium,headline,90.14505833
2009-10-01,BE,Belgium,headline,90.11795926
2009-11-01,BE,Belgium,headline,90.29410322
2009-12-01,BE,Belgium,headline,90.48379672
2010-01-01,BE,Belgium,headline,89.19659086
2010-02-01,BE,Belgium,headline,91.28321930
2010-03-01,BE,Belgium,headline,91.74390350
2010-04-01,BE,Belgium,headline,92.15038956
2010-05-01,BE,Belgium,headline,92.48912794
2010-06-01,BE,Belgium,headline,92.50267748
2010-07-01,BE,Belgium,headline,90.80898556
2010-08-01,BE,Belgium,headline,92.66527190
2010-09-01,BE,Belgium,headline,92.78721772
2010-10-01,BE,Belgium,headline,92.90916354
2010-11-01,BE,Belgium,headline,93.01755982
2010-12-01,BE,Belgium,headline,93.54599169
2011-01-01,BE,Belgium,headline,92.31298398
2011-02-01,BE,Belgium,headline,94.48090963
2011-03-01,BE,Belgium,headline,94.80609848
2011-04-01,BE,Belgium,headline,95.04999011
2011-05-01,BE,Belgium,headline,95.19903500
2011-06-01,BE,Belgium,headline,95.52422385
2011-07-01,BE,Belgium,headline,94.45381056
2011-08-01,BE,Belgium,headline,95.86296223
2011-09-01,BE,Belgium,headline,95.76811548
2011-10-01,BE,Belgium,headline,95.90361084
2011-11-01,BE,Belgium,headline,96.28299782
2011-12-01,BE,Belgium,headline,96.54043900
2012-01-01,BE,Belgium,headline,95.33453035
2012-02-01,BE,Belgium,headline,97.65150089
2012-03-01,BE,Belgium,headline,97.75989717
2012-04-01,BE,Belgium,headline,97.80054578
2012-05-01,BE,Belgium,headline,97.70569903
2012-06-01,BE,Belgium,headline,97.59730275
2012-07-01,BE,Belgium,headline,96.33719597
2012-08-01,BE,Belgium,headline,98.35607673
2012-09-01,BE,Belgium,headline,98.27477951
2012-10-01,BE,Belgium,headline,98.45092347
2012-11-01,BE,Belgium,headline,98.36962626
2012-12-01,BE,Belgium,headline,98.54577022
2013-01-01,BE,Belgium,headline,96.74368202
2013-02-01,BE,Belgium,headline,99.14194977
2013-03-01,BE,Belgium,headline,99.14194977
2013-04-01,BE,Belgium,headline,98.97935535
2013-05-01,BE,Belgium,headline,98.89805814
2013-06-01,BE,Belgium,headline,99.18259838
2013-07-01,BE,Belgium,headline,97.90894206
2013-08-01,BE,Belgium,headline,99.42649001
2013-09-01,BE,Belgium,headline,99.26389559
2013-10-01,BE,Belgium,headline,99.14194977
2013-11-01,BE,Belgium,headline,99.25034605
2013-12-01,BE,Belgium,headline,99.68393118
2014-01-01,BE,Belgium,headline,97.81409531
2014-02-01,BE,Belgium,headline,99.96847143
2014-03-01,BE,Belgium,headline,99.94137236
2014-04-01,BE,Belgium,headline,99.73812933
2014-05-01,BE,Belgium,headline,99.58908444
2014-06-01,BE,Belgium,headline,99.75167886
2014-07-01,BE,Belgium,headline,98.42382440
2014-08-01,BE,Belgium,headline,99.83297607
2014-09-01,BE,Belgium,headline,99.46713862
2014-10-01,BE,Belgium,headline,99.48068816
2014-11-01,BE,Belgium,headline,99.31809373
2014-12-01,BE,Belgium,headline,99.30454420
2015-01-01,BE,Belgium,headline,97.19081669
2015-02-01,BE,Belgium,headline,99.56198537
2015-03-01,BE,Belgium,headline,99.83297607
2015-04-01,BE,Belgium,headline,100.11751631
2015-05-01,BE,Belgium,headline,100.42915563
2015-06-01,BE,Belgium,headline,100.60529958
2015-07-01,BE,Belgium,headline,99.27744513
2015-08-01,BE,Belgium,headline,100.59175005
2015-09-01,BE,Belgium,headline,100.36140795
2015-10-01,BE,Belgium,headline,100.61884912
2015-11-01,BE,Belgium,headline,100.70014633
2015-12-01,BE,Belgium,headline,100.74079494
2016-01-01,BE,Belgium,headline,98.99290488
2016-02-01,BE,Belgium,headline,100.67304726
2016-03-01,BE,Belgium,headline,101.45892031
2016-04-01,BE,Belgium,headline,101.64861380
2016-05-01,BE,Belgium,headline,102.04155033
2016-06-01,BE,Belgium,headline,102.39383824
2016-07-01,BE,Belgium,headline,101.29632588
2016-08-01,BE,Belgium,headline,102.59708127
2016-09-01,BE,Belgium,headline,102.14994661
2016-10-01,BE,Belgium,headline,102.55643267
2016-11-01,BE,Belgium,headline,102.46158592
2016-12-01,BE,Belgium,headline,102.96291873
2017-01-01,BE,Belgium,headline,102.02800079
2017-02-01,BE,Belgium,headline,103.99268341
2017-03-01,BE,Belgium,headline,103.99268341
2017-04-01,BE,Belgium,headline,104.35852086
2017-05-01,BE,Belgium,headline,104.01978248
2017-06-01,BE,Belgium,headline,103.95203480
2017-07-01,BE,Belgium,headline,103.13906269
2017-08-01,BE,Belgium,headline,104.64306110
2017-09-01,BE,Belgium,headline,104.15527783
2017-10-01,BE,Belgium,headline,104.43981807
2017-11-01,BE,Belgium,headline,104.60241250
2017-12-01,BE,Belgium,headline,105.07664623
2018-01-01,BE,Belgium,headline,103.81653945
2018-02-01,BE,Belgium,headline,105.52378090
2018-03-01,BE,Belgium,headline,105.56442950
2018-04-01,BE,Belgium,headline,106.01156417
2018-05-01,BE,Belgium,headline,106.37740162
2018-06-01,BE,Belgium,headline,106.68904093
2018-07-01,BE,Belgium,headline,105.93026696
2018-08-01,BE,Belgium,headline,107.40716630
2018-09-01,BE,Belgium,headline,107.09552699
2018-10-01,BE,Belgium,headline,107.80010283
2018-11-01,BE,Belgium,headline,107.62395887
2018-12-01,BE,Belgium,headline,107.39361677
2019-01-01,BE,Belgium,headline,105.68637532
2019-02-01,BE,Belgium,headline,107.62395887
2019-03-01,BE,Belgium,headline,107.86785050
2019-04-01,BE,Belgium,headline,108.11174214
2019-05-01,BE,Belgium,headline,108.16594028
2019-06-01,BE,Belgium,headline,108.08464307
2019-07-01,BE,Belgium,headline,107.21747281
2019-08-01,BE,Belgium,headline,108.34208424
2019-09-01,BE,Belgium,headline,107.70525608
2019-10-01,BE,Belgium,headline,108.00334586
2019-11-01,BE,Belgium,headline,108.01689539
2019-12-01,BE,Belgium,headline,108.38273285
2020-01-01,BE,Belgium,headline,107.17682420
2020-02-01,BE,Belgium,headline,108.74857030
2020-03-01,BE,Belgium,headline,108.32853470
2020-04-01,BE,Belgium,headline,108.09819260
2020-05-01,BE,Belgium,headline,107.92204865
2020-06-01,BE,Belgium,headline,108.32853470
2020-07-01,BE,Belgium,headline,109.04666008
2020-08-01,BE,Belgium,headline,107.38006723
2020-09-01,BE,Belgium,headline,108.20658889
2020-10-01,BE,Belgium,headline,108.46403006
2020-11-01,BE,Belgium,headline,108.26078703
2020-12-01,BE,Belgium,headline,108.76211983
2021-01-01,BE,Belgium,headline,107.82720190
2021-02-01,BE,Belgium,headline,109.08730868
2021-03-01,BE,Belgium,headline,110.06287522
2021-04-01,BE,Belgium,headline,110.32031639
2021-05-01,BE,Belgium,headline,110.61840617
2021-06-01,BE,Belgium,headline,111.10618944
2021-07-01,BE,Belgium,headline,110.57775756
2021-08-01,BE,Belgium,headline,112.42049436
2021-09-01,BE,Belgium,headline,112.35274669
2021-10-01,BE,Belgium,headline,114.33097884
2021-11-01,BE,Belgium,headline,115.94337354
2021-12-01,BE,Belgium,headline,115.92982401
2022-01-01,BE,Belgium,headline,116.98668776
2022-02-01,BE,Belgium,headline,119.49335179
2022-03-01,BE,Belgium,headline,120.27922484
2022-04-01,BE,Belgium,headline,120.61796322
2022-05-01,BE,Belgium,headline,121.60707930
2022-06-01,BE,Belgium,headline,122.82653747
2022-07-01,BE,Belgium,headline,122.02711489
2022-08-01,BE,Belgium,headline,124.23568914
2022-09-01,BE,Belgium,headline,125.90228199
2022-10-01,BE,Belgium,headline,129.30321535
2022-11-01,BE,Belgium,headline,128.07020763
2022-12-01,BE,Belgium,headline,127.77211786
2023-01-01,BE,Belgium,headline,125.67193989
2023-02-01,BE,Belgium,headline,125.99712873
2023-03-01,BE,Belgium,headline,126.22747083
2023-04-01,BE,Belgium,headline,124.65572474
2023-05-01,BE,Belgium,headline,124.91316591
2023-06-01,BE,Belgium,headline,124.79122009
2023-07-01,BE,Belgium,headline,124.05954518
2023-08-01,BE,Belgium,headline,127.20303737
2023-09-01,BE,Belgium,headline,126.72880364
2023-10-01,BE,Belgium,headline,127.14883923
2023-11-01,BE,Belgium,headline,127.05399249
2023-12-01,BE,Belgium,headline,128.44959462
2024-01-01,BE,Belgium,headline,127.51467669
2024-02-01,BE,Belgium,headline,130.53622306
2024-03-01,BE,Belgium,headline,131.05110540
2024-04-01,BE,Belgium,headline,130.71236702
2024-05-01,BE,Belgium,headline,130.98335772
2024-06-01,BE,Belgium,headline,131.56598774
2024-07-01,BE,Belgium,headline,130.75301562
2024-08-01,BE,Belgium,headline,132.73124778
2024-09-01,BE,Belgium,headline,132.21636543
2024-10-01,BE,Belgium,headline,132.89384220
2024-11-01,BE,Belgium,headline,133.12418430
2024-12-01,BE,Belgium,headline,134.11330038
2025-01-01,BE,Belgium,headline,133.06998616
2025-02-01,BE,Belgium,headline,136.32187463
2025-03-01,BE,Belgium,headline,135.71214554
2025-04-01,BE,Belgium,headline,134.79077714
2025-05-01,BE,Belgium,headline,134.66883132
2025-06-01,BE,Belgium,headline,135.31920902
2025-07-01,BE,Belgium,headline,134.18104805
2025-08-01,BE,Belgium,headline,136.19992881
2025-09-01,BE,Belgium,headline,135.76634368
2025-10-01,BE,Belgium,headline,136.25412695
2025-11-01,BE,Belgium,headline,136.61996441
2025-12-01,BE,Belgium,headline,137.04000000
2026-01-01,BE,Belgium,headline,134.87207435
2026-02-01,BE,Belgium,headline,138.20526004
2026-03-01,BE,Belgium,headline,138.63884517
2026-04-01,BE,Belgium,headline,140.46803243
2026-05-01,BE,Belgium,headline,140.00734823
2026-06-01,BE,Belgium,headline,139.84475381
1998-12-01,BE,Belgium,core,77.08336993
1999-01-01,BE,Belgium,core,77.27395021
1999-02-01,BE,Belgium,core,77.60428936
1999-03-01,BE,Belgium,core,77.52805724
1999-04-01,BE,Belgium,core,77.60428936
1999-05-01,BE,Belgium,core,77.68052147
1999-06-01,BE,Belgium,core,77.69322682
1999-07-01,BE,Belgium,core,77.83298569
1999-08-01,BE,Belgium,core,77.82028034
1999-09-01,BE,Belgium,core,77.84569104
1999-10-01,BE,Belgium,core,77.90921780
1999-11-01,BE,Belgium,core,78.03627132
1999-12-01,BE,Belgium,core,78.12520878
2000-01-01,BE,Belgium,core,76.56245050
2000-02-01,BE,Belgium,core,78.50636934
2000-03-01,BE,Belgium,core,78.64612821
2000-04-01,BE,Belgium,core,78.76047638
2000-05-01,BE,Belgium,core,78.69694962
2000-06-01,BE,Belgium,core,78.78588708
2000-07-01,BE,Belgium,core,77.52805724
2000-08-01,BE,Belgium,core,79.28139580
2000-09-01,BE,Belgium,core,79.05269947
2000-10-01,BE,Belgium,core,79.02728877
2000-11-01,BE,Belgium,core,79.07811017
2000-12-01,BE,Belgium,core,79.37033327
2001-01-01,BE,Belgium,core,77.87110174
2001-02-01,BE,Belgium,core,79.71337777
2001-03-01,BE,Belgium,core,79.75149382
2001-04-01,BE,Belgium,core,80.09453833
2001-05-01,BE,Belgium,core,80.17077044
2001-06-01,BE,Belgium,core,80.34864536
2001-07-01,BE,Belgium,core,79.26869045
2001-08-01,BE,Belgium,core,80.92038620
2001-09-01,BE,Belgium,core,80.83144874
2001-10-01,BE,Belgium,core,81.03473437
2001-11-01,BE,Belgium,core,81.30154676
2001-12-01,BE,Belgium,core,81.46671633
2002-01-01,BE,Belgium,core,79.96748481
2002-02-01,BE,Belgium,core,82.11468928
2002-03-01,BE,Belgium,core,82.11468928
2002-04-01,BE,Belgium,core,81.91140365
2002-05-01,BE,Belgium,core,82.06386787
2002-06-01,BE,Belgium,core,82.17821604
2002-07-01,BE,Belgium,core,80.93309155
2002-08-01,BE,Belgium,core,82.66101941
2002-09-01,BE,Belgium,core,82.39420702
2002-10-01,BE,Belgium,core,82.21633209
2002-11-01,BE,Belgium,core,82.41961772
2002-12-01,BE,Belgium,core,82.63560870
2003-01-01,BE,Belgium,core,80.95850225
2003-02-01,BE,Belgium,core,83.02947461
2003-03-01,BE,Belgium,core,82.99135856
2003-04-01,BE,Belgium,core,83.39792982
2003-05-01,BE,Belgium,core,83.28358165
2003-06-01,BE,Belgium,core,83.43604587
2003-07-01,BE,Belgium,core,82.08927857
2003-08-01,BE,Belgium,core,83.80450108
2003-09-01,BE,Belgium,core,83.63933150
2003-10-01,BE,Belgium,core,83.66474221
2003-11-01,BE,Belgium,core,83.82991178
2003-12-01,BE,Belgium,core,84.00778671
2004-01-01,BE,Belgium,core,82.20362674
2004-02-01,BE,Belgium,core,84.42706332
2004-03-01,BE,Belgium,core,84.17295628
2004-04-01,BE,Belgium,core,84.46517938
2004-05-01,BE,Belgium,core,84.40165262
2004-06-01,BE,Belgium,core,84.40165262
2004-07-01,BE,Belgium,core,83.06759067
2004-08-01,BE,Belgium,core,84.87175064
2004-09-01,BE,Belgium,core,84.64305430
2004-10-01,BE,Belgium,core,84.66846501
2004-11-01,BE,Belgium,core,84.73199177
2004-12-01,BE,Belgium,core,84.77010782
2005-01-01,BE,Belgium,core,83.20734954
2005-02-01,BE,Belgium,core,85.26561655
2005-03-01,BE,Belgium,core,85.30373260
2005-04-01,BE,Belgium,core,85.18938443
2005-05-01,BE,Belgium,core,85.41808077
2005-06-01,BE,Belgium,core,85.53242894
2005-07-01,BE,Belgium,core,83.89343854
2005-08-01,BE,Belgium,core,85.98982160
2005-09-01,BE,Belgium,core,85.71030386
2005-10-01,BE,Belgium,core,85.90088414
2005-11-01,BE,Belgium,core,86.06605371
2005-12-01,BE,Belgium,core,86.14228583
2006-01-01,BE,Belgium,core,84.10942952
2006-02-01,BE,Belgium,core,86.72673201
2006-03-01,BE,Belgium,core,86.48533033
2006-04-01,BE,Belgium,core,86.68861596
2006-05-01,BE,Belgium,core,86.77755342
2006-06-01,BE,Belgium,core,86.98083905
2006-07-01,BE,Belgium,core,85.43078612
2006-08-01,BE,Belgium,core,87.48905313
2006-09-01,BE,Belgium,core,87.15871398
2006-10-01,BE,Belgium,core,87.12059792
2006-11-01,BE,Belgium,core,87.12059792
2006-12-01,BE,Belgium,core,87.31117820
2007-01-01,BE,Belgium,core,85.22750049
2007-02-01,BE,Belgium,core,87.95915115
2007-03-01,BE,Belgium,core,87.94644579
2007-04-01,BE,Belgium,core,88.03538326
2007-05-01,BE,Belgium,core,88.09891002
2007-06-01,BE,Belgium,core,88.16243678
2007-07-01,BE,Belgium,core,86.62508920
2007-08-01,BE,Belgium,core,88.75958832
2007-09-01,BE,Belgium,core,88.23866889
2007-10-01,BE,Belgium,core,88.27678494
2007-11-01,BE,Belgium,core,88.27678494
2007-12-01,BE,Belgium,core,88.67065085
2008-01-01,BE,Belgium,core,86.47262498
2008-02-01,BE,Belgium,core,89.17886493
2008-03-01,BE,Belgium,core,89.33132915
2008-04-01,BE,Belgium,core,89.08992747
2008-05-01,BE,Belgium,core,89.35673985
2008-06-01,BE,Belgium,core,89.73790041
2008-07-01,BE,Belgium,core,88.14973143
2008-08-01,BE,Belgium,core,90.44940012
2008-09-01,BE,Belgium,core,90.13176632
2008-10-01,BE,Belgium,core,90.42398941
2008-11-01,BE,Belgium,core,90.42398941
2008-12-01,BE,Belgium,core,90.77973927
2009-01-01,BE,Belgium,core,88.14973143
2009-02-01,BE,Belgium,core,91.35148010
2009-03-01,BE,Belgium,core,91.28795334
2009-04-01,BE,Belgium,core,91.51664968
2009-05-01,BE,Belgium,core,91.52935503
2009-06-01,BE,Belgium,core,91.78346207
2009-07-01,BE,Belgium,core,89.87765928
2009-08-01,BE,Belgium,core,92.24085473
2009-09-01,BE,Belgium,core,92.08839051
2009-10-01,BE,Belgium,core,92.06297981
2009-11-01,BE,Belgium,core,91.92322094
2009-12-01,BE,Belgium,core,92.21544403
2010-01-01,BE,Belgium,core,89.38215056
2010-02-01,BE,Belgium,core,92.45684572
2010-03-01,BE,Belgium,core,92.32979220
2010-04-01,BE,Belgium,core,92.43143501
2010-05-01,BE,Belgium,core,92.68554205
2010-06-01,BE,Belgium,core,92.77447951
2010-07-01,BE,Belgium,core,90.46210547
2010-08-01,BE,Belgium,core,93.23187218
2010-09-01,BE,Belgium,core,93.10481866
2010-10-01,BE,Belgium,core,93.20646148
2010-11-01,BE,Belgium,core,93.18105077
2010-12-01,BE,Belgium,core,93.30810429
2011-01-01,BE,Belgium,core,91.03384630
2011-02-01,BE,Belgium,core,93.84172907
2011-03-01,BE,Belgium,core,93.80361302
2011-04-01,BE,Belgium,core,93.74008626
2011-05-01,BE,Belgium,core,93.82902372
2011-06-01,BE,Belgium,core,94.03230935
2011-07-01,BE,Belgium,core,92.45684572
2011-08-01,BE,Belgium,core,94.69298765
2011-09-01,BE,Belgium,core,94.27371104
2011-10-01,BE,Belgium,core,94.40076456
2011-11-01,BE,Belgium,core,94.48970202
2011-12-01,BE,Belgium,core,94.90897863
2012-01-01,BE,Belgium,core,92.74906881
2012-02-01,BE,Belgium,core,95.68400510
2012-03-01,BE,Belgium,core,95.50613017
2012-04-01,BE,Belgium,core,95.50613017
2012-05-01,BE,Belgium,core,95.70941580
2012-06-01,BE,Belgium,core,95.88729073
2012-07-01,BE,Belgium,core,93.98148794
2012-08-01,BE,Belgium,core,96.42091551
2012-09-01,BE,Belgium,core,96.07787101
2012-10-01,BE,Belgium,core,96.15410312
2012-11-01,BE,Belgium,core,96.23033523
2012-12-01,BE,Belgium,core,96.54796903
2013-01-01,BE,Belgium,core,93.80361302
2013-02-01,BE,Belgium,core,97.13241521
2013-03-01,BE,Belgium,core,97.15782592
2013-04-01,BE,Belgium,core,96.92912958
2013-05-01,BE,Belgium,core,97.08159381
2013-06-01,BE,Belgium,core,97.28487944
2013-07-01,BE,Belgium,core,95.55695158
2013-08-01,BE,Belgium,core,97.90744168
2013-09-01,BE,Belgium,core,97.43734366
2013-10-01,BE,Belgium,core,97.58980788
2013-11-01,BE,Belgium,core,97.74227210
2013-12-01,BE,Belgium,core,98.12343266
2014-01-01,BE,Belgium,core,95.40448736
2014-02-01,BE,Belgium,core,98.47918251
2014-03-01,BE,Belgium,core,98.44106646
2014-04-01,BE,Belgium,core,98.50459322
2014-05-01,BE,Belgium,core,98.59353068
2014-06-01,BE,Belgium,core,98.75870025
2014-07-01,BE,Belgium,core,96.84019212
2014-08-01,BE,Belgium,core,99.35585179
2014-09-01,BE,Belgium,core,98.96198589
2014-10-01,BE,Belgium,core,99.03821800
2014-11-01,BE,Belgium,core,98.96198589
2014-12-01,BE,Belgium,core,99.38126250
2015-01-01,BE,Belgium,core,97.19594197
2015-02-01,BE,Belgium,core,100.06735150
2015-03-01,BE,Belgium,core,99.81324446
2015-04-01,BE,Belgium,core,99.96570868
2015-05-01,BE,Belgium,core,100.06735150
2015-06-01,BE,Belgium,core,100.27063713
2015-07-01,BE,Belgium,core,98.65705744
2015-08-01,BE,Belgium,core,100.90590472
2015-09-01,BE,Belgium,core,100.35957459
2015-10-01,BE,Belgium,core,100.68991374
2015-11-01,BE,Belgium,core,100.77885121
2015-12-01,BE,Belgium,core,101.23624387
2016-01-01,BE,Belgium,core,99.10174476
2016-02-01,BE,Belgium,core,101.65552049
2016-03-01,BE,Belgium,core,101.80798471
2016-04-01,BE,Belgium,core,101.82069006
2016-05-01,BE,Belgium,core,101.97315428
2016-06-01,BE,Belgium,core,102.06209175
2016-07-01,BE,Belgium,core,100.63909233
2016-08-01,BE,Belgium,core,102.83711821
2016-09-01,BE,Belgium,core,102.13832386
2016-10-01,BE,Belgium,core,102.23996667
2016-11-01,BE,Belgium,core,102.18914527
2016-12-01,BE,Belgium,core,102.57030582
2017-01-01,BE,Belgium,core,100.62638698
2017-02-01,BE,Belgium,core,103.18016271
2017-03-01,BE,Belgium,core,103.04040384
2017-04-01,BE,Belgium,core,103.48509116
2017-05-01,BE,Belgium,core,103.45968045
2017-06-01,BE,Belgium,core,103.48509116
2017-07-01,BE,Belgium,core,102.37972554
2017-08-01,BE,Belgium,core,104.33634974
2017-09-01,BE,Belgium,core,103.63755538
2017-10-01,BE,Belgium,core,103.79001960
2017-11-01,BE,Belgium,core,103.52320721
2017-12-01,BE,Belgium,core,104.13306411
2018-01-01,BE,Belgium,core,102.03668104
2018-02-01,BE,Belgium,core,104.47610861
2018-03-01,BE,Belgium,core,104.36176044
2018-04-01,BE,Belgium,core,104.56504607
2018-05-01,BE,Belgium,core,104.75562635
2018-06-01,BE,Belgium,core,104.83185846
2018-07-01,BE,Belgium,core,103.57402862
2018-08-01,BE,Belgium,core,105.67041168
2018-09-01,BE,Belgium,core,104.98432268
2018-10-01,BE,Belgium,core,105.13678690
2018-11-01,BE,Belgium,core,104.98432268
2018-12-01,BE,Belgium,core,105.55606352
2019-01-01,BE,Belgium,core,103.44697510
2019-02-01,BE,Belgium,core,106.03886689
2019-03-01,BE,Belgium,core,105.92451872
2019-04-01,BE,Belgium,core,106.38191139
2019-05-01,BE,Belgium,core,106.34379533
2019-06-01,BE,Belgium,core,106.52167026
2019-07-01,BE,Belgium,core,105.39089394
2019-08-01,BE,Belgium,core,107.16964321
2019-09-01,BE,Belgium,core,106.39461674
2019-10-01,BE,Belgium,core,106.69954519
2019-11-01,BE,Belgium,core,106.59790237
2019-12-01,BE,Belgium,core,107.10611645
2020-01-01,BE,Belgium,core,105.14949226
2020-02-01,BE,Belgium,core,107.80491080
2020-03-01,BE,Belgium,core,107.52539306
2020-04-01,BE,Belgium,core,107.81761615
2020-05-01,BE,Belgium,core,107.74138404
2020-06-01,BE,Belgium,core,107.93196432
2020-07-01,BE,Belgium,core,108.69428543
2020-08-01,BE,Belgium,core,106.39461674
2020-09-01,BE,Belgium,core,107.85573221
2020-10-01,BE,Belgium,core,108.02090178
2020-11-01,BE,Belgium,core,107.89384827
2020-12-01,BE,Belgium,core,108.42747304
2021-01-01,BE,Belgium,core,106.62331308
2021-02-01,BE,Belgium,core,107.86843756
2021-03-01,BE,Belgium,core,108.49099980
2021-04-01,BE,Belgium,core,108.71969614
2021-05-01,BE,Belgium,core,108.92298177
2021-06-01,BE,Belgium,core,109.10085669
2021-07-01,BE,Belgium,core,107.42375025
2021-08-01,BE,Belgium,core,109.77424035
2021-09-01,BE,Belgium,core,109.58366007
2021-10-01,BE,Belgium,core,110.05375809
2021-11-01,BE,Belgium,core,110.11728485
2021-12-01,BE,Belgium,core,110.84148990
2022-01-01,BE,Belgium,core,108.98650853
2022-02-01,BE,Belgium,core,111.75627524
2022-03-01,BE,Belgium,core,111.89603411
2022-04-01,BE,Belgium,core,112.35342678
2022-05-01,BE,Belgium,core,112.62023917
2022-06-01,BE,Belgium,core,113.14115860
2022-07-01,BE,Belgium,core,111.89603411
2022-08-01,BE,Belgium,core,114.42439914
2022-09-01,BE,Belgium,core,114.60227406
2022-10-01,BE,Belgium,core,115.36459518
2022-11-01,BE,Belgium,core,115.73305038
2022-12-01,BE,Belgium,core,116.88923740
2023-01-01,BE,Belgium,core,115.66952362
2023-02-01,BE,Belgium,core,118.76962948
2023-03-01,BE,Belgium,core,118.98562047
2023-04-01,BE,Belgium,core,119.39219173
2023-05-01,BE,Belgium,core,120.31968242
2023-06-01,BE,Belgium,core,120.51026269
2023-07-01,BE,Belgium,core,118.68069202
2023-08-01,BE,Belgium,core,121.84432464
2023-09-01,BE,Belgium,core,121.03118212
2023-10-01,BE,Belgium,core,121.84432464
2023-11-01,BE,Belgium,core,121.47586944
2023-12-01,BE,Belgium,core,122.68287787
2024-01-01,BE,Belgium,core,121.31069986
2024-02-01,BE,Belgium,core,123.48331504
2024-03-01,BE,Belgium,core,123.53413644
2024-04-01,BE,Belgium,core,123.50872574
2024-05-01,BE,Belgium,core,124.01693982
2024-06-01,BE,Belgium,core,124.41080572
2024-07-01,BE,Belgium,core,122.63205646
2024-08-01,BE,Belgium,core,125.60510880
2024-09-01,BE,Belgium,core,124.66491276
2024-10-01,BE,Belgium,core,125.36370712
2024-11-01,BE,Belgium,core,125.13501078
2024-12-01,BE,Belgium,core,125.91003725
2025-01-01,BE,Belgium,core,122.92427955
2025-02-01,BE,Belgium,core,127.01540286
2025-03-01,BE,Belgium,core,126.31660851
2025-04-01,BE,Belgium,core,126.38013527
2025-05-01,BE,Belgium,core,126.67235836
2025-06-01,BE,Belgium,core,127.20598314
2025-07-01,BE,Belgium,core,125.31288571
2025-08-01,BE,Belgium,core,128.26052735
2025-09-01,BE,Belgium,core,127.81584003
2025-10-01,BE,Belgium,core,128.55275044
2025-11-01,BE,Belgium,core,128.55275044
2025-12-01,BE,Belgium,core,129.62000000
2026-01-01,BE,Belgium,core,126.68506371
2026-02-01,BE,Belgium,core,130.42043717
2026-03-01,BE,Belgium,core,130.03927661
2026-04-01,BE,Belgium,core,130.53478534
2026-05-01,BE,Belgium,core,130.71266026
2026-06-01,BE,Belgium,core,131.01758871
1998-12-01,BE,Belgium,core_exvolatile,75.20596165
1999-01-01,BE,Belgium,core_exvolatile,75.37787611
1999-02-01,BE,Belgium,core_exvolatile,75.64235988
1999-03-01,BE,Belgium,core_exvolatile,75.61591150
1999-04-01,BE,Belgium,core_exvolatile,75.69525664
1999-05-01,BE,Belgium,core_exvolatile,75.74815339
1999-06-01,BE,Belgium,core_exvolatile,75.77460177
1999-07-01,BE,Belgium,core_exvolatile,75.89361947
1999-08-01,BE,Belgium,core_exvolatile,75.88039528
1999-09-01,BE,Belgium,core_exvolatile,75.89361947
1999-10-01,BE,Belgium,core_exvolatile,75.93329204
1999-11-01,BE,Belgium,core_exvolatile,76.03908555
1999-12-01,BE,Belgium,core_exvolatile,76.15810324
2000-01-01,BE,Belgium,core_exvolatile,74.90180531
2000-02-01,BE,Belgium,core_exvolatile,76.51515634
2000-03-01,BE,Belgium,core_exvolatile,76.66062242
2000-04-01,BE,Belgium,core_exvolatile,76.77964012
2000-05-01,BE,Belgium,core_exvolatile,76.73996755
2000-06-01,BE,Belgium,core_exvolatile,76.81931268
2000-07-01,BE,Belgium,core_exvolatile,75.78782596
2000-08-01,BE,Belgium,core_exvolatile,77.22926254
2000-09-01,BE,Belgium,core_exvolatile,77.05734808
2000-10-01,BE,Belgium,core_exvolatile,77.04412389
2000-11-01,BE,Belgium,core_exvolatile,77.11024484
2000-12-01,BE,Belgium,core_exvolatile,77.34828024
2001-01-01,BE,Belgium,core_exvolatile,76.13165487
2001-02-01,BE,Belgium,core_exvolatile,77.70533333
2001-03-01,BE,Belgium,core_exvolatile,77.75823009
2001-04-01,BE,Belgium,core_exvolatile,78.07561062
2001-05-01,BE,Belgium,core_exvolatile,78.15495575
2001-06-01,BE,Belgium,core_exvolatile,78.30042183
2001-07-01,BE,Belgium,core_exvolatile,77.46729794
2001-08-01,BE,Belgium,core_exvolatile,78.89551032
2001-09-01,BE,Belgium,core_exvolatile,78.88228614
2001-10-01,BE,Belgium,core_exvolatile,79.04097640
2001-11-01,BE,Belgium,core_exvolatile,79.26578761
2001-12-01,BE,Belgium,core_exvolatile,79.39802950
2002-01-01,BE,Belgium,core_exvolatile,78.15495575
2002-02-01,BE,Belgium,core_exvolatile,79.92699705
2002-03-01,BE,Belgium,core_exvolatile,79.92699705
2002-04-01,BE,Belgium,core_exvolatile,79.75508260
2002-05-01,BE,Belgium,core_exvolatile,79.90054867
2002-06-01,BE,Belgium,core_exvolatile,80.01956637
2002-07-01,BE,Belgium,core_exvolatile,78.98807965
2002-08-01,BE,Belgium,core_exvolatile,80.46918879
2002-09-01,BE,Belgium,core_exvolatile,80.27082596
2002-10-01,BE,Belgium,core_exvolatile,80.13858407
2002-11-01,BE,Belgium,core_exvolatile,80.33694690
2002-12-01,BE,Belgium,core_exvolatile,80.53530973
2003-01-01,BE,Belgium,core_exvolatile,79.17321829
2003-02-01,BE,Belgium,core_exvolatile,80.99815634
2003-03-01,BE,Belgium,core_exvolatile,81.01138053
2003-04-01,BE,Belgium,core_exvolatile,81.36843363
2003-05-01,BE,Belgium,core_exvolatile,81.28908850
2003-06-01,BE,Belgium,core_exvolatile,81.43455457
2003-07-01,BE,Belgium,core_exvolatile,80.32372271
2003-08-01,BE,Belgium,core_exvolatile,81.75193510
2003-09-01,BE,Belgium,core_exvolatile,81.61969322
2003-10-01,BE,Belgium,core_exvolatile,81.64614159
2003-11-01,BE,Belgium,core_exvolatile,81.79160767
2003-12-01,BE,Belgium,core_exvolatile,81.93707375
2004-01-01,BE,Belgium,core_exvolatile,80.46918879
2004-02-01,BE,Belgium,core_exvolatile,82.45281711
2004-03-01,BE,Belgium,core_exvolatile,82.28090265
2004-04-01,BE,Belgium,core_exvolatile,82.54538643
2004-05-01,BE,Belgium,core_exvolatile,82.50571386
2004-06-01,BE,Belgium,core_exvolatile,82.50571386
2004-07-01,BE,Belgium,core_exvolatile,81.40810619
2004-08-01,BE,Belgium,core_exvolatile,82.92888791
2004-09-01,BE,Belgium,core_exvolatile,82.71730088
2004-10-01,BE,Belgium,core_exvolatile,82.73052507
2004-11-01,BE,Belgium,core_exvolatile,82.78342183
2004-12-01,BE,Belgium,core_exvolatile,82.82309440
2005-01-01,BE,Belgium,core_exvolatile,81.60646903
2005-02-01,BE,Belgium,core_exvolatile,83.41818289
2005-03-01,BE,Belgium,core_exvolatile,83.51075221
2005-04-01,BE,Belgium,core_exvolatile,83.43140708
2005-05-01,BE,Belgium,core_exvolatile,83.61654572
2005-06-01,BE,Belgium,core_exvolatile,83.70911504
2005-07-01,BE,Belgium,core_exvolatile,82.29412684
2005-08-01,BE,Belgium,core_exvolatile,84.06616814
2005-09-01,BE,Belgium,core_exvolatile,83.81490855
2005-10-01,BE,Belgium,core_exvolatile,83.98682301
2005-11-01,BE,Belgium,core_exvolatile,84.11906490
2005-12-01,BE,Belgium,core_exvolatile,84.19841003
2006-01-01,BE,Belgium,core_exvolatile,82.53216224
2006-02-01,BE,Belgium,core_exvolatile,84.76705015
2006-03-01,BE,Belgium,core_exvolatile,84.59513569
2006-04-01,BE,Belgium,core_exvolatile,84.80672271
2006-05-01,BE,Belgium,core_exvolatile,84.92574041
2006-06-01,BE,Belgium,core_exvolatile,85.13732743
2006-07-01,BE,Belgium,core_exvolatile,83.85458112
2006-08-01,BE,Belgium,core_exvolatile,85.61339823
2006-09-01,BE,Belgium,core_exvolatile,85.37536283
2006-10-01,BE,Belgium,core_exvolatile,85.34891445
2006-11-01,BE,Belgium,core_exvolatile,85.38858702
2006-12-01,BE,Belgium,core_exvolatile,85.54727729
2007-01-01,BE,Belgium,core_exvolatile,83.86780531
2007-02-01,BE,Belgium,core_exvolatile,86.22171091
2007-03-01,BE,Belgium,core_exvolatile,86.30105605
2007-04-01,BE,Belgium,core_exvolatile,86.47297050
2007-05-01,BE,Belgium,core_exvolatile,86.53909145
2007-06-01,BE,Belgium,core_exvolatile,86.60521239
2007-07-01,BE,Belgium,core_exvolatile,85.36213864
2007-08-01,BE,Belgium,core_exvolatile,87.20030088
2007-09-01,BE,Belgium,core_exvolatile,86.85647198
2007-10-01,BE,Belgium,core_exvolatile,87.02838643
2007-11-01,BE,Belgium,core_exvolatile,87.17385251
2007-12-01,BE,Belgium,core_exvolatile,87.64992330
2008-01-01,BE,Belgium,core_exvolatile,85.97045133
2008-02-01,BE,Belgium,core_exvolatile,88.33758112
2008-03-01,BE,Belgium,core_exvolatile,88.52271976
2008-04-01,BE,Belgium,core_exvolatile,88.41692625
2008-05-01,BE,Belgium,core_exvolatile,88.68141003
2008-06-01,BE,Belgium,core_exvolatile,89.05168732
2008-07-01,BE,Belgium,core_exvolatile,87.74249263
2008-08-01,BE,Belgium,core_exvolatile,89.71289676
2008-09-01,BE,Belgium,core_exvolatile,89.46163717
2008-10-01,BE,Belgium,core_exvolatile,89.73934513
2008-11-01,BE,Belgium,core_exvolatile,89.73934513
2008-12-01,BE,Belgium,core_exvolatile,90.01705310
2009-01-01,BE,Belgium,core_exvolatile,87.86151032
2009-02-01,BE,Belgium,core_exvolatile,90.58569322
2009-03-01,BE,Belgium,core_exvolatile,90.53279646
2009-04-01,BE,Belgium,core_exvolatile,90.75760767
2009-05-01,BE,Belgium,core_exvolatile,90.74438348
2009-06-01,BE,Belgium,core_exvolatile,90.96919469
2009-07-01,BE,Belgium,core_exvolatile,89.36906785
2009-08-01,BE,Belgium,core_exvolatile,91.35269617
2009-09-01,BE,Belgium,core_exvolatile,91.22045428
2009-10-01,BE,Belgium,core_exvolatile,91.19400590
2009-11-01,BE,Belgium,core_exvolatile,91.07498820
2009-12-01,BE,Belgium,core_exvolatile,91.31302360
2010-01-01,BE,Belgium,core_exvolatile,88.99879056
2010-02-01,BE,Belgium,core_exvolatile,91.59073156
2010-03-01,BE,Belgium,core_exvolatile,91.48493805
2010-04-01,BE,Belgium,core_exvolatile,91.59073156
2010-05-01,BE,Belgium,core_exvolatile,91.84199115
2010-06-01,BE,Belgium,core_exvolatile,91.92133628
2010-07-01,BE,Belgium,core_exvolatile,90.03027729
2010-08-01,BE,Belgium,core_exvolatile,92.35773451
2010-09-01,BE,Belgium,core_exvolatile,92.29161357
2010-10-01,BE,Belgium,core_exvolatile,92.38418289
2010-11-01,BE,Belgium,core_exvolatile,92.38418289
2010-12-01,BE,Belgium,core_exvolatile,92.48997640
2011-01-01,BE,Belgium,core_exvolatile,90.70471091
2011-02-01,BE,Belgium,core_exvolatile,93.07184071
2011-03-01,BE,Belgium,core_exvolatile,93.07184071
2011-04-01,BE,Belgium,core_exvolatile,93.08506490
2011-05-01,BE,Belgium,core_exvolatile,93.24375516
2011-06-01,BE,Belgium,core_exvolatile,93.46856637
2011-07-01,BE,Belgium,core_exvolatile,92.21226844
2011-08-01,BE,Belgium,core_exvolatile,94.09010324
2011-09-01,BE,Belgium,core_exvolatile,93.78594690
2011-10-01,BE,Belgium,core_exvolatile,93.90496460
2011-11-01,BE,Belgium,core_exvolatile,94.03720649
2011-12-01,BE,Belgium,core_exvolatile,94.39425959
2012-01-01,BE,Belgium,core_exvolatile,92.64866667
2012-02-01,BE,Belgium,core_exvolatile,95.14803835
2012-03-01,BE,Belgium,core_exvolatile,95.02902065
2012-04-01,BE,Belgium,core_exvolatile,95.04224484
2012-05-01,BE,Belgium,core_exvolatile,95.24060767
2012-06-01,BE,Belgium,core_exvolatile,95.39929794
2012-07-01,BE,Belgium,core_exvolatile,93.83884366
2012-08-01,BE,Belgium,core_exvolatile,95.95471386
2012-09-01,BE,Belgium,core_exvolatile,95.75635103
2012-10-01,BE,Belgium,core_exvolatile,95.86214454
2012-11-01,BE,Belgium,core_exvolatile,95.98116224
2012-12-01,BE,Belgium,core_exvolatile,96.23242183
2013-01-01,BE,Belgium,core_exvolatile,94.03720649
2013-02-01,BE,Belgium,core_exvolatile,96.89363127
2013-03-01,BE,Belgium,core_exvolatile,96.94652802
2013-04-01,BE,Belgium,core_exvolatile,96.76138938
2013-05-01,BE,Belgium,core_exvolatile,96.92007965
2013-06-01,BE,Belgium,core_exvolatile,97.11844248
2013-07-01,BE,Belgium,core_exvolatile,95.66378171
2013-08-01,BE,Belgium,core_exvolatile,97.68708260
2013-09-01,BE,Belgium,core_exvolatile,97.34325369
2013-10-01,BE,Belgium,core_exvolatile,97.51516814
2013-11-01,BE,Belgium,core_exvolatile,97.68708260
2013-12-01,BE,Belgium,core_exvolatile,97.97801475
2014-01-01,BE,Belgium,core_exvolatile,95.74312684
2014-02-01,BE,Belgium,core_exvolatile,98.33506785
2014-03-01,BE,Belgium,core_exvolatile,98.37474041
2014-04-01,BE,Belgium,core_exvolatile,98.53343068
2014-05-01,BE,Belgium,core_exvolatile,98.63922419
2014-06-01,BE,Belgium,core_exvolatile,98.75824189
2014-07-01,BE,Belgium,core_exvolatile,97.18456342
2014-08-01,BE,Belgium,core_exvolatile,99.26076106
2014-09-01,BE,Belgium,core_exvolatile,98.91693215
2014-10-01,BE,Belgium,core_exvolatile,98.95660472
2014-11-01,BE,Belgium,core_exvolatile,98.89048378
2014-12-01,BE,Belgium,core_exvolatile,99.20786431
2015-01-01,BE,Belgium,core_exvolatile,97.42259882
2015-02-01,BE,Belgium,core_exvolatile,99.86907375
2015-03-01,BE,Belgium,core_exvolatile,99.73683186
2015-04-01,BE,Belgium,core_exvolatile,99.94841888
2015-05-01,BE,Belgium,core_exvolatile,100.04098820
2015-06-01,BE,Belgium,core_exvolatile,100.23935103
2015-07-01,BE,Belgium,core_exvolatile,98.90370796
2015-08-01,BE,Belgium,core_exvolatile,100.79476696
2015-09-01,BE,Belgium,core_exvolatile,100.30547198
2015-10-01,BE,Belgium,core_exvolatile,100.63607670
2015-11-01,BE,Belgium,core_exvolatile,100.84766372
2015-12-01,BE,Belgium,core_exvolatile,101.21794100
2016-01-01,BE,Belgium,core_exvolatile,99.63103835
2016-02-01,BE,Belgium,core_exvolatile,101.79980531
2016-03-01,BE,Belgium,core_exvolatile,102.01139233
2016-04-01,BE,Belgium,core_exvolatile,102.13041003
2016-05-01,BE,Belgium,core_exvolatile,102.22297935
2016-06-01,BE,Belgium,core_exvolatile,102.36844543
2016-07-01,BE,Belgium,core_exvolatile,101.16504425
2016-08-01,BE,Belgium,core_exvolatile,102.97675811
2016-09-01,BE,Belgium,core_exvolatile,102.30232448
2016-10-01,BE,Belgium,core_exvolatile,102.46101475
2016-11-01,BE,Belgium,core_exvolatile,102.44779056
2016-12-01,BE,Belgium,core_exvolatile,102.68582596
2017-01-01,BE,Belgium,core_exvolatile,101.20471681
2017-02-01,BE,Belgium,core_exvolatile,103.32058702
2017-03-01,BE,Belgium,core_exvolatile,103.29413864
2017-04-01,BE,Belgium,core_exvolatile,103.80988201
2017-05-01,BE,Belgium,core_exvolatile,103.80988201
2017-06-01,BE,Belgium,core_exvolatile,103.86277876
2017-07-01,BE,Belgium,core_exvolatile,103.01643068
2017-08-01,BE,Belgium,core_exvolatile,104.61655752
2017-09-01,BE,Belgium,core_exvolatile,104.02146903
2017-10-01,BE,Belgium,core_exvolatile,104.11403835
2017-11-01,BE,Belgium,core_exvolatile,103.98179646
2017-12-01,BE,Belgium,core_exvolatile,104.49753982
2018-01-01,BE,Belgium,core_exvolatile,102.95030973
2018-02-01,BE,Belgium,core_exvolatile,104.97361062
2018-03-01,BE,Belgium,core_exvolatile,104.98683481
2018-04-01,BE,Belgium,core_exvolatile,105.30421534
2018-05-01,BE,Belgium,core_exvolatile,105.46290560
2018-06-01,BE,Belgium,core_exvolatile,105.62159587
2018-07-01,BE,Belgium,core_exvolatile,104.66945428
2018-08-01,BE,Belgium,core_exvolatile,106.28280531
2018-09-01,BE,Belgium,core_exvolatile,105.67449263
2018-10-01,BE,Belgium,core_exvolatile,105.80673451
2018-11-01,BE,Belgium,core_exvolatile,105.70094100
2018-12-01,BE,Belgium,core_exvolatile,106.17701180
2019-01-01,BE,Belgium,core_exvolatile,104.55043658
2019-02-01,BE,Belgium,core_exvolatile,106.63985841
2019-03-01,BE,Belgium,core_exvolatile,106.58696165
2019-04-01,BE,Belgium,core_exvolatile,107.08948083
2019-05-01,BE,Belgium,core_exvolatile,107.04980826
2019-06-01,BE,Belgium,core_exvolatile,107.32751622
2019-07-01,BE,Belgium,core_exvolatile,106.46794395
2019-08-01,BE,Belgium,core_exvolatile,107.85648378
2019-09-01,BE,Belgium,core_exvolatile,107.15560177
2019-10-01,BE,Belgium,core_exvolatile,107.39363717
2019-11-01,BE,Belgium,core_exvolatile,107.36718879
2019-12-01,BE,Belgium,core_exvolatile,107.75069027
2020-01-01,BE,Belgium,core_exvolatile,106.25635693
2020-02-01,BE,Belgium,core_exvolatile,108.51769322
2020-03-01,BE,Belgium,core_exvolatile,108.42512389
2020-04-01,BE,Belgium,core_exvolatile,108.80862537
2020-05-01,BE,Belgium,core_exvolatile,108.74250442
2020-06-01,BE,Belgium,core_exvolatile,108.82184956
2020-07-01,BE,Belgium,core_exvolatile,109.53595575
2020-08-01,BE,Belgium,core_exvolatile,107.69779351
2020-09-01,BE,Belgium,core_exvolatile,108.79540118
2020-10-01,BE,Belgium,core_exvolatile,108.90119469
2020-11-01,BE,Belgium,core_exvolatile,108.74250442
2020-12-01,BE,Belgium,core_exvolatile,109.20535103
2021-01-01,BE,Belgium,core_exvolatile,107.84325959
2021-02-01,BE,Belgium,core_exvolatile,108.91441888
2021-03-01,BE,Belgium,core_exvolatile,109.50950737
2021-04-01,BE,Belgium,core_exvolatile,109.81366372
2021-05-01,BE,Belgium,core_exvolatile,109.98557817
2021-06-01,BE,Belgium,core_exvolatile,110.14426844
2021-07-01,BE,Belgium,core_exvolatile,108.96731563
2021-08-01,BE,Belgium,core_exvolatile,110.88482301
2021-09-01,BE,Belgium,core_exvolatile,110.62033923
2021-10-01,BE,Belgium,core_exvolatile,111.12285841
2021-11-01,BE,Belgium,core_exvolatile,111.22865192
2021-12-01,BE,Belgium,core_exvolatile,111.87663717
2022-01-01,BE,Belgium,core_exvolatile,110.68646018
2022-02-01,BE,Belgium,core_exvolatile,113.04036578
2022-03-01,BE,Belgium,core_exvolatile,113.26517699
2022-04-01,BE,Belgium,core_exvolatile,113.89993805
2022-05-01,BE,Belgium,core_exvolatile,114.44212979
2022-06-01,BE,Belgium,core_exvolatile,115.27525369
2022-07-01,BE,Belgium,core_exvolatile,114.65371681
2022-08-01,BE,Belgium,core_exvolatile,116.80925959
2022-09-01,BE,Belgium,core_exvolatile,117.04729499
2022-10-01,BE,Belgium,core_exvolatile,118.02588496
2022-11-01,BE,Belgium,core_exvolatile,118.68709440
2022-12-01,BE,Belgium,core_exvolatile,119.79792625
2023-01-01,BE,Belgium,core_exvolatile,119.65246018
2023-02-01,BE,Belgium,core_exvolatile,122.46921239
2023-03-01,BE,Belgium,core_exvolatile,122.93205900
2023-04-01,BE,Belgium,core_exvolatile,123.05107670
2023-05-01,BE,Belgium,core_exvolatile,123.98999410
2023-06-01,BE,Belgium,core_exvolatile,124.25447788
2023-07-01,BE,Belgium,core_exvolatile,123.01140413
2023-08-01,BE,Belgium,core_exvolatile,125.55044838
2023-09-01,BE,Belgium,core_exvolatile,124.87601475
2023-10-01,BE,Belgium,core_exvolatile,125.49755162
2023-11-01,BE,Belgium,core_exvolatile,125.32563717
2023-12-01,BE,Belgium,core_exvolatile,126.34389971
2024-01-01,BE,Belgium,core_exvolatile,125.62979351
2024-02-01,BE,Belgium,core_exvolatile,127.52085251
2024-03-01,BE,Belgium,core_exvolatile,127.70599115
2024-04-01,BE,Belgium,core_exvolatile,127.57374926
2024-05-01,BE,Belgium,core_exvolatile,128.15561357
2024-06-01,BE,Belgium,core_exvolatile,128.61846018
2024-07-01,BE,Belgium,core_exvolatile,127.45473156
2024-08-01,BE,Belgium,core_exvolatile,130.19213864
2024-09-01,BE,Belgium,core_exvolatile,129.39868732
2024-10-01,BE,Belgium,core_exvolatile,130.20536283
2024-11-01,BE,Belgium,core_exvolatile,130.05989676
2024-12-01,BE,Belgium,core_exvolatile,130.73433038
2025-01-01,BE,Belgium,core_exvolatile,128.79037463
2025-02-01,BE,Belgium,core_exvolatile,132.24188791
2025-03-01,BE,Belgium,core_exvolatile,131.71292035
2025-04-01,BE,Belgium,core_exvolatile,131.42198820
2025-05-01,BE,Belgium,core_exvolatile,131.75259292
2025-06-01,BE,Belgium,core_exvolatile,132.30800885
2025-07-01,BE,Belgium,core_exvolatile,130.84012389
2025-08-01,BE,Belgium,core_exvolatile,133.32627139
2025-09-01,BE,Belgium,core_exvolatile,132.85020059
2025-10-01,BE,Belgium,core_exvolatile,133.55108260
2025-11-01,BE,Belgium,core_exvolatile,133.63042773
2025-12-01,BE,Belgium,core_exvolatile,134.49000000
2026-01-01,BE,Belgium,core_exvolatile,132.06997345
2026-02-01,BE,Belgium,core_exvolatile,135.28345133
2026-03-01,BE,Belgium,core_exvolatile,134.82060472
2026-04-01,BE,Belgium,core_exvolatile,135.40246903
2026-05-01,BE,Belgium,core_exvolatile,135.53471091
2026-06-01,BE,Belgium,core_exvolatile,135.85209145
1998-12-01,BE,Belgium,neig,86.50582697
1999-01-01,BE,Belgium,neig,86.59988060
1999-02-01,BE,Belgium,neig,86.76447446
1999-03-01,BE,Belgium,neig,86.78798786
1999-04-01,BE,Belgium,neig,86.76447446
1999-05-01,BE,Belgium,neig,86.83501468
1999-06-01,BE,Belgium,neig,86.82325798
1999-07-01,BE,Belgium,neig,86.76447446
1999-08-01,BE,Belgium,neig,86.77623116
1999-09-01,BE,Belgium,neig,86.84677138
1999-10-01,BE,Belgium,neig,86.96433842
1999-11-01,BE,Belgium,neig,87.08190546
1999-12-01,BE,Belgium,neig,87.07014876
2000-01-01,BE,Belgium,neig,83.33151693
2000-02-01,BE,Belgium,neig,87.36406635
2000-03-01,BE,Belgium,neig,87.32879624
2000-04-01,BE,Belgium,neig,87.24649931
2000-05-01,BE,Belgium,neig,87.23474261
2000-06-01,BE,Belgium,neig,87.31703954
2000-07-01,BE,Belgium,neig,83.71948816
2000-08-01,BE,Belgium,neig,87.38757976
2000-09-01,BE,Belgium,neig,87.54041691
2000-10-01,BE,Belgium,neig,87.74028088
2000-11-01,BE,Belgium,neig,87.99892836
2000-12-01,BE,Belgium,neig,88.16352222
2001-01-01,BE,Belgium,neig,84.57772754
2001-02-01,BE,Belgium,neig,88.57500685
2001-03-01,BE,Belgium,neig,88.71608730
2001-04-01,BE,Belgium,neig,88.78662752
2001-05-01,BE,Belgium,neig,89.05703171
2001-06-01,BE,Belgium,neig,89.12757193
2001-07-01,BE,Belgium,neig,85.28312977
2001-08-01,BE,Belgium,neig,89.28040908
2001-09-01,BE,Belgium,neig,89.65662361
2001-10-01,BE,Belgium,neig,89.80946076
2001-11-01,BE,Belgium,neig,90.05635154
2001-12-01,BE,Belgium,neig,90.11513506
2002-01-01,BE,Belgium,neig,86.38825993
2002-02-01,BE,Belgium,neig,90.58540321
2002-03-01,BE,Belgium,neig,90.60891662
2002-04-01,BE,Belgium,neig,90.59715991
2002-05-01,BE,Belgium,neig,90.73824036
2002-06-01,BE,Belgium,neig,90.58540321
2002-07-01,BE,Belgium,neig,86.62339401
2002-08-01,BE,Belgium,neig,90.56188980
2002-09-01,BE,Belgium,neig,90.79702388
2002-10-01,BE,Belgium,neig,90.92634762
2002-11-01,BE,Belgium,neig,91.14972500
2002-12-01,BE,Belgium,neig,91.11445488
2003-01-01,BE,Belgium,neig,87.32879624
2003-02-01,BE,Belgium,neig,91.63174985
2003-03-01,BE,Belgium,neig,91.52593952
2003-04-01,BE,Belgium,neig,91.45539930
2003-05-01,BE,Belgium,neig,91.57296633
2003-06-01,BE,Belgium,neig,91.44364259
2003-07-01,BE,Belgium,neig,87.49339010
2003-08-01,BE,Belgium,neig,91.44364259
2003-09-01,BE,Belgium,neig,91.79634371
2003-10-01,BE,Belgium,neig,91.84337052
2003-11-01,BE,Belgium,neig,91.85512723
2003-12-01,BE,Belgium,neig,92.00796438
2004-01-01,BE,Belgium,neig,87.89311803
2004-02-01,BE,Belgium,neig,92.41944901
2004-03-01,BE,Belgium,neig,92.09026130
2004-04-01,BE,Belgium,neig,91.96093756
2004-05-01,BE,Belgium,neig,91.89039734
2004-06-01,BE,Belgium,neig,91.73756019
2004-07-01,BE,Belgium,neig,87.46987669
2004-08-01,BE,Belgium,neig,91.71404678
2004-09-01,BE,Belgium,neig,91.86688393
2004-10-01,BE,Belgium,neig,91.80810041
2004-11-01,BE,Belgium,neig,91.91391075
2004-12-01,BE,Belgium,neig,91.96093756
2005-01-01,BE,Belgium,neig,87.68149736
2005-02-01,BE,Belgium,neig,92.17255823
2005-03-01,BE,Belgium,neig,92.17255823
2005-04-01,BE,Belgium,neig,92.01972108
2005-05-01,BE,Belgium,neig,92.26661186
2005-06-01,BE,Belgium,neig,92.12553142
2005-07-01,BE,Belgium,neig,87.04663535
2005-08-01,BE,Belgium,neig,92.17255823
2005-09-01,BE,Belgium,neig,92.27836857
2005-10-01,BE,Belgium,neig,92.41944901
2005-11-01,BE,Belgium,neig,92.60755627
2005-12-01,BE,Belgium,neig,92.72512331
2006-01-01,BE,Belgium,neig,87.71676747
2006-02-01,BE,Belgium,neig,93.21890487
2006-03-01,BE,Belgium,neig,92.96025739
2006-04-01,BE,Belgium,neig,93.03079761
2006-05-01,BE,Belgium,neig,93.16012135
2006-06-01,BE,Belgium,neig,93.10133784
2006-07-01,BE,Belgium,neig,88.33987277
2006-08-01,BE,Belgium,neig,93.04255432
2006-09-01,BE,Belgium,neig,93.17187806
2006-10-01,BE,Belgium,neig,93.21890487
2006-11-01,BE,Belgium,neig,93.31295850
2006-12-01,BE,Belgium,neig,93.46579565
2007-01-01,BE,Belgium,neig,88.41041300
2007-02-01,BE,Belgium,neig,93.98309062
2007-03-01,BE,Belgium,neig,93.83025347
2007-04-01,BE,Belgium,neig,93.75971325
2007-05-01,BE,Belgium,neig,93.78322666
2007-06-01,BE,Belgium,neig,93.68917303
2007-07-01,BE,Belgium,neig,88.83365434
2007-08-01,BE,Belgium,neig,93.93606381
2007-09-01,BE,Belgium,neig,94.10065766
2007-10-01,BE,Belgium,neig,94.19471129
2007-11-01,BE,Belgium,neig,94.34754844
2007-12-01,BE,Belgium,neig,94.50038559
2008-01-01,BE,Belgium,neig,89.62135349
2008-02-01,BE,Belgium,neig,95.08822079
2008-03-01,BE,Belgium,neig,94.97065375
2008-04-01,BE,Belgium,neig,94.93538364
2008-05-01,BE,Belgium,neig,95.05295068
2008-06-01,BE,Belgium,neig,94.98241045
2008-07-01,BE,Belgium,neig,89.77419064
2008-08-01,BE,Belgium,neig,94.95889704
2008-09-01,BE,Belgium,neig,95.29984146
2008-10-01,BE,Belgium,neig,95.57024564
2008-11-01,BE,Belgium,neig,95.75835291
2008-12-01,BE,Belgium,neig,95.89943335
2009-01-01,BE,Belgium,neig,90.16216187
2009-02-01,BE,Belgium,neig,96.41672832
2009-03-01,BE,Belgium,neig,96.40497162
2009-04-01,BE,Belgium,neig,96.53429536
2009-05-01,BE,Belgium,neig,96.60483558
2009-06-01,BE,Belgium,neig,96.61659229
2009-07-01,BE,Belgium,neig,90.83229399
2009-08-01,BE,Belgium,neig,96.55780877
2009-09-01,BE,Belgium,neig,96.79294285
2009-10-01,BE,Belgium,neig,96.93402329
2009-11-01,BE,Belgium,neig,97.13388726
2009-12-01,BE,Belgium,neig,97.21618418
2010-01-01,BE,Belgium,neig,90.97337444
2010-02-01,BE,Belgium,neig,97.59239871
2010-03-01,BE,Belgium,neig,97.41604815
2010-04-01,BE,Belgium,neig,97.28672441
2010-05-01,BE,Belgium,neig,97.56888530
2010-06-01,BE,Belgium,neig,97.34550793
2010-07-01,BE,Belgium,neig,90.74999706
2010-08-01,BE,Belgium,neig,97.38077804
2010-09-01,BE,Belgium,neig,97.56888530
2010-10-01,BE,Belgium,neig,97.72172245
2010-11-01,BE,Belgium,neig,97.80401938
2010-12-01,BE,Belgium,neig,97.92158642
2011-01-01,BE,Belgium,neig,92.13728812
2011-02-01,BE,Belgium,neig,98.22726072
2011-03-01,BE,Belgium,neig,98.05091016
2011-04-01,BE,Belgium,neig,97.85104619
2011-05-01,BE,Belgium,neig,98.19199060
2011-06-01,BE,Belgium,neig,98.16847720
2011-07-01,BE,Belgium,neig,92.50174594
2011-08-01,BE,Belgium,neig,98.25077412
2011-09-01,BE,Belgium,neig,98.49766491
2011-10-01,BE,Belgium,neig,98.72104228
2011-11-01,BE,Belgium,neig,98.83860932
2011-12-01,BE,Belgium,neig,98.97968976
2012-01-01,BE,Belgium,neig,92.79566353
2012-02-01,BE,Belgium,neig,99.35590429
2012-03-01,BE,Belgium,neig,99.10901351
2012-04-01,BE,Belgium,neig,99.14428362
2012-05-01,BE,Belgium,neig,99.21482384
2012-06-01,BE,Belgium,neig,99.09725680
2012-07-01,BE,Belgium,neig,92.74863672
2012-08-01,BE,Belgium,neig,99.13252691
2012-09-01,BE,Belgium,neig,99.34414758
2012-10-01,BE,Belgium,neig,99.52049814
2012-11-01,BE,Belgium,neig,99.67333529
2012-12-01,BE,Belgium,neig,99.75563222
2013-01-01,BE,Belgium,neig,93.44228225
2013-02-01,BE,Belgium,neig,100.33171071
2013-03-01,BE,Belgium,neig,100.34346741
2013-04-01,BE,Belgium,neig,100.30819730
2013-05-01,BE,Belgium,neig,100.34346741
2013-06-01,BE,Belgium,neig,100.29644060
2013-07-01,BE,Belgium,neig,94.05363085
2013-08-01,BE,Belgium,neig,99.95549618
2013-09-01,BE,Belgium,neig,100.10833333
2013-10-01,BE,Belgium,neig,100.30819730
2013-11-01,BE,Belgium,neig,100.47279115
2013-12-01,BE,Belgium,neig,100.48454786
2014-01-01,BE,Belgium,neig,94.28876492
2014-02-01,BE,Belgium,neig,100.69616853
2014-03-01,BE,Belgium,neig,100.50806126
2014-04-01,BE,Belgium,neig,100.47279115
2014-05-01,BE,Belgium,neig,100.68441182
2014-06-01,BE,Belgium,neig,100.63738501
2014-07-01,BE,Belgium,neig,93.97133392
2014-08-01,BE,Belgium,neig,100.59035819
2014-09-01,BE,Belgium,neig,100.61387160
2014-10-01,BE,Belgium,neig,100.63738501
2014-11-01,BE,Belgium,neig,100.67265512
2014-12-01,BE,Belgium,neig,100.68441182
2015-01-01,BE,Belgium,neig,95.37038168
2015-02-01,BE,Belgium,neig,100.86076238
2015-03-01,BE,Belgium,neig,100.69616853
2015-04-01,BE,Belgium,neig,100.73143864
2015-05-01,BE,Belgium,neig,100.86076238
2015-06-01,BE,Belgium,neig,100.93130260
2015-07-01,BE,Belgium,neig,94.97065375
2015-08-01,BE,Belgium,neig,100.82549227
2015-09-01,BE,Belgium,neig,100.87251908
2015-10-01,BE,Belgium,neig,101.03711294
2015-11-01,BE,Belgium,neig,101.34278724
2015-12-01,BE,Belgium,neig,101.44859757
2016-01-01,BE,Belgium,neig,96.67537581
2016-02-01,BE,Belgium,neig,101.70724506
2016-03-01,BE,Belgium,neig,101.71900176
2016-04-01,BE,Belgium,neig,101.76602858
2016-05-01,BE,Belgium,neig,101.87183891
2016-06-01,BE,Belgium,neig,101.84832550
2016-07-01,BE,Belgium,neig,96.34618810
2016-08-01,BE,Belgium,neig,101.94237913
2016-09-01,BE,Belgium,neig,101.82481210
2016-10-01,BE,Belgium,neig,102.05994617
2016-11-01,BE,Belgium,neig,102.09521628
2016-12-01,BE,Belgium,neig,102.20102662
2017-01-01,BE,Belgium,neig,97.25145430
2017-02-01,BE,Belgium,neig,102.50670092
2017-03-01,BE,Belgium,neig,102.56548444
2017-04-01,BE,Belgium,neig,102.65953807
2017-05-01,BE,Belgium,neig,102.76534840
2017-06-01,BE,Belgium,neig,102.53021433
2017-07-01,BE,Belgium,neig,97.39253474
2017-08-01,BE,Belgium,neig,102.71832159
2017-09-01,BE,Belgium,neig,102.60075455
2017-10-01,BE,Belgium,neig,102.65953807
2017-11-01,BE,Belgium,neig,102.80061852
2017-12-01,BE,Belgium,neig,103.11804952
2018-01-01,BE,Belgium,neig,98.45063809
2018-02-01,BE,Belgium,neig,103.34142689
2018-03-01,BE,Belgium,neig,103.36494030
2018-04-01,BE,Belgium,neig,103.25912997
2018-05-01,BE,Belgium,neig,103.48250734
2018-06-01,BE,Belgium,neig,103.41196712
2018-07-01,BE,Belgium,neig,98.10969368
2018-08-01,BE,Belgium,neig,103.45899393
2018-09-01,BE,Belgium,neig,103.58831767
2018-10-01,BE,Belgium,neig,103.67061460
2018-11-01,BE,Belgium,neig,103.81169505
2018-12-01,BE,Belgium,neig,104.04682913
2019-01-01,BE,Belgium,neig,99.35590429
2019-02-01,BE,Belgium,neig,104.36426013
2019-03-01,BE,Belgium,neig,104.35250343
2019-04-01,BE,Belgium,neig,104.38777354
2019-05-01,BE,Belgium,neig,104.56412409
2019-06-01,BE,Belgium,neig,104.48182717
2019-07-01,BE,Belgium,neig,99.69684870
2019-08-01,BE,Belgium,neig,104.48182717
2019-09-01,BE,Belgium,neig,104.47007046
2019-10-01,BE,Belgium,neig,104.72871795
2019-11-01,BE,Belgium,neig,104.77574476
2019-12-01,BE,Belgium,neig,105.04614895
2020-01-01,BE,Belgium,neig,99.77914563
2020-02-01,BE,Belgium,neig,105.39885007
2020-03-01,BE,Belgium,neig,105.34006655
2020-04-01,BE,Belgium,neig,105.37533666
2020-05-01,BE,Belgium,neig,105.45763359
2020-06-01,BE,Belgium,neig,105.45763359
2020-07-01,BE,Belgium,neig,105.19898610
2020-08-01,BE,Belgium,neig,99.67333529
2020-09-01,BE,Belgium,neig,105.26952633
2020-10-01,BE,Belgium,neig,105.37533666
2020-11-01,BE,Belgium,neig,105.53993051
2020-12-01,BE,Belgium,neig,105.65749755
2021-01-01,BE,Belgium,neig,101.49562439
2021-02-01,BE,Belgium,neig,103.74115482
2021-03-01,BE,Belgium,neig,105.65749755
2021-04-01,BE,Belgium,neig,105.75155118
2021-05-01,BE,Belgium,neig,105.88087493
2021-06-01,BE,Belgium,neig,105.85736152
2021-07-01,BE,Belgium,neig,100.71968193
2021-08-01,BE,Belgium,neig,106.13952241
2021-09-01,BE,Belgium,neig,106.42168330
2021-10-01,BE,Belgium,neig,106.85668135
2021-11-01,BE,Belgium,neig,107.05654531
2021-12-01,BE,Belgium,neig,107.85600117
2022-01-01,BE,Belgium,neig,102.84764533
2022-02-01,BE,Belgium,neig,108.73775396
2022-03-01,BE,Belgium,neig,108.85532100
2022-04-01,BE,Belgium,neig,109.17275201
2022-05-01,BE,Belgium,neig,109.36085927
2022-06-01,BE,Belgium,neig,109.64302016
2022-07-01,BE,Belgium,neig,104.79925817
2022-08-01,BE,Belgium,neig,110.58355647
2022-09-01,BE,Belgium,neig,111.87679389
2022-10-01,BE,Belgium,neig,112.84084361
2022-11-01,BE,Belgium,neig,113.46394891
2022-12-01,BE,Belgium,neig,114.81596986
2023-01-01,BE,Belgium,neig,109.77234390
2023-02-01,BE,Belgium,neig,116.05042376
2023-03-01,BE,Belgium,neig,116.50893521
2023-04-01,BE,Belgium,neig,116.27380114
2023-05-01,BE,Belgium,neig,116.50893521
2023-06-01,BE,Belgium,neig,116.79109610
2023-07-01,BE,Belgium,neig,109.04342826
2023-08-01,BE,Belgium,neig,116.73231259
2023-09-01,BE,Belgium,neig,116.79109610
2023-10-01,BE,Belgium,neig,117.76690252
2023-11-01,BE,Belgium,neig,117.32014778
2023-12-01,BE,Belgium,neig,118.36649442
2024-01-01,BE,Belgium,neig,114.52205226
2024-02-01,BE,Belgium,neig,118.81324917
2024-03-01,BE,Belgium,neig,118.47230476
2024-04-01,BE,Belgium,neig,117.77865923
2024-05-01,BE,Belgium,neig,118.01379331
2024-06-01,BE,Belgium,neig,118.35473772
2024-07-01,BE,Belgium,neig,110.67761010
2024-08-01,BE,Belgium,neig,118.40176453
2024-09-01,BE,Belgium,neig,118.28419749
2024-10-01,BE,Belgium,neig,119.06013995
2024-11-01,BE,Belgium,neig,119.30703073
2024-12-01,BE,Belgium,neig,119.26000391
2025-01-01,BE,Belgium,neig,110.66585340
2025-02-01,BE,Belgium,neig,119.60094833
2025-03-01,BE,Belgium,neig,118.34298101
2025-04-01,BE,Belgium,neig,118.02555001
2025-05-01,BE,Belgium,neig,117.87271286
2025-06-01,BE,Belgium,neig,118.37825113
2025-07-01,BE,Belgium,neig,111.15963496
2025-08-01,BE,Belgium,neig,118.29595420
2025-09-01,BE,Belgium,neig,118.96608632
2025-10-01,BE,Belgium,neig,119.71851537
2025-11-01,BE,Belgium,neig,119.63621844
2025-12-01,BE,Belgium,neig,120.13000000
2026-01-01,BE,Belgium,neig,113.20530143
2026-02-01,BE,Belgium,neig,120.87067234
2026-03-01,BE,Belgium,neig,120.24756704
2026-04-01,BE,Belgium,neig,120.45918771
2026-05-01,BE,Belgium,neig,120.14175670
2026-06-01,BE,Belgium,neig,120.15351341
1998-12-01,BE,Belgium,services,70.25150594
1999-01-01,BE,Belgium,services,70.53091533
1999-02-01,BE,Belgium,services,71.00990287
1999-03-01,BE,Belgium,services,70.86354557
1999-04-01,BE,Belgium,services,71.02320808
1999-05-01,BE,Belgium,services,71.10303934
1999-06-01,BE,Belgium,services,71.12964976
1999-07-01,BE,Belgium,services,71.47558521
1999-08-01,BE,Belgium,services,71.42236437
1999-09-01,BE,Belgium,services,71.40905916
1999-10-01,BE,Belgium,services,71.44897479
1999-11-01,BE,Belgium,services,71.58202688
1999-12-01,BE,Belgium,services,71.75499460
2000-01-01,BE,Belgium,services,72.04770921
2000-02-01,BE,Belgium,services,72.22067694
2000-03-01,BE,Belgium,services,72.51339154
2000-04-01,BE,Belgium,services,72.80610615
2000-05-01,BE,Belgium,services,72.68635927
2000-06-01,BE,Belgium,services,72.79280094
2000-07-01,BE,Belgium,services,73.52458746
2000-08-01,BE,Belgium,services,73.65763956
2000-09-01,BE,Belgium,services,73.09882076
2000-10-01,BE,Belgium,services,72.87263220
2000-11-01,BE,Belgium,services,72.75288531
2000-12-01,BE,Belgium,services,73.15204160
2001-01-01,BE,Belgium,services,73.17865202
2001-02-01,BE,Belgium,services,73.44475621
2001-03-01,BE,Belgium,services,73.40484058
2001-04-01,BE,Belgium,services,73.95035416
2001-05-01,BE,Belgium,services,73.88382812
2001-06-01,BE,Belgium,services,74.14993231
2001-07-01,BE,Belgium,services,75.08129697
2001-08-01,BE,Belgium,services,75.01477092
2001-09-01,BE,Belgium,services,74.60230943
2001-10-01,BE,Belgium,services,74.84180320
2001-11-01,BE,Belgium,services,75.12121260
2001-12-01,BE,Belgium,services,75.36070637
2002-01-01,BE,Belgium,services,75.48045325
2002-02-01,BE,Belgium,services,76.13240852
2002-03-01,BE,Belgium,services,76.10579810
2002-04-01,BE,Belgium,services,75.77316786
2002-05-01,BE,Belgium,services,75.93283037
2002-06-01,BE,Belgium,services,76.25215540
2002-07-01,BE,Belgium,services,76.95733150
2002-08-01,BE,Belgium,services,77.10368881
2002-09-01,BE,Belgium,services,76.45173354
2002-10-01,BE,Belgium,services,76.06588247
2002-11-01,BE,Belgium,services,76.25215540
2002-12-01,BE,Belgium,services,76.65131168
2003-01-01,BE,Belgium,services,76.49164917
2003-02-01,BE,Belgium,services,76.94402629
2003-03-01,BE,Belgium,services,76.97063671
2003-04-01,BE,Belgium,services,77.72903365
2003-05-01,BE,Belgium,services,77.43631904
2003-06-01,BE,Belgium,services,77.79555970
2003-07-01,BE,Belgium,services,78.32776808
2003-08-01,BE,Belgium,services,78.42090454
2003-09-01,BE,Belgium,services,77.88869616
2003-10-01,BE,Belgium,services,77.90200137
2003-11-01,BE,Belgium,services,78.18141077
2003-12-01,BE,Belgium,services,78.36768370
2004-01-01,BE,Belgium,services,78.27454724
2004-02-01,BE,Belgium,services,78.79345041
2004-03-01,BE,Belgium,services,78.59387227
2004-04-01,BE,Belgium,services,79.20591190
2004-05-01,BE,Belgium,services,79.16599627
2004-06-01,BE,Belgium,services,79.27243795
2004-07-01,BE,Belgium,services,80.09736093
2004-08-01,BE,Belgium,services,80.11066614
2004-09-01,BE,Belgium,services,79.59176297
2004-10-01,BE,Belgium,services,79.67159423
2004-11-01,BE,Belgium,services,79.69820465
2004-12-01,BE,Belgium,services,79.73812028
2005-01-01,BE,Belgium,services,80.19049740
2005-02-01,BE,Belgium,services,80.44329638
2005-03-01,BE,Belgium,services,80.52312764
2005-04-01,BE,Belgium,services,80.42999117
2005-05-01,BE,Belgium,services,80.64287452
2005-06-01,BE,Belgium,services,80.94889434
2005-07-01,BE,Belgium,services,81.86695379
2005-08-01,BE,Belgium,services,81.70729128
2005-09-01,BE,Belgium,services,81.14847248
2005-10-01,BE,Belgium,services,81.38796625
2005-11-01,BE,Belgium,services,81.52101835
2005-12-01,BE,Belgium,services,81.57423918
2006-01-01,BE,Belgium,services,81.76051212
2006-02-01,BE,Belgium,services,82.22619445
2006-03-01,BE,Belgium,services,82.00000589
2006-04-01,BE,Belgium,services,82.30602570
2006-05-01,BE,Belgium,services,82.35924654
2006-06-01,BE,Belgium,services,82.75840283
2006-07-01,BE,Belgium,services,83.62324144
2006-08-01,BE,Belgium,services,83.68976749
2006-09-01,BE,Belgium,services,83.01120181
2006-10-01,BE,Belgium,services,82.90476013
2006-11-01,BE,Belgium,services,82.85153929
2006-12-01,BE,Belgium,services,83.05111743
2007-01-01,BE,Belgium,services,83.21077995
2007-02-01,BE,Belgium,services,83.82281958
2007-03-01,BE,Belgium,services,83.90265084
2007-04-01,BE,Belgium,services,84.11553419
2007-05-01,BE,Belgium,services,84.20867066
2007-06-01,BE,Belgium,services,84.38163838
2007-07-01,BE,Belgium,services,85.32630825
2007-08-01,BE,Belgium,services,85.24647699
2007-09-01,BE,Belgium,services,84.22197587
2007-10-01,BE,Belgium,services,84.22197587
2007-11-01,BE,Belgium,services,84.10222898
2007-12-01,BE,Belgium,services,84.67435299
2008-01-01,BE,Belgium,services,84.48808005
2008-02-01,BE,Belgium,services,85.12673011
2008-03-01,BE,Belgium,services,85.47266555
2008-04-01,BE,Belgium,services,85.08681448
2008-05-01,BE,Belgium,services,85.45936035
2008-06-01,BE,Belgium,services,86.19114687
2008-07-01,BE,Belgium,services,87.30878446
2008-08-01,BE,Belgium,services,87.45514176
2008-09-01,BE,Belgium,services,86.64352399
2008-10-01,BE,Belgium,services,86.96284901
2008-11-01,BE,Belgium,services,86.81649171
2008-12-01,BE,Belgium,services,87.33539488
2009-01-01,BE,Belgium,services,87.01606985
2009-02-01,BE,Belgium,services,87.93412930
2009-03-01,BE,Belgium,services,87.82768763
2009-04-01,BE,Belgium,services,88.13370745
2009-05-01,BE,Belgium,services,88.10709703
2009-06-01,BE,Belgium,services,88.55947415
2009-07-01,BE,Belgium,services,89.57067007
2009-08-01,BE,Belgium,services,89.39770234
2009-09-01,BE,Belgium,services,88.97193564
2009-10-01,BE,Belgium,services,88.81227313
2009-11-01,BE,Belgium,services,88.41311684
2009-12-01,BE,Belgium,services,88.85218876
2010-01-01,BE,Belgium,services,88.49294810
2010-02-01,BE,Belgium,services,88.99854606
2010-03-01,BE,Belgium,services,88.91871480
2010-04-01,BE,Belgium,services,89.17151378
2010-05-01,BE,Belgium,services,89.42431276
2010-06-01,BE,Belgium,services,89.74363779
2010-07-01,BE,Belgium,services,90.51533994
2010-08-01,BE,Belgium,services,90.48872952
2010-09-01,BE,Belgium,services,90.14279407
2010-10-01,BE,Belgium,services,90.19601491
2010-11-01,BE,Belgium,services,90.10287845
2010-12-01,BE,Belgium,services,90.23593054
2011-01-01,BE,Belgium,services,90.35567743
2011-02-01,BE,Belgium,services,90.92780143
2011-03-01,BE,Belgium,services,90.99432748
2011-04-01,BE,Belgium,services,91.02093790
2011-05-01,BE,Belgium,services,90.94110664
2011-06-01,BE,Belgium,services,91.27373688
2011-07-01,BE,Belgium,services,92.48451094
2011-08-01,BE,Belgium,services,92.33815363
2011-09-01,BE,Belgium,services,91.46000981
2011-10-01,BE,Belgium,services,91.52653586
2011-11-01,BE,Belgium,services,91.60636711
2011-12-01,BE,Belgium,services,92.20510154
2012-01-01,BE,Belgium,services,92.72400471
2012-02-01,BE,Belgium,services,93.25621309
2012-03-01,BE,Belgium,services,93.10985578
2012-04-01,BE,Belgium,services,93.09655057
2012-05-01,BE,Belgium,services,93.37595997
2012-06-01,BE,Belgium,services,93.76181105
2012-07-01,BE,Belgium,services,94.82622780
2012-08-01,BE,Belgium,services,94.61334445
2012-09-01,BE,Belgium,services,93.90816835
2012-10-01,BE,Belgium,services,93.92147356
2012-11-01,BE,Belgium,services,93.94808398
2012-12-01,BE,Belgium,services,94.41376631
2013-01-01,BE,Belgium,services,94.06783086
2013-02-01,BE,Belgium,services,94.99919553
2013-03-01,BE,Belgium,services,95.05241636
2013-04-01,BE,Belgium,services,94.69317571
2013-05-01,BE,Belgium,services,94.90605906
2013-06-01,BE,Belgium,services,95.29191013
2013-07-01,BE,Belgium,services,96.56921024
2013-08-01,BE,Belgium,services,96.55590503
2013-09-01,BE,Belgium,services,95.67776121
2013-10-01,BE,Belgium,services,95.79750809
2013-11-01,BE,Belgium,services,95.93056019
2013-12-01,BE,Belgium,services,96.55590503
2014-01-01,BE,Belgium,services,96.19666438
2014-02-01,BE,Belgium,services,97.00828215
2014-03-01,BE,Belgium,services,97.07480820
2014-04-01,BE,Belgium,services,97.22116551
2014-05-01,BE,Belgium,services,97.22116551
2014-06-01,BE,Belgium,services,97.52718532
2014-07-01,BE,Belgium,services,98.81779064
2014-08-01,BE,Belgium,services,98.56499166
2014-09-01,BE,Belgium,services,97.88642598
2014-10-01,BE,Belgium,services,97.99286765
2014-11-01,BE,Belgium,services,97.84651035
2014-12-01,BE,Belgium,services,98.53838124
2015-01-01,BE,Belgium,services,98.40532915
2015-02-01,BE,Belgium,services,99.56288237
2015-03-01,BE,Belgium,services,99.24355734
2015-04-01,BE,Belgium,services,99.48305111
2015-05-01,BE,Belgium,services,99.56288237
2015-06-01,BE,Belgium,services,99.85559698
2015-07-01,BE,Belgium,services,101.09298146
2015-08-01,BE,Belgium,services,100.97323457
2015-09-01,BE,Belgium,services,100.04186991
2015-10-01,BE,Belgium,services,100.48094182
2015-11-01,BE,Belgium,services,100.42772098
2015-12-01,BE,Belgium,services,101.09298146
2016-01-01,BE,Belgium,services,100.69382517
2016-02-01,BE,Belgium,services,101.63849505
2016-03-01,BE,Belgium,services,101.87798882
2016-04-01,BE,Belgium,services,101.85137840
2016-05-01,BE,Belgium,services,102.03765133
2016-06-01,BE,Belgium,services,102.22392426
2016-07-01,BE,Belgium,services,103.43469832
2016-08-01,BE,Belgium,services,103.42139311
2016-09-01,BE,Belgium,services,102.35697636
2016-10-01,BE,Belgium,services,102.37028157
2016-11-01,BE,Belgium,services,102.26383989
2016-12-01,BE,Belgium,services,102.83596390
2017-01-01,BE,Belgium,services,102.80935348
2017-02-01,BE,Belgium,services,103.62097125
2017-03-01,BE,Belgium,services,103.35486707
2017-04-01,BE,Belgium,services,104.02012754
2017-05-01,BE,Belgium,services,103.92699107
2017-06-01,BE,Belgium,services,104.11326400
2017-07-01,BE,Belgium,services,105.59014225
2017-08-01,BE,Belgium,services,105.39056411
2017-09-01,BE,Belgium,services,104.31284215
2017-10-01,BE,Belgium,services,104.52572550
2017-11-01,BE,Belgium,services,104.00682233
2017-12-01,BE,Belgium,services,104.79182969
2018-01-01,BE,Belgium,services,104.37936819
2018-02-01,BE,Belgium,services,105.20429118
2018-03-01,BE,Belgium,services,105.01801825
2018-04-01,BE,Belgium,services,105.43047974
2018-05-01,BE,Belgium,services,105.59014225
2018-06-01,BE,Belgium,services,105.76310998
2018-07-01,BE,Belgium,services,107.16015697
2018-08-01,BE,Belgium,services,107.12024134
2018-09-01,BE,Belgium,services,105.90946728
2018-10-01,BE,Belgium,services,106.09574021
2018-11-01,BE,Belgium,services,105.74980477
2018-12-01,BE,Belgium,services,106.54811734
2019-01-01,BE,Belgium,services,106.12235063
2019-02-01,BE,Belgium,services,107.13354655
2019-03-01,BE,Belgium,services,106.94727362
2019-04-01,BE,Belgium,services,107.69236535
2019-05-01,BE,Belgium,services,107.50609242
2019-06-01,BE,Belgium,services,107.85202786
2019-07-01,BE,Belgium,services,109.08941234
2019-08-01,BE,Belgium,services,108.92974983
2019-09-01,BE,Belgium,services,107.66575493
2019-10-01,BE,Belgium,services,107.98507996
2019-11-01,BE,Belgium,services,107.78550181
2019-12-01,BE,Belgium,services,108.43745708
2020-01-01,BE,Belgium,services,108.67695085
2020-02-01,BE,Belgium,services,109.36882174
2020-03-01,BE,Belgium,services,108.95636025
2020-04-01,BE,Belgium,services,109.42204258
2020-05-01,BE,Belgium,services,109.23576965
2020-06-01,BE,Belgium,services,109.54178946
2020-07-01,BE,Belgium,services,110.97875208
2020-08-01,BE,Belgium,services,110.80578436
2020-09-01,BE,Belgium,services,109.55509467
2020-10-01,BE,Belgium,services,109.74136761
2020-11-01,BE,Belgium,services,109.44865300
2020-12-01,BE,Belgium,services,110.24696556
2021-01-01,BE,Belgium,services,110.16713431
2021-02-01,BE,Belgium,services,110.68603748
2021-03-01,BE,Belgium,services,110.35340724
2021-04-01,BE,Belgium,services,110.67273227
2021-05-01,BE,Belgium,services,110.93883646
2021-06-01,BE,Belgium,services,111.25816148
2021-07-01,BE,Belgium,services,112.12300010
2021-08-01,BE,Belgium,services,112.21613656
2021-09-01,BE,Belgium,services,111.68392819
2021-10-01,BE,Belgium,services,112.17622094
2021-11-01,BE,Belgium,services,112.14961052
2021-12-01,BE,Belgium,services,112.81487099
2022-01-01,BE,Belgium,services,113.20072206
2022-02-01,BE,Belgium,services,113.74623565
2022-03-01,BE,Belgium,services,113.89259296
2022-04-01,BE,Belgium,services,114.46471696
2022-05-01,BE,Belgium,services,114.78404199
2022-06-01,BE,Belgium,services,115.46260767
2022-07-01,BE,Belgium,services,116.77982341
2022-08-01,BE,Belgium,services,116.99270676
2022-09-01,BE,Belgium,services,116.39397233
2022-10-01,BE,Belgium,services,117.00601197
2022-11-01,BE,Belgium,services,117.17897969
2022-12-01,BE,Belgium,services,118.20348082
2023-01-01,BE,Belgium,services,119.41425488
2023-02-01,BE,Belgium,services,120.50528206
2023-03-01,BE,Belgium,services,120.55850289
2023-04-01,BE,Belgium,services,121.35681546
2023-05-01,BE,Belgium,services,122.74055725
2023-06-01,BE,Belgium,services,122.86030413
2023-07-01,BE,Belgium,services,124.81616992
2023-08-01,BE,Belgium,services,125.09557932
2023-09-01,BE,Belgium,services,123.71183754
2023-10-01,BE,Belgium,services,124.43031885
2023-11-01,BE,Belgium,services,124.09768861
2023-12-01,BE,Belgium,services,125.41490435
2024-01-01,BE,Belgium,services,125.57456686
2024-02-01,BE,Belgium,services,126.43940547
2024-03-01,BE,Belgium,services,126.73212008
2024-04-01,BE,Belgium,services,127.11797116
2024-05-01,BE,Belgium,services,127.79653684
2024-06-01,BE,Belgium,services,128.23560875
2024-07-01,BE,Belgium,services,130.11164328
2024-08-01,BE,Belgium,services,130.12494849
2024-09-01,BE,Belgium,services,128.67468066
2024-10-01,BE,Belgium,services,129.32663593
2024-11-01,BE,Belgium,services,128.80773276
2024-12-01,BE,Belgium,services,130.09833808
2025-01-01,BE,Belgium,services,130.71037771
2025-02-01,BE,Belgium,services,131.69496321
2025-03-01,BE,Belgium,services,131.34902776
2025-04-01,BE,Belgium,services,131.65504758
2025-05-01,BE,Belgium,services,132.24047680
2025-06-01,BE,Belgium,services,132.78599039
2025-07-01,BE,Belgium,services,134.30278426
2025-08-01,BE,Belgium,services,134.56888845
2025-09-01,BE,Belgium,services,133.39803002
2025-10-01,BE,Belgium,services,134.12981654
2025-11-01,BE,Belgium,services,134.18303738
2025-12-01,BE,Belgium,services,135.62000000
2026-01-01,BE,Belgium,services,135.20753851
2026-02-01,BE,Belgium,services,136.44492299
2026-03-01,BE,Belgium,services,136.21873443
2026-04-01,BE,Belgium,services,136.89730011
2026-05-01,BE,Belgium,services,137.40289807
2026-06-01,BE,Belgium,services,137.89519082
