"date","chart_id","series_id","series_name","country","value","axis","unit","source","source_url","frequency","source_note","cache_generated_month"
"2001-05-01","ecb_pcci_3m_saar","hicp_headline_pc_pcci_3m_saar","HICP ECB-style PCCI replication","Euro Area",2.908,"left","%","Eurostat HICP / ECB-style PCCI replication","https://www.ecb.europa.eu/pub/pdf/scpsps/ecb.sps38~ce391a0cb5.en.pdf","monthly","ECB-style replication from 619 4-digit country-item HICP series for 12 countries: annualised monthly rates, outlier removal, month-effect seasonal adjustment, common factor component averaged over 4-16 static factor specifications and scaled to ECB PCCI through Dec-2025. No additional low-pass or moving-average smoothing is applied. Fit R2 0.93; sample May-2001 to Aug-2026.","2026-09"
"2001-06-01","ecb_pcci_3m_saar","hicp_headline_pc_pcci_3m_saar","HICP ECB-style PCCI replication","Euro Area",2.391,"left","%","Eurostat HICP / ECB-style PCCI replication","https://www.ecb.europa.eu/pub/pdf/scpsps/ecb.sps38~ce391a0cb5.en.pdf","monthly","ECB-style replication from 619 4-digit country-item HICP series for 12 countries: annualised monthly rates, outlier removal, month-effect seasonal adjustment, common factor component averaged over 4-16 static factor specifications and scaled to ECB PCCI through Dec-2025. No additional low-pass or moving-average smoothing is applied. Fit R2 0.93; sample May-2001 to Aug-2026.","2026-09"
"2001-07-01","ecb_pcci_3m_saar","hicp_headline_pc_pcci_3m_saar","HICP ECB-style PCCI replication","Euro Area",2.382,"left","%","Eurostat HICP / ECB-style PCCI replication","https://www.ecb.europa.eu/pub/pdf/scpsps/ecb.sps38~ce391a0cb5.en.pdf","monthly","ECB-style replication from 619 4-digit country-item HICP series for 12 countries: annualised monthly rates, outlier removal, month-effect seasonal adjustment, common factor component averaged over 4-16 static factor specifications and scaled to ECB PCCI through Dec-2025. No additional low-pass or moving-average smoothing is applied. Fit R2 0.93; sample May-2001 to Aug-2026.","2026-09"
"2001-08-01","ecb_pcci_3m_saar","hicp_headline_pc_pcci_3m_saar","HICP ECB-style PCCI replication","Euro Area",2.137,"left","%","Eurostat HICP / ECB-style PCCI replication","https://www.ecb.europa.eu/pub/pdf/scpsps/ecb.sps38~ce391a0cb5.en.pdf","monthly","ECB-style replication from 619 4-digit country-item HICP series for 12 countries: annualised monthly rates, outlier removal, month-effect seasonal adjustment, common factor component averaged over 4-16 static factor specifications and scaled to ECB PCCI through Dec-2025. No additional low-pass or moving-average smoothing is applied. Fit R2 0.93; sample May-2001 to Aug-2026.","2026-09"
"2001-09-01","ecb_pcci_3m_saar","hicp_headline_pc_pcci_3m_saar","HICP ECB-style PCCI replication","Euro Area",2.291,"left","%","Eurostat HICP / ECB-style PCCI replication","https://www.ecb.europa.eu/pub/pdf/scpsps/ecb.sps38~ce391a0cb5.en.pdf","monthly","ECB-style replication from 619 4-digit country-item HICP series for 12 countries: annualised monthly rates, outlier removal, month-effect seasonal adjustment, common factor component averaged over 4-16 static factor specifications and scaled to ECB PCCI through Dec-2025. No additional low-pass or moving-average smoothing is applied. Fit R2 0.93; sample May-2001 to Aug-2026.","2026-09"
"2001-10-01","ecb_pcci_3m_saar","hicp_headline_pc_pcci_3m_saar","HICP ECB-style PCCI replication","Euro Area",1.953,"left","%","Eurostat HICP / ECB-style PCCI replication","https://www.ecb.europa.eu/pub/pdf/scpsps/ecb.sps38~ce391a0cb5.en.pdf","monthly","ECB-style replication from 619 4-digit country-item HICP series for 12 countries: annualised monthly rates, outlier removal, month-effect seasonal adjustment, common factor component averaged over 4-16 static factor specifications and scaled to ECB PCCI through Dec-2025. No additional low-pass or moving-average smoothing is applied. Fit R2 0.93; sample May-2001 to Aug-2026.","2026-09"
"2001-11-01","ecb_pcci_3m_saar","hicp_headline_pc_pcci_3m_saar","HICP ECB-style PCCI replication","Euro Area",2.02,"left","%","Eurostat HICP / ECB-style PCCI replication","https://www.ecb.europa.eu/pub/pdf/scpsps/ecb.sps38~ce391a0cb5.en.pdf","monthly","ECB-style replication from 619 4-digit country-item HICP series for 12 countries: annualised monthly rates, outlier removal, month-effect seasonal adjustment, common factor component averaged over 4-16 static factor specifications and scaled to ECB PCCI through Dec-2025. No additional low-pass or moving-average smoothing is applied. Fit R2 0.93; sample May-2001 to Aug-2026.","2026-09"
"2001-12-01","ecb_pcci_3m_saar","hicp_headline_pc_pcci_3m_saar","HICP ECB-style PCCI replication","Euro Area",2.294,"left","%","Eurostat HICP / ECB-style PCCI replication","https://www.ecb.europa.eu/pub/pdf/scpsps/ecb.sps38~ce391a0cb5.en.pdf","monthly","ECB-style replication from 619 4-digit country-item HICP series for 12 countries: annualised monthly rates, outlier removal, month-effect seasonal adjustment, common factor component averaged over 4-16 static factor specifications and scaled to ECB PCCI through Dec-2025. No additional low-pass or moving-average smoothing is applied. Fit R2 0.93; sample May-2001 to Aug-2026.","2026-09"
"2002-01-01","ecb_pcci_3m_saar","hicp_headline_pc_pcci_3m_saar","HICP ECB-style PCCI replication","Euro Area",3.731,"left","%","Eurostat HICP / ECB-style PCCI replication","https://www.ecb.europa.eu/pub/pdf/scpsps/ecb.sps38~ce391a0cb5.en.pdf","monthly","ECB-style replication from 619 4-digit country-item HICP series for 12 countries: annualised monthly rates, outlier removal, month-effect seasonal adjustment, common factor component averaged over 4-16 static factor specifications and scaled to ECB PCCI through Dec-2025. No additional low-pass or moving-average smoothing is applied. Fit R2 0.93; sample May-2001 to Aug-2026.","2026-09"
"2002-02-01","ecb_pcci_3m_saar","hicp_headline_pc_pcci_3m_saar","HICP ECB-style PCCI replication","Euro Area",1.816,"left","%","Eurostat HICP / ECB-style PCCI replication","https://www.ecb.europa.eu/pub/pdf/scpsps/ecb.sps38~ce391a0cb5.en.pdf","monthly","ECB-style replication from 619 4-digit country-item HICP series for 12 countries: annualised monthly rates, outlier removal, month-effect seasonal adjustment, common factor component averaged over 4-16 static factor specifications and scaled to ECB PCCI through Dec-2025. No additional low-pass or moving-average smoothing is applied. Fit R2 0.93; sample May-2001 to Aug-2026.","2026-09"
"2002-03-01","ecb_pcci_3m_saar","hicp_headline_pc_pcci_3m_saar","HICP ECB-style PCCI replication","Euro Area",1.986,"left","%","Eurostat HICP / ECB-style PCCI replication","https://www.ecb.europa.eu/pub/pdf/scpsps/ecb.sps38~ce391a0cb5.en.pdf","monthly","ECB-style replication from 619 4-digit country-item HICP series for 12 countries: annualised monthly rates, outlier removal, month-effect seasonal adjustment, common factor component averaged over 4-16 static factor specifications and scaled to ECB PCCI through Dec-2025. No additional low-pass or moving-average smoothing is applied. Fit R2 0.93; sample May-2001 to Aug-2026.","2026-09"
"2002-04-01","ecb_pcci_3m_saar","hicp_headline_pc_pcci_3m_saar","HICP ECB-style PCCI replication","Euro Area",2.295,"left","%","Eurostat HICP / ECB-style PCCI replication","https://www.ecb.europa.eu/pub/pdf/scpsps/ecb.sps38~ce391a0cb5.en.pdf","monthly","ECB-style replication from 619 4-digit country-item HICP series for 12 countries: annualised monthly rates, outlier removal, month-effect seasonal adjustment, common factor component averaged over 4-16 static factor specifications and scaled to ECB PCCI through Dec-2025. No additional low-pass or moving-average smoothing is applied. Fit R2 0.93; sample May-2001 to Aug-2026.","2026-09"
"2002-05-01","ecb_pcci_3m_saar","hicp_headline_pc_pcci_3m_saar","HICP ECB-style PCCI replication","Euro Area",2.521,"left","%","Eurostat HICP / ECB-style PCCI replication","https://www.ecb.europa.eu/pub/pdf/scpsps/ecb.sps38~ce391a0cb5.en.pdf","monthly","ECB-style replication from 619 4-digit country-item HICP series for 12 countries: annualised monthly rates, outlier removal, month-effect seasonal adjustment, common factor component averaged over 4-16 static factor specifications and scaled to ECB PCCI through Dec-2025. No additional low-pass or moving-average smoothing is applied. Fit R2 0.93; sample May-2001 to Aug-2026.","2026-09"
"2002-06-01","ecb_pcci_3m_saar","hicp_headline_pc_pcci_3m_saar","HICP ECB-style PCCI replication","Euro Area",2.159,"left","%","Eurostat HICP / ECB-style PCCI replication","https://www.ecb.europa.eu/pub/pdf/scpsps/ecb.sps38~ce391a0cb5.en.pdf","monthly","ECB-style replication from 619 4-digit country-item HICP series for 12 countries: annualised monthly rates, outlier removal, month-effect seasonal adjustment, common factor component averaged over 4-16 static factor specifications and scaled to ECB PCCI through Dec-2025. No additional low-pass or moving-average smoothing is applied. Fit R2 0.93; sample May-2001 to Aug-2026.","2026-09"
"2002-07-01","ecb_pcci_3m_saar","hicp_headline_pc_pcci_3m_saar","HICP ECB-style PCCI replication","Euro Area",2.443,"left","%","Eurostat HICP / ECB-style PCCI replication","https://www.ecb.europa.eu/pub/pdf/scpsps/ecb.sps38~ce391a0cb5.en.pdf","monthly","ECB-style replication from 619 4-digit country-item HICP series for 12 countries: annualised monthly rates, outlier removal, month-effect seasonal adjustment, common factor component averaged over 4-16 static factor specifications and scaled to ECB PCCI through Dec-2025. No additional low-pass or moving-average smoothing is applied. Fit R2 0.93; sample May-2001 to Aug-2026.","2026-09"
"2002-08-01","ecb_pcci_3m_saar","hicp_headline_pc_pcci_3m_saar","HICP ECB-style PCCI replication","Euro Area",2.069,"left","%","Eurostat HICP / ECB-style PCCI replication","https://www.ecb.europa.eu/pub/pdf/scpsps/ecb.sps38~ce391a0cb5.en.pdf","monthly","ECB-style replication from 619 4-digit country-item HICP series for 12 countries: annualised monthly rates, outlier removal, month-effect seasonal adjustment, common factor component averaged over 4-16 static factor specifications and scaled to ECB PCCI through Dec-2025. No additional low-pass or moving-average smoothing is applied. Fit R2 0.93; sample May-2001 to Aug-2026.","2026-09"
"2002-09-01","ecb_pcci_3m_saar","hicp_headline_pc_pcci_3m_saar","HICP ECB-style PCCI replication","Euro Area",2.083,"left","%","Eurostat HICP / ECB-style PCCI replication","https://www.ecb.europa.eu/pub/pdf/scpsps/ecb.sps38~ce391a0cb5.en.pdf","monthly","ECB-style replication from 619 4-digit country-item HICP series for 12 countries: annualised monthly rates, outlier removal, month-effect seasonal adjustment, common factor component averaged over 4-16 static factor specifications and scaled to ECB PCCI through Dec-2025. No additional low-pass or moving-average smoothing is applied. Fit R2 0.93; sample May-2001 to Aug-2026.","2026-09"
"2002-10-01","ecb_pcci_3m_saar","hicp_headline_pc_pcci_3m_saar","HICP ECB-style PCCI replication","Euro Area",1.842,"left","%","Eurostat HICP / ECB-style PCCI replication","https://www.ecb.europa.eu/pub/pdf/scpsps/ecb.sps38~ce391a0cb5.en.pdf","monthly","ECB-style replication from 619 4-digit country-item HICP series for 12 countries: annualised monthly rates, outlier removal, month-effect seasonal adjustment, common factor component averaged over 4-16 static factor specifications and scaled to ECB PCCI through Dec-2025. No additional low-pass or moving-average smoothing is applied. Fit R2 0.93; sample May-2001 to Aug-2026.","2026-09"
"2002-11-01","ecb_pcci_3m_saar","hicp_headline_pc_pcci_3m_saar","HICP ECB-style PCCI replication","Euro Area",2.11,"left","%","Eurostat HICP / ECB-style PCCI replication","https://www.ecb.europa.eu/pub/pdf/scpsps/ecb.sps38~ce391a0cb5.en.pdf","monthly","ECB-style replication from 619 4-digit country-item HICP series for 12 countries: annualised monthly rates, outlier removal, month-effect seasonal adjustment, common factor component averaged over 4-16 static factor specifications and scaled to ECB PCCI through Dec-2025. No additional low-pass or moving-average smoothing is applied. Fit R2 0.93; sample May-2001 to Aug-2026.","2026-09"
"2002-12-01","ecb_pcci_3m_saar","hicp_headline_pc_pcci_3m_saar","HICP ECB-style PCCI replication","Euro Area",2.313,"left","%","Eurostat HICP / ECB-style PCCI replication","https://www.ecb.europa.eu/pub/pdf/scpsps/ecb.sps38~ce391a0cb5.en.pdf","monthly","ECB-style replication from 619 4-digit country-item HICP series for 12 countries: annualised monthly rates, outlier removal, month-effect seasonal adjustment, common factor component averaged over 4-16 static factor specifications and scaled to ECB PCCI through Dec-2025. No additional low-pass or moving-average smoothing is applied. Fit R2 0.93; sample May-2001 to Aug-2026.","2026-09"
"2003-01-01","ecb_pcci_3m_saar","hicp_headline_pc_pcci_3m_saar","HICP ECB-style PCCI replication","Euro Area",2.917,"left","%","Eurostat HICP / ECB-style PCCI replication","https://www.ecb.europa.eu/pub/pdf/scpsps/ecb.sps38~ce391a0cb5.en.pdf","monthly","ECB-style replication from 619 4-digit country-item HICP series for 12 countries: annualised monthly rates, outlier removal, month-effect seasonal adjustment, common factor component averaged over 4-16 static factor specifications and scaled to ECB PCCI through Dec-2025. No additional low-pass or moving-average smoothing is applied. Fit R2 0.93; sample May-2001 to Aug-2026.","2026-09"
"2003-02-01","ecb_pcci_3m_saar","hicp_headline_pc_pcci_3m_saar","HICP ECB-style PCCI replication","Euro Area",2.399,"left","%","Eurostat HICP / ECB-style PCCI replication","https://www.ecb.europa.eu/pub/pdf/scpsps/ecb.sps38~ce391a0cb5.en.pdf","monthly","ECB-style replication from 619 4-digit country-item HICP series for 12 countries: annualised monthly rates, outlier removal, month-effect seasonal adjustment, common factor component averaged over 4-16 static factor specifications and scaled to ECB PCCI through Dec-2025. No additional low-pass or moving-average smoothing is applied. Fit R2 0.93; sample May-2001 to Aug-2026.","2026-09"
"2003-03-01","ecb_pcci_3m_saar","hicp_headline_pc_pcci_3m_saar","HICP ECB-style PCCI replication","Euro Area",1.88,"left","%","Eurostat HICP / ECB-style PCCI replication","https://www.ecb.europa.eu/pub/pdf/scpsps/ecb.sps38~ce391a0cb5.en.pdf","monthly","ECB-style replication from 619 4-digit country-item HICP series for 12 countries: annualised monthly rates, outlier removal, month-effect seasonal adjustment, common factor component averaged over 4-16 static factor specifications and scaled to ECB PCCI through Dec-2025. No additional low-pass or moving-average smoothing is applied. Fit R2 0.93; sample May-2001 to Aug-2026.","2026-09"
"2003-04-01","ecb_pcci_3m_saar","hicp_headline_pc_pcci_3m_saar","HICP ECB-style PCCI replication","Euro Area",1.592,"left","%","Eurostat HICP / ECB-style PCCI replication","https://www.ecb.europa.eu/pub/pdf/scpsps/ecb.sps38~ce391a0cb5.en.pdf","monthly","ECB-style replication from 619 4-digit country-item HICP series for 12 countries: annualised monthly rates, outlier removal, month-effect seasonal adjustment, common factor component averaged over 4-16 static factor specifications and scaled to ECB PCCI through Dec-2025. No additional low-pass or moving-average smoothing is applied. Fit R2 0.93; sample May-2001 to Aug-2026.","2026-09"
"2003-05-01","ecb_pcci_3m_saar","hicp_headline_pc_pcci_3m_saar","HICP ECB-style PCCI replication","Euro Area",1.866,"left","%","Eurostat HICP / ECB-style PCCI replication","https://www.ecb.europa.eu/pub/pdf/scpsps/ecb.sps38~ce391a0cb5.en.pdf","monthly","ECB-style replication from 619 4-digit country-item HICP series for 12 countries: annualised monthly rates, outlier removal, month-effect seasonal adjustment, common factor component averaged over 4-16 static factor specifications and scaled to ECB PCCI through Dec-2025. No additional low-pass or moving-average smoothing is applied. Fit R2 0.93; sample May-2001 to Aug-2026.","2026-09"
"2003-06-01","ecb_pcci_3m_saar","hicp_headline_pc_pcci_3m_saar","HICP ECB-style PCCI replication","Euro Area",2.068,"left","%","Eurostat HICP / ECB-style PCCI replication","https://www.ecb.europa.eu/pub/pdf/scpsps/ecb.sps38~ce391a0cb5.en.pdf","monthly","ECB-style replication from 619 4-digit country-item HICP series for 12 countries: annualised monthly rates, outlier removal, month-effect seasonal adjustment, common factor component averaged over 4-16 static factor specifications and scaled to ECB PCCI through Dec-2025. No additional low-pass or moving-average smoothing is applied. Fit R2 0.93; sample May-2001 to Aug-2026.","2026-09"
"2003-07-01","ecb_pcci_3m_saar","hicp_headline_pc_pcci_3m_saar","HICP ECB-style PCCI replication","Euro Area",2.349,"left","%","Eurostat HICP / ECB-style PCCI replication","https://www.ecb.europa.eu/pub/pdf/scpsps/ecb.sps38~ce391a0cb5.en.pdf","monthly","ECB-style replication from 619 4-digit country-item HICP series for 12 countries: annualised monthly rates, outlier removal, month-effect seasonal adjustment, common factor component averaged over 4-16 static factor specifications and scaled to ECB PCCI through Dec-2025. No additional low-pass or moving-average smoothing is applied. Fit R2 0.93; sample May-2001 to Aug-2026.","2026-09"
"2003-08-01","ecb_pcci_3m_saar","hicp_headline_pc_pcci_3m_saar","HICP ECB-style PCCI replication","Euro Area",2.014,"left","%","Eurostat HICP / ECB-style PCCI replication","https://www.ecb.europa.eu/pub/pdf/scpsps/ecb.sps38~ce391a0cb5.en.pdf","monthly","ECB-style replication from 619 4-digit country-item HICP series for 12 countries: annualised monthly rates, outlier removal, month-effect seasonal adjustment, common factor component averaged over 4-16 static factor specifications and scaled to ECB PCCI through Dec-2025. No additional low-pass or moving-average smoothing is applied. Fit R2 0.93; sample May-2001 to Aug-2026.","2026-09"
"2003-09-01","ecb_pcci_3m_saar","hicp_headline_pc_pcci_3m_saar","HICP ECB-style PCCI replication","Euro Area",2.15,"left","%","Eurostat HICP / ECB-style PCCI replication","https://www.ecb.europa.eu/pub/pdf/scpsps/ecb.sps38~ce391a0cb5.en.pdf","monthly","ECB-style replication from 619 4-digit country-item HICP series for 12 countries: annualised monthly rates, outlier removal, month-effect seasonal adjustment, common factor component averaged over 4-16 static factor specifications and scaled to ECB PCCI through Dec-2025. No additional low-pass or moving-average smoothing is applied. Fit R2 0.93; sample May-2001 to Aug-2026.","2026-09"
"2003-10-01","ecb_pcci_3m_saar","hicp_headline_pc_pcci_3m_saar","HICP ECB-style PCCI replication","Euro Area",1.609,"left","%","Eurostat HICP / ECB-style PCCI replication","https://www.ecb.europa.eu/pub/pdf/scpsps/ecb.sps38~ce391a0cb5.en.pdf","monthly","ECB-style replication from 619 4-digit country-item HICP series for 12 countries: annualised monthly rates, outlier removal, month-effect seasonal adjustment, common factor component averaged over 4-16 static factor specifications and scaled to ECB PCCI through Dec-2025. No additional low-pass or moving-average smoothing is applied. Fit R2 0.93; sample May-2001 to Aug-2026.","2026-09"
"2003-11-01","ecb_pcci_3m_saar","hicp_headline_pc_pcci_3m_saar","HICP ECB-style PCCI replication","Euro Area",1.875,"left","%","Eurostat HICP / ECB-style PCCI replication","https://www.ecb.europa.eu/pub/pdf/scpsps/ecb.sps38~ce391a0cb5.en.pdf","monthly","ECB-style replication from 619 4-digit country-item HICP series for 12 countries: annualised monthly rates, outlier removal, month-effect seasonal adjustment, common factor component averaged over 4-16 static factor specifications and scaled to ECB PCCI through Dec-2025. No additional low-pass or moving-average smoothing is applied. Fit R2 0.93; sample May-2001 to Aug-2026.","2026-09"
"2003-12-01","ecb_pcci_3m_saar","hicp_headline_pc_pcci_3m_saar","HICP ECB-style PCCI replication","Euro Area",2.002,"left","%","Eurostat HICP / ECB-style PCCI replication","https://www.ecb.europa.eu/pub/pdf/scpsps/ecb.sps38~ce391a0cb5.en.pdf","monthly","ECB-style replication from 619 4-digit country-item HICP series for 12 countries: annualised monthly rates, outlier removal, month-effect seasonal adjustment, common factor component averaged over 4-16 static factor specifications and scaled to ECB PCCI through Dec-2025. No additional low-pass or moving-average smoothing is applied. Fit R2 0.93; sample May-2001 to Aug-2026.","2026-09"
"2004-01-01","ecb_pcci_3m_saar","hicp_headline_pc_pcci_3m_saar","HICP ECB-style PCCI replication","Euro Area",2.483,"left","%","Eurostat HICP / ECB-style PCCI replication","https://www.ecb.europa.eu/pub/pdf/scpsps/ecb.sps38~ce391a0cb5.en.pdf","monthly","ECB-style replication from 619 4-digit country-item HICP series for 12 countries: annualised monthly rates, outlier removal, month-effect seasonal adjustment, common factor component averaged over 4-16 static factor specifications and scaled to ECB PCCI through Dec-2025. No additional low-pass or moving-average smoothing is applied. Fit R2 0.93; sample May-2001 to Aug-2026.","2026-09"
"2004-02-01","ecb_pcci_3m_saar","hicp_headline_pc_pcci_3m_saar","HICP ECB-style PCCI replication","Euro Area",1.863,"left","%","Eurostat HICP / ECB-style PCCI replication","https://www.ecb.europa.eu/pub/pdf/scpsps/ecb.sps38~ce391a0cb5.en.pdf","monthly","ECB-style replication from 619 4-digit country-item HICP series for 12 countries: annualised monthly rates, outlier removal, month-effect seasonal adjustment, common factor component averaged over 4-16 static factor specifications and scaled to ECB PCCI through Dec-2025. No additional low-pass or moving-average smoothing is applied. Fit R2 0.93; sample May-2001 to Aug-2026.","2026-09"
"2004-03-01","ecb_pcci_3m_saar","hicp_headline_pc_pcci_3m_saar","HICP ECB-style PCCI replication","Euro Area",1.807,"left","%","Eurostat HICP / ECB-style PCCI replication","https://www.ecb.europa.eu/pub/pdf/scpsps/ecb.sps38~ce391a0cb5.en.pdf","monthly","ECB-style replication from 619 4-digit country-item HICP series for 12 countries: annualised monthly rates, outlier removal, month-effect seasonal adjustment, common factor component averaged over 4-16 static factor specifications and scaled to ECB PCCI through Dec-2025. No additional low-pass or moving-average smoothing is applied. Fit R2 0.93; sample May-2001 to Aug-2026.","2026-09"
"2004-04-01","ecb_pcci_3m_saar","hicp_headline_pc_pcci_3m_saar","HICP ECB-style PCCI replication","Euro Area",1.888,"left","%","Eurostat HICP / ECB-style PCCI replication","https://www.ecb.europa.eu/pub/pdf/scpsps/ecb.sps38~ce391a0cb5.en.pdf","monthly","ECB-style replication from 619 4-digit country-item HICP series for 12 countries: annualised monthly rates, outlier removal, month-effect seasonal adjustment, common factor component averaged over 4-16 static factor specifications and scaled to ECB PCCI through Dec-2025. No additional low-pass or moving-average smoothing is applied. Fit R2 0.93; sample May-2001 to Aug-2026.","2026-09"
"2004-05-01","ecb_pcci_3m_saar","hicp_headline_pc_pcci_3m_saar","HICP ECB-style PCCI replication","Euro Area",2.29,"left","%","Eurostat HICP / ECB-style PCCI replication","https://www.ecb.europa.eu/pub/pdf/scpsps/ecb.sps38~ce391a0cb5.en.pdf","monthly","ECB-style replication from 619 4-digit country-item HICP series for 12 countries: annualised monthly rates, outlier removal, month-effect seasonal adjustment, common factor component averaged over 4-16 static factor specifications and scaled to ECB PCCI through Dec-2025. No additional low-pass or moving-average smoothing is applied. Fit R2 0.93; sample May-2001 to Aug-2026.","2026-09"
"2004-06-01","ecb_pcci_3m_saar","hicp_headline_pc_pcci_3m_saar","HICP ECB-style PCCI replication","Euro Area",1.899,"left","%","Eurostat HICP / ECB-style PCCI replication","https://www.ecb.europa.eu/pub/pdf/scpsps/ecb.sps38~ce391a0cb5.en.pdf","monthly","ECB-style replication from 619 4-digit country-item HICP series for 12 countries: annualised monthly rates, outlier removal, month-effect seasonal adjustment, common factor component averaged over 4-16 static factor specifications and scaled to ECB PCCI through Dec-2025. No additional low-pass or moving-average smoothing is applied. Fit R2 0.93; sample May-2001 to Aug-2026.","2026-09"
"2004-07-01","ecb_pcci_3m_saar","hicp_headline_pc_pcci_3m_saar","HICP ECB-style PCCI replication","Euro Area",2.242,"left","%","Eurostat HICP / ECB-style PCCI replication","https://www.ecb.europa.eu/pub/pdf/scpsps/ecb.sps38~ce391a0cb5.en.pdf","monthly","ECB-style replication from 619 4-digit country-item HICP series for 12 countries: annualised monthly rates, outlier removal, month-effect seasonal adjustment, common factor component averaged over 4-16 static factor specifications and scaled to ECB PCCI through Dec-2025. No additional low-pass or moving-average smoothing is applied. Fit R2 0.93; sample May-2001 to Aug-2026.","2026-09"
"2004-08-01","ecb_pcci_3m_saar","hicp_headline_pc_pcci_3m_saar","HICP ECB-style PCCI replication","Euro Area",1.808,"left","%","Eurostat HICP / ECB-style PCCI replication","https://www.ecb.europa.eu/pub/pdf/scpsps/ecb.sps38~ce391a0cb5.en.pdf","monthly","ECB-style replication from 619 4-digit country-item HICP series for 12 countries: annualised monthly rates, outlier removal, month-effect seasonal adjustment, common factor component averaged over 4-16 static factor specifications and scaled to ECB PCCI through Dec-2025. No additional low-pass or moving-average smoothing is applied. Fit R2 0.93; sample May-2001 to Aug-2026.","2026-09"
"2004-09-01","ecb_pcci_3m_saar","hicp_headline_pc_pcci_3m_saar","HICP ECB-style PCCI replication","Euro Area",1.487,"left","%","Eurostat HICP / ECB-style PCCI replication","https://www.ecb.europa.eu/pub/pdf/scpsps/ecb.sps38~ce391a0cb5.en.pdf","monthly","ECB-style replication from 619 4-digit country-item HICP series for 12 countries: annualised monthly rates, outlier removal, month-effect seasonal adjustment, common factor component averaged over 4-16 static factor specifications and scaled to ECB PCCI through Dec-2025. No additional low-pass or moving-average smoothing is applied. Fit R2 0.93; sample May-2001 to Aug-2026.","2026-09"
"2004-10-01","ecb_pcci_3m_saar","hicp_headline_pc_pcci_3m_saar","HICP ECB-style PCCI replication","Euro Area",1.688,"left","%","Eurostat HICP / ECB-style PCCI replication","https://www.ecb.europa.eu/pub/pdf/scpsps/ecb.sps38~ce391a0cb5.en.pdf","monthly","ECB-style replication from 619 4-digit country-item HICP series for 12 countries: annualised monthly rates, outlier removal, month-effect seasonal adjustment, common factor component averaged over 4-16 static factor specifications and scaled to ECB PCCI through Dec-2025. No additional low-pass or moving-average smoothing is applied. Fit R2 0.93; sample May-2001 to Aug-2026.","2026-09"
"2004-11-01","ecb_pcci_3m_saar","hicp_headline_pc_pcci_3m_saar","HICP ECB-style PCCI replication","Euro Area",1.702,"left","%","Eurostat HICP / ECB-style PCCI replication","https://www.ecb.europa.eu/pub/pdf/scpsps/ecb.sps38~ce391a0cb5.en.pdf","monthly","ECB-style replication from 619 4-digit country-item HICP series for 12 countries: annualised monthly rates, outlier removal, month-effect seasonal adjustment, common factor component averaged over 4-16 static factor specifications and scaled to ECB PCCI through Dec-2025. No additional low-pass or moving-average smoothing is applied. Fit R2 0.93; sample May-2001 to Aug-2026.","2026-09"
"2004-12-01","ecb_pcci_3m_saar","hicp_headline_pc_pcci_3m_saar","HICP ECB-style PCCI replication","Euro Area",1.874,"left","%","Eurostat HICP / ECB-style PCCI replication","https://www.ecb.europa.eu/pub/pdf/scpsps/ecb.sps38~ce391a0cb5.en.pdf","monthly","ECB-style replication from 619 4-digit country-item HICP series for 12 countries: annualised monthly rates, outlier removal, month-effect seasonal adjustment, common factor component averaged over 4-16 static factor specifications and scaled to ECB PCCI through Dec-2025. No additional low-pass or moving-average smoothing is applied. Fit R2 0.93; sample May-2001 to Aug-2026.","2026-09"
"2005-01-01","ecb_pcci_3m_saar","hicp_headline_pc_pcci_3m_saar","HICP ECB-style PCCI replication","Euro Area",1.853,"left","%","Eurostat HICP / ECB-style PCCI replication","https://www.ecb.europa.eu/pub/pdf/scpsps/ecb.sps38~ce391a0cb5.en.pdf","monthly","ECB-style replication from 619 4-digit country-item HICP series for 12 countries: annualised monthly rates, outlier removal, month-effect seasonal adjustment, common factor component averaged over 4-16 static factor specifications and scaled to ECB PCCI through Dec-2025. No additional low-pass or moving-average smoothing is applied. Fit R2 0.93; sample May-2001 to Aug-2026.","2026-09"
"2005-02-01","ecb_pcci_3m_saar","hicp_headline_pc_pcci_3m_saar","HICP ECB-style PCCI replication","Euro Area",2.03,"left","%","Eurostat HICP / ECB-style PCCI replication","https://www.ecb.europa.eu/pub/pdf/scpsps/ecb.sps38~ce391a0cb5.en.pdf","monthly","ECB-style replication from 619 4-digit country-item HICP series for 12 countries: annualised monthly rates, outlier removal, month-effect seasonal adjustment, common factor component averaged over 4-16 static factor specifications and scaled to ECB PCCI through Dec-2025. No additional low-pass or moving-average smoothing is applied. Fit R2 0.93; sample May-2001 to Aug-2026.","2026-09"
"2005-03-01","ecb_pcci_3m_saar","hicp_headline_pc_pcci_3m_saar","HICP ECB-style PCCI replication","Euro Area",1.718,"left","%","Eurostat HICP / ECB-style PCCI replication","https://www.ecb.europa.eu/pub/pdf/scpsps/ecb.sps38~ce391a0cb5.en.pdf","monthly","ECB-style replication from 619 4-digit country-item HICP series for 12 countries: annualised monthly rates, outlier removal, month-effect seasonal adjustment, common factor component averaged over 4-16 static factor specifications and scaled to ECB PCCI through Dec-2025. No additional low-pass or moving-average smoothing is applied. Fit R2 0.93; sample May-2001 to Aug-2026.","2026-09"
"2005-04-01","ecb_pcci_3m_saar","hicp_headline_pc_pcci_3m_saar","HICP ECB-style PCCI replication","Euro Area",2.27,"left","%","Eurostat HICP / ECB-style PCCI replication","https://www.ecb.europa.eu/pub/pdf/scpsps/ecb.sps38~ce391a0cb5.en.pdf","monthly","ECB-style replication from 619 4-digit country-item HICP series for 12 countries: annualised monthly rates, outlier removal, month-effect seasonal adjustment, common factor component averaged over 4-16 static factor specifications and scaled to ECB PCCI through Dec-2025. No additional low-pass or moving-average smoothing is applied. Fit R2 0.93; sample May-2001 to Aug-2026.","2026-09"
"2005-05-01","ecb_pcci_3m_saar","hicp_headline_pc_pcci_3m_saar","HICP ECB-style PCCI replication","Euro Area",1.812,"left","%","Eurostat HICP / ECB-style PCCI replication","https://www.ecb.europa.eu/pub/pdf/scpsps/ecb.sps38~ce391a0cb5.en.pdf","monthly","ECB-style replication from 619 4-digit country-item HICP series for 12 countries: annualised monthly rates, outlier removal, month-effect seasonal adjustment, common factor component averaged over 4-16 static factor specifications and scaled to ECB PCCI through Dec-2025. No additional low-pass or moving-average smoothing is applied. Fit R2 0.93; sample May-2001 to Aug-2026.","2026-09"
"2005-06-01","ecb_pcci_3m_saar","hicp_headline_pc_pcci_3m_saar","HICP ECB-style PCCI replication","Euro Area",1.966,"left","%","Eurostat HICP / ECB-style PCCI replication","https://www.ecb.europa.eu/pub/pdf/scpsps/ecb.sps38~ce391a0cb5.en.pdf","monthly","ECB-style replication from 619 4-digit country-item HICP series for 12 countries: annualised monthly rates, outlier removal, month-effect seasonal adjustment, common factor component averaged over 4-16 static factor specifications and scaled to ECB PCCI through Dec-2025. No additional low-pass or moving-average smoothing is applied. Fit R2 0.93; sample May-2001 to Aug-2026.","2026-09"
"2005-07-01","ecb_pcci_3m_saar","hicp_headline_pc_pcci_3m_saar","HICP ECB-style PCCI replication","Euro Area",2.346,"left","%","Eurostat HICP / ECB-style PCCI replication","https://www.ecb.europa.eu/pub/pdf/scpsps/ecb.sps38~ce391a0cb5.en.pdf","monthly","ECB-style replication from 619 4-digit country-item HICP series for 12 countries: annualised monthly rates, outlier removal, month-effect seasonal adjustment, common factor component averaged over 4-16 static factor specifications and scaled to ECB PCCI through Dec-2025. No additional low-pass or moving-average smoothing is applied. Fit R2 0.93; sample May-2001 to Aug-2026.","2026-09"
"2005-08-01","ecb_pcci_3m_saar","hicp_headline_pc_pcci_3m_saar","HICP ECB-style PCCI replication","Euro Area",2.002,"left","%","Eurostat HICP / ECB-style PCCI replication","https://www.ecb.europa.eu/pub/pdf/scpsps/ecb.sps38~ce391a0cb5.en.pdf","monthly","ECB-style replication from 619 4-digit country-item HICP series for 12 countries: annualised monthly rates, outlier removal, month-effect seasonal adjustment, common factor component averaged over 4-16 static factor specifications and scaled to ECB PCCI through Dec-2025. No additional low-pass or moving-average smoothing is applied. Fit R2 0.93; sample May-2001 to Aug-2026.","2026-09"
"2005-09-01","ecb_pcci_3m_saar","hicp_headline_pc_pcci_3m_saar","HICP ECB-style PCCI replication","Euro Area",2.056,"left","%","Eurostat HICP / ECB-style PCCI replication","https://www.ecb.europa.eu/pub/pdf/scpsps/ecb.sps38~ce391a0cb5.en.pdf","monthly","ECB-style replication from 619 4-digit country-item HICP series for 12 countries: annualised monthly rates, outlier removal, month-effect seasonal adjustment, common factor component averaged over 4-16 static factor specifications and scaled to ECB PCCI through Dec-2025. No additional low-pass or moving-average smoothing is applied. Fit R2 0.93; sample May-2001 to Aug-2026.","2026-09"
"2005-10-01","ecb_pcci_3m_saar","hicp_headline_pc_pcci_3m_saar","HICP ECB-style PCCI replication","Euro Area",1.793,"left","%","Eurostat HICP / ECB-style PCCI replication","https://www.ecb.europa.eu/pub/pdf/scpsps/ecb.sps38~ce391a0cb5.en.pdf","monthly","ECB-style replication from 619 4-digit country-item HICP series for 12 countries: annualised monthly rates, outlier removal, month-effect seasonal adjustment, common factor component averaged over 4-16 static factor specifications and scaled to ECB PCCI through Dec-2025. No additional low-pass or moving-average smoothing is applied. Fit R2 0.93; sample May-2001 to Aug-2026.","2026-09"
"2005-11-01","ecb_pcci_3m_saar","hicp_headline_pc_pcci_3m_saar","HICP ECB-style PCCI replication","Euro Area",1.886,"left","%","Eurostat HICP / ECB-style PCCI replication","https://www.ecb.europa.eu/pub/pdf/scpsps/ecb.sps38~ce391a0cb5.en.pdf","monthly","ECB-style replication from 619 4-digit country-item HICP series for 12 countries: annualised monthly rates, outlier removal, month-effect seasonal adjustment, common factor component averaged over 4-16 static factor specifications and scaled to ECB PCCI through Dec-2025. No additional low-pass or moving-average smoothing is applied. Fit R2 0.93; sample May-2001 to Aug-2026.","2026-09"
"2005-12-01","ecb_pcci_3m_saar","hicp_headline_pc_pcci_3m_saar","HICP ECB-style PCCI replication","Euro Area",2.237,"left","%","Eurostat HICP / ECB-style PCCI replication","https://www.ecb.europa.eu/pub/pdf/scpsps/ecb.sps38~ce391a0cb5.en.pdf","monthly","ECB-style replication from 619 4-digit country-item HICP series for 12 countries: annualised monthly rates, outlier removal, month-effect seasonal adjustment, common factor component averaged over 4-16 static factor specifications and scaled to ECB PCCI through Dec-2025. No additional low-pass or moving-average smoothing is applied. Fit R2 0.93; sample May-2001 to Aug-2026.","2026-09"
"2006-01-01","ecb_pcci_3m_saar","hicp_headline_pc_pcci_3m_saar","HICP ECB-style PCCI replication","Euro Area",2.425,"left","%","Eurostat HICP / ECB-style PCCI replication","https://www.ecb.europa.eu/pub/pdf/scpsps/ecb.sps38~ce391a0cb5.en.pdf","monthly","ECB-style replication from 619 4-digit country-item HICP series for 12 countries: annualised monthly rates, outlier removal, month-effect seasonal adjustment, common factor component averaged over 4-16 static factor specifications and scaled to ECB PCCI through Dec-2025. No additional low-pass or moving-average smoothing is applied. Fit R2 0.93; sample May-2001 to Aug-2026.","2026-09"
"2006-02-01","ecb_pcci_3m_saar","hicp_headline_pc_pcci_3m_saar","HICP ECB-style PCCI replication","Euro Area",2.298,"left","%","Eurostat HICP / ECB-style PCCI replication","https://www.ecb.europa.eu/pub/pdf/scpsps/ecb.sps38~ce391a0cb5.en.pdf","monthly","ECB-style replication from 619 4-digit country-item HICP series for 12 countries: annualised monthly rates, outlier removal, month-effect seasonal adjustment, common factor component averaged over 4-16 static factor specifications and scaled to ECB PCCI through Dec-2025. No additional low-pass or moving-average smoothing is applied. Fit R2 0.93; sample May-2001 to Aug-2026.","2026-09"
"2006-03-01","ecb_pcci_3m_saar","hicp_headline_pc_pcci_3m_saar","HICP ECB-style PCCI replication","Euro Area",1.924,"left","%","Eurostat HICP / ECB-style PCCI replication","https://www.ecb.europa.eu/pub/pdf/scpsps/ecb.sps38~ce391a0cb5.en.pdf","monthly","ECB-style replication from 619 4-digit country-item HICP series for 12 countries: annualised monthly rates, outlier removal, month-effect seasonal adjustment, common factor component averaged over 4-16 static factor specifications and scaled to ECB PCCI through Dec-2025. No additional low-pass or moving-average smoothing is applied. Fit R2 0.93; sample May-2001 to Aug-2026.","2026-09"
"2006-04-01","ecb_pcci_3m_saar","hicp_headline_pc_pcci_3m_saar","HICP ECB-style PCCI replication","Euro Area",2.321,"left","%","Eurostat HICP / ECB-style PCCI replication","https://www.ecb.europa.eu/pub/pdf/scpsps/ecb.sps38~ce391a0cb5.en.pdf","monthly","ECB-style replication from 619 4-digit country-item HICP series for 12 countries: annualised monthly rates, outlier removal, month-effect seasonal adjustment, common factor component averaged over 4-16 static factor specifications and scaled to ECB PCCI through Dec-2025. No additional low-pass or moving-average smoothing is applied. Fit R2 0.93; sample May-2001 to Aug-2026.","2026-09"
"2006-05-01","ecb_pcci_3m_saar","hicp_headline_pc_pcci_3m_saar","HICP ECB-style PCCI replication","Euro Area",2.259,"left","%","Eurostat HICP / ECB-style PCCI replication","https://www.ecb.europa.eu/pub/pdf/scpsps/ecb.sps38~ce391a0cb5.en.pdf","monthly","ECB-style replication from 619 4-digit country-item HICP series for 12 countries: annualised monthly rates, outlier removal, month-effect seasonal adjustment, common factor component averaged over 4-16 static factor specifications and scaled to ECB PCCI through Dec-2025. No additional low-pass or moving-average smoothing is applied. Fit R2 0.93; sample May-2001 to Aug-2026.","2026-09"
"2006-06-01","ecb_pcci_3m_saar","hicp_headline_pc_pcci_3m_saar","HICP ECB-style PCCI replication","Euro Area",1.935,"left","%","Eurostat HICP / ECB-style PCCI replication","https://www.ecb.europa.eu/pub/pdf/scpsps/ecb.sps38~ce391a0cb5.en.pdf","monthly","ECB-style replication from 619 4-digit country-item HICP series for 12 countries: annualised monthly rates, outlier removal, month-effect seasonal adjustment, common factor component averaged over 4-16 static factor specifications and scaled to ECB PCCI through Dec-2025. No additional low-pass or moving-average smoothing is applied. Fit R2 0.93; sample May-2001 to Aug-2026.","2026-09"
"2006-07-01","ecb_pcci_3m_saar","hicp_headline_pc_pcci_3m_saar","HICP ECB-style PCCI replication","Euro Area",2.317,"left","%","Eurostat HICP / ECB-style PCCI replication","https://www.ecb.europa.eu/pub/pdf/scpsps/ecb.sps38~ce391a0cb5.en.pdf","monthly","ECB-style replication from 619 4-digit country-item HICP series for 12 countries: annualised monthly rates, outlier removal, month-effect seasonal adjustment, common factor component averaged over 4-16 static factor specifications and scaled to ECB PCCI through Dec-2025. No additional low-pass or moving-average smoothing is applied. Fit R2 0.93; sample May-2001 to Aug-2026.","2026-09"
"2006-08-01","ecb_pcci_3m_saar","hicp_headline_pc_pcci_3m_saar","HICP ECB-style PCCI replication","Euro Area",2.003,"left","%","Eurostat HICP / ECB-style PCCI replication","https://www.ecb.europa.eu/pub/pdf/scpsps/ecb.sps38~ce391a0cb5.en.pdf","monthly","ECB-style replication from 619 4-digit country-item HICP series for 12 countries: annualised monthly rates, outlier removal, month-effect seasonal adjustment, common factor component averaged over 4-16 static factor specifications and scaled to ECB PCCI through Dec-2025. No additional low-pass or moving-average smoothing is applied. Fit R2 0.93; sample May-2001 to Aug-2026.","2026-09"
"2006-09-01","ecb_pcci_3m_saar","hicp_headline_pc_pcci_3m_saar","HICP ECB-style PCCI replication","Euro Area",1.677,"left","%","Eurostat HICP / ECB-style PCCI replication","https://www.ecb.europa.eu/pub/pdf/scpsps/ecb.sps38~ce391a0cb5.en.pdf","monthly","ECB-style replication from 619 4-digit country-item HICP series for 12 countries: annualised monthly rates, outlier removal, month-effect seasonal adjustment, common factor component averaged over 4-16 static factor specifications and scaled to ECB PCCI through Dec-2025. No additional low-pass or moving-average smoothing is applied. Fit R2 0.93; sample May-2001 to Aug-2026.","2026-09"
"2006-10-01","ecb_pcci_3m_saar","hicp_headline_pc_pcci_3m_saar","HICP ECB-style PCCI replication","Euro Area",1.612,"left","%","Eurostat HICP / ECB-style PCCI replication","https://www.ecb.europa.eu/pub/pdf/scpsps/ecb.sps38~ce391a0cb5.en.pdf","monthly","ECB-style replication from 619 4-digit country-item HICP series for 12 countries: annualised monthly rates, outlier removal, month-effect seasonal adjustment, common factor component averaged over 4-16 static factor specifications and scaled to ECB PCCI through Dec-2025. No additional low-pass or moving-average smoothing is applied. Fit R2 0.93; sample May-2001 to Aug-2026.","2026-09"
"2006-11-01","ecb_pcci_3m_saar","hicp_headline_pc_pcci_3m_saar","HICP ECB-style PCCI replication","Euro Area",2.218,"left","%","Eurostat HICP / ECB-style PCCI replication","https://www.ecb.europa.eu/pub/pdf/scpsps/ecb.sps38~ce391a0cb5.en.pdf","monthly","ECB-style replication from 619 4-digit country-item HICP series for 12 countries: annualised monthly rates, outlier removal, month-effect seasonal adjustment, common factor component averaged over 4-16 static factor specifications and scaled to ECB PCCI through Dec-2025. No additional low-pass or moving-average smoothing is applied. Fit R2 0.93; sample May-2001 to Aug-2026.","2026-09"
"2006-12-01","ecb_pcci_3m_saar","hicp_headline_pc_pcci_3m_saar","HICP ECB-style PCCI replication","Euro Area",2.263,"left","%","Eurostat HICP / ECB-style PCCI replication","https://www.ecb.europa.eu/pub/pdf/scpsps/ecb.sps38~ce391a0cb5.en.pdf","monthly","ECB-style replication from 619 4-digit country-item HICP series for 12 countries: annualised monthly rates, outlier removal, month-effect seasonal adjustment, common factor component averaged over 4-16 static factor specifications and scaled to ECB PCCI through Dec-2025. No additional low-pass or moving-average smoothing is applied. Fit R2 0.93; sample May-2001 to Aug-2026.","2026-09"
"2007-01-01","ecb_pcci_3m_saar","hicp_headline_pc_pcci_3m_saar","HICP ECB-style PCCI replication","Euro Area",2.807,"left","%","Eurostat HICP / ECB-style PCCI replication","https://www.ecb.europa.eu/pub/pdf/scpsps/ecb.sps38~ce391a0cb5.en.pdf","monthly","ECB-style replication from 619 4-digit country-item HICP series for 12 countries: annualised monthly rates, outlier removal, month-effect seasonal adjustment, common factor component averaged over 4-16 static factor specifications and scaled to ECB PCCI through Dec-2025. No additional low-pass or moving-average smoothing is applied. Fit R2 0.93; sample May-2001 to Aug-2026.","2026-09"
"2007-02-01","ecb_pcci_3m_saar","hicp_headline_pc_pcci_3m_saar","HICP ECB-style PCCI replication","Euro Area",1.95,"left","%","Eurostat HICP / ECB-style PCCI replication","https://www.ecb.europa.eu/pub/pdf/scpsps/ecb.sps38~ce391a0cb5.en.pdf","monthly","ECB-style replication from 619 4-digit country-item HICP series for 12 countries: annualised monthly rates, outlier removal, month-effect seasonal adjustment, common factor component averaged over 4-16 static factor specifications and scaled to ECB PCCI through Dec-2025. No additional low-pass or moving-average smoothing is applied. Fit R2 0.93; sample May-2001 to Aug-2026.","2026-09"
"2007-03-01","ecb_pcci_3m_saar","hicp_headline_pc_pcci_3m_saar","HICP ECB-style PCCI replication","Euro Area",2.084,"left","%","Eurostat HICP / ECB-style PCCI replication","https://www.ecb.europa.eu/pub/pdf/scpsps/ecb.sps38~ce391a0cb5.en.pdf","monthly","ECB-style replication from 619 4-digit country-item HICP series for 12 countries: annualised monthly rates, outlier removal, month-effect seasonal adjustment, common factor component averaged over 4-16 static factor specifications and scaled to ECB PCCI through Dec-2025. No additional low-pass or moving-average smoothing is applied. Fit R2 0.93; sample May-2001 to Aug-2026.","2026-09"
"2007-04-01","ecb_pcci_3m_saar","hicp_headline_pc_pcci_3m_saar","HICP ECB-style PCCI replication","Euro Area",2.493,"left","%","Eurostat HICP / ECB-style PCCI replication","https://www.ecb.europa.eu/pub/pdf/scpsps/ecb.sps38~ce391a0cb5.en.pdf","monthly","ECB-style replication from 619 4-digit country-item HICP series for 12 countries: annualised monthly rates, outlier removal, month-effect seasonal adjustment, common factor component averaged over 4-16 static factor specifications and scaled to ECB PCCI through Dec-2025. No additional low-pass or moving-average smoothing is applied. Fit R2 0.93; sample May-2001 to Aug-2026.","2026-09"
"2007-05-01","ecb_pcci_3m_saar","hicp_headline_pc_pcci_3m_saar","HICP ECB-style PCCI replication","Euro Area",2.204,"left","%","Eurostat HICP / ECB-style PCCI replication","https://www.ecb.europa.eu/pub/pdf/scpsps/ecb.sps38~ce391a0cb5.en.pdf","monthly","ECB-style replication from 619 4-digit country-item HICP series for 12 countries: annualised monthly rates, outlier removal, month-effect seasonal adjustment, common factor component averaged over 4-16 static factor specifications and scaled to ECB PCCI through Dec-2025. No additional low-pass or moving-average smoothing is applied. Fit R2 0.93; sample May-2001 to Aug-2026.","2026-09"
"2007-06-01","ecb_pcci_3m_saar","hicp_headline_pc_pcci_3m_saar","HICP ECB-style PCCI replication","Euro Area",1.833,"left","%","Eurostat HICP / ECB-style PCCI replication","https://www.ecb.europa.eu/pub/pdf/scpsps/ecb.sps38~ce391a0cb5.en.pdf","monthly","ECB-style replication from 619 4-digit country-item HICP series for 12 countries: annualised monthly rates, outlier removal, month-effect seasonal adjustment, common factor component averaged over 4-16 static factor specifications and scaled to ECB PCCI through Dec-2025. No additional low-pass or moving-average smoothing is applied. Fit R2 0.93; sample May-2001 to Aug-2026.","2026-09"
"2007-07-01","ecb_pcci_3m_saar","hicp_headline_pc_pcci_3m_saar","HICP ECB-style PCCI replication","Euro Area",2.183,"left","%","Eurostat HICP / ECB-style PCCI replication","https://www.ecb.europa.eu/pub/pdf/scpsps/ecb.sps38~ce391a0cb5.en.pdf","monthly","ECB-style replication from 619 4-digit country-item HICP series for 12 countries: annualised monthly rates, outlier removal, month-effect seasonal adjustment, common factor component averaged over 4-16 static factor specifications and scaled to ECB PCCI through Dec-2025. No additional low-pass or moving-average smoothing is applied. Fit R2 0.93; sample May-2001 to Aug-2026.","2026-09"
"2007-08-01","ecb_pcci_3m_saar","hicp_headline_pc_pcci_3m_saar","HICP ECB-style PCCI replication","Euro Area",2.112,"left","%","Eurostat HICP / ECB-style PCCI replication","https://www.ecb.europa.eu/pub/pdf/scpsps/ecb.sps38~ce391a0cb5.en.pdf","monthly","ECB-style replication from 619 4-digit country-item HICP series for 12 countries: annualised monthly rates, outlier removal, month-effect seasonal adjustment, common factor component averaged over 4-16 static factor specifications and scaled to ECB PCCI through Dec-2025. No additional low-pass or moving-average smoothing is applied. Fit R2 0.93; sample May-2001 to Aug-2026.","2026-09"
"2007-09-01","ecb_pcci_3m_saar","hicp_headline_pc_pcci_3m_saar","HICP ECB-style PCCI replication","Euro Area",2.482,"left","%","Eurostat HICP / ECB-style PCCI replication","https://www.ecb.europa.eu/pub/pdf/scpsps/ecb.sps38~ce391a0cb5.en.pdf","monthly","ECB-style replication from 619 4-digit country-item HICP series for 12 countries: annualised monthly rates, outlier removal, month-effect seasonal adjustment, common factor component averaged over 4-16 static factor specifications and scaled to ECB PCCI through Dec-2025. No additional low-pass or moving-average smoothing is applied. Fit R2 0.93; sample May-2001 to Aug-2026.","2026-09"
"2007-10-01","ecb_pcci_3m_saar","hicp_headline_pc_pcci_3m_saar","HICP ECB-style PCCI replication","Euro Area",3.151,"left","%","Eurostat HICP / ECB-style PCCI replication","https://www.ecb.europa.eu/pub/pdf/scpsps/ecb.sps38~ce391a0cb5.en.pdf","monthly","ECB-style replication from 619 4-digit country-item HICP series for 12 countries: annualised monthly rates, outlier removal, month-effect seasonal adjustment, common factor component averaged over 4-16 static factor specifications and scaled to ECB PCCI through Dec-2025. No additional low-pass or moving-average smoothing is applied. Fit R2 0.93; sample May-2001 to Aug-2026.","2026-09"
"2007-11-01","ecb_pcci_3m_saar","hicp_headline_pc_pcci_3m_saar","HICP ECB-style PCCI replication","Euro Area",3.606,"left","%","Eurostat HICP / ECB-style PCCI replication","https://www.ecb.europa.eu/pub/pdf/scpsps/ecb.sps38~ce391a0cb5.en.pdf","monthly","ECB-style replication from 619 4-digit country-item HICP series for 12 countries: annualised monthly rates, outlier removal, month-effect seasonal adjustment, common factor component averaged over 4-16 static factor specifications and scaled to ECB PCCI through Dec-2025. No additional low-pass or moving-average smoothing is applied. Fit R2 0.93; sample May-2001 to Aug-2026.","2026-09"
"2007-12-01","ecb_pcci_3m_saar","hicp_headline_pc_pcci_3m_saar","HICP ECB-style PCCI replication","Euro Area",2.954,"left","%","Eurostat HICP / ECB-style PCCI replication","https://www.ecb.europa.eu/pub/pdf/scpsps/ecb.sps38~ce391a0cb5.en.pdf","monthly","ECB-style replication from 619 4-digit country-item HICP series for 12 countries: annualised monthly rates, outlier removal, month-effect seasonal adjustment, common factor component averaged over 4-16 static factor specifications and scaled to ECB PCCI through Dec-2025. No additional low-pass or moving-average smoothing is applied. Fit R2 0.93; sample May-2001 to Aug-2026.","2026-09"
"2008-01-01","ecb_pcci_3m_saar","hicp_headline_pc_pcci_3m_saar","HICP ECB-style PCCI replication","Euro Area",3.726,"left","%","Eurostat HICP / ECB-style PCCI replication","https://www.ecb.europa.eu/pub/pdf/scpsps/ecb.sps38~ce391a0cb5.en.pdf","monthly","ECB-style replication from 619 4-digit country-item HICP series for 12 countries: annualised monthly rates, outlier removal, month-effect seasonal adjustment, common factor component averaged over 4-16 static factor specifications and scaled to ECB PCCI through Dec-2025. No additional low-pass or moving-average smoothing is applied. Fit R2 0.93; sample May-2001 to Aug-2026.","2026-09"
"2008-02-01","ecb_pcci_3m_saar","hicp_headline_pc_pcci_3m_saar","HICP ECB-style PCCI replication","Euro Area",2.855,"left","%","Eurostat HICP / ECB-style PCCI replication","https://www.ecb.europa.eu/pub/pdf/scpsps/ecb.sps38~ce391a0cb5.en.pdf","monthly","ECB-style replication from 619 4-digit country-item HICP series for 12 countries: annualised monthly rates, outlier removal, month-effect seasonal adjustment, common factor component averaged over 4-16 static factor specifications and scaled to ECB PCCI through Dec-2025. No additional low-pass or moving-average smoothing is applied. Fit R2 0.93; sample May-2001 to Aug-2026.","2026-09"
"2008-03-01","ecb_pcci_3m_saar","hicp_headline_pc_pcci_3m_saar","HICP ECB-style PCCI replication","Euro Area",2.85,"left","%","Eurostat HICP / ECB-style PCCI replication","https://www.ecb.europa.eu/pub/pdf/scpsps/ecb.sps38~ce391a0cb5.en.pdf","monthly","ECB-style replication from 619 4-digit country-item HICP series for 12 countries: annualised monthly rates, outlier removal, month-effect seasonal adjustment, common factor component averaged over 4-16 static factor specifications and scaled to ECB PCCI through Dec-2025. No additional low-pass or moving-average smoothing is applied. Fit R2 0.93; sample May-2001 to Aug-2026.","2026-09"
"2008-04-01","ecb_pcci_3m_saar","hicp_headline_pc_pcci_3m_saar","HICP ECB-style PCCI replication","Euro Area",2.765,"left","%","Eurostat HICP / ECB-style PCCI replication","https://www.ecb.europa.eu/pub/pdf/scpsps/ecb.sps38~ce391a0cb5.en.pdf","monthly","ECB-style replication from 619 4-digit country-item HICP series for 12 countries: annualised monthly rates, outlier removal, month-effect seasonal adjustment, common factor component averaged over 4-16 static factor specifications and scaled to ECB PCCI through Dec-2025. No additional low-pass or moving-average smoothing is applied. Fit R2 0.93; sample May-2001 to Aug-2026.","2026-09"
"2008-05-01","ecb_pcci_3m_saar","hicp_headline_pc_pcci_3m_saar","HICP ECB-style PCCI replication","Euro Area",2.75,"left","%","Eurostat HICP / ECB-style PCCI replication","https://www.ecb.europa.eu/pub/pdf/scpsps/ecb.sps38~ce391a0cb5.en.pdf","monthly","ECB-style replication from 619 4-digit country-item HICP series for 12 countries: annualised monthly rates, outlier removal, month-effect seasonal adjustment, common factor component averaged over 4-16 static factor specifications and scaled to ECB PCCI through Dec-2025. No additional low-pass or moving-average smoothing is applied. Fit R2 0.93; sample May-2001 to Aug-2026.","2026-09"
"2008-06-01","ecb_pcci_3m_saar","hicp_headline_pc_pcci_3m_saar","HICP ECB-style PCCI replication","Euro Area",2.469,"left","%","Eurostat HICP / ECB-style PCCI replication","https://www.ecb.europa.eu/pub/pdf/scpsps/ecb.sps38~ce391a0cb5.en.pdf","monthly","ECB-style replication from 619 4-digit country-item HICP series for 12 countries: annualised monthly rates, outlier removal, month-effect seasonal adjustment, common factor component averaged over 4-16 static factor specifications and scaled to ECB PCCI through Dec-2025. No additional low-pass or moving-average smoothing is applied. Fit R2 0.93; sample May-2001 to Aug-2026.","2026-09"
"2008-07-01","ecb_pcci_3m_saar","hicp_headline_pc_pcci_3m_saar","HICP ECB-style PCCI replication","Euro Area",2.526,"left","%","Eurostat HICP / ECB-style PCCI replication","https://www.ecb.europa.eu/pub/pdf/scpsps/ecb.sps38~ce391a0cb5.en.pdf","monthly","ECB-style replication from 619 4-digit country-item HICP series for 12 countries: annualised monthly rates, outlier removal, month-effect seasonal adjustment, common factor component averaged over 4-16 static factor specifications and scaled to ECB PCCI through Dec-2025. No additional low-pass or moving-average smoothing is applied. Fit R2 0.93; sample May-2001 to Aug-2026.","2026-09"
"2008-08-01","ecb_pcci_3m_saar","hicp_headline_pc_pcci_3m_saar","HICP ECB-style PCCI replication","Euro Area",1.877,"left","%","Eurostat HICP / ECB-style PCCI replication","https://www.ecb.europa.eu/pub/pdf/scpsps/ecb.sps38~ce391a0cb5.en.pdf","monthly","ECB-style replication from 619 4-digit country-item HICP series for 12 countries: annualised monthly rates, outlier removal, month-effect seasonal adjustment, common factor component averaged over 4-16 static factor specifications and scaled to ECB PCCI through Dec-2025. No additional low-pass or moving-average smoothing is applied. Fit R2 0.93; sample May-2001 to Aug-2026.","2026-09"
"2008-09-01","ecb_pcci_3m_saar","hicp_headline_pc_pcci_3m_saar","HICP ECB-style PCCI replication","Euro Area",2.349,"left","%","Eurostat HICP / ECB-style PCCI replication","https://www.ecb.europa.eu/pub/pdf/scpsps/ecb.sps38~ce391a0cb5.en.pdf","monthly","ECB-style replication from 619 4-digit country-item HICP series for 12 countries: annualised monthly rates, outlier removal, month-effect seasonal adjustment, common factor component averaged over 4-16 static factor specifications and scaled to ECB PCCI through Dec-2025. No additional low-pass or moving-average smoothing is applied. Fit R2 0.93; sample May-2001 to Aug-2026.","2026-09"
"2008-10-01","ecb_pcci_3m_saar","hicp_headline_pc_pcci_3m_saar","HICP ECB-style PCCI replication","Euro Area",1.928,"left","%","Eurostat HICP / ECB-style PCCI replication","https://www.ecb.europa.eu/pub/pdf/scpsps/ecb.sps38~ce391a0cb5.en.pdf","monthly","ECB-style replication from 619 4-digit country-item HICP series for 12 countries: annualised monthly rates, outlier removal, month-effect seasonal adjustment, common factor component averaged over 4-16 static factor specifications and scaled to ECB PCCI through Dec-2025. No additional low-pass or moving-average smoothing is applied. Fit R2 0.93; sample May-2001 to Aug-2026.","2026-09"
"2008-11-01","ecb_pcci_3m_saar","hicp_headline_pc_pcci_3m_saar","HICP ECB-style PCCI replication","Euro Area",1.652,"left","%","Eurostat HICP / ECB-style PCCI replication","https://www.ecb.europa.eu/pub/pdf/scpsps/ecb.sps38~ce391a0cb5.en.pdf","monthly","ECB-style replication from 619 4-digit country-item HICP series for 12 countries: annualised monthly rates, outlier removal, month-effect seasonal adjustment, common factor component averaged over 4-16 static factor specifications and scaled to ECB PCCI through Dec-2025. No additional low-pass or moving-average smoothing is applied. Fit R2 0.93; sample May-2001 to Aug-2026.","2026-09"
"2008-12-01","ecb_pcci_3m_saar","hicp_headline_pc_pcci_3m_saar","HICP ECB-style PCCI replication","Euro Area",1.347,"left","%","Eurostat HICP / ECB-style PCCI replication","https://www.ecb.europa.eu/pub/pdf/scpsps/ecb.sps38~ce391a0cb5.en.pdf","monthly","ECB-style replication from 619 4-digit country-item HICP series for 12 countries: annualised monthly rates, outlier removal, month-effect seasonal adjustment, common factor component averaged over 4-16 static factor specifications and scaled to ECB PCCI through Dec-2025. No additional low-pass or moving-average smoothing is applied. Fit R2 0.93; sample May-2001 to Aug-2026.","2026-09"
"2009-01-01","ecb_pcci_3m_saar","hicp_headline_pc_pcci_3m_saar","HICP ECB-style PCCI replication","Euro Area",1.459,"left","%","Eurostat HICP / ECB-style PCCI replication","https://www.ecb.europa.eu/pub/pdf/scpsps/ecb.sps38~ce391a0cb5.en.pdf","monthly","ECB-style replication from 619 4-digit country-item HICP series for 12 countries: annualised monthly rates, outlier removal, month-effect seasonal adjustment, common factor component averaged over 4-16 static factor specifications and scaled to ECB PCCI through Dec-2025. No additional low-pass or moving-average smoothing is applied. Fit R2 0.93; sample May-2001 to Aug-2026.","2026-09"
"2009-02-01","ecb_pcci_3m_saar","hicp_headline_pc_pcci_3m_saar","HICP ECB-style PCCI replication","Euro Area",1.58,"left","%","Eurostat HICP / ECB-style PCCI replication","https://www.ecb.europa.eu/pub/pdf/scpsps/ecb.sps38~ce391a0cb5.en.pdf","monthly","ECB-style replication from 619 4-digit country-item HICP series for 12 countries: annualised monthly rates, outlier removal, month-effect seasonal adjustment, common factor component averaged over 4-16 static factor specifications and scaled to ECB PCCI through Dec-2025. No additional low-pass or moving-average smoothing is applied. Fit R2 0.93; sample May-2001 to Aug-2026.","2026-09"
"2009-03-01","ecb_pcci_3m_saar","hicp_headline_pc_pcci_3m_saar","HICP ECB-style PCCI replication","Euro Area",0.961,"left","%","Eurostat HICP / ECB-style PCCI replication","https://www.ecb.europa.eu/pub/pdf/scpsps/ecb.sps38~ce391a0cb5.en.pdf","monthly","ECB-style replication from 619 4-digit country-item HICP series for 12 countries: annualised monthly rates, outlier removal, month-effect seasonal adjustment, common factor component averaged over 4-16 static factor specifications and scaled to ECB PCCI through Dec-2025. No additional low-pass or moving-average smoothing is applied. Fit R2 0.93; sample May-2001 to Aug-2026.","2026-09"
"2009-04-01","ecb_pcci_3m_saar","hicp_headline_pc_pcci_3m_saar","HICP ECB-style PCCI replication","Euro Area",1.46,"left","%","Eurostat HICP / ECB-style PCCI replication","https://www.ecb.europa.eu/pub/pdf/scpsps/ecb.sps38~ce391a0cb5.en.pdf","monthly","ECB-style replication from 619 4-digit country-item HICP series for 12 countries: annualised monthly rates, outlier removal, month-effect seasonal adjustment, common factor component averaged over 4-16 static factor specifications and scaled to ECB PCCI through Dec-2025. No additional low-pass or moving-average smoothing is applied. Fit R2 0.93; sample May-2001 to Aug-2026.","2026-09"
"2009-05-01","ecb_pcci_3m_saar","hicp_headline_pc_pcci_3m_saar","HICP ECB-style PCCI replication","Euro Area",1.32,"left","%","Eurostat HICP / ECB-style PCCI replication","https://www.ecb.europa.eu/pub/pdf/scpsps/ecb.sps38~ce391a0cb5.en.pdf","monthly","ECB-style replication from 619 4-digit country-item HICP series for 12 countries: annualised monthly rates, outlier removal, month-effect seasonal adjustment, common factor component averaged over 4-16 static factor specifications and scaled to ECB PCCI through Dec-2025. No additional low-pass or moving-average smoothing is applied. Fit R2 0.93; sample May-2001 to Aug-2026.","2026-09"
"2009-06-01","ecb_pcci_3m_saar","hicp_headline_pc_pcci_3m_saar","HICP ECB-style PCCI replication","Euro Area",1.542,"left","%","Eurostat HICP / ECB-style PCCI replication","https://www.ecb.europa.eu/pub/pdf/scpsps/ecb.sps38~ce391a0cb5.en.pdf","monthly","ECB-style replication from 619 4-digit country-item HICP series for 12 countries: annualised monthly rates, outlier removal, month-effect seasonal adjustment, common factor component averaged over 4-16 static factor specifications and scaled to ECB PCCI through Dec-2025. No additional low-pass or moving-average smoothing is applied. Fit R2 0.93; sample May-2001 to Aug-2026.","2026-09"
"2009-07-01","ecb_pcci_3m_saar","hicp_headline_pc_pcci_3m_saar","HICP ECB-style PCCI replication","Euro Area",1.186,"left","%","Eurostat HICP / ECB-style PCCI replication","https://www.ecb.europa.eu/pub/pdf/scpsps/ecb.sps38~ce391a0cb5.en.pdf","monthly","ECB-style replication from 619 4-digit country-item HICP series for 12 countries: annualised monthly rates, outlier removal, month-effect seasonal adjustment, common factor component averaged over 4-16 static factor specifications and scaled to ECB PCCI through Dec-2025. No additional low-pass or moving-average smoothing is applied. Fit R2 0.93; sample May-2001 to Aug-2026.","2026-09"
"2009-08-01","ecb_pcci_3m_saar","hicp_headline_pc_pcci_3m_saar","HICP ECB-style PCCI replication","Euro Area",1.807,"left","%","Eurostat HICP / ECB-style PCCI replication","https://www.ecb.europa.eu/pub/pdf/scpsps/ecb.sps38~ce391a0cb5.en.pdf","monthly","ECB-style replication from 619 4-digit country-item HICP series for 12 countries: annualised monthly rates, outlier removal, month-effect seasonal adjustment, common factor component averaged over 4-16 static factor specifications and scaled to ECB PCCI through Dec-2025. No additional low-pass or moving-average smoothing is applied. Fit R2 0.93; sample May-2001 to Aug-2026.","2026-09"
"2009-09-01","ecb_pcci_3m_saar","hicp_headline_pc_pcci_3m_saar","HICP ECB-style PCCI replication","Euro Area",1.253,"left","%","Eurostat HICP / ECB-style PCCI replication","https://www.ecb.europa.eu/pub/pdf/scpsps/ecb.sps38~ce391a0cb5.en.pdf","monthly","ECB-style replication from 619 4-digit country-item HICP series for 12 countries: annualised monthly rates, outlier removal, month-effect seasonal adjustment, common factor component averaged over 4-16 static factor specifications and scaled to ECB PCCI through Dec-2025. No additional low-pass or moving-average smoothing is applied. Fit R2 0.93; sample May-2001 to Aug-2026.","2026-09"
"2009-10-01","ecb_pcci_3m_saar","hicp_headline_pc_pcci_3m_saar","HICP ECB-style PCCI replication","Euro Area",0.897,"left","%","Eurostat HICP / ECB-style PCCI replication","https://www.ecb.europa.eu/pub/pdf/scpsps/ecb.sps38~ce391a0cb5.en.pdf","monthly","ECB-style replication from 619 4-digit country-item HICP series for 12 countries: annualised monthly rates, outlier removal, month-effect seasonal adjustment, common factor component averaged over 4-16 static factor specifications and scaled to ECB PCCI through Dec-2025. No additional low-pass or moving-average smoothing is applied. Fit R2 0.93; sample May-2001 to Aug-2026.","2026-09"
"2009-11-01","ecb_pcci_3m_saar","hicp_headline_pc_pcci_3m_saar","HICP ECB-style PCCI replication","Euro Area",1.523,"left","%","Eurostat HICP / ECB-style PCCI replication","https://www.ecb.europa.eu/pub/pdf/scpsps/ecb.sps38~ce391a0cb5.en.pdf","monthly","ECB-style replication from 619 4-digit country-item HICP series for 12 countries: annualised monthly rates, outlier removal, month-effect seasonal adjustment, common factor component averaged over 4-16 static factor specifications and scaled to ECB PCCI through Dec-2025. No additional low-pass or moving-average smoothing is applied. Fit R2 0.93; sample May-2001 to Aug-2026.","2026-09"
"2009-12-01","ecb_pcci_3m_saar","hicp_headline_pc_pcci_3m_saar","HICP ECB-style PCCI replication","Euro Area",1.617,"left","%","Eurostat HICP / ECB-style PCCI replication","https://www.ecb.europa.eu/pub/pdf/scpsps/ecb.sps38~ce391a0cb5.en.pdf","monthly","ECB-style replication from 619 4-digit country-item HICP series for 12 countries: annualised monthly rates, outlier removal, month-effect seasonal adjustment, common factor component averaged over 4-16 static factor specifications and scaled to ECB PCCI through Dec-2025. No additional low-pass or moving-average smoothing is applied. Fit R2 0.93; sample May-2001 to Aug-2026.","2026-09"
"2010-01-01","ecb_pcci_3m_saar","hicp_headline_pc_pcci_3m_saar","HICP ECB-style PCCI replication","Euro Area",1.031,"left","%","Eurostat HICP / ECB-style PCCI replication","https://www.ecb.europa.eu/pub/pdf/scpsps/ecb.sps38~ce391a0cb5.en.pdf","monthly","ECB-style replication from 619 4-digit country-item HICP series for 12 countries: annualised monthly rates, outlier removal, month-effect seasonal adjustment, common factor component averaged over 4-16 static factor specifications and scaled to ECB PCCI through Dec-2025. No additional low-pass or moving-average smoothing is applied. Fit R2 0.93; sample May-2001 to Aug-2026.","2026-09"
"2010-02-01","ecb_pcci_3m_saar","hicp_headline_pc_pcci_3m_saar","HICP ECB-style PCCI replication","Euro Area",1.174,"left","%","Eurostat HICP / ECB-style PCCI replication","https://www.ecb.europa.eu/pub/pdf/scpsps/ecb.sps38~ce391a0cb5.en.pdf","monthly","ECB-style replication from 619 4-digit country-item HICP series for 12 countries: annualised monthly rates, outlier removal, month-effect seasonal adjustment, common factor component averaged over 4-16 static factor specifications and scaled to ECB PCCI through Dec-2025. No additional low-pass or moving-average smoothing is applied. Fit R2 0.93; sample May-2001 to Aug-2026.","2026-09"
"2010-03-01","ecb_pcci_3m_saar","hicp_headline_pc_pcci_3m_saar","HICP ECB-style PCCI replication","Euro Area",1.467,"left","%","Eurostat HICP / ECB-style PCCI replication","https://www.ecb.europa.eu/pub/pdf/scpsps/ecb.sps38~ce391a0cb5.en.pdf","monthly","ECB-style replication from 619 4-digit country-item HICP series for 12 countries: annualised monthly rates, outlier removal, month-effect seasonal adjustment, common factor component averaged over 4-16 static factor specifications and scaled to ECB PCCI through Dec-2025. No additional low-pass or moving-average smoothing is applied. Fit R2 0.93; sample May-2001 to Aug-2026.","2026-09"
"2010-04-01","ecb_pcci_3m_saar","hicp_headline_pc_pcci_3m_saar","HICP ECB-style PCCI replication","Euro Area",1.566,"left","%","Eurostat HICP / ECB-style PCCI replication","https://www.ecb.europa.eu/pub/pdf/scpsps/ecb.sps38~ce391a0cb5.en.pdf","monthly","ECB-style replication from 619 4-digit country-item HICP series for 12 countries: annualised monthly rates, outlier removal, month-effect seasonal adjustment, common factor component averaged over 4-16 static factor specifications and scaled to ECB PCCI through Dec-2025. No additional low-pass or moving-average smoothing is applied. Fit R2 0.93; sample May-2001 to Aug-2026.","2026-09"
"2010-05-01","ecb_pcci_3m_saar","hicp_headline_pc_pcci_3m_saar","HICP ECB-style PCCI replication","Euro Area",1.311,"left","%","Eurostat HICP / ECB-style PCCI replication","https://www.ecb.europa.eu/pub/pdf/scpsps/ecb.sps38~ce391a0cb5.en.pdf","monthly","ECB-style replication from 619 4-digit country-item HICP series for 12 countries: annualised monthly rates, outlier removal, month-effect seasonal adjustment, common factor component averaged over 4-16 static factor specifications and scaled to ECB PCCI through Dec-2025. No additional low-pass or moving-average smoothing is applied. Fit R2 0.93; sample May-2001 to Aug-2026.","2026-09"
"2010-06-01","ecb_pcci_3m_saar","hicp_headline_pc_pcci_3m_saar","HICP ECB-style PCCI replication","Euro Area",1.576,"left","%","Eurostat HICP / ECB-style PCCI replication","https://www.ecb.europa.eu/pub/pdf/scpsps/ecb.sps38~ce391a0cb5.en.pdf","monthly","ECB-style replication from 619 4-digit country-item HICP series for 12 countries: annualised monthly rates, outlier removal, month-effect seasonal adjustment, common factor component averaged over 4-16 static factor specifications and scaled to ECB PCCI through Dec-2025. No additional low-pass or moving-average smoothing is applied. Fit R2 0.93; sample May-2001 to Aug-2026.","2026-09"
"2010-07-01","ecb_pcci_3m_saar","hicp_headline_pc_pcci_3m_saar","HICP ECB-style PCCI replication","Euro Area",2.121,"left","%","Eurostat HICP / ECB-style PCCI replication","https://www.ecb.europa.eu/pub/pdf/scpsps/ecb.sps38~ce391a0cb5.en.pdf","monthly","ECB-style replication from 619 4-digit country-item HICP series for 12 countries: annualised monthly rates, outlier removal, month-effect seasonal adjustment, common factor component averaged over 4-16 static factor specifications and scaled to ECB PCCI through Dec-2025. No additional low-pass or moving-average smoothing is applied. Fit R2 0.93; sample May-2001 to Aug-2026.","2026-09"
"2010-08-01","ecb_pcci_3m_saar","hicp_headline_pc_pcci_3m_saar","HICP ECB-style PCCI replication","Euro Area",2.07,"left","%","Eurostat HICP / ECB-style PCCI replication","https://www.ecb.europa.eu/pub/pdf/scpsps/ecb.sps38~ce391a0cb5.en.pdf","monthly","ECB-style replication from 619 4-digit country-item HICP series for 12 countries: annualised monthly rates, outlier removal, month-effect seasonal adjustment, common factor component averaged over 4-16 static factor specifications and scaled to ECB PCCI through Dec-2025. No additional low-pass or moving-average smoothing is applied. Fit R2 0.93; sample May-2001 to Aug-2026.","2026-09"
"2010-09-01","ecb_pcci_3m_saar","hicp_headline_pc_pcci_3m_saar","HICP ECB-style PCCI replication","Euro Area",1.945,"left","%","Eurostat HICP / ECB-style PCCI replication","https://www.ecb.europa.eu/pub/pdf/scpsps/ecb.sps38~ce391a0cb5.en.pdf","monthly","ECB-style replication from 619 4-digit country-item HICP series for 12 countries: annualised monthly rates, outlier removal, month-effect seasonal adjustment, common factor component averaged over 4-16 static factor specifications and scaled to ECB PCCI through Dec-2025. No additional low-pass or moving-average smoothing is applied. Fit R2 0.93; sample May-2001 to Aug-2026.","2026-09"
"2010-10-01","ecb_pcci_3m_saar","hicp_headline_pc_pcci_3m_saar","HICP ECB-style PCCI replication","Euro Area",1.862,"left","%","Eurostat HICP / ECB-style PCCI replication","https://www.ecb.europa.eu/pub/pdf/scpsps/ecb.sps38~ce391a0cb5.en.pdf","monthly","ECB-style replication from 619 4-digit country-item HICP series for 12 countries: annualised monthly rates, outlier removal, month-effect seasonal adjustment, common factor component averaged over 4-16 static factor specifications and scaled to ECB PCCI through Dec-2025. No additional low-pass or moving-average smoothing is applied. Fit R2 0.93; sample May-2001 to Aug-2026.","2026-09"
"2010-11-01","ecb_pcci_3m_saar","hicp_headline_pc_pcci_3m_saar","HICP ECB-style PCCI replication","Euro Area",1.923,"left","%","Eurostat HICP / ECB-style PCCI replication","https://www.ecb.europa.eu/pub/pdf/scpsps/ecb.sps38~ce391a0cb5.en.pdf","monthly","ECB-style replication from 619 4-digit country-item HICP series for 12 countries: annualised monthly rates, outlier removal, month-effect seasonal adjustment, common factor component averaged over 4-16 static factor specifications and scaled to ECB PCCI through Dec-2025. No additional low-pass or moving-average smoothing is applied. Fit R2 0.93; sample May-2001 to Aug-2026.","2026-09"
"2010-12-01","ecb_pcci_3m_saar","hicp_headline_pc_pcci_3m_saar","HICP ECB-style PCCI replication","Euro Area",2.275,"left","%","Eurostat HICP / ECB-style PCCI replication","https://www.ecb.europa.eu/pub/pdf/scpsps/ecb.sps38~ce391a0cb5.en.pdf","monthly","ECB-style replication from 619 4-digit country-item HICP series for 12 countries: annualised monthly rates, outlier removal, month-effect seasonal adjustment, common factor component averaged over 4-16 static factor specifications and scaled to ECB PCCI through Dec-2025. No additional low-pass or moving-average smoothing is applied. Fit R2 0.93; sample May-2001 to Aug-2026.","2026-09"
"2011-01-01","ecb_pcci_3m_saar","hicp_headline_pc_pcci_3m_saar","HICP ECB-style PCCI replication","Euro Area",1.722,"left","%","Eurostat HICP / ECB-style PCCI replication","https://www.ecb.europa.eu/pub/pdf/scpsps/ecb.sps38~ce391a0cb5.en.pdf","monthly","ECB-style replication from 619 4-digit country-item HICP series for 12 countries: annualised monthly rates, outlier removal, month-effect seasonal adjustment, common factor component averaged over 4-16 static factor specifications and scaled to ECB PCCI through Dec-2025. No additional low-pass or moving-average smoothing is applied. Fit R2 0.93; sample May-2001 to Aug-2026.","2026-09"
"2011-02-01","ecb_pcci_3m_saar","hicp_headline_pc_pcci_3m_saar","HICP ECB-style PCCI replication","Euro Area",2.064,"left","%","Eurostat HICP / ECB-style PCCI replication","https://www.ecb.europa.eu/pub/pdf/scpsps/ecb.sps38~ce391a0cb5.en.pdf","monthly","ECB-style replication from 619 4-digit country-item HICP series for 12 countries: annualised monthly rates, outlier removal, month-effect seasonal adjustment, common factor component averaged over 4-16 static factor specifications and scaled to ECB PCCI through Dec-2025. No additional low-pass or moving-average smoothing is applied. Fit R2 0.93; sample May-2001 to Aug-2026.","2026-09"
"2011-03-01","ecb_pcci_3m_saar","hicp_headline_pc_pcci_3m_saar","HICP ECB-style PCCI replication","Euro Area",2.385,"left","%","Eurostat HICP / ECB-style PCCI replication","https://www.ecb.europa.eu/pub/pdf/scpsps/ecb.sps38~ce391a0cb5.en.pdf","monthly","ECB-style replication from 619 4-digit country-item HICP series for 12 countries: annualised monthly rates, outlier removal, month-effect seasonal adjustment, common factor component averaged over 4-16 static factor specifications and scaled to ECB PCCI through Dec-2025. No additional low-pass or moving-average smoothing is applied. Fit R2 0.93; sample May-2001 to Aug-2026.","2026-09"
"2011-04-01","ecb_pcci_3m_saar","hicp_headline_pc_pcci_3m_saar","HICP ECB-style PCCI replication","Euro Area",2.124,"left","%","Eurostat HICP / ECB-style PCCI replication","https://www.ecb.europa.eu/pub/pdf/scpsps/ecb.sps38~ce391a0cb5.en.pdf","monthly","ECB-style replication from 619 4-digit country-item HICP series for 12 countries: annualised monthly rates, outlier removal, month-effect seasonal adjustment, common factor component averaged over 4-16 static factor specifications and scaled to ECB PCCI through Dec-2025. No additional low-pass or moving-average smoothing is applied. Fit R2 0.93; sample May-2001 to Aug-2026.","2026-09"
"2011-05-01","ecb_pcci_3m_saar","hicp_headline_pc_pcci_3m_saar","HICP ECB-style PCCI replication","Euro Area",2.32,"left","%","Eurostat HICP / ECB-style PCCI replication","https://www.ecb.europa.eu/pub/pdf/scpsps/ecb.sps38~ce391a0cb5.en.pdf","monthly","ECB-style replication from 619 4-digit country-item HICP series for 12 countries: annualised monthly rates, outlier removal, month-effect seasonal adjustment, common factor component averaged over 4-16 static factor specifications and scaled to ECB PCCI through Dec-2025. No additional low-pass or moving-average smoothing is applied. Fit R2 0.93; sample May-2001 to Aug-2026.","2026-09"
"2011-06-01","ecb_pcci_3m_saar","hicp_headline_pc_pcci_3m_saar","HICP ECB-style PCCI replication","Euro Area",2.027,"left","%","Eurostat HICP / ECB-style PCCI replication","https://www.ecb.europa.eu/pub/pdf/scpsps/ecb.sps38~ce391a0cb5.en.pdf","monthly","ECB-style replication from 619 4-digit country-item HICP series for 12 countries: annualised monthly rates, outlier removal, month-effect seasonal adjustment, common factor component averaged over 4-16 static factor specifications and scaled to ECB PCCI through Dec-2025. No additional low-pass or moving-average smoothing is applied. Fit R2 0.93; sample May-2001 to Aug-2026.","2026-09"
"2011-07-01","ecb_pcci_3m_saar","hicp_headline_pc_pcci_3m_saar","HICP ECB-style PCCI replication","Euro Area",2.14,"left","%","Eurostat HICP / ECB-style PCCI replication","https://www.ecb.europa.eu/pub/pdf/scpsps/ecb.sps38~ce391a0cb5.en.pdf","monthly","ECB-style replication from 619 4-digit country-item HICP series for 12 countries: annualised monthly rates, outlier removal, month-effect seasonal adjustment, common factor component averaged over 4-16 static factor specifications and scaled to ECB PCCI through Dec-2025. No additional low-pass or moving-average smoothing is applied. Fit R2 0.93; sample May-2001 to Aug-2026.","2026-09"
"2011-08-01","ecb_pcci_3m_saar","hicp_headline_pc_pcci_3m_saar","HICP ECB-style PCCI replication","Euro Area",2.136,"left","%","Eurostat HICP / ECB-style PCCI replication","https://www.ecb.europa.eu/pub/pdf/scpsps/ecb.sps38~ce391a0cb5.en.pdf","monthly","ECB-style replication from 619 4-digit country-item HICP series for 12 countries: annualised monthly rates, outlier removal, month-effect seasonal adjustment, common factor component averaged over 4-16 static factor specifications and scaled to ECB PCCI through Dec-2025. No additional low-pass or moving-average smoothing is applied. Fit R2 0.93; sample May-2001 to Aug-2026.","2026-09"
"2011-09-01","ecb_pcci_3m_saar","hicp_headline_pc_pcci_3m_saar","HICP ECB-style PCCI replication","Euro Area",2.526,"left","%","Eurostat HICP / ECB-style PCCI replication","https://www.ecb.europa.eu/pub/pdf/scpsps/ecb.sps38~ce391a0cb5.en.pdf","monthly","ECB-style replication from 619 4-digit country-item HICP series for 12 countries: annualised monthly rates, outlier removal, month-effect seasonal adjustment, common factor component averaged over 4-16 static factor specifications and scaled to ECB PCCI through Dec-2025. No additional low-pass or moving-average smoothing is applied. Fit R2 0.93; sample May-2001 to Aug-2026.","2026-09"
"2011-10-01","ecb_pcci_3m_saar","hicp_headline_pc_pcci_3m_saar","HICP ECB-style PCCI replication","Euro Area",2.212,"left","%","Eurostat HICP / ECB-style PCCI replication","https://www.ecb.europa.eu/pub/pdf/scpsps/ecb.sps38~ce391a0cb5.en.pdf","monthly","ECB-style replication from 619 4-digit country-item HICP series for 12 countries: annualised monthly rates, outlier removal, month-effect seasonal adjustment, common factor component averaged over 4-16 static factor specifications and scaled to ECB PCCI through Dec-2025. No additional low-pass or moving-average smoothing is applied. Fit R2 0.93; sample May-2001 to Aug-2026.","2026-09"
"2011-11-01","ecb_pcci_3m_saar","hicp_headline_pc_pcci_3m_saar","HICP ECB-style PCCI replication","Euro Area",2.071,"left","%","Eurostat HICP / ECB-style PCCI replication","https://www.ecb.europa.eu/pub/pdf/scpsps/ecb.sps38~ce391a0cb5.en.pdf","monthly","ECB-style replication from 619 4-digit country-item HICP series for 12 countries: annualised monthly rates, outlier removal, month-effect seasonal adjustment, common factor component averaged over 4-16 static factor specifications and scaled to ECB PCCI through Dec-2025. No additional low-pass or moving-average smoothing is applied. Fit R2 0.93; sample May-2001 to Aug-2026.","2026-09"
"2011-12-01","ecb_pcci_3m_saar","hicp_headline_pc_pcci_3m_saar","HICP ECB-style PCCI replication","Euro Area",2.087,"left","%","Eurostat HICP / ECB-style PCCI replication","https://www.ecb.europa.eu/pub/pdf/scpsps/ecb.sps38~ce391a0cb5.en.pdf","monthly","ECB-style replication from 619 4-digit country-item HICP series for 12 countries: annualised monthly rates, outlier removal, month-effect seasonal adjustment, common factor component averaged over 4-16 static factor specifications and scaled to ECB PCCI through Dec-2025. No additional low-pass or moving-average smoothing is applied. Fit R2 0.93; sample May-2001 to Aug-2026.","2026-09"
"2012-01-01","ecb_pcci_3m_saar","hicp_headline_pc_pcci_3m_saar","HICP ECB-style PCCI replication","Euro Area",1.825,"left","%","Eurostat HICP / ECB-style PCCI replication","https://www.ecb.europa.eu/pub/pdf/scpsps/ecb.sps38~ce391a0cb5.en.pdf","monthly","ECB-style replication from 619 4-digit country-item HICP series for 12 countries: annualised monthly rates, outlier removal, month-effect seasonal adjustment, common factor component averaged over 4-16 static factor specifications and scaled to ECB PCCI through Dec-2025. No additional low-pass or moving-average smoothing is applied. Fit R2 0.93; sample May-2001 to Aug-2026.","2026-09"
"2012-02-01","ecb_pcci_3m_saar","hicp_headline_pc_pcci_3m_saar","HICP ECB-style PCCI replication","Euro Area",2.011,"left","%","Eurostat HICP / ECB-style PCCI replication","https://www.ecb.europa.eu/pub/pdf/scpsps/ecb.sps38~ce391a0cb5.en.pdf","monthly","ECB-style replication from 619 4-digit country-item HICP series for 12 countries: annualised monthly rates, outlier removal, month-effect seasonal adjustment, common factor component averaged over 4-16 static factor specifications and scaled to ECB PCCI through Dec-2025. No additional low-pass or moving-average smoothing is applied. Fit R2 0.93; sample May-2001 to Aug-2026.","2026-09"
"2012-03-01","ecb_pcci_3m_saar","hicp_headline_pc_pcci_3m_saar","HICP ECB-style PCCI replication","Euro Area",1.768,"left","%","Eurostat HICP / ECB-style PCCI replication","https://www.ecb.europa.eu/pub/pdf/scpsps/ecb.sps38~ce391a0cb5.en.pdf","monthly","ECB-style replication from 619 4-digit country-item HICP series for 12 countries: annualised monthly rates, outlier removal, month-effect seasonal adjustment, common factor component averaged over 4-16 static factor specifications and scaled to ECB PCCI through Dec-2025. No additional low-pass or moving-average smoothing is applied. Fit R2 0.93; sample May-2001 to Aug-2026.","2026-09"
"2012-04-01","ecb_pcci_3m_saar","hicp_headline_pc_pcci_3m_saar","HICP ECB-style PCCI replication","Euro Area",1.606,"left","%","Eurostat HICP / ECB-style PCCI replication","https://www.ecb.europa.eu/pub/pdf/scpsps/ecb.sps38~ce391a0cb5.en.pdf","monthly","ECB-style replication from 619 4-digit country-item HICP series for 12 countries: annualised monthly rates, outlier removal, month-effect seasonal adjustment, common factor component averaged over 4-16 static factor specifications and scaled to ECB PCCI through Dec-2025. No additional low-pass or moving-average smoothing is applied. Fit R2 0.93; sample May-2001 to Aug-2026.","2026-09"
"2012-05-01","ecb_pcci_3m_saar","hicp_headline_pc_pcci_3m_saar","HICP ECB-style PCCI replication","Euro Area",1.412,"left","%","Eurostat HICP / ECB-style PCCI replication","https://www.ecb.europa.eu/pub/pdf/scpsps/ecb.sps38~ce391a0cb5.en.pdf","monthly","ECB-style replication from 619 4-digit country-item HICP series for 12 countries: annualised monthly rates, outlier removal, month-effect seasonal adjustment, common factor component averaged over 4-16 static factor specifications and scaled to ECB PCCI through Dec-2025. No additional low-pass or moving-average smoothing is applied. Fit R2 0.93; sample May-2001 to Aug-2026.","2026-09"
"2012-06-01","ecb_pcci_3m_saar","hicp_headline_pc_pcci_3m_saar","HICP ECB-style PCCI replication","Euro Area",1.557,"left","%","Eurostat HICP / ECB-style PCCI replication","https://www.ecb.europa.eu/pub/pdf/scpsps/ecb.sps38~ce391a0cb5.en.pdf","monthly","ECB-style replication from 619 4-digit country-item HICP series for 12 countries: annualised monthly rates, outlier removal, month-effect seasonal adjustment, common factor component averaged over 4-16 static factor specifications and scaled to ECB PCCI through Dec-2025. No additional low-pass or moving-average smoothing is applied. Fit R2 0.93; sample May-2001 to Aug-2026.","2026-09"
"2012-07-01","ecb_pcci_3m_saar","hicp_headline_pc_pcci_3m_saar","HICP ECB-style PCCI replication","Euro Area",1.741,"left","%","Eurostat HICP / ECB-style PCCI replication","https://www.ecb.europa.eu/pub/pdf/scpsps/ecb.sps38~ce391a0cb5.en.pdf","monthly","ECB-style replication from 619 4-digit country-item HICP series for 12 countries: annualised monthly rates, outlier removal, month-effect seasonal adjustment, common factor component averaged over 4-16 static factor specifications and scaled to ECB PCCI through Dec-2025. No additional low-pass or moving-average smoothing is applied. Fit R2 0.93; sample May-2001 to Aug-2026.","2026-09"
"2012-08-01","ecb_pcci_3m_saar","hicp_headline_pc_pcci_3m_saar","HICP ECB-style PCCI replication","Euro Area",2.15,"left","%","Eurostat HICP / ECB-style PCCI replication","https://www.ecb.europa.eu/pub/pdf/scpsps/ecb.sps38~ce391a0cb5.en.pdf","monthly","ECB-style replication from 619 4-digit country-item HICP series for 12 countries: annualised monthly rates, outlier removal, month-effect seasonal adjustment, common factor component averaged over 4-16 static factor specifications and scaled to ECB PCCI through Dec-2025. No additional low-pass or moving-average smoothing is applied. Fit R2 0.93; sample May-2001 to Aug-2026.","2026-09"
"2012-09-01","ecb_pcci_3m_saar","hicp_headline_pc_pcci_3m_saar","HICP ECB-style PCCI replication","Euro Area",2.581,"left","%","Eurostat HICP / ECB-style PCCI replication","https://www.ecb.europa.eu/pub/pdf/scpsps/ecb.sps38~ce391a0cb5.en.pdf","monthly","ECB-style replication from 619 4-digit country-item HICP series for 12 countries: annualised monthly rates, outlier removal, month-effect seasonal adjustment, common factor component averaged over 4-16 static factor specifications and scaled to ECB PCCI through Dec-2025. No additional low-pass or moving-average smoothing is applied. Fit R2 0.93; sample May-2001 to Aug-2026.","2026-09"
"2012-10-01","ecb_pcci_3m_saar","hicp_headline_pc_pcci_3m_saar","HICP ECB-style PCCI replication","Euro Area",2.356,"left","%","Eurostat HICP / ECB-style PCCI replication","https://www.ecb.europa.eu/pub/pdf/scpsps/ecb.sps38~ce391a0cb5.en.pdf","monthly","ECB-style replication from 619 4-digit country-item HICP series for 12 countries: annualised monthly rates, outlier removal, month-effect seasonal adjustment, common factor component averaged over 4-16 static factor specifications and scaled to ECB PCCI through Dec-2025. No additional low-pass or moving-average smoothing is applied. Fit R2 0.93; sample May-2001 to Aug-2026.","2026-09"
"2012-11-01","ecb_pcci_3m_saar","hicp_headline_pc_pcci_3m_saar","HICP ECB-style PCCI replication","Euro Area",1.721,"left","%","Eurostat HICP / ECB-style PCCI replication","https://www.ecb.europa.eu/pub/pdf/scpsps/ecb.sps38~ce391a0cb5.en.pdf","monthly","ECB-style replication from 619 4-digit country-item HICP series for 12 countries: annualised monthly rates, outlier removal, month-effect seasonal adjustment, common factor component averaged over 4-16 static factor specifications and scaled to ECB PCCI through Dec-2025. No additional low-pass or moving-average smoothing is applied. Fit R2 0.93; sample May-2001 to Aug-2026.","2026-09"
"2012-12-01","ecb_pcci_3m_saar","hicp_headline_pc_pcci_3m_saar","HICP ECB-style PCCI replication","Euro Area",1.845,"left","%","Eurostat HICP / ECB-style PCCI replication","https://www.ecb.europa.eu/pub/pdf/scpsps/ecb.sps38~ce391a0cb5.en.pdf","monthly","ECB-style replication from 619 4-digit country-item HICP series for 12 countries: annualised monthly rates, outlier removal, month-effect seasonal adjustment, common factor component averaged over 4-16 static factor specifications and scaled to ECB PCCI through Dec-2025. No additional low-pass or moving-average smoothing is applied. Fit R2 0.93; sample May-2001 to Aug-2026.","2026-09"
"2013-01-01","ecb_pcci_3m_saar","hicp_headline_pc_pcci_3m_saar","HICP ECB-style PCCI replication","Euro Area",0.938,"left","%","Eurostat HICP / ECB-style PCCI replication","https://www.ecb.europa.eu/pub/pdf/scpsps/ecb.sps38~ce391a0cb5.en.pdf","monthly","ECB-style replication from 619 4-digit country-item HICP series for 12 countries: annualised monthly rates, outlier removal, month-effect seasonal adjustment, common factor component averaged over 4-16 static factor specifications and scaled to ECB PCCI through Dec-2025. No additional low-pass or moving-average smoothing is applied. Fit R2 0.93; sample May-2001 to Aug-2026.","2026-09"
"2013-02-01","ecb_pcci_3m_saar","hicp_headline_pc_pcci_3m_saar","HICP ECB-style PCCI replication","Euro Area",1.272,"left","%","Eurostat HICP / ECB-style PCCI replication","https://www.ecb.europa.eu/pub/pdf/scpsps/ecb.sps38~ce391a0cb5.en.pdf","monthly","ECB-style replication from 619 4-digit country-item HICP series for 12 countries: annualised monthly rates, outlier removal, month-effect seasonal adjustment, common factor component averaged over 4-16 static factor specifications and scaled to ECB PCCI through Dec-2025. No additional low-pass or moving-average smoothing is applied. Fit R2 0.93; sample May-2001 to Aug-2026.","2026-09"
"2013-03-01","ecb_pcci_3m_saar","hicp_headline_pc_pcci_3m_saar","HICP ECB-style PCCI replication","Euro Area",1.298,"left","%","Eurostat HICP / ECB-style PCCI replication","https://www.ecb.europa.eu/pub/pdf/scpsps/ecb.sps38~ce391a0cb5.en.pdf","monthly","ECB-style replication from 619 4-digit country-item HICP series for 12 countries: annualised monthly rates, outlier removal, month-effect seasonal adjustment, common factor component averaged over 4-16 static factor specifications and scaled to ECB PCCI through Dec-2025. No additional low-pass or moving-average smoothing is applied. Fit R2 0.93; sample May-2001 to Aug-2026.","2026-09"
"2013-04-01","ecb_pcci_3m_saar","hicp_headline_pc_pcci_3m_saar","HICP ECB-style PCCI replication","Euro Area",1.32,"left","%","Eurostat HICP / ECB-style PCCI replication","https://www.ecb.europa.eu/pub/pdf/scpsps/ecb.sps38~ce391a0cb5.en.pdf","monthly","ECB-style replication from 619 4-digit country-item HICP series for 12 countries: annualised monthly rates, outlier removal, month-effect seasonal adjustment, common factor component averaged over 4-16 static factor specifications and scaled to ECB PCCI through Dec-2025. No additional low-pass or moving-average smoothing is applied. Fit R2 0.93; sample May-2001 to Aug-2026.","2026-09"
"2013-05-01","ecb_pcci_3m_saar","hicp_headline_pc_pcci_3m_saar","HICP ECB-style PCCI replication","Euro Area",1.384,"left","%","Eurostat HICP / ECB-style PCCI replication","https://www.ecb.europa.eu/pub/pdf/scpsps/ecb.sps38~ce391a0cb5.en.pdf","monthly","ECB-style replication from 619 4-digit country-item HICP series for 12 countries: annualised monthly rates, outlier removal, month-effect seasonal adjustment, common factor component averaged over 4-16 static factor specifications and scaled to ECB PCCI through Dec-2025. No additional low-pass or moving-average smoothing is applied. Fit R2 0.93; sample May-2001 to Aug-2026.","2026-09"
"2013-06-01","ecb_pcci_3m_saar","hicp_headline_pc_pcci_3m_saar","HICP ECB-style PCCI replication","Euro Area",1.504,"left","%","Eurostat HICP / ECB-style PCCI replication","https://www.ecb.europa.eu/pub/pdf/scpsps/ecb.sps38~ce391a0cb5.en.pdf","monthly","ECB-style replication from 619 4-digit country-item HICP series for 12 countries: annualised monthly rates, outlier removal, month-effect seasonal adjustment, common factor component averaged over 4-16 static factor specifications and scaled to ECB PCCI through Dec-2025. No additional low-pass or moving-average smoothing is applied. Fit R2 0.93; sample May-2001 to Aug-2026.","2026-09"
"2013-07-01","ecb_pcci_3m_saar","hicp_headline_pc_pcci_3m_saar","HICP ECB-style PCCI replication","Euro Area",1.405,"left","%","Eurostat HICP / ECB-style PCCI replication","https://www.ecb.europa.eu/pub/pdf/scpsps/ecb.sps38~ce391a0cb5.en.pdf","monthly","ECB-style replication from 619 4-digit country-item HICP series for 12 countries: annualised monthly rates, outlier removal, month-effect seasonal adjustment, common factor component averaged over 4-16 static factor specifications and scaled to ECB PCCI through Dec-2025. No additional low-pass or moving-average smoothing is applied. Fit R2 0.93; sample May-2001 to Aug-2026.","2026-09"
"2013-08-01","ecb_pcci_3m_saar","hicp_headline_pc_pcci_3m_saar","HICP ECB-style PCCI replication","Euro Area",1.508,"left","%","Eurostat HICP / ECB-style PCCI replication","https://www.ecb.europa.eu/pub/pdf/scpsps/ecb.sps38~ce391a0cb5.en.pdf","monthly","ECB-style replication from 619 4-digit country-item HICP series for 12 countries: annualised monthly rates, outlier removal, month-effect seasonal adjustment, common factor component averaged over 4-16 static factor specifications and scaled to ECB PCCI through Dec-2025. No additional low-pass or moving-average smoothing is applied. Fit R2 0.93; sample May-2001 to Aug-2026.","2026-09"
"2013-09-01","ecb_pcci_3m_saar","hicp_headline_pc_pcci_3m_saar","HICP ECB-style PCCI replication","Euro Area",1.766,"left","%","Eurostat HICP / ECB-style PCCI replication","https://www.ecb.europa.eu/pub/pdf/scpsps/ecb.sps38~ce391a0cb5.en.pdf","monthly","ECB-style replication from 619 4-digit country-item HICP series for 12 countries: annualised monthly rates, outlier removal, month-effect seasonal adjustment, common factor component averaged over 4-16 static factor specifications and scaled to ECB PCCI through Dec-2025. No additional low-pass or moving-average smoothing is applied. Fit R2 0.93; sample May-2001 to Aug-2026.","2026-09"
"2013-10-01","ecb_pcci_3m_saar","hicp_headline_pc_pcci_3m_saar","HICP ECB-style PCCI replication","Euro Area",1.374,"left","%","Eurostat HICP / ECB-style PCCI replication","https://www.ecb.europa.eu/pub/pdf/scpsps/ecb.sps38~ce391a0cb5.en.pdf","monthly","ECB-style replication from 619 4-digit country-item HICP series for 12 countries: annualised monthly rates, outlier removal, month-effect seasonal adjustment, common factor component averaged over 4-16 static factor specifications and scaled to ECB PCCI through Dec-2025. No additional low-pass or moving-average smoothing is applied. Fit R2 0.93; sample May-2001 to Aug-2026.","2026-09"
"2013-11-01","ecb_pcci_3m_saar","hicp_headline_pc_pcci_3m_saar","HICP ECB-style PCCI replication","Euro Area",1.506,"left","%","Eurostat HICP / ECB-style PCCI replication","https://www.ecb.europa.eu/pub/pdf/scpsps/ecb.sps38~ce391a0cb5.en.pdf","monthly","ECB-style replication from 619 4-digit country-item HICP series for 12 countries: annualised monthly rates, outlier removal, month-effect seasonal adjustment, common factor component averaged over 4-16 static factor specifications and scaled to ECB PCCI through Dec-2025. No additional low-pass or moving-average smoothing is applied. Fit R2 0.93; sample May-2001 to Aug-2026.","2026-09"
"2013-12-01","ecb_pcci_3m_saar","hicp_headline_pc_pcci_3m_saar","HICP ECB-style PCCI replication","Euro Area",1.864,"left","%","Eurostat HICP / ECB-style PCCI replication","https://www.ecb.europa.eu/pub/pdf/scpsps/ecb.sps38~ce391a0cb5.en.pdf","monthly","ECB-style replication from 619 4-digit country-item HICP series for 12 countries: annualised monthly rates, outlier removal, month-effect seasonal adjustment, common factor component averaged over 4-16 static factor specifications and scaled to ECB PCCI through Dec-2025. No additional low-pass or moving-average smoothing is applied. Fit R2 0.93; sample May-2001 to Aug-2026.","2026-09"
"2014-01-01","ecb_pcci_3m_saar","hicp_headline_pc_pcci_3m_saar","HICP ECB-style PCCI replication","Euro Area",0.638,"left","%","Eurostat HICP / ECB-style PCCI replication","https://www.ecb.europa.eu/pub/pdf/scpsps/ecb.sps38~ce391a0cb5.en.pdf","monthly","ECB-style replication from 619 4-digit country-item HICP series for 12 countries: annualised monthly rates, outlier removal, month-effect seasonal adjustment, common factor component averaged over 4-16 static factor specifications and scaled to ECB PCCI through Dec-2025. No additional low-pass or moving-average smoothing is applied. Fit R2 0.93; sample May-2001 to Aug-2026.","2026-09"
"2014-02-01","ecb_pcci_3m_saar","hicp_headline_pc_pcci_3m_saar","HICP ECB-style PCCI replication","Euro Area",1.148,"left","%","Eurostat HICP / ECB-style PCCI replication","https://www.ecb.europa.eu/pub/pdf/scpsps/ecb.sps38~ce391a0cb5.en.pdf","monthly","ECB-style replication from 619 4-digit country-item HICP series for 12 countries: annualised monthly rates, outlier removal, month-effect seasonal adjustment, common factor component averaged over 4-16 static factor specifications and scaled to ECB PCCI through Dec-2025. No additional low-pass or moving-average smoothing is applied. Fit R2 0.93; sample May-2001 to Aug-2026.","2026-09"
"2014-03-01","ecb_pcci_3m_saar","hicp_headline_pc_pcci_3m_saar","HICP ECB-style PCCI replication","Euro Area",0.842,"left","%","Eurostat HICP / ECB-style PCCI replication","https://www.ecb.europa.eu/pub/pdf/scpsps/ecb.sps38~ce391a0cb5.en.pdf","monthly","ECB-style replication from 619 4-digit country-item HICP series for 12 countries: annualised monthly rates, outlier removal, month-effect seasonal adjustment, common factor component averaged over 4-16 static factor specifications and scaled to ECB PCCI through Dec-2025. No additional low-pass or moving-average smoothing is applied. Fit R2 0.93; sample May-2001 to Aug-2026.","2026-09"
"2014-04-01","ecb_pcci_3m_saar","hicp_headline_pc_pcci_3m_saar","HICP ECB-style PCCI replication","Euro Area",0.922,"left","%","Eurostat HICP / ECB-style PCCI replication","https://www.ecb.europa.eu/pub/pdf/scpsps/ecb.sps38~ce391a0cb5.en.pdf","monthly","ECB-style replication from 619 4-digit country-item HICP series for 12 countries: annualised monthly rates, outlier removal, month-effect seasonal adjustment, common factor component averaged over 4-16 static factor specifications and scaled to ECB PCCI through Dec-2025. No additional low-pass or moving-average smoothing is applied. Fit R2 0.93; sample May-2001 to Aug-2026.","2026-09"
"2014-05-01","ecb_pcci_3m_saar","hicp_headline_pc_pcci_3m_saar","HICP ECB-style PCCI replication","Euro Area",1.16,"left","%","Eurostat HICP / ECB-style PCCI replication","https://www.ecb.europa.eu/pub/pdf/scpsps/ecb.sps38~ce391a0cb5.en.pdf","monthly","ECB-style replication from 619 4-digit country-item HICP series for 12 countries: annualised monthly rates, outlier removal, month-effect seasonal adjustment, common factor component averaged over 4-16 static factor specifications and scaled to ECB PCCI through Dec-2025. No additional low-pass or moving-average smoothing is applied. Fit R2 0.93; sample May-2001 to Aug-2026.","2026-09"
"2014-06-01","ecb_pcci_3m_saar","hicp_headline_pc_pcci_3m_saar","HICP ECB-style PCCI replication","Euro Area",1.166,"left","%","Eurostat HICP / ECB-style PCCI replication","https://www.ecb.europa.eu/pub/pdf/scpsps/ecb.sps38~ce391a0cb5.en.pdf","monthly","ECB-style replication from 619 4-digit country-item HICP series for 12 countries: annualised monthly rates, outlier removal, month-effect seasonal adjustment, common factor component averaged over 4-16 static factor specifications and scaled to ECB PCCI through Dec-2025. No additional low-pass or moving-average smoothing is applied. Fit R2 0.93; sample May-2001 to Aug-2026.","2026-09"
"2014-07-01","ecb_pcci_3m_saar","hicp_headline_pc_pcci_3m_saar","HICP ECB-style PCCI replication","Euro Area",1.189,"left","%","Eurostat HICP / ECB-style PCCI replication","https://www.ecb.europa.eu/pub/pdf/scpsps/ecb.sps38~ce391a0cb5.en.pdf","monthly","ECB-style replication from 619 4-digit country-item HICP series for 12 countries: annualised monthly rates, outlier removal, month-effect seasonal adjustment, common factor component averaged over 4-16 static factor specifications and scaled to ECB PCCI through Dec-2025. No additional low-pass or moving-average smoothing is applied. Fit R2 0.93; sample May-2001 to Aug-2026.","2026-09"
"2014-08-01","ecb_pcci_3m_saar","hicp_headline_pc_pcci_3m_saar","HICP ECB-style PCCI replication","Euro Area",1.478,"left","%","Eurostat HICP / ECB-style PCCI replication","https://www.ecb.europa.eu/pub/pdf/scpsps/ecb.sps38~ce391a0cb5.en.pdf","monthly","ECB-style replication from 619 4-digit country-item HICP series for 12 countries: annualised monthly rates, outlier removal, month-effect seasonal adjustment, common factor component averaged over 4-16 static factor specifications and scaled to ECB PCCI through Dec-2025. No additional low-pass or moving-average smoothing is applied. Fit R2 0.93; sample May-2001 to Aug-2026.","2026-09"
"2014-09-01","ecb_pcci_3m_saar","hicp_headline_pc_pcci_3m_saar","HICP ECB-style PCCI replication","Euro Area",1.595,"left","%","Eurostat HICP / ECB-style PCCI replication","https://www.ecb.europa.eu/pub/pdf/scpsps/ecb.sps38~ce391a0cb5.en.pdf","monthly","ECB-style replication from 619 4-digit country-item HICP series for 12 countries: annualised monthly rates, outlier removal, month-effect seasonal adjustment, common factor component averaged over 4-16 static factor specifications and scaled to ECB PCCI through Dec-2025. No additional low-pass or moving-average smoothing is applied. Fit R2 0.93; sample May-2001 to Aug-2026.","2026-09"
"2014-10-01","ecb_pcci_3m_saar","hicp_headline_pc_pcci_3m_saar","HICP ECB-style PCCI replication","Euro Area",1.046,"left","%","Eurostat HICP / ECB-style PCCI replication","https://www.ecb.europa.eu/pub/pdf/scpsps/ecb.sps38~ce391a0cb5.en.pdf","monthly","ECB-style replication from 619 4-digit country-item HICP series for 12 countries: annualised monthly rates, outlier removal, month-effect seasonal adjustment, common factor component averaged over 4-16 static factor specifications and scaled to ECB PCCI through Dec-2025. No additional low-pass or moving-average smoothing is applied. Fit R2 0.93; sample May-2001 to Aug-2026.","2026-09"
"2014-11-01","ecb_pcci_3m_saar","hicp_headline_pc_pcci_3m_saar","HICP ECB-style PCCI replication","Euro Area",1.173,"left","%","Eurostat HICP / ECB-style PCCI replication","https://www.ecb.europa.eu/pub/pdf/scpsps/ecb.sps38~ce391a0cb5.en.pdf","monthly","ECB-style replication from 619 4-digit country-item HICP series for 12 countries: annualised monthly rates, outlier removal, month-effect seasonal adjustment, common factor component averaged over 4-16 static factor specifications and scaled to ECB PCCI through Dec-2025. No additional low-pass or moving-average smoothing is applied. Fit R2 0.93; sample May-2001 to Aug-2026.","2026-09"
"2014-12-01","ecb_pcci_3m_saar","hicp_headline_pc_pcci_3m_saar","HICP ECB-style PCCI replication","Euro Area",1.199,"left","%","Eurostat HICP / ECB-style PCCI replication","https://www.ecb.europa.eu/pub/pdf/scpsps/ecb.sps38~ce391a0cb5.en.pdf","monthly","ECB-style replication from 619 4-digit country-item HICP series for 12 countries: annualised monthly rates, outlier removal, month-effect seasonal adjustment, common factor component averaged over 4-16 static factor specifications and scaled to ECB PCCI through Dec-2025. No additional low-pass or moving-average smoothing is applied. Fit R2 0.93; sample May-2001 to Aug-2026.","2026-09"
"2015-01-01","ecb_pcci_3m_saar","hicp_headline_pc_pcci_3m_saar","HICP ECB-style PCCI replication","Euro Area",0.067,"left","%","Eurostat HICP / ECB-style PCCI replication","https://www.ecb.europa.eu/pub/pdf/scpsps/ecb.sps38~ce391a0cb5.en.pdf","monthly","ECB-style replication from 619 4-digit country-item HICP series for 12 countries: annualised monthly rates, outlier removal, month-effect seasonal adjustment, common factor component averaged over 4-16 static factor specifications and scaled to ECB PCCI through Dec-2025. No additional low-pass or moving-average smoothing is applied. Fit R2 0.93; sample May-2001 to Aug-2026.","2026-09"
"2015-02-01","ecb_pcci_3m_saar","hicp_headline_pc_pcci_3m_saar","HICP ECB-style PCCI replication","Euro Area",1.225,"left","%","Eurostat HICP / ECB-style PCCI replication","https://www.ecb.europa.eu/pub/pdf/scpsps/ecb.sps38~ce391a0cb5.en.pdf","monthly","ECB-style replication from 619 4-digit country-item HICP series for 12 countries: annualised monthly rates, outlier removal, month-effect seasonal adjustment, common factor component averaged over 4-16 static factor specifications and scaled to ECB PCCI through Dec-2025. No additional low-pass or moving-average smoothing is applied. Fit R2 0.93; sample May-2001 to Aug-2026.","2026-09"
"2015-03-01","ecb_pcci_3m_saar","hicp_headline_pc_pcci_3m_saar","HICP ECB-style PCCI replication","Euro Area",1.437,"left","%","Eurostat HICP / ECB-style PCCI replication","https://www.ecb.europa.eu/pub/pdf/scpsps/ecb.sps38~ce391a0cb5.en.pdf","monthly","ECB-style replication from 619 4-digit country-item HICP series for 12 countries: annualised monthly rates, outlier removal, month-effect seasonal adjustment, common factor component averaged over 4-16 static factor specifications and scaled to ECB PCCI through Dec-2025. No additional low-pass or moving-average smoothing is applied. Fit R2 0.93; sample May-2001 to Aug-2026.","2026-09"
"2015-04-01","ecb_pcci_3m_saar","hicp_headline_pc_pcci_3m_saar","HICP ECB-style PCCI replication","Euro Area",1.174,"left","%","Eurostat HICP / ECB-style PCCI replication","https://www.ecb.europa.eu/pub/pdf/scpsps/ecb.sps38~ce391a0cb5.en.pdf","monthly","ECB-style replication from 619 4-digit country-item HICP series for 12 countries: annualised monthly rates, outlier removal, month-effect seasonal adjustment, common factor component averaged over 4-16 static factor specifications and scaled to ECB PCCI through Dec-2025. No additional low-pass or moving-average smoothing is applied. Fit R2 0.93; sample May-2001 to Aug-2026.","2026-09"
"2015-05-01","ecb_pcci_3m_saar","hicp_headline_pc_pcci_3m_saar","HICP ECB-style PCCI replication","Euro Area",1.275,"left","%","Eurostat HICP / ECB-style PCCI replication","https://www.ecb.europa.eu/pub/pdf/scpsps/ecb.sps38~ce391a0cb5.en.pdf","monthly","ECB-style replication from 619 4-digit country-item HICP series for 12 countries: annualised monthly rates, outlier removal, month-effect seasonal adjustment, common factor component averaged over 4-16 static factor specifications and scaled to ECB PCCI through Dec-2025. No additional low-pass or moving-average smoothing is applied. Fit R2 0.93; sample May-2001 to Aug-2026.","2026-09"
"2015-06-01","ecb_pcci_3m_saar","hicp_headline_pc_pcci_3m_saar","HICP ECB-style PCCI replication","Euro Area",1.55,"left","%","Eurostat HICP / ECB-style PCCI replication","https://www.ecb.europa.eu/pub/pdf/scpsps/ecb.sps38~ce391a0cb5.en.pdf","monthly","ECB-style replication from 619 4-digit country-item HICP series for 12 countries: annualised monthly rates, outlier removal, month-effect seasonal adjustment, common factor component averaged over 4-16 static factor specifications and scaled to ECB PCCI through Dec-2025. No additional low-pass or moving-average smoothing is applied. Fit R2 0.93; sample May-2001 to Aug-2026.","2026-09"
"2015-07-01","ecb_pcci_3m_saar","hicp_headline_pc_pcci_3m_saar","HICP ECB-style PCCI replication","Euro Area",1.035,"left","%","Eurostat HICP / ECB-style PCCI replication","https://www.ecb.europa.eu/pub/pdf/scpsps/ecb.sps38~ce391a0cb5.en.pdf","monthly","ECB-style replication from 619 4-digit country-item HICP series for 12 countries: annualised monthly rates, outlier removal, month-effect seasonal adjustment, common factor component averaged over 4-16 static factor specifications and scaled to ECB PCCI through Dec-2025. No additional low-pass or moving-average smoothing is applied. Fit R2 0.93; sample May-2001 to Aug-2026.","2026-09"
"2015-08-01","ecb_pcci_3m_saar","hicp_headline_pc_pcci_3m_saar","HICP ECB-style PCCI replication","Euro Area",1.553,"left","%","Eurostat HICP / ECB-style PCCI replication","https://www.ecb.europa.eu/pub/pdf/scpsps/ecb.sps38~ce391a0cb5.en.pdf","monthly","ECB-style replication from 619 4-digit country-item HICP series for 12 countries: annualised monthly rates, outlier removal, month-effect seasonal adjustment, common factor component averaged over 4-16 static factor specifications and scaled to ECB PCCI through Dec-2025. No additional low-pass or moving-average smoothing is applied. Fit R2 0.93; sample May-2001 to Aug-2026.","2026-09"
"2015-09-01","ecb_pcci_3m_saar","hicp_headline_pc_pcci_3m_saar","HICP ECB-style PCCI replication","Euro Area",1.492,"left","%","Eurostat HICP / ECB-style PCCI replication","https://www.ecb.europa.eu/pub/pdf/scpsps/ecb.sps38~ce391a0cb5.en.pdf","monthly","ECB-style replication from 619 4-digit country-item HICP series for 12 countries: annualised monthly rates, outlier removal, month-effect seasonal adjustment, common factor component averaged over 4-16 static factor specifications and scaled to ECB PCCI through Dec-2025. No additional low-pass or moving-average smoothing is applied. Fit R2 0.93; sample May-2001 to Aug-2026.","2026-09"
"2015-10-01","ecb_pcci_3m_saar","hicp_headline_pc_pcci_3m_saar","HICP ECB-style PCCI replication","Euro Area",1.315,"left","%","Eurostat HICP / ECB-style PCCI replication","https://www.ecb.europa.eu/pub/pdf/scpsps/ecb.sps38~ce391a0cb5.en.pdf","monthly","ECB-style replication from 619 4-digit country-item HICP series for 12 countries: annualised monthly rates, outlier removal, month-effect seasonal adjustment, common factor component averaged over 4-16 static factor specifications and scaled to ECB PCCI through Dec-2025. No additional low-pass or moving-average smoothing is applied. Fit R2 0.93; sample May-2001 to Aug-2026.","2026-09"
"2015-11-01","ecb_pcci_3m_saar","hicp_headline_pc_pcci_3m_saar","HICP ECB-style PCCI replication","Euro Area",1.325,"left","%","Eurostat HICP / ECB-style PCCI replication","https://www.ecb.europa.eu/pub/pdf/scpsps/ecb.sps38~ce391a0cb5.en.pdf","monthly","ECB-style replication from 619 4-digit country-item HICP series for 12 countries: annualised monthly rates, outlier removal, month-effect seasonal adjustment, common factor component averaged over 4-16 static factor specifications and scaled to ECB PCCI through Dec-2025. No additional low-pass or moving-average smoothing is applied. Fit R2 0.93; sample May-2001 to Aug-2026.","2026-09"
"2015-12-01","ecb_pcci_3m_saar","hicp_headline_pc_pcci_3m_saar","HICP ECB-style PCCI replication","Euro Area",1.503,"left","%","Eurostat HICP / ECB-style PCCI replication","https://www.ecb.europa.eu/pub/pdf/scpsps/ecb.sps38~ce391a0cb5.en.pdf","monthly","ECB-style replication from 619 4-digit country-item HICP series for 12 countries: annualised monthly rates, outlier removal, month-effect seasonal adjustment, common factor component averaged over 4-16 static factor specifications and scaled to ECB PCCI through Dec-2025. No additional low-pass or moving-average smoothing is applied. Fit R2 0.93; sample May-2001 to Aug-2026.","2026-09"
"2016-01-01","ecb_pcci_3m_saar","hicp_headline_pc_pcci_3m_saar","HICP ECB-style PCCI replication","Euro Area",0.184,"left","%","Eurostat HICP / ECB-style PCCI replication","https://www.ecb.europa.eu/pub/pdf/scpsps/ecb.sps38~ce391a0cb5.en.pdf","monthly","ECB-style replication from 619 4-digit country-item HICP series for 12 countries: annualised monthly rates, outlier removal, month-effect seasonal adjustment, common factor component averaged over 4-16 static factor specifications and scaled to ECB PCCI through Dec-2025. No additional low-pass or moving-average smoothing is applied. Fit R2 0.93; sample May-2001 to Aug-2026.","2026-09"
"2016-02-01","ecb_pcci_3m_saar","hicp_headline_pc_pcci_3m_saar","HICP ECB-style PCCI replication","Euro Area",0.74,"left","%","Eurostat HICP / ECB-style PCCI replication","https://www.ecb.europa.eu/pub/pdf/scpsps/ecb.sps38~ce391a0cb5.en.pdf","monthly","ECB-style replication from 619 4-digit country-item HICP series for 12 countries: annualised monthly rates, outlier removal, month-effect seasonal adjustment, common factor component averaged over 4-16 static factor specifications and scaled to ECB PCCI through Dec-2025. No additional low-pass or moving-average smoothing is applied. Fit R2 0.93; sample May-2001 to Aug-2026.","2026-09"
"2016-03-01","ecb_pcci_3m_saar","hicp_headline_pc_pcci_3m_saar","HICP ECB-style PCCI replication","Euro Area",1.323,"left","%","Eurostat HICP / ECB-style PCCI replication","https://www.ecb.europa.eu/pub/pdf/scpsps/ecb.sps38~ce391a0cb5.en.pdf","monthly","ECB-style replication from 619 4-digit country-item HICP series for 12 countries: annualised monthly rates, outlier removal, month-effect seasonal adjustment, common factor component averaged over 4-16 static factor specifications and scaled to ECB PCCI through Dec-2025. No additional low-pass or moving-average smoothing is applied. Fit R2 0.93; sample May-2001 to Aug-2026.","2026-09"
"2016-04-01","ecb_pcci_3m_saar","hicp_headline_pc_pcci_3m_saar","HICP ECB-style PCCI replication","Euro Area",1.401,"left","%","Eurostat HICP / ECB-style PCCI replication","https://www.ecb.europa.eu/pub/pdf/scpsps/ecb.sps38~ce391a0cb5.en.pdf","monthly","ECB-style replication from 619 4-digit country-item HICP series for 12 countries: annualised monthly rates, outlier removal, month-effect seasonal adjustment, common factor component averaged over 4-16 static factor specifications and scaled to ECB PCCI through Dec-2025. No additional low-pass or moving-average smoothing is applied. Fit R2 0.93; sample May-2001 to Aug-2026.","2026-09"
"2016-05-01","ecb_pcci_3m_saar","hicp_headline_pc_pcci_3m_saar","HICP ECB-style PCCI replication","Euro Area",1.287,"left","%","Eurostat HICP / ECB-style PCCI replication","https://www.ecb.europa.eu/pub/pdf/scpsps/ecb.sps38~ce391a0cb5.en.pdf","monthly","ECB-style replication from 619 4-digit country-item HICP series for 12 countries: annualised monthly rates, outlier removal, month-effect seasonal adjustment, common factor component averaged over 4-16 static factor specifications and scaled to ECB PCCI through Dec-2025. No additional low-pass or moving-average smoothing is applied. Fit R2 0.93; sample May-2001 to Aug-2026.","2026-09"
"2016-06-01","ecb_pcci_3m_saar","hicp_headline_pc_pcci_3m_saar","HICP ECB-style PCCI replication","Euro Area",1.757,"left","%","Eurostat HICP / ECB-style PCCI replication","https://www.ecb.europa.eu/pub/pdf/scpsps/ecb.sps38~ce391a0cb5.en.pdf","monthly","ECB-style replication from 619 4-digit country-item HICP series for 12 countries: annualised monthly rates, outlier removal, month-effect seasonal adjustment, common factor component averaged over 4-16 static factor specifications and scaled to ECB PCCI through Dec-2025. No additional low-pass or moving-average smoothing is applied. Fit R2 0.93; sample May-2001 to Aug-2026.","2026-09"
"2016-07-01","ecb_pcci_3m_saar","hicp_headline_pc_pcci_3m_saar","HICP ECB-style PCCI replication","Euro Area",1.067,"left","%","Eurostat HICP / ECB-style PCCI replication","https://www.ecb.europa.eu/pub/pdf/scpsps/ecb.sps38~ce391a0cb5.en.pdf","monthly","ECB-style replication from 619 4-digit country-item HICP series for 12 countries: annualised monthly rates, outlier removal, month-effect seasonal adjustment, common factor component averaged over 4-16 static factor specifications and scaled to ECB PCCI through Dec-2025. No additional low-pass or moving-average smoothing is applied. Fit R2 0.93; sample May-2001 to Aug-2026.","2026-09"
"2016-08-01","ecb_pcci_3m_saar","hicp_headline_pc_pcci_3m_saar","HICP ECB-style PCCI replication","Euro Area",1.419,"left","%","Eurostat HICP / ECB-style PCCI replication","https://www.ecb.europa.eu/pub/pdf/scpsps/ecb.sps38~ce391a0cb5.en.pdf","monthly","ECB-style replication from 619 4-digit country-item HICP series for 12 countries: annualised monthly rates, outlier removal, month-effect seasonal adjustment, common factor component averaged over 4-16 static factor specifications and scaled to ECB PCCI through Dec-2025. No additional low-pass or moving-average smoothing is applied. Fit R2 0.93; sample May-2001 to Aug-2026.","2026-09"
"2016-09-01","ecb_pcci_3m_saar","hicp_headline_pc_pcci_3m_saar","HICP ECB-style PCCI replication","Euro Area",1.707,"left","%","Eurostat HICP / ECB-style PCCI replication","https://www.ecb.europa.eu/pub/pdf/scpsps/ecb.sps38~ce391a0cb5.en.pdf","monthly","ECB-style replication from 619 4-digit country-item HICP series for 12 countries: annualised monthly rates, outlier removal, month-effect seasonal adjustment, common factor component averaged over 4-16 static factor specifications and scaled to ECB PCCI through Dec-2025. No additional low-pass or moving-average smoothing is applied. Fit R2 0.93; sample May-2001 to Aug-2026.","2026-09"
"2016-10-01","ecb_pcci_3m_saar","hicp_headline_pc_pcci_3m_saar","HICP ECB-style PCCI replication","Euro Area",1.422,"left","%","Eurostat HICP / ECB-style PCCI replication","https://www.ecb.europa.eu/pub/pdf/scpsps/ecb.sps38~ce391a0cb5.en.pdf","monthly","ECB-style replication from 619 4-digit country-item HICP series for 12 countries: annualised monthly rates, outlier removal, month-effect seasonal adjustment, common factor component averaged over 4-16 static factor specifications and scaled to ECB PCCI through Dec-2025. No additional low-pass or moving-average smoothing is applied. Fit R2 0.93; sample May-2001 to Aug-2026.","2026-09"
"2016-11-01","ecb_pcci_3m_saar","hicp_headline_pc_pcci_3m_saar","HICP ECB-style PCCI replication","Euro Area",1.465,"left","%","Eurostat HICP / ECB-style PCCI replication","https://www.ecb.europa.eu/pub/pdf/scpsps/ecb.sps38~ce391a0cb5.en.pdf","monthly","ECB-style replication from 619 4-digit country-item HICP series for 12 countries: annualised monthly rates, outlier removal, month-effect seasonal adjustment, common factor component averaged over 4-16 static factor specifications and scaled to ECB PCCI through Dec-2025. No additional low-pass or moving-average smoothing is applied. Fit R2 0.93; sample May-2001 to Aug-2026.","2026-09"
"2016-12-01","ecb_pcci_3m_saar","hicp_headline_pc_pcci_3m_saar","HICP ECB-style PCCI replication","Euro Area",1.926,"left","%","Eurostat HICP / ECB-style PCCI replication","https://www.ecb.europa.eu/pub/pdf/scpsps/ecb.sps38~ce391a0cb5.en.pdf","monthly","ECB-style replication from 619 4-digit country-item HICP series for 12 countries: annualised monthly rates, outlier removal, month-effect seasonal adjustment, common factor component averaged over 4-16 static factor specifications and scaled to ECB PCCI through Dec-2025. No additional low-pass or moving-average smoothing is applied. Fit R2 0.93; sample May-2001 to Aug-2026.","2026-09"
"2017-01-01","ecb_pcci_3m_saar","hicp_headline_pc_pcci_3m_saar","HICP ECB-style PCCI replication","Euro Area",1.014,"left","%","Eurostat HICP / ECB-style PCCI replication","https://www.ecb.europa.eu/pub/pdf/scpsps/ecb.sps38~ce391a0cb5.en.pdf","monthly","ECB-style replication from 619 4-digit country-item HICP series for 12 countries: annualised monthly rates, outlier removal, month-effect seasonal adjustment, common factor component averaged over 4-16 static factor specifications and scaled to ECB PCCI through Dec-2025. No additional low-pass or moving-average smoothing is applied. Fit R2 0.93; sample May-2001 to Aug-2026.","2026-09"
"2017-02-01","ecb_pcci_3m_saar","hicp_headline_pc_pcci_3m_saar","HICP ECB-style PCCI replication","Euro Area",1.401,"left","%","Eurostat HICP / ECB-style PCCI replication","https://www.ecb.europa.eu/pub/pdf/scpsps/ecb.sps38~ce391a0cb5.en.pdf","monthly","ECB-style replication from 619 4-digit country-item HICP series for 12 countries: annualised monthly rates, outlier removal, month-effect seasonal adjustment, common factor component averaged over 4-16 static factor specifications and scaled to ECB PCCI through Dec-2025. No additional low-pass or moving-average smoothing is applied. Fit R2 0.93; sample May-2001 to Aug-2026.","2026-09"
"2017-03-01","ecb_pcci_3m_saar","hicp_headline_pc_pcci_3m_saar","HICP ECB-style PCCI replication","Euro Area",1.309,"left","%","Eurostat HICP / ECB-style PCCI replication","https://www.ecb.europa.eu/pub/pdf/scpsps/ecb.sps38~ce391a0cb5.en.pdf","monthly","ECB-style replication from 619 4-digit country-item HICP series for 12 countries: annualised monthly rates, outlier removal, month-effect seasonal adjustment, common factor component averaged over 4-16 static factor specifications and scaled to ECB PCCI through Dec-2025. No additional low-pass or moving-average smoothing is applied. Fit R2 0.93; sample May-2001 to Aug-2026.","2026-09"
"2017-04-01","ecb_pcci_3m_saar","hicp_headline_pc_pcci_3m_saar","HICP ECB-style PCCI replication","Euro Area",1.165,"left","%","Eurostat HICP / ECB-style PCCI replication","https://www.ecb.europa.eu/pub/pdf/scpsps/ecb.sps38~ce391a0cb5.en.pdf","monthly","ECB-style replication from 619 4-digit country-item HICP series for 12 countries: annualised monthly rates, outlier removal, month-effect seasonal adjustment, common factor component averaged over 4-16 static factor specifications and scaled to ECB PCCI through Dec-2025. No additional low-pass or moving-average smoothing is applied. Fit R2 0.93; sample May-2001 to Aug-2026.","2026-09"
"2017-05-01","ecb_pcci_3m_saar","hicp_headline_pc_pcci_3m_saar","HICP ECB-style PCCI replication","Euro Area",1.771,"left","%","Eurostat HICP / ECB-style PCCI replication","https://www.ecb.europa.eu/pub/pdf/scpsps/ecb.sps38~ce391a0cb5.en.pdf","monthly","ECB-style replication from 619 4-digit country-item HICP series for 12 countries: annualised monthly rates, outlier removal, month-effect seasonal adjustment, common factor component averaged over 4-16 static factor specifications and scaled to ECB PCCI through Dec-2025. No additional low-pass or moving-average smoothing is applied. Fit R2 0.93; sample May-2001 to Aug-2026.","2026-09"
"2017-06-01","ecb_pcci_3m_saar","hicp_headline_pc_pcci_3m_saar","HICP ECB-style PCCI replication","Euro Area",1.482,"left","%","Eurostat HICP / ECB-style PCCI replication","https://www.ecb.europa.eu/pub/pdf/scpsps/ecb.sps38~ce391a0cb5.en.pdf","monthly","ECB-style replication from 619 4-digit country-item HICP series for 12 countries: annualised monthly rates, outlier removal, month-effect seasonal adjustment, common factor component averaged over 4-16 static factor specifications and scaled to ECB PCCI through Dec-2025. No additional low-pass or moving-average smoothing is applied. Fit R2 0.93; sample May-2001 to Aug-2026.","2026-09"
"2017-07-01","ecb_pcci_3m_saar","hicp_headline_pc_pcci_3m_saar","HICP ECB-style PCCI replication","Euro Area",1.405,"left","%","Eurostat HICP / ECB-style PCCI replication","https://www.ecb.europa.eu/pub/pdf/scpsps/ecb.sps38~ce391a0cb5.en.pdf","monthly","ECB-style replication from 619 4-digit country-item HICP series for 12 countries: annualised monthly rates, outlier removal, month-effect seasonal adjustment, common factor component averaged over 4-16 static factor specifications and scaled to ECB PCCI through Dec-2025. No additional low-pass or moving-average smoothing is applied. Fit R2 0.93; sample May-2001 to Aug-2026.","2026-09"
"2017-08-01","ecb_pcci_3m_saar","hicp_headline_pc_pcci_3m_saar","HICP ECB-style PCCI replication","Euro Area",1.872,"left","%","Eurostat HICP / ECB-style PCCI replication","https://www.ecb.europa.eu/pub/pdf/scpsps/ecb.sps38~ce391a0cb5.en.pdf","monthly","ECB-style replication from 619 4-digit country-item HICP series for 12 countries: annualised monthly rates, outlier removal, month-effect seasonal adjustment, common factor component averaged over 4-16 static factor specifications and scaled to ECB PCCI through Dec-2025. No additional low-pass or moving-average smoothing is applied. Fit R2 0.93; sample May-2001 to Aug-2026.","2026-09"
"2017-09-01","ecb_pcci_3m_saar","hicp_headline_pc_pcci_3m_saar","HICP ECB-style PCCI replication","Euro Area",1.924,"left","%","Eurostat HICP / ECB-style PCCI replication","https://www.ecb.europa.eu/pub/pdf/scpsps/ecb.sps38~ce391a0cb5.en.pdf","monthly","ECB-style replication from 619 4-digit country-item HICP series for 12 countries: annualised monthly rates, outlier removal, month-effect seasonal adjustment, common factor component averaged over 4-16 static factor specifications and scaled to ECB PCCI through Dec-2025. No additional low-pass or moving-average smoothing is applied. Fit R2 0.93; sample May-2001 to Aug-2026.","2026-09"
"2017-10-01","ecb_pcci_3m_saar","hicp_headline_pc_pcci_3m_saar","HICP ECB-style PCCI replication","Euro Area",1.631,"left","%","Eurostat HICP / ECB-style PCCI replication","https://www.ecb.europa.eu/pub/pdf/scpsps/ecb.sps38~ce391a0cb5.en.pdf","monthly","ECB-style replication from 619 4-digit country-item HICP series for 12 countries: annualised monthly rates, outlier removal, month-effect seasonal adjustment, common factor component averaged over 4-16 static factor specifications and scaled to ECB PCCI through Dec-2025. No additional low-pass or moving-average smoothing is applied. Fit R2 0.93; sample May-2001 to Aug-2026.","2026-09"
"2017-11-01","ecb_pcci_3m_saar","hicp_headline_pc_pcci_3m_saar","HICP ECB-style PCCI replication","Euro Area",1.97,"left","%","Eurostat HICP / ECB-style PCCI replication","https://www.ecb.europa.eu/pub/pdf/scpsps/ecb.sps38~ce391a0cb5.en.pdf","monthly","ECB-style replication from 619 4-digit country-item HICP series for 12 countries: annualised monthly rates, outlier removal, month-effect seasonal adjustment, common factor component averaged over 4-16 static factor specifications and scaled to ECB PCCI through Dec-2025. No additional low-pass or moving-average smoothing is applied. Fit R2 0.93; sample May-2001 to Aug-2026.","2026-09"
"2017-12-01","ecb_pcci_3m_saar","hicp_headline_pc_pcci_3m_saar","HICP ECB-style PCCI replication","Euro Area",1.805,"left","%","Eurostat HICP / ECB-style PCCI replication","https://www.ecb.europa.eu/pub/pdf/scpsps/ecb.sps38~ce391a0cb5.en.pdf","monthly","ECB-style replication from 619 4-digit country-item HICP series for 12 countries: annualised monthly rates, outlier removal, month-effect seasonal adjustment, common factor component averaged over 4-16 static factor specifications and scaled to ECB PCCI through Dec-2025. No additional low-pass or moving-average smoothing is applied. Fit R2 0.93; sample May-2001 to Aug-2026.","2026-09"
"2018-01-01","ecb_pcci_3m_saar","hicp_headline_pc_pcci_3m_saar","HICP ECB-style PCCI replication","Euro Area",1.263,"left","%","Eurostat HICP / ECB-style PCCI replication","https://www.ecb.europa.eu/pub/pdf/scpsps/ecb.sps38~ce391a0cb5.en.pdf","monthly","ECB-style replication from 619 4-digit country-item HICP series for 12 countries: annualised monthly rates, outlier removal, month-effect seasonal adjustment, common factor component averaged over 4-16 static factor specifications and scaled to ECB PCCI through Dec-2025. No additional low-pass or moving-average smoothing is applied. Fit R2 0.93; sample May-2001 to Aug-2026.","2026-09"
"2018-02-01","ecb_pcci_3m_saar","hicp_headline_pc_pcci_3m_saar","HICP ECB-style PCCI replication","Euro Area",1.071,"left","%","Eurostat HICP / ECB-style PCCI replication","https://www.ecb.europa.eu/pub/pdf/scpsps/ecb.sps38~ce391a0cb5.en.pdf","monthly","ECB-style replication from 619 4-digit country-item HICP series for 12 countries: annualised monthly rates, outlier removal, month-effect seasonal adjustment, common factor component averaged over 4-16 static factor specifications and scaled to ECB PCCI through Dec-2025. No additional low-pass or moving-average smoothing is applied. Fit R2 0.93; sample May-2001 to Aug-2026.","2026-09"
"2018-03-01","ecb_pcci_3m_saar","hicp_headline_pc_pcci_3m_saar","HICP ECB-style PCCI replication","Euro Area",1.614,"left","%","Eurostat HICP / ECB-style PCCI replication","https://www.ecb.europa.eu/pub/pdf/scpsps/ecb.sps38~ce391a0cb5.en.pdf","monthly","ECB-style replication from 619 4-digit country-item HICP series for 12 countries: annualised monthly rates, outlier removal, month-effect seasonal adjustment, common factor component averaged over 4-16 static factor specifications and scaled to ECB PCCI through Dec-2025. No additional low-pass or moving-average smoothing is applied. Fit R2 0.93; sample May-2001 to Aug-2026.","2026-09"
"2018-04-01","ecb_pcci_3m_saar","hicp_headline_pc_pcci_3m_saar","HICP ECB-style PCCI replication","Euro Area",1.613,"left","%","Eurostat HICP / ECB-style PCCI replication","https://www.ecb.europa.eu/pub/pdf/scpsps/ecb.sps38~ce391a0cb5.en.pdf","monthly","ECB-style replication from 619 4-digit country-item HICP series for 12 countries: annualised monthly rates, outlier removal, month-effect seasonal adjustment, common factor component averaged over 4-16 static factor specifications and scaled to ECB PCCI through Dec-2025. No additional low-pass or moving-average smoothing is applied. Fit R2 0.93; sample May-2001 to Aug-2026.","2026-09"
"2018-05-01","ecb_pcci_3m_saar","hicp_headline_pc_pcci_3m_saar","HICP ECB-style PCCI replication","Euro Area",1.592,"left","%","Eurostat HICP / ECB-style PCCI replication","https://www.ecb.europa.eu/pub/pdf/scpsps/ecb.sps38~ce391a0cb5.en.pdf","monthly","ECB-style replication from 619 4-digit country-item HICP series for 12 countries: annualised monthly rates, outlier removal, month-effect seasonal adjustment, common factor component averaged over 4-16 static factor specifications and scaled to ECB PCCI through Dec-2025. No additional low-pass or moving-average smoothing is applied. Fit R2 0.93; sample May-2001 to Aug-2026.","2026-09"
"2018-06-01","ecb_pcci_3m_saar","hicp_headline_pc_pcci_3m_saar","HICP ECB-style PCCI replication","Euro Area",1.85,"left","%","Eurostat HICP / ECB-style PCCI replication","https://www.ecb.europa.eu/pub/pdf/scpsps/ecb.sps38~ce391a0cb5.en.pdf","monthly","ECB-style replication from 619 4-digit country-item HICP series for 12 countries: annualised monthly rates, outlier removal, month-effect seasonal adjustment, common factor component averaged over 4-16 static factor specifications and scaled to ECB PCCI through Dec-2025. No additional low-pass or moving-average smoothing is applied. Fit R2 0.93; sample May-2001 to Aug-2026.","2026-09"
"2018-07-01","ecb_pcci_3m_saar","hicp_headline_pc_pcci_3m_saar","HICP ECB-style PCCI replication","Euro Area",1.499,"left","%","Eurostat HICP / ECB-style PCCI replication","https://www.ecb.europa.eu/pub/pdf/scpsps/ecb.sps38~ce391a0cb5.en.pdf","monthly","ECB-style replication from 619 4-digit country-item HICP series for 12 countries: annualised monthly rates, outlier removal, month-effect seasonal adjustment, common factor component averaged over 4-16 static factor specifications and scaled to ECB PCCI through Dec-2025. No additional low-pass or moving-average smoothing is applied. Fit R2 0.93; sample May-2001 to Aug-2026.","2026-09"
"2018-08-01","ecb_pcci_3m_saar","hicp_headline_pc_pcci_3m_saar","HICP ECB-style PCCI replication","Euro Area",1.792,"left","%","Eurostat HICP / ECB-style PCCI replication","https://www.ecb.europa.eu/pub/pdf/scpsps/ecb.sps38~ce391a0cb5.en.pdf","monthly","ECB-style replication from 619 4-digit country-item HICP series for 12 countries: annualised monthly rates, outlier removal, month-effect seasonal adjustment, common factor component averaged over 4-16 static factor specifications and scaled to ECB PCCI through Dec-2025. No additional low-pass or moving-average smoothing is applied. Fit R2 0.93; sample May-2001 to Aug-2026.","2026-09"
"2018-09-01","ecb_pcci_3m_saar","hicp_headline_pc_pcci_3m_saar","HICP ECB-style PCCI replication","Euro Area",1.953,"left","%","Eurostat HICP / ECB-style PCCI replication","https://www.ecb.europa.eu/pub/pdf/scpsps/ecb.sps38~ce391a0cb5.en.pdf","monthly","ECB-style replication from 619 4-digit country-item HICP series for 12 countries: annualised monthly rates, outlier removal, month-effect seasonal adjustment, common factor component averaged over 4-16 static factor specifications and scaled to ECB PCCI through Dec-2025. No additional low-pass or moving-average smoothing is applied. Fit R2 0.93; sample May-2001 to Aug-2026.","2026-09"
"2018-10-01","ecb_pcci_3m_saar","hicp_headline_pc_pcci_3m_saar","HICP ECB-style PCCI replication","Euro Area",1.993,"left","%","Eurostat HICP / ECB-style PCCI replication","https://www.ecb.europa.eu/pub/pdf/scpsps/ecb.sps38~ce391a0cb5.en.pdf","monthly","ECB-style replication from 619 4-digit country-item HICP series for 12 countries: annualised monthly rates, outlier removal, month-effect seasonal adjustment, common factor component averaged over 4-16 static factor specifications and scaled to ECB PCCI through Dec-2025. No additional low-pass or moving-average smoothing is applied. Fit R2 0.93; sample May-2001 to Aug-2026.","2026-09"
"2018-11-01","ecb_pcci_3m_saar","hicp_headline_pc_pcci_3m_saar","HICP ECB-style PCCI replication","Euro Area",1.704,"left","%","Eurostat HICP / ECB-style PCCI replication","https://www.ecb.europa.eu/pub/pdf/scpsps/ecb.sps38~ce391a0cb5.en.pdf","monthly","ECB-style replication from 619 4-digit country-item HICP series for 12 countries: annualised monthly rates, outlier removal, month-effect seasonal adjustment, common factor component averaged over 4-16 static factor specifications and scaled to ECB PCCI through Dec-2025. No additional low-pass or moving-average smoothing is applied. Fit R2 0.93; sample May-2001 to Aug-2026.","2026-09"
"2018-12-01","ecb_pcci_3m_saar","hicp_headline_pc_pcci_3m_saar","HICP ECB-style PCCI replication","Euro Area",1.264,"left","%","Eurostat HICP / ECB-style PCCI replication","https://www.ecb.europa.eu/pub/pdf/scpsps/ecb.sps38~ce391a0cb5.en.pdf","monthly","ECB-style replication from 619 4-digit country-item HICP series for 12 countries: annualised monthly rates, outlier removal, month-effect seasonal adjustment, common factor component averaged over 4-16 static factor specifications and scaled to ECB PCCI through Dec-2025. No additional low-pass or moving-average smoothing is applied. Fit R2 0.93; sample May-2001 to Aug-2026.","2026-09"
"2019-01-01","ecb_pcci_3m_saar","hicp_headline_pc_pcci_3m_saar","HICP ECB-style PCCI replication","Euro Area",1.412,"left","%","Eurostat HICP / ECB-style PCCI replication","https://www.ecb.europa.eu/pub/pdf/scpsps/ecb.sps38~ce391a0cb5.en.pdf","monthly","ECB-style replication from 619 4-digit country-item HICP series for 12 countries: annualised monthly rates, outlier removal, month-effect seasonal adjustment, common factor component averaged over 4-16 static factor specifications and scaled to ECB PCCI through Dec-2025. No additional low-pass or moving-average smoothing is applied. Fit R2 0.93; sample May-2001 to Aug-2026.","2026-09"
"2019-02-01","ecb_pcci_3m_saar","hicp_headline_pc_pcci_3m_saar","HICP ECB-style PCCI replication","Euro Area",1.854,"left","%","Eurostat HICP / ECB-style PCCI replication","https://www.ecb.europa.eu/pub/pdf/scpsps/ecb.sps38~ce391a0cb5.en.pdf","monthly","ECB-style replication from 619 4-digit country-item HICP series for 12 countries: annualised monthly rates, outlier removal, month-effect seasonal adjustment, common factor component averaged over 4-16 static factor specifications and scaled to ECB PCCI through Dec-2025. No additional low-pass or moving-average smoothing is applied. Fit R2 0.93; sample May-2001 to Aug-2026.","2026-09"
"2019-03-01","ecb_pcci_3m_saar","hicp_headline_pc_pcci_3m_saar","HICP ECB-style PCCI replication","Euro Area",1.681,"left","%","Eurostat HICP / ECB-style PCCI replication","https://www.ecb.europa.eu/pub/pdf/scpsps/ecb.sps38~ce391a0cb5.en.pdf","monthly","ECB-style replication from 619 4-digit country-item HICP series for 12 countries: annualised monthly rates, outlier removal, month-effect seasonal adjustment, common factor component averaged over 4-16 static factor specifications and scaled to ECB PCCI through Dec-2025. No additional low-pass or moving-average smoothing is applied. Fit R2 0.93; sample May-2001 to Aug-2026.","2026-09"
"2019-04-01","ecb_pcci_3m_saar","hicp_headline_pc_pcci_3m_saar","HICP ECB-style PCCI replication","Euro Area",1.666,"left","%","Eurostat HICP / ECB-style PCCI replication","https://www.ecb.europa.eu/pub/pdf/scpsps/ecb.sps38~ce391a0cb5.en.pdf","monthly","ECB-style replication from 619 4-digit country-item HICP series for 12 countries: annualised monthly rates, outlier removal, month-effect seasonal adjustment, common factor component averaged over 4-16 static factor specifications and scaled to ECB PCCI through Dec-2025. No additional low-pass or moving-average smoothing is applied. Fit R2 0.93; sample May-2001 to Aug-2026.","2026-09"
"2019-05-01","ecb_pcci_3m_saar","hicp_headline_pc_pcci_3m_saar","HICP ECB-style PCCI replication","Euro Area",1.683,"left","%","Eurostat HICP / ECB-style PCCI replication","https://www.ecb.europa.eu/pub/pdf/scpsps/ecb.sps38~ce391a0cb5.en.pdf","monthly","ECB-style replication from 619 4-digit country-item HICP series for 12 countries: annualised monthly rates, outlier removal, month-effect seasonal adjustment, common factor component averaged over 4-16 static factor specifications and scaled to ECB PCCI through Dec-2025. No additional low-pass or moving-average smoothing is applied. Fit R2 0.93; sample May-2001 to Aug-2026.","2026-09"
"2019-06-01","ecb_pcci_3m_saar","hicp_headline_pc_pcci_3m_saar","HICP ECB-style PCCI replication","Euro Area",1.426,"left","%","Eurostat HICP / ECB-style PCCI replication","https://www.ecb.europa.eu/pub/pdf/scpsps/ecb.sps38~ce391a0cb5.en.pdf","monthly","ECB-style replication from 619 4-digit country-item HICP series for 12 countries: annualised monthly rates, outlier removal, month-effect seasonal adjustment, common factor component averaged over 4-16 static factor specifications and scaled to ECB PCCI through Dec-2025. No additional low-pass or moving-average smoothing is applied. Fit R2 0.93; sample May-2001 to Aug-2026.","2026-09"
"2019-07-01","ecb_pcci_3m_saar","hicp_headline_pc_pcci_3m_saar","HICP ECB-style PCCI replication","Euro Area",1.545,"left","%","Eurostat HICP / ECB-style PCCI replication","https://www.ecb.europa.eu/pub/pdf/scpsps/ecb.sps38~ce391a0cb5.en.pdf","monthly","ECB-style replication from 619 4-digit country-item HICP series for 12 countries: annualised monthly rates, outlier removal, month-effect seasonal adjustment, common factor component averaged over 4-16 static factor specifications and scaled to ECB PCCI through Dec-2025. No additional low-pass or moving-average smoothing is applied. Fit R2 0.93; sample May-2001 to Aug-2026.","2026-09"
"2019-08-01","ecb_pcci_3m_saar","hicp_headline_pc_pcci_3m_saar","HICP ECB-style PCCI replication","Euro Area",1.842,"left","%","Eurostat HICP / ECB-style PCCI replication","https://www.ecb.europa.eu/pub/pdf/scpsps/ecb.sps38~ce391a0cb5.en.pdf","monthly","ECB-style replication from 619 4-digit country-item HICP series for 12 countries: annualised monthly rates, outlier removal, month-effect seasonal adjustment, common factor component averaged over 4-16 static factor specifications and scaled to ECB PCCI through Dec-2025. No additional low-pass or moving-average smoothing is applied. Fit R2 0.93; sample May-2001 to Aug-2026.","2026-09"
"2019-09-01","ecb_pcci_3m_saar","hicp_headline_pc_pcci_3m_saar","HICP ECB-style PCCI replication","Euro Area",1.475,"left","%","Eurostat HICP / ECB-style PCCI replication","https://www.ecb.europa.eu/pub/pdf/scpsps/ecb.sps38~ce391a0cb5.en.pdf","monthly","ECB-style replication from 619 4-digit country-item HICP series for 12 countries: annualised monthly rates, outlier removal, month-effect seasonal adjustment, common factor component averaged over 4-16 static factor specifications and scaled to ECB PCCI through Dec-2025. No additional low-pass or moving-average smoothing is applied. Fit R2 0.93; sample May-2001 to Aug-2026.","2026-09"
"2019-10-01","ecb_pcci_3m_saar","hicp_headline_pc_pcci_3m_saar","HICP ECB-style PCCI replication","Euro Area",1.85,"left","%","Eurostat HICP / ECB-style PCCI replication","https://www.ecb.europa.eu/pub/pdf/scpsps/ecb.sps38~ce391a0cb5.en.pdf","monthly","ECB-style replication from 619 4-digit country-item HICP series for 12 countries: annualised monthly rates, outlier removal, month-effect seasonal adjustment, common factor component averaged over 4-16 static factor specifications and scaled to ECB PCCI through Dec-2025. No additional low-pass or moving-average smoothing is applied. Fit R2 0.93; sample May-2001 to Aug-2026.","2026-09"
"2019-11-01","ecb_pcci_3m_saar","hicp_headline_pc_pcci_3m_saar","HICP ECB-style PCCI replication","Euro Area",1.84,"left","%","Eurostat HICP / ECB-style PCCI replication","https://www.ecb.europa.eu/pub/pdf/scpsps/ecb.sps38~ce391a0cb5.en.pdf","monthly","ECB-style replication from 619 4-digit country-item HICP series for 12 countries: annualised monthly rates, outlier removal, month-effect seasonal adjustment, common factor component averaged over 4-16 static factor specifications and scaled to ECB PCCI through Dec-2025. No additional low-pass or moving-average smoothing is applied. Fit R2 0.93; sample May-2001 to Aug-2026.","2026-09"
"2019-12-01","ecb_pcci_3m_saar","hicp_headline_pc_pcci_3m_saar","HICP ECB-style PCCI replication","Euro Area",1.786,"left","%","Eurostat HICP / ECB-style PCCI replication","https://www.ecb.europa.eu/pub/pdf/scpsps/ecb.sps38~ce391a0cb5.en.pdf","monthly","ECB-style replication from 619 4-digit country-item HICP series for 12 countries: annualised monthly rates, outlier removal, month-effect seasonal adjustment, common factor component averaged over 4-16 static factor specifications and scaled to ECB PCCI through Dec-2025. No additional low-pass or moving-average smoothing is applied. Fit R2 0.93; sample May-2001 to Aug-2026.","2026-09"
"2020-01-01","ecb_pcci_3m_saar","hicp_headline_pc_pcci_3m_saar","HICP ECB-style PCCI replication","Euro Area",1.31,"left","%","Eurostat HICP / ECB-style PCCI replication","https://www.ecb.europa.eu/pub/pdf/scpsps/ecb.sps38~ce391a0cb5.en.pdf","monthly","ECB-style replication from 619 4-digit country-item HICP series for 12 countries: annualised monthly rates, outlier removal, month-effect seasonal adjustment, common factor component averaged over 4-16 static factor specifications and scaled to ECB PCCI through Dec-2025. No additional low-pass or moving-average smoothing is applied. Fit R2 0.93; sample May-2001 to Aug-2026.","2026-09"
"2020-02-01","ecb_pcci_3m_saar","hicp_headline_pc_pcci_3m_saar","HICP ECB-style PCCI replication","Euro Area",1.568,"left","%","Eurostat HICP / ECB-style PCCI replication","https://www.ecb.europa.eu/pub/pdf/scpsps/ecb.sps38~ce391a0cb5.en.pdf","monthly","ECB-style replication from 619 4-digit country-item HICP series for 12 countries: annualised monthly rates, outlier removal, month-effect seasonal adjustment, common factor component averaged over 4-16 static factor specifications and scaled to ECB PCCI through Dec-2025. No additional low-pass or moving-average smoothing is applied. Fit R2 0.93; sample May-2001 to Aug-2026.","2026-09"
"2020-03-01","ecb_pcci_3m_saar","hicp_headline_pc_pcci_3m_saar","HICP ECB-style PCCI replication","Euro Area",1.353,"left","%","Eurostat HICP / ECB-style PCCI replication","https://www.ecb.europa.eu/pub/pdf/scpsps/ecb.sps38~ce391a0cb5.en.pdf","monthly","ECB-style replication from 619 4-digit country-item HICP series for 12 countries: annualised monthly rates, outlier removal, month-effect seasonal adjustment, common factor component averaged over 4-16 static factor specifications and scaled to ECB PCCI through Dec-2025. No additional low-pass or moving-average smoothing is applied. Fit R2 0.93; sample May-2001 to Aug-2026.","2026-09"
"2020-04-01","ecb_pcci_3m_saar","hicp_headline_pc_pcci_3m_saar","HICP ECB-style PCCI replication","Euro Area",1.208,"left","%","Eurostat HICP / ECB-style PCCI replication","https://www.ecb.europa.eu/pub/pdf/scpsps/ecb.sps38~ce391a0cb5.en.pdf","monthly","ECB-style replication from 619 4-digit country-item HICP series for 12 countries: annualised monthly rates, outlier removal, month-effect seasonal adjustment, common factor component averaged over 4-16 static factor specifications and scaled to ECB PCCI through Dec-2025. No additional low-pass or moving-average smoothing is applied. Fit R2 0.93; sample May-2001 to Aug-2026.","2026-09"
"2020-05-01","ecb_pcci_3m_saar","hicp_headline_pc_pcci_3m_saar","HICP ECB-style PCCI replication","Euro Area",1.184,"left","%","Eurostat HICP / ECB-style PCCI replication","https://www.ecb.europa.eu/pub/pdf/scpsps/ecb.sps38~ce391a0cb5.en.pdf","monthly","ECB-style replication from 619 4-digit country-item HICP series for 12 countries: annualised monthly rates, outlier removal, month-effect seasonal adjustment, common factor component averaged over 4-16 static factor specifications and scaled to ECB PCCI through Dec-2025. No additional low-pass or moving-average smoothing is applied. Fit R2 0.93; sample May-2001 to Aug-2026.","2026-09"
"2020-06-01","ecb_pcci_3m_saar","hicp_headline_pc_pcci_3m_saar","HICP ECB-style PCCI replication","Euro Area",1.798,"left","%","Eurostat HICP / ECB-style PCCI replication","https://www.ecb.europa.eu/pub/pdf/scpsps/ecb.sps38~ce391a0cb5.en.pdf","monthly","ECB-style replication from 619 4-digit country-item HICP series for 12 countries: annualised monthly rates, outlier removal, month-effect seasonal adjustment, common factor component averaged over 4-16 static factor specifications and scaled to ECB PCCI through Dec-2025. No additional low-pass or moving-average smoothing is applied. Fit R2 0.93; sample May-2001 to Aug-2026.","2026-09"
"2020-07-01","ecb_pcci_3m_saar","hicp_headline_pc_pcci_3m_saar","HICP ECB-style PCCI replication","Euro Area",0.998,"left","%","Eurostat HICP / ECB-style PCCI replication","https://www.ecb.europa.eu/pub/pdf/scpsps/ecb.sps38~ce391a0cb5.en.pdf","monthly","ECB-style replication from 619 4-digit country-item HICP series for 12 countries: annualised monthly rates, outlier removal, month-effect seasonal adjustment, common factor component averaged over 4-16 static factor specifications and scaled to ECB PCCI through Dec-2025. No additional low-pass or moving-average smoothing is applied. Fit R2 0.93; sample May-2001 to Aug-2026.","2026-09"
"2020-08-01","ecb_pcci_3m_saar","hicp_headline_pc_pcci_3m_saar","HICP ECB-style PCCI replication","Euro Area",1.069,"left","%","Eurostat HICP / ECB-style PCCI replication","https://www.ecb.europa.eu/pub/pdf/scpsps/ecb.sps38~ce391a0cb5.en.pdf","monthly","ECB-style replication from 619 4-digit country-item HICP series for 12 countries: annualised monthly rates, outlier removal, month-effect seasonal adjustment, common factor component averaged over 4-16 static factor specifications and scaled to ECB PCCI through Dec-2025. No additional low-pass or moving-average smoothing is applied. Fit R2 0.93; sample May-2001 to Aug-2026.","2026-09"
"2020-09-01","ecb_pcci_3m_saar","hicp_headline_pc_pcci_3m_saar","HICP ECB-style PCCI replication","Euro Area",1.245,"left","%","Eurostat HICP / ECB-style PCCI replication","https://www.ecb.europa.eu/pub/pdf/scpsps/ecb.sps38~ce391a0cb5.en.pdf","monthly","ECB-style replication from 619 4-digit country-item HICP series for 12 countries: annualised monthly rates, outlier removal, month-effect seasonal adjustment, common factor component averaged over 4-16 static factor specifications and scaled to ECB PCCI through Dec-2025. No additional low-pass or moving-average smoothing is applied. Fit R2 0.93; sample May-2001 to Aug-2026.","2026-09"
"2020-10-01","ecb_pcci_3m_saar","hicp_headline_pc_pcci_3m_saar","HICP ECB-style PCCI replication","Euro Area",1.484,"left","%","Eurostat HICP / ECB-style PCCI replication","https://www.ecb.europa.eu/pub/pdf/scpsps/ecb.sps38~ce391a0cb5.en.pdf","monthly","ECB-style replication from 619 4-digit country-item HICP series for 12 countries: annualised monthly rates, outlier removal, month-effect seasonal adjustment, common factor component averaged over 4-16 static factor specifications and scaled to ECB PCCI through Dec-2025. No additional low-pass or moving-average smoothing is applied. Fit R2 0.93; sample May-2001 to Aug-2026.","2026-09"
"2020-11-01","ecb_pcci_3m_saar","hicp_headline_pc_pcci_3m_saar","HICP ECB-style PCCI replication","Euro Area",1.611,"left","%","Eurostat HICP / ECB-style PCCI replication","https://www.ecb.europa.eu/pub/pdf/scpsps/ecb.sps38~ce391a0cb5.en.pdf","monthly","ECB-style replication from 619 4-digit country-item HICP series for 12 countries: annualised monthly rates, outlier removal, month-effect seasonal adjustment, common factor component averaged over 4-16 static factor specifications and scaled to ECB PCCI through Dec-2025. No additional low-pass or moving-average smoothing is applied. Fit R2 0.93; sample May-2001 to Aug-2026.","2026-09"
"2020-12-01","ecb_pcci_3m_saar","hicp_headline_pc_pcci_3m_saar","HICP ECB-style PCCI replication","Euro Area",1.671,"left","%","Eurostat HICP / ECB-style PCCI replication","https://www.ecb.europa.eu/pub/pdf/scpsps/ecb.sps38~ce391a0cb5.en.pdf","monthly","ECB-style replication from 619 4-digit country-item HICP series for 12 countries: annualised monthly rates, outlier removal, month-effect seasonal adjustment, common factor component averaged over 4-16 static factor specifications and scaled to ECB PCCI through Dec-2025. No additional low-pass or moving-average smoothing is applied. Fit R2 0.93; sample May-2001 to Aug-2026.","2026-09"
"2021-01-01","ecb_pcci_3m_saar","hicp_headline_pc_pcci_3m_saar","HICP ECB-style PCCI replication","Euro Area",2.609,"left","%","Eurostat HICP / ECB-style PCCI replication","https://www.ecb.europa.eu/pub/pdf/scpsps/ecb.sps38~ce391a0cb5.en.pdf","monthly","ECB-style replication from 619 4-digit country-item HICP series for 12 countries: annualised monthly rates, outlier removal, month-effect seasonal adjustment, common factor component averaged over 4-16 static factor specifications and scaled to ECB PCCI through Dec-2025. No additional low-pass or moving-average smoothing is applied. Fit R2 0.93; sample May-2001 to Aug-2026.","2026-09"
"2021-02-01","ecb_pcci_3m_saar","hicp_headline_pc_pcci_3m_saar","HICP ECB-style PCCI replication","Euro Area",1.38,"left","%","Eurostat HICP / ECB-style PCCI replication","https://www.ecb.europa.eu/pub/pdf/scpsps/ecb.sps38~ce391a0cb5.en.pdf","monthly","ECB-style replication from 619 4-digit country-item HICP series for 12 countries: annualised monthly rates, outlier removal, month-effect seasonal adjustment, common factor component averaged over 4-16 static factor specifications and scaled to ECB PCCI through Dec-2025. No additional low-pass or moving-average smoothing is applied. Fit R2 0.93; sample May-2001 to Aug-2026.","2026-09"
"2021-03-01","ecb_pcci_3m_saar","hicp_headline_pc_pcci_3m_saar","HICP ECB-style PCCI replication","Euro Area",2.152,"left","%","Eurostat HICP / ECB-style PCCI replication","https://www.ecb.europa.eu/pub/pdf/scpsps/ecb.sps38~ce391a0cb5.en.pdf","monthly","ECB-style replication from 619 4-digit country-item HICP series for 12 countries: annualised monthly rates, outlier removal, month-effect seasonal adjustment, common factor component averaged over 4-16 static factor specifications and scaled to ECB PCCI through Dec-2025. No additional low-pass or moving-average smoothing is applied. Fit R2 0.93; sample May-2001 to Aug-2026.","2026-09"
"2021-04-01","ecb_pcci_3m_saar","hicp_headline_pc_pcci_3m_saar","HICP ECB-style PCCI replication","Euro Area",1.739,"left","%","Eurostat HICP / ECB-style PCCI replication","https://www.ecb.europa.eu/pub/pdf/scpsps/ecb.sps38~ce391a0cb5.en.pdf","monthly","ECB-style replication from 619 4-digit country-item HICP series for 12 countries: annualised monthly rates, outlier removal, month-effect seasonal adjustment, common factor component averaged over 4-16 static factor specifications and scaled to ECB PCCI through Dec-2025. No additional low-pass or moving-average smoothing is applied. Fit R2 0.93; sample May-2001 to Aug-2026.","2026-09"
"2021-05-01","ecb_pcci_3m_saar","hicp_headline_pc_pcci_3m_saar","HICP ECB-style PCCI replication","Euro Area",1.924,"left","%","Eurostat HICP / ECB-style PCCI replication","https://www.ecb.europa.eu/pub/pdf/scpsps/ecb.sps38~ce391a0cb5.en.pdf","monthly","ECB-style replication from 619 4-digit country-item HICP series for 12 countries: annualised monthly rates, outlier removal, month-effect seasonal adjustment, common factor component averaged over 4-16 static factor specifications and scaled to ECB PCCI through Dec-2025. No additional low-pass or moving-average smoothing is applied. Fit R2 0.93; sample May-2001 to Aug-2026.","2026-09"
"2021-06-01","ecb_pcci_3m_saar","hicp_headline_pc_pcci_3m_saar","HICP ECB-style PCCI replication","Euro Area",2.449,"left","%","Eurostat HICP / ECB-style PCCI replication","https://www.ecb.europa.eu/pub/pdf/scpsps/ecb.sps38~ce391a0cb5.en.pdf","monthly","ECB-style replication from 619 4-digit country-item HICP series for 12 countries: annualised monthly rates, outlier removal, month-effect seasonal adjustment, common factor component averaged over 4-16 static factor specifications and scaled to ECB PCCI through Dec-2025. No additional low-pass or moving-average smoothing is applied. Fit R2 0.93; sample May-2001 to Aug-2026.","2026-09"
"2021-07-01","ecb_pcci_3m_saar","hicp_headline_pc_pcci_3m_saar","HICP ECB-style PCCI replication","Euro Area",2.411,"left","%","Eurostat HICP / ECB-style PCCI replication","https://www.ecb.europa.eu/pub/pdf/scpsps/ecb.sps38~ce391a0cb5.en.pdf","monthly","ECB-style replication from 619 4-digit country-item HICP series for 12 countries: annualised monthly rates, outlier removal, month-effect seasonal adjustment, common factor component averaged over 4-16 static factor specifications and scaled to ECB PCCI through Dec-2025. No additional low-pass or moving-average smoothing is applied. Fit R2 0.93; sample May-2001 to Aug-2026.","2026-09"
"2021-08-01","ecb_pcci_3m_saar","hicp_headline_pc_pcci_3m_saar","HICP ECB-style PCCI replication","Euro Area",2.429,"left","%","Eurostat HICP / ECB-style PCCI replication","https://www.ecb.europa.eu/pub/pdf/scpsps/ecb.sps38~ce391a0cb5.en.pdf","monthly","ECB-style replication from 619 4-digit country-item HICP series for 12 countries: annualised monthly rates, outlier removal, month-effect seasonal adjustment, common factor component averaged over 4-16 static factor specifications and scaled to ECB PCCI through Dec-2025. No additional low-pass or moving-average smoothing is applied. Fit R2 0.93; sample May-2001 to Aug-2026.","2026-09"
"2021-09-01","ecb_pcci_3m_saar","hicp_headline_pc_pcci_3m_saar","HICP ECB-style PCCI replication","Euro Area",2.13,"left","%","Eurostat HICP / ECB-style PCCI replication","https://www.ecb.europa.eu/pub/pdf/scpsps/ecb.sps38~ce391a0cb5.en.pdf","monthly","ECB-style replication from 619 4-digit country-item HICP series for 12 countries: annualised monthly rates, outlier removal, month-effect seasonal adjustment, common factor component averaged over 4-16 static factor specifications and scaled to ECB PCCI through Dec-2025. No additional low-pass or moving-average smoothing is applied. Fit R2 0.93; sample May-2001 to Aug-2026.","2026-09"
"2021-10-01","ecb_pcci_3m_saar","hicp_headline_pc_pcci_3m_saar","HICP ECB-style PCCI replication","Euro Area",3.338,"left","%","Eurostat HICP / ECB-style PCCI replication","https://www.ecb.europa.eu/pub/pdf/scpsps/ecb.sps38~ce391a0cb5.en.pdf","monthly","ECB-style replication from 619 4-digit country-item HICP series for 12 countries: annualised monthly rates, outlier removal, month-effect seasonal adjustment, common factor component averaged over 4-16 static factor specifications and scaled to ECB PCCI through Dec-2025. No additional low-pass or moving-average smoothing is applied. Fit R2 0.93; sample May-2001 to Aug-2026.","2026-09"
"2021-11-01","ecb_pcci_3m_saar","hicp_headline_pc_pcci_3m_saar","HICP ECB-style PCCI replication","Euro Area",3.266,"left","%","Eurostat HICP / ECB-style PCCI replication","https://www.ecb.europa.eu/pub/pdf/scpsps/ecb.sps38~ce391a0cb5.en.pdf","monthly","ECB-style replication from 619 4-digit country-item HICP series for 12 countries: annualised monthly rates, outlier removal, month-effect seasonal adjustment, common factor component averaged over 4-16 static factor specifications and scaled to ECB PCCI through Dec-2025. No additional low-pass or moving-average smoothing is applied. Fit R2 0.93; sample May-2001 to Aug-2026.","2026-09"
"2021-12-01","ecb_pcci_3m_saar","hicp_headline_pc_pcci_3m_saar","HICP ECB-style PCCI replication","Euro Area",3.224,"left","%","Eurostat HICP / ECB-style PCCI replication","https://www.ecb.europa.eu/pub/pdf/scpsps/ecb.sps38~ce391a0cb5.en.pdf","monthly","ECB-style replication from 619 4-digit country-item HICP series for 12 countries: annualised monthly rates, outlier removal, month-effect seasonal adjustment, common factor component averaged over 4-16 static factor specifications and scaled to ECB PCCI through Dec-2025. No additional low-pass or moving-average smoothing is applied. Fit R2 0.93; sample May-2001 to Aug-2026.","2026-09"
"2022-01-01","ecb_pcci_3m_saar","hicp_headline_pc_pcci_3m_saar","HICP ECB-style PCCI replication","Euro Area",3.968,"left","%","Eurostat HICP / ECB-style PCCI replication","https://www.ecb.europa.eu/pub/pdf/scpsps/ecb.sps38~ce391a0cb5.en.pdf","monthly","ECB-style replication from 619 4-digit country-item HICP series for 12 countries: annualised monthly rates, outlier removal, month-effect seasonal adjustment, common factor component averaged over 4-16 static factor specifications and scaled to ECB PCCI through Dec-2025. No additional low-pass or moving-average smoothing is applied. Fit R2 0.93; sample May-2001 to Aug-2026.","2026-09"
"2022-02-01","ecb_pcci_3m_saar","hicp_headline_pc_pcci_3m_saar","HICP ECB-style PCCI replication","Euro Area",4.695,"left","%","Eurostat HICP / ECB-style PCCI replication","https://www.ecb.europa.eu/pub/pdf/scpsps/ecb.sps38~ce391a0cb5.en.pdf","monthly","ECB-style replication from 619 4-digit country-item HICP series for 12 countries: annualised monthly rates, outlier removal, month-effect seasonal adjustment, common factor component averaged over 4-16 static factor specifications and scaled to ECB PCCI through Dec-2025. No additional low-pass or moving-average smoothing is applied. Fit R2 0.93; sample May-2001 to Aug-2026.","2026-09"
"2022-03-01","ecb_pcci_3m_saar","hicp_headline_pc_pcci_3m_saar","HICP ECB-style PCCI replication","Euro Area",5.992,"left","%","Eurostat HICP / ECB-style PCCI replication","https://www.ecb.europa.eu/pub/pdf/scpsps/ecb.sps38~ce391a0cb5.en.pdf","monthly","ECB-style replication from 619 4-digit country-item HICP series for 12 countries: annualised monthly rates, outlier removal, month-effect seasonal adjustment, common factor component averaged over 4-16 static factor specifications and scaled to ECB PCCI through Dec-2025. No additional low-pass or moving-average smoothing is applied. Fit R2 0.93; sample May-2001 to Aug-2026.","2026-09"
"2022-04-01","ecb_pcci_3m_saar","hicp_headline_pc_pcci_3m_saar","HICP ECB-style PCCI replication","Euro Area",5.755,"left","%","Eurostat HICP / ECB-style PCCI replication","https://www.ecb.europa.eu/pub/pdf/scpsps/ecb.sps38~ce391a0cb5.en.pdf","monthly","ECB-style replication from 619 4-digit country-item HICP series for 12 countries: annualised monthly rates, outlier removal, month-effect seasonal adjustment, common factor component averaged over 4-16 static factor specifications and scaled to ECB PCCI through Dec-2025. No additional low-pass or moving-average smoothing is applied. Fit R2 0.93; sample May-2001 to Aug-2026.","2026-09"
"2022-05-01","ecb_pcci_3m_saar","hicp_headline_pc_pcci_3m_saar","HICP ECB-style PCCI replication","Euro Area",6.235,"left","%","Eurostat HICP / ECB-style PCCI replication","https://www.ecb.europa.eu/pub/pdf/scpsps/ecb.sps38~ce391a0cb5.en.pdf","monthly","ECB-style replication from 619 4-digit country-item HICP series for 12 countries: annualised monthly rates, outlier removal, month-effect seasonal adjustment, common factor component averaged over 4-16 static factor specifications and scaled to ECB PCCI through Dec-2025. No additional low-pass or moving-average smoothing is applied. Fit R2 0.93; sample May-2001 to Aug-2026.","2026-09"
"2022-06-01","ecb_pcci_3m_saar","hicp_headline_pc_pcci_3m_saar","HICP ECB-style PCCI replication","Euro Area",5.985,"left","%","Eurostat HICP / ECB-style PCCI replication","https://www.ecb.europa.eu/pub/pdf/scpsps/ecb.sps38~ce391a0cb5.en.pdf","monthly","ECB-style replication from 619 4-digit country-item HICP series for 12 countries: annualised monthly rates, outlier removal, month-effect seasonal adjustment, common factor component averaged over 4-16 static factor specifications and scaled to ECB PCCI through Dec-2025. No additional low-pass or moving-average smoothing is applied. Fit R2 0.93; sample May-2001 to Aug-2026.","2026-09"
"2022-07-01","ecb_pcci_3m_saar","hicp_headline_pc_pcci_3m_saar","HICP ECB-style PCCI replication","Euro Area",5.198,"left","%","Eurostat HICP / ECB-style PCCI replication","https://www.ecb.europa.eu/pub/pdf/scpsps/ecb.sps38~ce391a0cb5.en.pdf","monthly","ECB-style replication from 619 4-digit country-item HICP series for 12 countries: annualised monthly rates, outlier removal, month-effect seasonal adjustment, common factor component averaged over 4-16 static factor specifications and scaled to ECB PCCI through Dec-2025. No additional low-pass or moving-average smoothing is applied. Fit R2 0.93; sample May-2001 to Aug-2026.","2026-09"
"2022-08-01","ecb_pcci_3m_saar","hicp_headline_pc_pcci_3m_saar","HICP ECB-style PCCI replication","Euro Area",4.592,"left","%","Eurostat HICP / ECB-style PCCI replication","https://www.ecb.europa.eu/pub/pdf/scpsps/ecb.sps38~ce391a0cb5.en.pdf","monthly","ECB-style replication from 619 4-digit country-item HICP series for 12 countries: annualised monthly rates, outlier removal, month-effect seasonal adjustment, common factor component averaged over 4-16 static factor specifications and scaled to ECB PCCI through Dec-2025. No additional low-pass or moving-average smoothing is applied. Fit R2 0.93; sample May-2001 to Aug-2026.","2026-09"
"2022-09-01","ecb_pcci_3m_saar","hicp_headline_pc_pcci_3m_saar","HICP ECB-style PCCI replication","Euro Area",5.032,"left","%","Eurostat HICP / ECB-style PCCI replication","https://www.ecb.europa.eu/pub/pdf/scpsps/ecb.sps38~ce391a0cb5.en.pdf","monthly","ECB-style replication from 619 4-digit country-item HICP series for 12 countries: annualised monthly rates, outlier removal, month-effect seasonal adjustment, common factor component averaged over 4-16 static factor specifications and scaled to ECB PCCI through Dec-2025. No additional low-pass or moving-average smoothing is applied. Fit R2 0.93; sample May-2001 to Aug-2026.","2026-09"
"2022-10-01","ecb_pcci_3m_saar","hicp_headline_pc_pcci_3m_saar","HICP ECB-style PCCI replication","Euro Area",6.058,"left","%","Eurostat HICP / ECB-style PCCI replication","https://www.ecb.europa.eu/pub/pdf/scpsps/ecb.sps38~ce391a0cb5.en.pdf","monthly","ECB-style replication from 619 4-digit country-item HICP series for 12 countries: annualised monthly rates, outlier removal, month-effect seasonal adjustment, common factor component averaged over 4-16 static factor specifications and scaled to ECB PCCI through Dec-2025. No additional low-pass or moving-average smoothing is applied. Fit R2 0.93; sample May-2001 to Aug-2026.","2026-09"
"2022-11-01","ecb_pcci_3m_saar","hicp_headline_pc_pcci_3m_saar","HICP ECB-style PCCI replication","Euro Area",4.989,"left","%","Eurostat HICP / ECB-style PCCI replication","https://www.ecb.europa.eu/pub/pdf/scpsps/ecb.sps38~ce391a0cb5.en.pdf","monthly","ECB-style replication from 619 4-digit country-item HICP series for 12 countries: annualised monthly rates, outlier removal, month-effect seasonal adjustment, common factor component averaged over 4-16 static factor specifications and scaled to ECB PCCI through Dec-2025. No additional low-pass or moving-average smoothing is applied. Fit R2 0.93; sample May-2001 to Aug-2026.","2026-09"
"2022-12-01","ecb_pcci_3m_saar","hicp_headline_pc_pcci_3m_saar","HICP ECB-style PCCI replication","Euro Area",3.892,"left","%","Eurostat HICP / ECB-style PCCI replication","https://www.ecb.europa.eu/pub/pdf/scpsps/ecb.sps38~ce391a0cb5.en.pdf","monthly","ECB-style replication from 619 4-digit country-item HICP series for 12 countries: annualised monthly rates, outlier removal, month-effect seasonal adjustment, common factor component averaged over 4-16 static factor specifications and scaled to ECB PCCI through Dec-2025. No additional low-pass or moving-average smoothing is applied. Fit R2 0.93; sample May-2001 to Aug-2026.","2026-09"
"2023-01-01","ecb_pcci_3m_saar","hicp_headline_pc_pcci_3m_saar","HICP ECB-style PCCI replication","Euro Area",4.845,"left","%","Eurostat HICP / ECB-style PCCI replication","https://www.ecb.europa.eu/pub/pdf/scpsps/ecb.sps38~ce391a0cb5.en.pdf","monthly","ECB-style replication from 619 4-digit country-item HICP series for 12 countries: annualised monthly rates, outlier removal, month-effect seasonal adjustment, common factor component averaged over 4-16 static factor specifications and scaled to ECB PCCI through Dec-2025. No additional low-pass or moving-average smoothing is applied. Fit R2 0.93; sample May-2001 to Aug-2026.","2026-09"
"2023-02-01","ecb_pcci_3m_saar","hicp_headline_pc_pcci_3m_saar","HICP ECB-style PCCI replication","Euro Area",5.291,"left","%","Eurostat HICP / ECB-style PCCI replication","https://www.ecb.europa.eu/pub/pdf/scpsps/ecb.sps38~ce391a0cb5.en.pdf","monthly","ECB-style replication from 619 4-digit country-item HICP series for 12 countries: annualised monthly rates, outlier removal, month-effect seasonal adjustment, common factor component averaged over 4-16 static factor specifications and scaled to ECB PCCI through Dec-2025. No additional low-pass or moving-average smoothing is applied. Fit R2 0.93; sample May-2001 to Aug-2026.","2026-09"
"2023-03-01","ecb_pcci_3m_saar","hicp_headline_pc_pcci_3m_saar","HICP ECB-style PCCI replication","Euro Area",4.313,"left","%","Eurostat HICP / ECB-style PCCI replication","https://www.ecb.europa.eu/pub/pdf/scpsps/ecb.sps38~ce391a0cb5.en.pdf","monthly","ECB-style replication from 619 4-digit country-item HICP series for 12 countries: annualised monthly rates, outlier removal, month-effect seasonal adjustment, common factor component averaged over 4-16 static factor specifications and scaled to ECB PCCI through Dec-2025. No additional low-pass or moving-average smoothing is applied. Fit R2 0.93; sample May-2001 to Aug-2026.","2026-09"
"2023-04-01","ecb_pcci_3m_saar","hicp_headline_pc_pcci_3m_saar","HICP ECB-style PCCI replication","Euro Area",3.854,"left","%","Eurostat HICP / ECB-style PCCI replication","https://www.ecb.europa.eu/pub/pdf/scpsps/ecb.sps38~ce391a0cb5.en.pdf","monthly","ECB-style replication from 619 4-digit country-item HICP series for 12 countries: annualised monthly rates, outlier removal, month-effect seasonal adjustment, common factor component averaged over 4-16 static factor specifications and scaled to ECB PCCI through Dec-2025. No additional low-pass or moving-average smoothing is applied. Fit R2 0.93; sample May-2001 to Aug-2026.","2026-09"
"2023-05-01","ecb_pcci_3m_saar","hicp_headline_pc_pcci_3m_saar","HICP ECB-style PCCI replication","Euro Area",2.851,"left","%","Eurostat HICP / ECB-style PCCI replication","https://www.ecb.europa.eu/pub/pdf/scpsps/ecb.sps38~ce391a0cb5.en.pdf","monthly","ECB-style replication from 619 4-digit country-item HICP series for 12 countries: annualised monthly rates, outlier removal, month-effect seasonal adjustment, common factor component averaged over 4-16 static factor specifications and scaled to ECB PCCI through Dec-2025. No additional low-pass or moving-average smoothing is applied. Fit R2 0.93; sample May-2001 to Aug-2026.","2026-09"
"2023-06-01","ecb_pcci_3m_saar","hicp_headline_pc_pcci_3m_saar","HICP ECB-style PCCI replication","Euro Area",2.691,"left","%","Eurostat HICP / ECB-style PCCI replication","https://www.ecb.europa.eu/pub/pdf/scpsps/ecb.sps38~ce391a0cb5.en.pdf","monthly","ECB-style replication from 619 4-digit country-item HICP series for 12 countries: annualised monthly rates, outlier removal, month-effect seasonal adjustment, common factor component averaged over 4-16 static factor specifications and scaled to ECB PCCI through Dec-2025. No additional low-pass or moving-average smoothing is applied. Fit R2 0.93; sample May-2001 to Aug-2026.","2026-09"
"2023-07-01","ecb_pcci_3m_saar","hicp_headline_pc_pcci_3m_saar","HICP ECB-style PCCI replication","Euro Area",2.59,"left","%","Eurostat HICP / ECB-style PCCI replication","https://www.ecb.europa.eu/pub/pdf/scpsps/ecb.sps38~ce391a0cb5.en.pdf","monthly","ECB-style replication from 619 4-digit country-item HICP series for 12 countries: annualised monthly rates, outlier removal, month-effect seasonal adjustment, common factor component averaged over 4-16 static factor specifications and scaled to ECB PCCI through Dec-2025. No additional low-pass or moving-average smoothing is applied. Fit R2 0.93; sample May-2001 to Aug-2026.","2026-09"
"2023-08-01","ecb_pcci_3m_saar","hicp_headline_pc_pcci_3m_saar","HICP ECB-style PCCI replication","Euro Area",2.8,"left","%","Eurostat HICP / ECB-style PCCI replication","https://www.ecb.europa.eu/pub/pdf/scpsps/ecb.sps38~ce391a0cb5.en.pdf","monthly","ECB-style replication from 619 4-digit country-item HICP series for 12 countries: annualised monthly rates, outlier removal, month-effect seasonal adjustment, common factor component averaged over 4-16 static factor specifications and scaled to ECB PCCI through Dec-2025. No additional low-pass or moving-average smoothing is applied. Fit R2 0.93; sample May-2001 to Aug-2026.","2026-09"
"2023-09-01","ecb_pcci_3m_saar","hicp_headline_pc_pcci_3m_saar","HICP ECB-style PCCI replication","Euro Area",2.171,"left","%","Eurostat HICP / ECB-style PCCI replication","https://www.ecb.europa.eu/pub/pdf/scpsps/ecb.sps38~ce391a0cb5.en.pdf","monthly","ECB-style replication from 619 4-digit country-item HICP series for 12 countries: annualised monthly rates, outlier removal, month-effect seasonal adjustment, common factor component averaged over 4-16 static factor specifications and scaled to ECB PCCI through Dec-2025. No additional low-pass or moving-average smoothing is applied. Fit R2 0.93; sample May-2001 to Aug-2026.","2026-09"
"2023-10-01","ecb_pcci_3m_saar","hicp_headline_pc_pcci_3m_saar","HICP ECB-style PCCI replication","Euro Area",2.074,"left","%","Eurostat HICP / ECB-style PCCI replication","https://www.ecb.europa.eu/pub/pdf/scpsps/ecb.sps38~ce391a0cb5.en.pdf","monthly","ECB-style replication from 619 4-digit country-item HICP series for 12 countries: annualised monthly rates, outlier removal, month-effect seasonal adjustment, common factor component averaged over 4-16 static factor specifications and scaled to ECB PCCI through Dec-2025. No additional low-pass or moving-average smoothing is applied. Fit R2 0.93; sample May-2001 to Aug-2026.","2026-09"
"2023-11-01","ecb_pcci_3m_saar","hicp_headline_pc_pcci_3m_saar","HICP ECB-style PCCI replication","Euro Area",1.757,"left","%","Eurostat HICP / ECB-style PCCI replication","https://www.ecb.europa.eu/pub/pdf/scpsps/ecb.sps38~ce391a0cb5.en.pdf","monthly","ECB-style replication from 619 4-digit country-item HICP series for 12 countries: annualised monthly rates, outlier removal, month-effect seasonal adjustment, common factor component averaged over 4-16 static factor specifications and scaled to ECB PCCI through Dec-2025. No additional low-pass or moving-average smoothing is applied. Fit R2 0.93; sample May-2001 to Aug-2026.","2026-09"
"2023-12-01","ecb_pcci_3m_saar","hicp_headline_pc_pcci_3m_saar","HICP ECB-style PCCI replication","Euro Area",1.725,"left","%","Eurostat HICP / ECB-style PCCI replication","https://www.ecb.europa.eu/pub/pdf/scpsps/ecb.sps38~ce391a0cb5.en.pdf","monthly","ECB-style replication from 619 4-digit country-item HICP series for 12 countries: annualised monthly rates, outlier removal, month-effect seasonal adjustment, common factor component averaged over 4-16 static factor specifications and scaled to ECB PCCI through Dec-2025. No additional low-pass or moving-average smoothing is applied. Fit R2 0.93; sample May-2001 to Aug-2026.","2026-09"
"2024-01-01","ecb_pcci_3m_saar","hicp_headline_pc_pcci_3m_saar","HICP ECB-style PCCI replication","Euro Area",2.582,"left","%","Eurostat HICP / ECB-style PCCI replication","https://www.ecb.europa.eu/pub/pdf/scpsps/ecb.sps38~ce391a0cb5.en.pdf","monthly","ECB-style replication from 619 4-digit country-item HICP series for 12 countries: annualised monthly rates, outlier removal, month-effect seasonal adjustment, common factor component averaged over 4-16 static factor specifications and scaled to ECB PCCI through Dec-2025. No additional low-pass or moving-average smoothing is applied. Fit R2 0.93; sample May-2001 to Aug-2026.","2026-09"
"2024-02-01","ecb_pcci_3m_saar","hicp_headline_pc_pcci_3m_saar","HICP ECB-style PCCI replication","Euro Area",2.351,"left","%","Eurostat HICP / ECB-style PCCI replication","https://www.ecb.europa.eu/pub/pdf/scpsps/ecb.sps38~ce391a0cb5.en.pdf","monthly","ECB-style replication from 619 4-digit country-item HICP series for 12 countries: annualised monthly rates, outlier removal, month-effect seasonal adjustment, common factor component averaged over 4-16 static factor specifications and scaled to ECB PCCI through Dec-2025. No additional low-pass or moving-average smoothing is applied. Fit R2 0.93; sample May-2001 to Aug-2026.","2026-09"
"2024-03-01","ecb_pcci_3m_saar","hicp_headline_pc_pcci_3m_saar","HICP ECB-style PCCI replication","Euro Area",1.84,"left","%","Eurostat HICP / ECB-style PCCI replication","https://www.ecb.europa.eu/pub/pdf/scpsps/ecb.sps38~ce391a0cb5.en.pdf","monthly","ECB-style replication from 619 4-digit country-item HICP series for 12 countries: annualised monthly rates, outlier removal, month-effect seasonal adjustment, common factor component averaged over 4-16 static factor specifications and scaled to ECB PCCI through Dec-2025. No additional low-pass or moving-average smoothing is applied. Fit R2 0.93; sample May-2001 to Aug-2026.","2026-09"
"2024-04-01","ecb_pcci_3m_saar","hicp_headline_pc_pcci_3m_saar","HICP ECB-style PCCI replication","Euro Area",1.936,"left","%","Eurostat HICP / ECB-style PCCI replication","https://www.ecb.europa.eu/pub/pdf/scpsps/ecb.sps38~ce391a0cb5.en.pdf","monthly","ECB-style replication from 619 4-digit country-item HICP series for 12 countries: annualised monthly rates, outlier removal, month-effect seasonal adjustment, common factor component averaged over 4-16 static factor specifications and scaled to ECB PCCI through Dec-2025. No additional low-pass or moving-average smoothing is applied. Fit R2 0.93; sample May-2001 to Aug-2026.","2026-09"
"2024-05-01","ecb_pcci_3m_saar","hicp_headline_pc_pcci_3m_saar","HICP ECB-style PCCI replication","Euro Area",1.615,"left","%","Eurostat HICP / ECB-style PCCI replication","https://www.ecb.europa.eu/pub/pdf/scpsps/ecb.sps38~ce391a0cb5.en.pdf","monthly","ECB-style replication from 619 4-digit country-item HICP series for 12 countries: annualised monthly rates, outlier removal, month-effect seasonal adjustment, common factor component averaged over 4-16 static factor specifications and scaled to ECB PCCI through Dec-2025. No additional low-pass or moving-average smoothing is applied. Fit R2 0.93; sample May-2001 to Aug-2026.","2026-09"
"2024-06-01","ecb_pcci_3m_saar","hicp_headline_pc_pcci_3m_saar","HICP ECB-style PCCI replication","Euro Area",1.863,"left","%","Eurostat HICP / ECB-style PCCI replication","https://www.ecb.europa.eu/pub/pdf/scpsps/ecb.sps38~ce391a0cb5.en.pdf","monthly","ECB-style replication from 619 4-digit country-item HICP series for 12 countries: annualised monthly rates, outlier removal, month-effect seasonal adjustment, common factor component averaged over 4-16 static factor specifications and scaled to ECB PCCI through Dec-2025. No additional low-pass or moving-average smoothing is applied. Fit R2 0.93; sample May-2001 to Aug-2026.","2026-09"
"2024-07-01","ecb_pcci_3m_saar","hicp_headline_pc_pcci_3m_saar","HICP ECB-style PCCI replication","Euro Area",2.151,"left","%","Eurostat HICP / ECB-style PCCI replication","https://www.ecb.europa.eu/pub/pdf/scpsps/ecb.sps38~ce391a0cb5.en.pdf","monthly","ECB-style replication from 619 4-digit country-item HICP series for 12 countries: annualised monthly rates, outlier removal, month-effect seasonal adjustment, common factor component averaged over 4-16 static factor specifications and scaled to ECB PCCI through Dec-2025. No additional low-pass or moving-average smoothing is applied. Fit R2 0.93; sample May-2001 to Aug-2026.","2026-09"
"2024-08-01","ecb_pcci_3m_saar","hicp_headline_pc_pcci_3m_saar","HICP ECB-style PCCI replication","Euro Area",1.883,"left","%","Eurostat HICP / ECB-style PCCI replication","https://www.ecb.europa.eu/pub/pdf/scpsps/ecb.sps38~ce391a0cb5.en.pdf","monthly","ECB-style replication from 619 4-digit country-item HICP series for 12 countries: annualised monthly rates, outlier removal, month-effect seasonal adjustment, common factor component averaged over 4-16 static factor specifications and scaled to ECB PCCI through Dec-2025. No additional low-pass or moving-average smoothing is applied. Fit R2 0.93; sample May-2001 to Aug-2026.","2026-09"
"2024-09-01","ecb_pcci_3m_saar","hicp_headline_pc_pcci_3m_saar","HICP ECB-style PCCI replication","Euro Area",1.64,"left","%","Eurostat HICP / ECB-style PCCI replication","https://www.ecb.europa.eu/pub/pdf/scpsps/ecb.sps38~ce391a0cb5.en.pdf","monthly","ECB-style replication from 619 4-digit country-item HICP series for 12 countries: annualised monthly rates, outlier removal, month-effect seasonal adjustment, common factor component averaged over 4-16 static factor specifications and scaled to ECB PCCI through Dec-2025. No additional low-pass or moving-average smoothing is applied. Fit R2 0.93; sample May-2001 to Aug-2026.","2026-09"
"2024-10-01","ecb_pcci_3m_saar","hicp_headline_pc_pcci_3m_saar","HICP ECB-style PCCI replication","Euro Area",2.289,"left","%","Eurostat HICP / ECB-style PCCI replication","https://www.ecb.europa.eu/pub/pdf/scpsps/ecb.sps38~ce391a0cb5.en.pdf","monthly","ECB-style replication from 619 4-digit country-item HICP series for 12 countries: annualised monthly rates, outlier removal, month-effect seasonal adjustment, common factor component averaged over 4-16 static factor specifications and scaled to ECB PCCI through Dec-2025. No additional low-pass or moving-average smoothing is applied. Fit R2 0.93; sample May-2001 to Aug-2026.","2026-09"
"2024-11-01","ecb_pcci_3m_saar","hicp_headline_pc_pcci_3m_saar","HICP ECB-style PCCI replication","Euro Area",1.929,"left","%","Eurostat HICP / ECB-style PCCI replication","https://www.ecb.europa.eu/pub/pdf/scpsps/ecb.sps38~ce391a0cb5.en.pdf","monthly","ECB-style replication from 619 4-digit country-item HICP series for 12 countries: annualised monthly rates, outlier removal, month-effect seasonal adjustment, common factor component averaged over 4-16 static factor specifications and scaled to ECB PCCI through Dec-2025. No additional low-pass or moving-average smoothing is applied. Fit R2 0.93; sample May-2001 to Aug-2026.","2026-09"
"2024-12-01","ecb_pcci_3m_saar","hicp_headline_pc_pcci_3m_saar","HICP ECB-style PCCI replication","Euro Area",2.208,"left","%","Eurostat HICP / ECB-style PCCI replication","https://www.ecb.europa.eu/pub/pdf/scpsps/ecb.sps38~ce391a0cb5.en.pdf","monthly","ECB-style replication from 619 4-digit country-item HICP series for 12 countries: annualised monthly rates, outlier removal, month-effect seasonal adjustment, common factor component averaged over 4-16 static factor specifications and scaled to ECB PCCI through Dec-2025. No additional low-pass or moving-average smoothing is applied. Fit R2 0.93; sample May-2001 to Aug-2026.","2026-09"
"2025-01-01","ecb_pcci_3m_saar","hicp_headline_pc_pcci_3m_saar","HICP ECB-style PCCI replication","Euro Area",2.277,"left","%","Eurostat HICP / ECB-style PCCI replication","https://www.ecb.europa.eu/pub/pdf/scpsps/ecb.sps38~ce391a0cb5.en.pdf","monthly","ECB-style replication from 619 4-digit country-item HICP series for 12 countries: annualised monthly rates, outlier removal, month-effect seasonal adjustment, common factor component averaged over 4-16 static factor specifications and scaled to ECB PCCI through Dec-2025. No additional low-pass or moving-average smoothing is applied. Fit R2 0.93; sample May-2001 to Aug-2026.","2026-09"
"2025-02-01","ecb_pcci_3m_saar","hicp_headline_pc_pcci_3m_saar","HICP ECB-style PCCI replication","Euro Area",2.653,"left","%","Eurostat HICP / ECB-style PCCI replication","https://www.ecb.europa.eu/pub/pdf/scpsps/ecb.sps38~ce391a0cb5.en.pdf","monthly","ECB-style replication from 619 4-digit country-item HICP series for 12 countries: annualised monthly rates, outlier removal, month-effect seasonal adjustment, common factor component averaged over 4-16 static factor specifications and scaled to ECB PCCI through Dec-2025. No additional low-pass or moving-average smoothing is applied. Fit R2 0.93; sample May-2001 to Aug-2026.","2026-09"
"2025-03-01","ecb_pcci_3m_saar","hicp_headline_pc_pcci_3m_saar","HICP ECB-style PCCI replication","Euro Area",2.213,"left","%","Eurostat HICP / ECB-style PCCI replication","https://www.ecb.europa.eu/pub/pdf/scpsps/ecb.sps38~ce391a0cb5.en.pdf","monthly","ECB-style replication from 619 4-digit country-item HICP series for 12 countries: annualised monthly rates, outlier removal, month-effect seasonal adjustment, common factor component averaged over 4-16 static factor specifications and scaled to ECB PCCI through Dec-2025. No additional low-pass or moving-average smoothing is applied. Fit R2 0.93; sample May-2001 to Aug-2026.","2026-09"
"2025-04-01","ecb_pcci_3m_saar","hicp_headline_pc_pcci_3m_saar","HICP ECB-style PCCI replication","Euro Area",2.149,"left","%","Eurostat HICP / ECB-style PCCI replication","https://www.ecb.europa.eu/pub/pdf/scpsps/ecb.sps38~ce391a0cb5.en.pdf","monthly","ECB-style replication from 619 4-digit country-item HICP series for 12 countries: annualised monthly rates, outlier removal, month-effect seasonal adjustment, common factor component averaged over 4-16 static factor specifications and scaled to ECB PCCI through Dec-2025. No additional low-pass or moving-average smoothing is applied. Fit R2 0.93; sample May-2001 to Aug-2026.","2026-09"
"2025-05-01","ecb_pcci_3m_saar","hicp_headline_pc_pcci_3m_saar","HICP ECB-style PCCI replication","Euro Area",2.335,"left","%","Eurostat HICP / ECB-style PCCI replication","https://www.ecb.europa.eu/pub/pdf/scpsps/ecb.sps38~ce391a0cb5.en.pdf","monthly","ECB-style replication from 619 4-digit country-item HICP series for 12 countries: annualised monthly rates, outlier removal, month-effect seasonal adjustment, common factor component averaged over 4-16 static factor specifications and scaled to ECB PCCI through Dec-2025. No additional low-pass or moving-average smoothing is applied. Fit R2 0.93; sample May-2001 to Aug-2026.","2026-09"
"2025-06-01","ecb_pcci_3m_saar","hicp_headline_pc_pcci_3m_saar","HICP ECB-style PCCI replication","Euro Area",2.309,"left","%","Eurostat HICP / ECB-style PCCI replication","https://www.ecb.europa.eu/pub/pdf/scpsps/ecb.sps38~ce391a0cb5.en.pdf","monthly","ECB-style replication from 619 4-digit country-item HICP series for 12 countries: annualised monthly rates, outlier removal, month-effect seasonal adjustment, common factor component averaged over 4-16 static factor specifications and scaled to ECB PCCI through Dec-2025. No additional low-pass or moving-average smoothing is applied. Fit R2 0.93; sample May-2001 to Aug-2026.","2026-09"
"2025-07-01","ecb_pcci_3m_saar","hicp_headline_pc_pcci_3m_saar","HICP ECB-style PCCI replication","Euro Area",2.246,"left","%","Eurostat HICP / ECB-style PCCI replication","https://www.ecb.europa.eu/pub/pdf/scpsps/ecb.sps38~ce391a0cb5.en.pdf","monthly","ECB-style replication from 619 4-digit country-item HICP series for 12 countries: annualised monthly rates, outlier removal, month-effect seasonal adjustment, common factor component averaged over 4-16 static factor specifications and scaled to ECB PCCI through Dec-2025. No additional low-pass or moving-average smoothing is applied. Fit R2 0.93; sample May-2001 to Aug-2026.","2026-09"
"2025-08-01","ecb_pcci_3m_saar","hicp_headline_pc_pcci_3m_saar","HICP ECB-style PCCI replication","Euro Area",2.119,"left","%","Eurostat HICP / ECB-style PCCI replication","https://www.ecb.europa.eu/pub/pdf/scpsps/ecb.sps38~ce391a0cb5.en.pdf","monthly","ECB-style replication from 619 4-digit country-item HICP series for 12 countries: annualised monthly rates, outlier removal, month-effect seasonal adjustment, common factor component averaged over 4-16 static factor specifications and scaled to ECB PCCI through Dec-2025. No additional low-pass or moving-average smoothing is applied. Fit R2 0.93; sample May-2001 to Aug-2026.","2026-09"
"2025-09-01","ecb_pcci_3m_saar","hicp_headline_pc_pcci_3m_saar","HICP ECB-style PCCI replication","Euro Area",1.829,"left","%","Eurostat HICP / ECB-style PCCI replication","https://www.ecb.europa.eu/pub/pdf/scpsps/ecb.sps38~ce391a0cb5.en.pdf","monthly","ECB-style replication from 619 4-digit country-item HICP series for 12 countries: annualised monthly rates, outlier removal, month-effect seasonal adjustment, common factor component averaged over 4-16 static factor specifications and scaled to ECB PCCI through Dec-2025. No additional low-pass or moving-average smoothing is applied. Fit R2 0.93; sample May-2001 to Aug-2026.","2026-09"
"2025-10-01","ecb_pcci_3m_saar","hicp_headline_pc_pcci_3m_saar","HICP ECB-style PCCI replication","Euro Area",2.065,"left","%","Eurostat HICP / ECB-style PCCI replication","https://www.ecb.europa.eu/pub/pdf/scpsps/ecb.sps38~ce391a0cb5.en.pdf","monthly","ECB-style replication from 619 4-digit country-item HICP series for 12 countries: annualised monthly rates, outlier removal, month-effect seasonal adjustment, common factor component averaged over 4-16 static factor specifications and scaled to ECB PCCI through Dec-2025. No additional low-pass or moving-average smoothing is applied. Fit R2 0.93; sample May-2001 to Aug-2026.","2026-09"
"2025-11-01","ecb_pcci_3m_saar","hicp_headline_pc_pcci_3m_saar","HICP ECB-style PCCI replication","Euro Area",1.999,"left","%","Eurostat HICP / ECB-style PCCI replication","https://www.ecb.europa.eu/pub/pdf/scpsps/ecb.sps38~ce391a0cb5.en.pdf","monthly","ECB-style replication from 619 4-digit country-item HICP series for 12 countries: annualised monthly rates, outlier removal, month-effect seasonal adjustment, common factor component averaged over 4-16 static factor specifications and scaled to ECB PCCI through Dec-2025. No additional low-pass or moving-average smoothing is applied. Fit R2 0.93; sample May-2001 to Aug-2026.","2026-09"
"2025-12-01","ecb_pcci_3m_saar","hicp_headline_pc_pcci_3m_saar","HICP ECB-style PCCI replication","Euro Area",1.663,"left","%","Eurostat HICP / ECB-style PCCI replication","https://www.ecb.europa.eu/pub/pdf/scpsps/ecb.sps38~ce391a0cb5.en.pdf","monthly","ECB-style replication from 619 4-digit country-item HICP series for 12 countries: annualised monthly rates, outlier removal, month-effect seasonal adjustment, common factor component averaged over 4-16 static factor specifications and scaled to ECB PCCI through Dec-2025. No additional low-pass or moving-average smoothing is applied. Fit R2 0.93; sample May-2001 to Aug-2026.","2026-09"
"2026-01-01","ecb_pcci_3m_saar","hicp_headline_pc_pcci_3m_saar","HICP ECB-style PCCI replication","Euro Area",1.752,"left","%","Eurostat HICP / ECB-style PCCI replication","https://www.ecb.europa.eu/pub/pdf/scpsps/ecb.sps38~ce391a0cb5.en.pdf","monthly","ECB-style replication from 619 4-digit country-item HICP series for 12 countries: annualised monthly rates, outlier removal, month-effect seasonal adjustment, common factor component averaged over 4-16 static factor specifications and scaled to ECB PCCI through Dec-2025. No additional low-pass or moving-average smoothing is applied. Fit R2 0.93; sample May-2001 to Aug-2026.","2026-09"
"2026-02-01","ecb_pcci_3m_saar","hicp_headline_pc_pcci_3m_saar","HICP ECB-style PCCI replication","Euro Area",2.151,"left","%","Eurostat HICP / ECB-style PCCI replication","https://www.ecb.europa.eu/pub/pdf/scpsps/ecb.sps38~ce391a0cb5.en.pdf","monthly","ECB-style replication from 619 4-digit country-item HICP series for 12 countries: annualised monthly rates, outlier removal, month-effect seasonal adjustment, common factor component averaged over 4-16 static factor specifications and scaled to ECB PCCI through Dec-2025. No additional low-pass or moving-average smoothing is applied. Fit R2 0.93; sample May-2001 to Aug-2026.","2026-09"
"2026-03-01","ecb_pcci_3m_saar","hicp_headline_pc_pcci_3m_saar","HICP ECB-style PCCI replication","Euro Area",2.643,"left","%","Eurostat HICP / ECB-style PCCI replication","https://www.ecb.europa.eu/pub/pdf/scpsps/ecb.sps38~ce391a0cb5.en.pdf","monthly","ECB-style replication from 619 4-digit country-item HICP series for 12 countries: annualised monthly rates, outlier removal, month-effect seasonal adjustment, common factor component averaged over 4-16 static factor specifications and scaled to ECB PCCI through Dec-2025. No additional low-pass or moving-average smoothing is applied. Fit R2 0.93; sample May-2001 to Aug-2026.","2026-09"
"2026-04-01","ecb_pcci_3m_saar","hicp_headline_pc_pcci_3m_saar","HICP ECB-style PCCI replication","Euro Area",2.559,"left","%","Eurostat HICP / ECB-style PCCI replication","https://www.ecb.europa.eu/pub/pdf/scpsps/ecb.sps38~ce391a0cb5.en.pdf","monthly","ECB-style replication from 619 4-digit country-item HICP series for 12 countries: annualised monthly rates, outlier removal, month-effect seasonal adjustment, common factor component averaged over 4-16 static factor specifications and scaled to ECB PCCI through Dec-2025. No additional low-pass or moving-average smoothing is applied. Fit R2 0.93; sample May-2001 to Aug-2026.","2026-09"
"2026-05-01","ecb_pcci_3m_saar","hicp_headline_pc_pcci_3m_saar","HICP ECB-style PCCI replication","Euro Area",1.607,"left","%","Eurostat HICP / ECB-style PCCI replication","https://www.ecb.europa.eu/pub/pdf/scpsps/ecb.sps38~ce391a0cb5.en.pdf","monthly","ECB-style replication from 619 4-digit country-item HICP series for 12 countries: annualised monthly rates, outlier removal, month-effect seasonal adjustment, common factor component averaged over 4-16 static factor specifications and scaled to ECB PCCI through Dec-2025. No additional low-pass or moving-average smoothing is applied. Fit R2 0.93; sample May-2001 to Aug-2026.","2026-09"
"2026-06-01","ecb_pcci_3m_saar","hicp_headline_pc_pcci_3m_saar","HICP ECB-style PCCI replication","Euro Area",1.621,"left","%","Eurostat HICP / ECB-style PCCI replication","https://www.ecb.europa.eu/pub/pdf/scpsps/ecb.sps38~ce391a0cb5.en.pdf","monthly","ECB-style replication from 619 4-digit country-item HICP series for 12 countries: annualised monthly rates, outlier removal, month-effect seasonal adjustment, common factor component averaged over 4-16 static factor specifications and scaled to ECB PCCI through Dec-2025. No additional low-pass or moving-average smoothing is applied. Fit R2 0.93; sample May-2001 to Aug-2026.","2026-09"
"2026-07-01","ecb_pcci_3m_saar","hicp_headline_pc_pcci_3m_saar","HICP ECB-style PCCI replication","Euro Area",2.159,"left","%","Eurostat HICP / ECB-style PCCI replication","https://www.ecb.europa.eu/pub/pdf/scpsps/ecb.sps38~ce391a0cb5.en.pdf","monthly","ECB-style replication from 619 4-digit country-item HICP series for 12 countries: annualised monthly rates, outlier removal, month-effect seasonal adjustment, common factor component averaged over 4-16 static factor specifications and scaled to ECB PCCI through Dec-2025. No additional low-pass or moving-average smoothing is applied. Fit R2 0.93; sample May-2001 to Aug-2026.","2026-09"
"2026-08-01","ecb_pcci_3m_saar","hicp_headline_pc_pcci_3m_saar","HICP ECB-style PCCI replication","Euro Area",2.332,"left","%","Eurostat HICP / ECB-style PCCI replication","https://www.ecb.europa.eu/pub/pdf/scpsps/ecb.sps38~ce391a0cb5.en.pdf","monthly","ECB-style replication from 619 4-digit country-item HICP series for 12 countries: annualised monthly rates, outlier removal, month-effect seasonal adjustment, common factor component averaged over 4-16 static factor specifications and scaled to ECB PCCI through Dec-2025. No additional low-pass or moving-average smoothing is applied. Fit R2 0.93; sample May-2001 to Aug-2026.","2026-09"
