date,country,country_name,spread_bp,source,source_url
1990-01-01,FR,France,185,Eurostat / ECB,https://ec.europa.eu/eurostat/databrowser/view/irt_lt_mcby_m/default/table
1990-02-01,FR,France,145,Eurostat / ECB,https://ec.europa.eu/eurostat/databrowser/view/irt_lt_mcby_m/default/table
1990-03-01,FR,France,136,Eurostat / ECB,https://ec.europa.eu/eurostat/databrowser/view/irt_lt_mcby_m/default/table
1990-04-01,FR,France,86,Eurostat / ECB,https://ec.europa.eu/eurostat/databrowser/view/irt_lt_mcby_m/default/table
1990-05-01,FR,France,86,Eurostat / ECB,https://ec.europa.eu/eurostat/databrowser/view/irt_lt_mcby_m/default/table
1990-06-01,FR,France,89,Eurostat / ECB,https://ec.europa.eu/eurostat/databrowser/view/irt_lt_mcby_m/default/table
1990-07-01,FR,France,105,Eurostat / ECB,https://ec.europa.eu/eurostat/databrowser/view/irt_lt_mcby_m/default/table
1990-08-01,FR,France,112,Eurostat / ECB,https://ec.europa.eu/eurostat/databrowser/view/irt_lt_mcby_m/default/table
1990-09-01,FR,France,138,Eurostat / ECB,https://ec.europa.eu/eurostat/databrowser/view/irt_lt_mcby_m/default/table
1990-10-01,FR,France,132,Eurostat / ECB,https://ec.europa.eu/eurostat/databrowser/view/irt_lt_mcby_m/default/table
1990-11-01,FR,France,127,Eurostat / ECB,https://ec.europa.eu/eurostat/databrowser/view/irt_lt_mcby_m/default/table
1990-12-01,FR,France,108,Eurostat / ECB,https://ec.europa.eu/eurostat/databrowser/view/irt_lt_mcby_m/default/table
1991-01-01,FR,France,87,Eurostat / ECB,https://ec.europa.eu/eurostat/databrowser/view/irt_lt_mcby_m/default/table
1991-02-01,FR,France,79,Eurostat / ECB,https://ec.europa.eu/eurostat/databrowser/view/irt_lt_mcby_m/default/table
1991-03-01,FR,France,63,Eurostat / ECB,https://ec.europa.eu/eurostat/databrowser/view/irt_lt_mcby_m/default/table
1991-04-01,FR,France,53,Eurostat / ECB,https://ec.europa.eu/eurostat/databrowser/view/irt_lt_mcby_m/default/table
1991-05-01,FR,France,47,Eurostat / ECB,https://ec.europa.eu/eurostat/databrowser/view/irt_lt_mcby_m/default/table
1991-06-01,FR,France,71,Eurostat / ECB,https://ec.europa.eu/eurostat/databrowser/view/irt_lt_mcby_m/default/table
1991-07-01,FR,France,53,Eurostat / ECB,https://ec.europa.eu/eurostat/databrowser/view/irt_lt_mcby_m/default/table
1991-08-01,FR,France,57,Eurostat / ECB,https://ec.europa.eu/eurostat/databrowser/view/irt_lt_mcby_m/default/table
1991-09-01,FR,France,43,Eurostat / ECB,https://ec.europa.eu/eurostat/databrowser/view/irt_lt_mcby_m/default/table
1991-10-01,FR,France,45,Eurostat / ECB,https://ec.europa.eu/eurostat/databrowser/view/irt_lt_mcby_m/default/table
1991-11-01,FR,France,51,Eurostat / ECB,https://ec.europa.eu/eurostat/databrowser/view/irt_lt_mcby_m/default/table
1991-12-01,FR,France,59,Eurostat / ECB,https://ec.europa.eu/eurostat/databrowser/view/irt_lt_mcby_m/default/table
1992-01-01,FR,France,50,Eurostat / ECB,https://ec.europa.eu/eurostat/databrowser/view/irt_lt_mcby_m/default/table
1992-02-01,FR,France,58,Eurostat / ECB,https://ec.europa.eu/eurostat/databrowser/view/irt_lt_mcby_m/default/table
1992-03-01,FR,France,61,Eurostat / ECB,https://ec.europa.eu/eurostat/databrowser/view/irt_lt_mcby_m/default/table
1992-04-01,FR,France,66,Eurostat / ECB,https://ec.europa.eu/eurostat/databrowser/view/irt_lt_mcby_m/default/table
1992-05-01,FR,France,50,Eurostat / ECB,https://ec.europa.eu/eurostat/databrowser/view/irt_lt_mcby_m/default/table
1992-06-01,FR,France,67,Eurostat / ECB,https://ec.europa.eu/eurostat/databrowser/view/irt_lt_mcby_m/default/table
1992-07-01,FR,France,78,Eurostat / ECB,https://ec.europa.eu/eurostat/databrowser/view/irt_lt_mcby_m/default/table
1992-08-01,FR,France,100,Eurostat / ECB,https://ec.europa.eu/eurostat/databrowser/view/irt_lt_mcby_m/default/table
1992-09-01,FR,France,109,Eurostat / ECB,https://ec.europa.eu/eurostat/databrowser/view/irt_lt_mcby_m/default/table
1992-10-01,FR,France,97,Eurostat / ECB,https://ec.europa.eu/eurostat/databrowser/view/irt_lt_mcby_m/default/table
1992-11-01,FR,France,77,Eurostat / ECB,https://ec.europa.eu/eurostat/databrowser/view/irt_lt_mcby_m/default/table
1992-12-01,FR,France,88,Eurostat / ECB,https://ec.europa.eu/eurostat/databrowser/view/irt_lt_mcby_m/default/table
1993-01-01,FR,France,77,Eurostat / ECB,https://ec.europa.eu/eurostat/databrowser/view/irt_lt_mcby_m/default/table
1993-02-01,FR,France,83,Eurostat / ECB,https://ec.europa.eu/eurostat/databrowser/view/irt_lt_mcby_m/default/table
1993-03-01,FR,France,67,Eurostat / ECB,https://ec.europa.eu/eurostat/databrowser/view/irt_lt_mcby_m/default/table
1993-04-01,FR,France,47,Eurostat / ECB,https://ec.europa.eu/eurostat/databrowser/view/irt_lt_mcby_m/default/table
1993-05-01,FR,France,35,Eurostat / ECB,https://ec.europa.eu/eurostat/databrowser/view/irt_lt_mcby_m/default/table
1993-06-01,FR,France,14,Eurostat / ECB,https://ec.europa.eu/eurostat/databrowser/view/irt_lt_mcby_m/default/table
1993-07-01,FR,France,14,Eurostat / ECB,https://ec.europa.eu/eurostat/databrowser/view/irt_lt_mcby_m/default/table
1993-08-01,FR,France,-10,Eurostat / ECB,https://ec.europa.eu/eurostat/databrowser/view/irt_lt_mcby_m/default/table
1993-09-01,FR,France,-7,Eurostat / ECB,https://ec.europa.eu/eurostat/databrowser/view/irt_lt_mcby_m/default/table
1993-10-01,FR,France,-4,Eurostat / ECB,https://ec.europa.eu/eurostat/databrowser/view/irt_lt_mcby_m/default/table
1993-11-01,FR,France,6,Eurostat / ECB,https://ec.europa.eu/eurostat/databrowser/view/irt_lt_mcby_m/default/table
1993-12-01,FR,France,-5,Eurostat / ECB,https://ec.europa.eu/eurostat/databrowser/view/irt_lt_mcby_m/default/table
1994-01-01,FR,France,-13,Eurostat / ECB,https://ec.europa.eu/eurostat/databrowser/view/irt_lt_mcby_m/default/table
1994-02-01,FR,France,-13,Eurostat / ECB,https://ec.europa.eu/eurostat/databrowser/view/irt_lt_mcby_m/default/table
1994-03-01,FR,France,3,Eurostat / ECB,https://ec.europa.eu/eurostat/databrowser/view/irt_lt_mcby_m/default/table
1994-04-01,FR,France,21,Eurostat / ECB,https://ec.europa.eu/eurostat/databrowser/view/irt_lt_mcby_m/default/table
1994-05-01,FR,France,31,Eurostat / ECB,https://ec.europa.eu/eurostat/databrowser/view/irt_lt_mcby_m/default/table
1994-06-01,FR,France,44,Eurostat / ECB,https://ec.europa.eu/eurostat/databrowser/view/irt_lt_mcby_m/default/table
1994-07-01,FR,France,50,Eurostat / ECB,https://ec.europa.eu/eurostat/databrowser/view/irt_lt_mcby_m/default/table
1994-08-01,FR,France,52,Eurostat / ECB,https://ec.europa.eu/eurostat/databrowser/view/irt_lt_mcby_m/default/table
1994-09-01,FR,France,58,Eurostat / ECB,https://ec.europa.eu/eurostat/databrowser/view/irt_lt_mcby_m/default/table
1994-10-01,FR,France,65,Eurostat / ECB,https://ec.europa.eu/eurostat/databrowser/view/irt_lt_mcby_m/default/table
1994-11-01,FR,France,65,Eurostat / ECB,https://ec.europa.eu/eurostat/databrowser/view/irt_lt_mcby_m/default/table
1994-12-01,FR,France,56,Eurostat / ECB,https://ec.europa.eu/eurostat/databrowser/view/irt_lt_mcby_m/default/table
1995-01-01,FR,France,63,Eurostat / ECB,https://ec.europa.eu/eurostat/databrowser/view/irt_lt_mcby_m/default/table
1995-02-01,FR,France,59,Eurostat / ECB,https://ec.europa.eu/eurostat/databrowser/view/irt_lt_mcby_m/default/table
1995-03-01,FR,France,74,Eurostat / ECB,https://ec.europa.eu/eurostat/databrowser/view/irt_lt_mcby_m/default/table
1995-04-01,FR,France,73,Eurostat / ECB,https://ec.europa.eu/eurostat/databrowser/view/irt_lt_mcby_m/default/table
1995-05-01,FR,France,66,Eurostat / ECB,https://ec.europa.eu/eurostat/databrowser/view/irt_lt_mcby_m/default/table
1995-06-01,FR,France,67,Eurostat / ECB,https://ec.europa.eu/eurostat/databrowser/view/irt_lt_mcby_m/default/table
1995-07-01,FR,France,57,Eurostat / ECB,https://ec.europa.eu/eurostat/databrowser/view/irt_lt_mcby_m/default/table
1995-08-01,FR,France,59,Eurostat / ECB,https://ec.europa.eu/eurostat/databrowser/view/irt_lt_mcby_m/default/table
1995-09-01,FR,France,76,Eurostat / ECB,https://ec.europa.eu/eurostat/databrowser/view/irt_lt_mcby_m/default/table
1995-10-01,FR,France,91,Eurostat / ECB,https://ec.europa.eu/eurostat/databrowser/view/irt_lt_mcby_m/default/table
1995-11-01,FR,France,69,Eurostat / ECB,https://ec.europa.eu/eurostat/databrowser/view/irt_lt_mcby_m/default/table
1995-12-01,FR,France,68,Eurostat / ECB,https://ec.europa.eu/eurostat/databrowser/view/irt_lt_mcby_m/default/table
1996-01-01,FR,France,55,Eurostat / ECB,https://ec.europa.eu/eurostat/databrowser/view/irt_lt_mcby_m/default/table
1996-02-01,FR,France,39,Eurostat / ECB,https://ec.europa.eu/eurostat/databrowser/view/irt_lt_mcby_m/default/table
1996-03-01,FR,France,20,Eurostat / ECB,https://ec.europa.eu/eurostat/databrowser/view/irt_lt_mcby_m/default/table
1996-04-01,FR,France,12,Eurostat / ECB,https://ec.europa.eu/eurostat/databrowser/view/irt_lt_mcby_m/default/table
1996-05-01,FR,France,1,Eurostat / ECB,https://ec.europa.eu/eurostat/databrowser/view/irt_lt_mcby_m/default/table
1996-06-01,FR,France,-1,Eurostat / ECB,https://ec.europa.eu/eurostat/databrowser/view/irt_lt_mcby_m/default/table
1996-07-01,FR,France,-4,Eurostat / ECB,https://ec.europa.eu/eurostat/databrowser/view/irt_lt_mcby_m/default/table
1996-08-01,FR,France,4,Eurostat / ECB,https://ec.europa.eu/eurostat/databrowser/view/irt_lt_mcby_m/default/table
1996-09-01,FR,France,0,Eurostat / ECB,https://ec.europa.eu/eurostat/databrowser/view/irt_lt_mcby_m/default/table
1996-10-01,FR,France,-4,Eurostat / ECB,https://ec.europa.eu/eurostat/databrowser/view/irt_lt_mcby_m/default/table
1996-11-01,FR,France,-3,Eurostat / ECB,https://ec.europa.eu/eurostat/databrowser/view/irt_lt_mcby_m/default/table
1996-12-01,FR,France,-5,Eurostat / ECB,https://ec.europa.eu/eurostat/databrowser/view/irt_lt_mcby_m/default/table
1997-01-01,FR,France,-12,Eurostat / ECB,https://ec.europa.eu/eurostat/databrowser/view/irt_lt_mcby_m/default/table
1997-02-01,FR,France,-9,Eurostat / ECB,https://ec.europa.eu/eurostat/databrowser/view/irt_lt_mcby_m/default/table
1997-03-01,FR,France,-6,Eurostat / ECB,https://ec.europa.eu/eurostat/databrowser/view/irt_lt_mcby_m/default/table
1997-04-01,FR,France,-7,Eurostat / ECB,https://ec.europa.eu/eurostat/databrowser/view/irt_lt_mcby_m/default/table
1997-05-01,FR,France,-7,Eurostat / ECB,https://ec.europa.eu/eurostat/databrowser/view/irt_lt_mcby_m/default/table
1997-06-01,FR,France,-7,Eurostat / ECB,https://ec.europa.eu/eurostat/databrowser/view/irt_lt_mcby_m/default/table
1997-07-01,FR,France,-9,Eurostat / ECB,https://ec.europa.eu/eurostat/databrowser/view/irt_lt_mcby_m/default/table
1997-08-01,FR,France,-8,Eurostat / ECB,https://ec.europa.eu/eurostat/databrowser/view/irt_lt_mcby_m/default/table
1997-09-01,FR,France,-7,Eurostat / ECB,https://ec.europa.eu/eurostat/databrowser/view/irt_lt_mcby_m/default/table
1997-10-01,FR,France,1,Eurostat / ECB,https://ec.europa.eu/eurostat/databrowser/view/irt_lt_mcby_m/default/table
1997-11-01,FR,France,1,Eurostat / ECB,https://ec.europa.eu/eurostat/databrowser/view/irt_lt_mcby_m/default/table
1997-12-01,FR,France,-1,Eurostat / ECB,https://ec.europa.eu/eurostat/databrowser/view/irt_lt_mcby_m/default/table
1998-01-01,FR,France,0,Eurostat / ECB,https://ec.europa.eu/eurostat/databrowser/view/irt_lt_mcby_m/default/table
1998-02-01,FR,France,4,Eurostat / ECB,https://ec.europa.eu/eurostat/databrowser/view/irt_lt_mcby_m/default/table
1998-03-01,FR,France,5,Eurostat / ECB,https://ec.europa.eu/eurostat/databrowser/view/irt_lt_mcby_m/default/table
1998-04-01,FR,France,6,Eurostat / ECB,https://ec.europa.eu/eurostat/databrowser/view/irt_lt_mcby_m/default/table
1998-05-01,FR,France,5,Eurostat / ECB,https://ec.europa.eu/eurostat/databrowser/view/irt_lt_mcby_m/default/table
1998-06-01,FR,France,6,Eurostat / ECB,https://ec.europa.eu/eurostat/databrowser/view/irt_lt_mcby_m/default/table
1998-07-01,FR,France,10,Eurostat / ECB,https://ec.europa.eu/eurostat/databrowser/view/irt_lt_mcby_m/default/table
1998-08-01,FR,France,10,Eurostat / ECB,https://ec.europa.eu/eurostat/databrowser/view/irt_lt_mcby_m/default/table
1998-09-01,FR,France,14,Eurostat / ECB,https://ec.europa.eu/eurostat/databrowser/view/irt_lt_mcby_m/default/table
1998-10-01,FR,France,11,Eurostat / ECB,https://ec.europa.eu/eurostat/databrowser/view/irt_lt_mcby_m/default/table
1998-11-01,FR,France,6,Eurostat / ECB,https://ec.europa.eu/eurostat/databrowser/view/irt_lt_mcby_m/default/table
1998-12-01,FR,France,5,Eurostat / ECB,https://ec.europa.eu/eurostat/databrowser/view/irt_lt_mcby_m/default/table
1999-01-01,FR,France,7,Eurostat / ECB,https://ec.europa.eu/eurostat/databrowser/view/irt_lt_mcby_m/default/table
1999-02-01,FR,France,8,Eurostat / ECB,https://ec.europa.eu/eurostat/databrowser/view/irt_lt_mcby_m/default/table
1999-03-01,FR,France,9,Eurostat / ECB,https://ec.europa.eu/eurostat/databrowser/view/irt_lt_mcby_m/default/table
1999-04-01,FR,France,13,Eurostat / ECB,https://ec.europa.eu/eurostat/databrowser/view/irt_lt_mcby_m/default/table
1999-05-01,FR,France,15,Eurostat / ECB,https://ec.europa.eu/eurostat/databrowser/view/irt_lt_mcby_m/default/table
1999-06-01,FR,France,11,Eurostat / ECB,https://ec.europa.eu/eurostat/databrowser/view/irt_lt_mcby_m/default/table
1999-07-01,FR,France,13,Eurostat / ECB,https://ec.europa.eu/eurostat/databrowser/view/irt_lt_mcby_m/default/table
1999-08-01,FR,France,13,Eurostat / ECB,https://ec.europa.eu/eurostat/databrowser/view/irt_lt_mcby_m/default/table
1999-09-01,FR,France,15,Eurostat / ECB,https://ec.europa.eu/eurostat/databrowser/view/irt_lt_mcby_m/default/table
1999-10-01,FR,France,14,Eurostat / ECB,https://ec.europa.eu/eurostat/databrowser/view/irt_lt_mcby_m/default/table
1999-11-01,FR,France,11,Eurostat / ECB,https://ec.europa.eu/eurostat/databrowser/view/irt_lt_mcby_m/default/table
1999-12-01,FR,France,12,Eurostat / ECB,https://ec.europa.eu/eurostat/databrowser/view/irt_lt_mcby_m/default/table
2000-01-01,FR,France,12,Eurostat / ECB,https://ec.europa.eu/eurostat/databrowser/view/irt_lt_mcby_m/default/table
2000-02-01,FR,France,11,Eurostat / ECB,https://ec.europa.eu/eurostat/databrowser/view/irt_lt_mcby_m/default/table
2000-03-01,FR,France,10,Eurostat / ECB,https://ec.europa.eu/eurostat/databrowser/view/irt_lt_mcby_m/default/table
2000-04-01,FR,France,11,Eurostat / ECB,https://ec.europa.eu/eurostat/databrowser/view/irt_lt_mcby_m/default/table
2000-05-01,FR,France,12,Eurostat / ECB,https://ec.europa.eu/eurostat/databrowser/view/irt_lt_mcby_m/default/table
2000-06-01,FR,France,13,Eurostat / ECB,https://ec.europa.eu/eurostat/databrowser/view/irt_lt_mcby_m/default/table
2000-07-01,FR,France,13,Eurostat / ECB,https://ec.europa.eu/eurostat/databrowser/view/irt_lt_mcby_m/default/table
2000-08-01,FR,France,15,Eurostat / ECB,https://ec.europa.eu/eurostat/databrowser/view/irt_lt_mcby_m/default/table
2000-09-01,FR,France,16,Eurostat / ECB,https://ec.europa.eu/eurostat/databrowser/view/irt_lt_mcby_m/default/table
2000-10-01,FR,France,15,Eurostat / ECB,https://ec.europa.eu/eurostat/databrowser/view/irt_lt_mcby_m/default/table
2000-11-01,FR,France,14,Eurostat / ECB,https://ec.europa.eu/eurostat/databrowser/view/irt_lt_mcby_m/default/table
2000-12-01,FR,France,15,Eurostat / ECB,https://ec.europa.eu/eurostat/databrowser/view/irt_lt_mcby_m/default/table
2001-01-01,FR,France,14,Eurostat / ECB,https://ec.europa.eu/eurostat/databrowser/view/irt_lt_mcby_m/default/table
2001-02-01,FR,France,15,Eurostat / ECB,https://ec.europa.eu/eurostat/databrowser/view/irt_lt_mcby_m/default/table
2001-03-01,FR,France,17,Eurostat / ECB,https://ec.europa.eu/eurostat/databrowser/view/irt_lt_mcby_m/default/table
2001-04-01,FR,France,17,Eurostat / ECB,https://ec.europa.eu/eurostat/databrowser/view/irt_lt_mcby_m/default/table
2001-05-01,FR,France,16,Eurostat / ECB,https://ec.europa.eu/eurostat/databrowser/view/irt_lt_mcby_m/default/table
2001-06-01,FR,France,15,Eurostat / ECB,https://ec.europa.eu/eurostat/databrowser/view/irt_lt_mcby_m/default/table
2001-07-01,FR,France,13,Eurostat / ECB,https://ec.europa.eu/eurostat/databrowser/view/irt_lt_mcby_m/default/table
2001-08-01,FR,France,13,Eurostat / ECB,https://ec.europa.eu/eurostat/databrowser/view/irt_lt_mcby_m/default/table
2001-09-01,FR,France,13,Eurostat / ECB,https://ec.europa.eu/eurostat/databrowser/view/irt_lt_mcby_m/default/table
2001-10-01,FR,France,12,Eurostat / ECB,https://ec.europa.eu/eurostat/databrowser/view/irt_lt_mcby_m/default/table
2001-11-01,FR,France,12,Eurostat / ECB,https://ec.europa.eu/eurostat/databrowser/view/irt_lt_mcby_m/default/table
2001-12-01,FR,France,13,Eurostat / ECB,https://ec.europa.eu/eurostat/databrowser/view/irt_lt_mcby_m/default/table
2002-01-01,FR,France,7,Eurostat / ECB,https://ec.europa.eu/eurostat/databrowser/view/irt_lt_mcby_m/default/table
2002-02-01,FR,France,7,Eurostat / ECB,https://ec.europa.eu/eurostat/databrowser/view/irt_lt_mcby_m/default/table
2002-03-01,FR,France,8,Eurostat / ECB,https://ec.europa.eu/eurostat/databrowser/view/irt_lt_mcby_m/default/table
2002-04-01,FR,France,9,Eurostat / ECB,https://ec.europa.eu/eurostat/databrowser/view/irt_lt_mcby_m/default/table
2002-05-01,FR,France,9,Eurostat / ECB,https://ec.europa.eu/eurostat/databrowser/view/irt_lt_mcby_m/default/table
2002-06-01,FR,France,9,Eurostat / ECB,https://ec.europa.eu/eurostat/databrowser/view/irt_lt_mcby_m/default/table
2002-07-01,FR,France,9,Eurostat / ECB,https://ec.europa.eu/eurostat/databrowser/view/irt_lt_mcby_m/default/table
2002-08-01,FR,France,8,Eurostat / ECB,https://ec.europa.eu/eurostat/databrowser/view/irt_lt_mcby_m/default/table
2002-09-01,FR,France,8,Eurostat / ECB,https://ec.europa.eu/eurostat/databrowser/view/irt_lt_mcby_m/default/table
2002-10-01,FR,France,9,Eurostat / ECB,https://ec.europa.eu/eurostat/databrowser/view/irt_lt_mcby_m/default/table
2002-11-01,FR,France,5,Eurostat / ECB,https://ec.europa.eu/eurostat/databrowser/view/irt_lt_mcby_m/default/table
2002-12-01,FR,France,5,Eurostat / ECB,https://ec.europa.eu/eurostat/databrowser/view/irt_lt_mcby_m/default/table
2003-01-01,FR,France,4,Eurostat / ECB,https://ec.europa.eu/eurostat/databrowser/view/irt_lt_mcby_m/default/table
2003-02-01,FR,France,6,Eurostat / ECB,https://ec.europa.eu/eurostat/databrowser/view/irt_lt_mcby_m/default/table
2003-03-01,FR,France,10,Eurostat / ECB,https://ec.europa.eu/eurostat/databrowser/view/irt_lt_mcby_m/default/table
2003-04-01,FR,France,7,Eurostat / ECB,https://ec.europa.eu/eurostat/databrowser/view/irt_lt_mcby_m/default/table
2003-05-01,FR,France,7,Eurostat / ECB,https://ec.europa.eu/eurostat/databrowser/view/irt_lt_mcby_m/default/table
2003-06-01,FR,France,7,Eurostat / ECB,https://ec.europa.eu/eurostat/databrowser/view/irt_lt_mcby_m/default/table
2003-07-01,FR,France,4,Eurostat / ECB,https://ec.europa.eu/eurostat/databrowser/view/irt_lt_mcby_m/default/table
2003-08-01,FR,France,3,Eurostat / ECB,https://ec.europa.eu/eurostat/databrowser/view/irt_lt_mcby_m/default/table
2003-09-01,FR,France,6,Eurostat / ECB,https://ec.europa.eu/eurostat/databrowser/view/irt_lt_mcby_m/default/table
2003-10-01,FR,France,6,Eurostat / ECB,https://ec.europa.eu/eurostat/databrowser/view/irt_lt_mcby_m/default/table
2003-11-01,FR,France,6,Eurostat / ECB,https://ec.europa.eu/eurostat/databrowser/view/irt_lt_mcby_m/default/table
2003-12-01,FR,France,5,Eurostat / ECB,https://ec.europa.eu/eurostat/databrowser/view/irt_lt_mcby_m/default/table
2004-01-01,FR,France,3,Eurostat / ECB,https://ec.europa.eu/eurostat/databrowser/view/irt_lt_mcby_m/default/table
2004-02-01,FR,France,3,Eurostat / ECB,https://ec.europa.eu/eurostat/databrowser/view/irt_lt_mcby_m/default/table
2004-03-01,FR,France,7,Eurostat / ECB,https://ec.europa.eu/eurostat/databrowser/view/irt_lt_mcby_m/default/table
2004-04-01,FR,France,8,Eurostat / ECB,https://ec.europa.eu/eurostat/databrowser/view/irt_lt_mcby_m/default/table
2004-05-01,FR,France,9,Eurostat / ECB,https://ec.europa.eu/eurostat/databrowser/view/irt_lt_mcby_m/default/table
2004-06-01,FR,France,8,Eurostat / ECB,https://ec.europa.eu/eurostat/databrowser/view/irt_lt_mcby_m/default/table
2004-07-01,FR,France,3,Eurostat / ECB,https://ec.europa.eu/eurostat/databrowser/view/irt_lt_mcby_m/default/table
2004-08-01,FR,France,3,Eurostat / ECB,https://ec.europa.eu/eurostat/databrowser/view/irt_lt_mcby_m/default/table
2004-09-01,FR,France,7,Eurostat / ECB,https://ec.europa.eu/eurostat/databrowser/view/irt_lt_mcby_m/default/table
2004-10-01,FR,France,9,Eurostat / ECB,https://ec.europa.eu/eurostat/databrowser/view/irt_lt_mcby_m/default/table
2004-11-01,FR,France,8,Eurostat / ECB,https://ec.europa.eu/eurostat/databrowser/view/irt_lt_mcby_m/default/table
2004-12-01,FR,France,6,Eurostat / ECB,https://ec.europa.eu/eurostat/databrowser/view/irt_lt_mcby_m/default/table
2005-01-01,FR,France,2,Eurostat / ECB,https://ec.europa.eu/eurostat/databrowser/view/irt_lt_mcby_m/default/table
2005-02-01,FR,France,6,Eurostat / ECB,https://ec.europa.eu/eurostat/databrowser/view/irt_lt_mcby_m/default/table
2005-03-01,FR,France,5,Eurostat / ECB,https://ec.europa.eu/eurostat/databrowser/view/irt_lt_mcby_m/default/table
2005-04-01,FR,France,6,Eurostat / ECB,https://ec.europa.eu/eurostat/databrowser/view/irt_lt_mcby_m/default/table
2005-05-01,FR,France,8,Eurostat / ECB,https://ec.europa.eu/eurostat/databrowser/view/irt_lt_mcby_m/default/table
2005-06-01,FR,France,7,Eurostat / ECB,https://ec.europa.eu/eurostat/databrowser/view/irt_lt_mcby_m/default/table
2005-07-01,FR,France,7,Eurostat / ECB,https://ec.europa.eu/eurostat/databrowser/view/irt_lt_mcby_m/default/table
2005-08-01,FR,France,7,Eurostat / ECB,https://ec.europa.eu/eurostat/databrowser/view/irt_lt_mcby_m/default/table
2005-09-01,FR,France,6,Eurostat / ECB,https://ec.europa.eu/eurostat/databrowser/view/irt_lt_mcby_m/default/table
2005-10-01,FR,France,5,Eurostat / ECB,https://ec.europa.eu/eurostat/databrowser/view/irt_lt_mcby_m/default/table
2005-11-01,FR,France,5,Eurostat / ECB,https://ec.europa.eu/eurostat/databrowser/view/irt_lt_mcby_m/default/table
2005-12-01,FR,France,4,Eurostat / ECB,https://ec.europa.eu/eurostat/databrowser/view/irt_lt_mcby_m/default/table
2006-01-01,FR,France,2,Eurostat / ECB,https://ec.europa.eu/eurostat/databrowser/view/irt_lt_mcby_m/default/table
2006-02-01,FR,France,4,Eurostat / ECB,https://ec.europa.eu/eurostat/databrowser/view/irt_lt_mcby_m/default/table
2006-03-01,FR,France,5,Eurostat / ECB,https://ec.europa.eu/eurostat/databrowser/view/irt_lt_mcby_m/default/table
2006-04-01,FR,France,6,Eurostat / ECB,https://ec.europa.eu/eurostat/databrowser/view/irt_lt_mcby_m/default/table
2006-05-01,FR,France,4,Eurostat / ECB,https://ec.europa.eu/eurostat/databrowser/view/irt_lt_mcby_m/default/table
2006-06-01,FR,France,5,Eurostat / ECB,https://ec.europa.eu/eurostat/databrowser/view/irt_lt_mcby_m/default/table
2006-07-01,FR,France,2,Eurostat / ECB,https://ec.europa.eu/eurostat/databrowser/view/irt_lt_mcby_m/default/table
2006-08-01,FR,France,2,Eurostat / ECB,https://ec.europa.eu/eurostat/databrowser/view/irt_lt_mcby_m/default/table
2006-09-01,FR,France,2,Eurostat / ECB,https://ec.europa.eu/eurostat/databrowser/view/irt_lt_mcby_m/default/table
2006-10-01,FR,France,2,Eurostat / ECB,https://ec.europa.eu/eurostat/databrowser/view/irt_lt_mcby_m/default/table
2006-11-01,FR,France,3,Eurostat / ECB,https://ec.europa.eu/eurostat/databrowser/view/irt_lt_mcby_m/default/table
2006-12-01,FR,France,4,Eurostat / ECB,https://ec.europa.eu/eurostat/databrowser/view/irt_lt_mcby_m/default/table
2007-01-01,FR,France,5,Eurostat / ECB,https://ec.europa.eu/eurostat/databrowser/view/irt_lt_mcby_m/default/table
2007-02-01,FR,France,5,Eurostat / ECB,https://ec.europa.eu/eurostat/databrowser/view/irt_lt_mcby_m/default/table
2007-03-01,FR,France,6,Eurostat / ECB,https://ec.europa.eu/eurostat/databrowser/view/irt_lt_mcby_m/default/table
2007-04-01,FR,France,6,Eurostat / ECB,https://ec.europa.eu/eurostat/databrowser/view/irt_lt_mcby_m/default/table
2007-05-01,FR,France,6,Eurostat / ECB,https://ec.europa.eu/eurostat/databrowser/view/irt_lt_mcby_m/default/table
2007-06-01,FR,France,6,Eurostat / ECB,https://ec.europa.eu/eurostat/databrowser/view/irt_lt_mcby_m/default/table
2007-07-01,FR,France,8,Eurostat / ECB,https://ec.europa.eu/eurostat/databrowser/view/irt_lt_mcby_m/default/table
2007-08-01,FR,France,9,Eurostat / ECB,https://ec.europa.eu/eurostat/databrowser/view/irt_lt_mcby_m/default/table
2007-09-01,FR,France,14,Eurostat / ECB,https://ec.europa.eu/eurostat/databrowser/view/irt_lt_mcby_m/default/table
2007-10-01,FR,France,12,Eurostat / ECB,https://ec.europa.eu/eurostat/databrowser/view/irt_lt_mcby_m/default/table
2007-11-01,FR,France,14,Eurostat / ECB,https://ec.europa.eu/eurostat/databrowser/view/irt_lt_mcby_m/default/table
2007-12-01,FR,France,14,Eurostat / ECB,https://ec.europa.eu/eurostat/databrowser/view/irt_lt_mcby_m/default/table
2008-01-01,FR,France,12,Eurostat / ECB,https://ec.europa.eu/eurostat/databrowser/view/irt_lt_mcby_m/default/table
2008-02-01,FR,France,13,Eurostat / ECB,https://ec.europa.eu/eurostat/databrowser/view/irt_lt_mcby_m/default/table
2008-03-01,FR,France,22,Eurostat / ECB,https://ec.europa.eu/eurostat/databrowser/view/irt_lt_mcby_m/default/table
2008-04-01,FR,France,23,Eurostat / ECB,https://ec.europa.eu/eurostat/databrowser/view/irt_lt_mcby_m/default/table
2008-05-01,FR,France,21,Eurostat / ECB,https://ec.europa.eu/eurostat/databrowser/view/irt_lt_mcby_m/default/table
2008-06-01,FR,France,21,Eurostat / ECB,https://ec.europa.eu/eurostat/databrowser/view/irt_lt_mcby_m/default/table
2008-07-01,FR,France,20,Eurostat / ECB,https://ec.europa.eu/eurostat/databrowser/view/irt_lt_mcby_m/default/table
2008-08-01,FR,France,20,Eurostat / ECB,https://ec.europa.eu/eurostat/databrowser/view/irt_lt_mcby_m/default/table
2008-09-01,FR,France,27,Eurostat / ECB,https://ec.europa.eu/eurostat/databrowser/view/irt_lt_mcby_m/default/table
2008-10-01,FR,France,30,Eurostat / ECB,https://ec.europa.eu/eurostat/databrowser/view/irt_lt_mcby_m/default/table
2008-11-01,FR,France,42,Eurostat / ECB,https://ec.europa.eu/eurostat/databrowser/view/irt_lt_mcby_m/default/table
2008-12-01,FR,France,49,Eurostat / ECB,https://ec.europa.eu/eurostat/databrowser/view/irt_lt_mcby_m/default/table
2009-01-01,FR,France,53,Eurostat / ECB,https://ec.europa.eu/eurostat/databrowser/view/irt_lt_mcby_m/default/table
2009-02-01,FR,France,55,Eurostat / ECB,https://ec.europa.eu/eurostat/databrowser/view/irt_lt_mcby_m/default/table
2009-03-01,FR,France,63,Eurostat / ECB,https://ec.europa.eu/eurostat/databrowser/view/irt_lt_mcby_m/default/table
2009-04-01,FR,France,53,Eurostat / ECB,https://ec.europa.eu/eurostat/databrowser/view/irt_lt_mcby_m/default/table
2009-05-01,FR,France,43,Eurostat / ECB,https://ec.europa.eu/eurostat/databrowser/view/irt_lt_mcby_m/default/table
2009-06-01,FR,France,43,Eurostat / ECB,https://ec.europa.eu/eurostat/databrowser/view/irt_lt_mcby_m/default/table
2009-07-01,FR,France,39,Eurostat / ECB,https://ec.europa.eu/eurostat/databrowser/view/irt_lt_mcby_m/default/table
2009-08-01,FR,France,28,Eurostat / ECB,https://ec.europa.eu/eurostat/databrowser/view/irt_lt_mcby_m/default/table
2009-09-01,FR,France,33,Eurostat / ECB,https://ec.europa.eu/eurostat/databrowser/view/irt_lt_mcby_m/default/table
2009-10-01,FR,France,35,Eurostat / ECB,https://ec.europa.eu/eurostat/databrowser/view/irt_lt_mcby_m/default/table
2009-11-01,FR,France,34,Eurostat / ECB,https://ec.europa.eu/eurostat/databrowser/view/irt_lt_mcby_m/default/table
2009-12-01,FR,France,34,Eurostat / ECB,https://ec.europa.eu/eurostat/databrowser/view/irt_lt_mcby_m/default/table
2010-01-01,FR,France,26,Eurostat / ECB,https://ec.europa.eu/eurostat/databrowser/view/irt_lt_mcby_m/default/table
2010-02-01,FR,France,33,Eurostat / ECB,https://ec.europa.eu/eurostat/databrowser/view/irt_lt_mcby_m/default/table
2010-03-01,FR,France,34,Eurostat / ECB,https://ec.europa.eu/eurostat/databrowser/view/irt_lt_mcby_m/default/table
2010-04-01,FR,France,34,Eurostat / ECB,https://ec.europa.eu/eurostat/databrowser/view/irt_lt_mcby_m/default/table
2010-05-01,FR,France,35,Eurostat / ECB,https://ec.europa.eu/eurostat/databrowser/view/irt_lt_mcby_m/default/table
2010-06-01,FR,France,53,Eurostat / ECB,https://ec.europa.eu/eurostat/databrowser/view/irt_lt_mcby_m/default/table
2010-07-01,FR,France,37,Eurostat / ECB,https://ec.europa.eu/eurostat/databrowser/view/irt_lt_mcby_m/default/table
2010-08-01,FR,France,33,Eurostat / ECB,https://ec.europa.eu/eurostat/databrowser/view/irt_lt_mcby_m/default/table
2010-09-01,FR,France,38,Eurostat / ECB,https://ec.europa.eu/eurostat/databrowser/view/irt_lt_mcby_m/default/table
2010-10-01,FR,France,37,Eurostat / ECB,https://ec.europa.eu/eurostat/databrowser/view/irt_lt_mcby_m/default/table
2010-11-01,FR,France,47,Eurostat / ECB,https://ec.europa.eu/eurostat/databrowser/view/irt_lt_mcby_m/default/table
2010-12-01,FR,France,43,Eurostat / ECB,https://ec.europa.eu/eurostat/databrowser/view/irt_lt_mcby_m/default/table
2011-01-01,FR,France,42,Eurostat / ECB,https://ec.europa.eu/eurostat/databrowser/view/irt_lt_mcby_m/default/table
2011-02-01,FR,France,40,Eurostat / ECB,https://ec.europa.eu/eurostat/databrowser/view/irt_lt_mcby_m/default/table
2011-03-01,FR,France,40,Eurostat / ECB,https://ec.europa.eu/eurostat/databrowser/view/irt_lt_mcby_m/default/table
2011-04-01,FR,France,35,Eurostat / ECB,https://ec.europa.eu/eurostat/databrowser/view/irt_lt_mcby_m/default/table
2011-05-01,FR,France,43,Eurostat / ECB,https://ec.europa.eu/eurostat/databrowser/view/irt_lt_mcby_m/default/table
2011-06-01,FR,France,54,Eurostat / ECB,https://ec.europa.eu/eurostat/databrowser/view/irt_lt_mcby_m/default/table
2011-07-01,FR,France,66,Eurostat / ECB,https://ec.europa.eu/eurostat/databrowser/view/irt_lt_mcby_m/default/table
2011-08-01,FR,France,77,Eurostat / ECB,https://ec.europa.eu/eurostat/databrowser/view/irt_lt_mcby_m/default/table
2011-09-01,FR,France,81,Eurostat / ECB,https://ec.europa.eu/eurostat/databrowser/view/irt_lt_mcby_m/default/table
2011-10-01,FR,France,99,Eurostat / ECB,https://ec.europa.eu/eurostat/databrowser/view/irt_lt_mcby_m/default/table
2011-11-01,FR,France,154,Eurostat / ECB,https://ec.europa.eu/eurostat/databrowser/view/irt_lt_mcby_m/default/table
2011-12-01,FR,France,123,Eurostat / ECB,https://ec.europa.eu/eurostat/databrowser/view/irt_lt_mcby_m/default/table
2012-01-01,FR,France,136,Eurostat / ECB,https://ec.europa.eu/eurostat/databrowser/view/irt_lt_mcby_m/default/table
2012-02-01,FR,France,117,Eurostat / ECB,https://ec.europa.eu/eurostat/databrowser/view/irt_lt_mcby_m/default/table
2012-03-01,FR,France,112,Eurostat / ECB,https://ec.europa.eu/eurostat/databrowser/view/irt_lt_mcby_m/default/table
2012-04-01,FR,France,137,Eurostat / ECB,https://ec.europa.eu/eurostat/databrowser/view/irt_lt_mcby_m/default/table
2012-05-01,FR,France,141,Eurostat / ECB,https://ec.europa.eu/eurostat/databrowser/view/irt_lt_mcby_m/default/table
2012-06-01,FR,France,127,Eurostat / ECB,https://ec.europa.eu/eurostat/databrowser/view/irt_lt_mcby_m/default/table
2012-07-01,FR,France,104,Eurostat / ECB,https://ec.europa.eu/eurostat/databrowser/view/irt_lt_mcby_m/default/table
2012-08-01,FR,France,78,Eurostat / ECB,https://ec.europa.eu/eurostat/databrowser/view/irt_lt_mcby_m/default/table
2012-09-01,FR,France,75,Eurostat / ECB,https://ec.europa.eu/eurostat/databrowser/view/irt_lt_mcby_m/default/table
2012-10-01,FR,France,72,Eurostat / ECB,https://ec.europa.eu/eurostat/databrowser/view/irt_lt_mcby_m/default/table
2012-11-01,FR,France,80,Eurostat / ECB,https://ec.europa.eu/eurostat/databrowser/view/irt_lt_mcby_m/default/table
2012-12-01,FR,France,71,Eurostat / ECB,https://ec.europa.eu/eurostat/databrowser/view/irt_lt_mcby_m/default/table
2013-01-01,FR,France,66,Eurostat / ECB,https://ec.europa.eu/eurostat/databrowser/view/irt_lt_mcby_m/default/table
2013-02-01,FR,France,70,Eurostat / ECB,https://ec.europa.eu/eurostat/databrowser/view/irt_lt_mcby_m/default/table
2013-03-01,FR,France,72,Eurostat / ECB,https://ec.europa.eu/eurostat/databrowser/view/irt_lt_mcby_m/default/table
2013-04-01,FR,France,60,Eurostat / ECB,https://ec.europa.eu/eurostat/databrowser/view/irt_lt_mcby_m/default/table
2013-05-01,FR,France,58,Eurostat / ECB,https://ec.europa.eu/eurostat/databrowser/view/irt_lt_mcby_m/default/table
2013-06-01,FR,France,68,Eurostat / ECB,https://ec.europa.eu/eurostat/databrowser/view/irt_lt_mcby_m/default/table
2013-07-01,FR,France,69,Eurostat / ECB,https://ec.europa.eu/eurostat/databrowser/view/irt_lt_mcby_m/default/table
2013-08-01,FR,France,63,Eurostat / ECB,https://ec.europa.eu/eurostat/databrowser/view/irt_lt_mcby_m/default/table
2013-09-01,FR,France,60,Eurostat / ECB,https://ec.europa.eu/eurostat/databrowser/view/irt_lt_mcby_m/default/table
2013-10-01,FR,France,63,Eurostat / ECB,https://ec.europa.eu/eurostat/databrowser/view/irt_lt_mcby_m/default/table
2013-11-01,FR,France,59,Eurostat / ECB,https://ec.europa.eu/eurostat/databrowser/view/irt_lt_mcby_m/default/table
2013-12-01,FR,France,53,Eurostat / ECB,https://ec.europa.eu/eurostat/databrowser/view/irt_lt_mcby_m/default/table
2014-01-01,FR,France,62,Eurostat / ECB,https://ec.europa.eu/eurostat/databrowser/view/irt_lt_mcby_m/default/table
2014-02-01,FR,France,69,Eurostat / ECB,https://ec.europa.eu/eurostat/databrowser/view/irt_lt_mcby_m/default/table
2014-03-01,FR,France,64,Eurostat / ECB,https://ec.europa.eu/eurostat/databrowser/view/irt_lt_mcby_m/default/table
2014-04-01,FR,France,57,Eurostat / ECB,https://ec.europa.eu/eurostat/databrowser/view/irt_lt_mcby_m/default/table
2014-05-01,FR,France,51,Eurostat / ECB,https://ec.europa.eu/eurostat/databrowser/view/irt_lt_mcby_m/default/table
2014-06-01,FR,France,45,Eurostat / ECB,https://ec.europa.eu/eurostat/databrowser/view/irt_lt_mcby_m/default/table
2014-07-01,FR,France,45,Eurostat / ECB,https://ec.europa.eu/eurostat/databrowser/view/irt_lt_mcby_m/default/table
2014-08-01,FR,France,46,Eurostat / ECB,https://ec.europa.eu/eurostat/databrowser/view/irt_lt_mcby_m/default/table
2014-09-01,FR,France,43,Eurostat / ECB,https://ec.europa.eu/eurostat/databrowser/view/irt_lt_mcby_m/default/table
2014-10-01,FR,France,47,Eurostat / ECB,https://ec.europa.eu/eurostat/databrowser/view/irt_lt_mcby_m/default/table
2014-11-01,FR,France,42,Eurostat / ECB,https://ec.europa.eu/eurostat/databrowser/view/irt_lt_mcby_m/default/table
2014-12-01,FR,France,33,Eurostat / ECB,https://ec.europa.eu/eurostat/databrowser/view/irt_lt_mcby_m/default/table
2015-01-01,FR,France,28,Eurostat / ECB,https://ec.europa.eu/eurostat/databrowser/view/irt_lt_mcby_m/default/table
2015-02-01,FR,France,30,Eurostat / ECB,https://ec.europa.eu/eurostat/databrowser/view/irt_lt_mcby_m/default/table
2015-03-01,FR,France,28,Eurostat / ECB,https://ec.europa.eu/eurostat/databrowser/view/irt_lt_mcby_m/default/table
2015-04-01,FR,France,32,Eurostat / ECB,https://ec.europa.eu/eurostat/databrowser/view/irt_lt_mcby_m/default/table
2015-05-01,FR,France,33,Eurostat / ECB,https://ec.europa.eu/eurostat/databrowser/view/irt_lt_mcby_m/default/table
2015-06-01,FR,France,41,Eurostat / ECB,https://ec.europa.eu/eurostat/databrowser/view/irt_lt_mcby_m/default/table
2015-07-01,FR,France,40,Eurostat / ECB,https://ec.europa.eu/eurostat/databrowser/view/irt_lt_mcby_m/default/table
2015-08-01,FR,France,40,Eurostat / ECB,https://ec.europa.eu/eurostat/databrowser/view/irt_lt_mcby_m/default/table
2015-09-01,FR,France,35,Eurostat / ECB,https://ec.europa.eu/eurostat/databrowser/view/irt_lt_mcby_m/default/table
2015-10-01,FR,France,35,Eurostat / ECB,https://ec.europa.eu/eurostat/databrowser/view/irt_lt_mcby_m/default/table
2015-11-01,FR,France,36,Eurostat / ECB,https://ec.europa.eu/eurostat/databrowser/view/irt_lt_mcby_m/default/table
2015-12-01,FR,France,38,Eurostat / ECB,https://ec.europa.eu/eurostat/databrowser/view/irt_lt_mcby_m/default/table
2016-01-01,FR,France,41,Eurostat / ECB,https://ec.europa.eu/eurostat/databrowser/view/irt_lt_mcby_m/default/table
2016-02-01,FR,France,42,Eurostat / ECB,https://ec.europa.eu/eurostat/databrowser/view/irt_lt_mcby_m/default/table
2016-03-01,FR,France,34,Eurostat / ECB,https://ec.europa.eu/eurostat/databrowser/view/irt_lt_mcby_m/default/table
2016-04-01,FR,France,38,Eurostat / ECB,https://ec.europa.eu/eurostat/databrowser/view/irt_lt_mcby_m/default/table
2016-05-01,FR,France,38,Eurostat / ECB,https://ec.europa.eu/eurostat/databrowser/view/irt_lt_mcby_m/default/table
2016-06-01,FR,France,41,Eurostat / ECB,https://ec.europa.eu/eurostat/databrowser/view/irt_lt_mcby_m/default/table
2016-07-01,FR,France,32,Eurostat / ECB,https://ec.europa.eu/eurostat/databrowser/view/irt_lt_mcby_m/default/table
2016-08-01,FR,France,28,Eurostat / ECB,https://ec.europa.eu/eurostat/databrowser/view/irt_lt_mcby_m/default/table
2016-09-01,FR,France,27,Eurostat / ECB,https://ec.europa.eu/eurostat/databrowser/view/irt_lt_mcby_m/default/table
2016-10-01,FR,France,33,Eurostat / ECB,https://ec.europa.eu/eurostat/databrowser/view/irt_lt_mcby_m/default/table
2016-11-01,FR,France,48,Eurostat / ECB,https://ec.europa.eu/eurostat/databrowser/view/irt_lt_mcby_m/default/table
2016-12-01,FR,France,50,Eurostat / ECB,https://ec.europa.eu/eurostat/databrowser/view/irt_lt_mcby_m/default/table
2017-01-01,FR,France,61,Eurostat / ECB,https://ec.europa.eu/eurostat/databrowser/view/irt_lt_mcby_m/default/table
2017-02-01,FR,France,77,Eurostat / ECB,https://ec.europa.eu/eurostat/databrowser/view/irt_lt_mcby_m/default/table
2017-03-01,FR,France,67,Eurostat / ECB,https://ec.europa.eu/eurostat/databrowser/view/irt_lt_mcby_m/default/table
2017-04-01,FR,France,66,Eurostat / ECB,https://ec.europa.eu/eurostat/databrowser/view/irt_lt_mcby_m/default/table
2017-05-01,FR,France,47,Eurostat / ECB,https://ec.europa.eu/eurostat/databrowser/view/irt_lt_mcby_m/default/table
2017-06-01,FR,France,41,Eurostat / ECB,https://ec.europa.eu/eurostat/databrowser/view/irt_lt_mcby_m/default/table
2017-07-01,FR,France,38,Eurostat / ECB,https://ec.europa.eu/eurostat/databrowser/view/irt_lt_mcby_m/default/table
2017-08-01,FR,France,36,Eurostat / ECB,https://ec.europa.eu/eurostat/databrowser/view/irt_lt_mcby_m/default/table
2017-09-01,FR,France,35,Eurostat / ECB,https://ec.europa.eu/eurostat/databrowser/view/irt_lt_mcby_m/default/table
2017-10-01,FR,France,44,Eurostat / ECB,https://ec.europa.eu/eurostat/databrowser/view/irt_lt_mcby_m/default/table
2017-11-01,FR,France,41,Eurostat / ECB,https://ec.europa.eu/eurostat/databrowser/view/irt_lt_mcby_m/default/table
2017-12-01,FR,France,37,Eurostat / ECB,https://ec.europa.eu/eurostat/databrowser/view/irt_lt_mcby_m/default/table
2018-01-01,FR,France,38,Eurostat / ECB,https://ec.europa.eu/eurostat/databrowser/view/irt_lt_mcby_m/default/table
2018-02-01,FR,France,32,Eurostat / ECB,https://ec.europa.eu/eurostat/databrowser/view/irt_lt_mcby_m/default/table
2018-03-01,FR,France,30,Eurostat / ECB,https://ec.europa.eu/eurostat/databrowser/view/irt_lt_mcby_m/default/table
2018-04-01,FR,France,30,Eurostat / ECB,https://ec.europa.eu/eurostat/databrowser/view/irt_lt_mcby_m/default/table
2018-05-01,FR,France,34,Eurostat / ECB,https://ec.europa.eu/eurostat/databrowser/view/irt_lt_mcby_m/default/table
2018-06-01,FR,France,42,Eurostat / ECB,https://ec.europa.eu/eurostat/databrowser/view/irt_lt_mcby_m/default/table
2018-07-01,FR,France,39,Eurostat / ECB,https://ec.europa.eu/eurostat/databrowser/view/irt_lt_mcby_m/default/table
2018-08-01,FR,France,41,Eurostat / ECB,https://ec.europa.eu/eurostat/databrowser/view/irt_lt_mcby_m/default/table
2018-09-01,FR,France,40,Eurostat / ECB,https://ec.europa.eu/eurostat/databrowser/view/irt_lt_mcby_m/default/table
2018-10-01,FR,France,42,Eurostat / ECB,https://ec.europa.eu/eurostat/databrowser/view/irt_lt_mcby_m/default/table
2018-11-01,FR,France,45,Eurostat / ECB,https://ec.europa.eu/eurostat/databrowser/view/irt_lt_mcby_m/default/table
2018-12-01,FR,France,51,Eurostat / ECB,https://ec.europa.eu/eurostat/databrowser/view/irt_lt_mcby_m/default/table
2019-01-01,FR,France,52,Eurostat / ECB,https://ec.europa.eu/eurostat/databrowser/view/irt_lt_mcby_m/default/table
2019-02-01,FR,France,49,Eurostat / ECB,https://ec.europa.eu/eurostat/databrowser/view/irt_lt_mcby_m/default/table
2019-03-01,FR,France,43,Eurostat / ECB,https://ec.europa.eu/eurostat/databrowser/view/irt_lt_mcby_m/default/table
2019-04-01,FR,France,41,Eurostat / ECB,https://ec.europa.eu/eurostat/databrowser/view/irt_lt_mcby_m/default/table
2019-05-01,FR,France,43,Eurostat / ECB,https://ec.europa.eu/eurostat/databrowser/view/irt_lt_mcby_m/default/table
2019-06-01,FR,France,39,Eurostat / ECB,https://ec.europa.eu/eurostat/databrowser/view/irt_lt_mcby_m/default/table
2019-07-01,FR,France,32,Eurostat / ECB,https://ec.europa.eu/eurostat/databrowser/view/irt_lt_mcby_m/default/table
2019-08-01,FR,France,31,Eurostat / ECB,https://ec.europa.eu/eurostat/databrowser/view/irt_lt_mcby_m/default/table
2019-09-01,FR,France,32,Eurostat / ECB,https://ec.europa.eu/eurostat/databrowser/view/irt_lt_mcby_m/default/table
2019-10-01,FR,France,31,Eurostat / ECB,https://ec.europa.eu/eurostat/databrowser/view/irt_lt_mcby_m/default/table
2019-11-01,FR,France,33,Eurostat / ECB,https://ec.europa.eu/eurostat/databrowser/view/irt_lt_mcby_m/default/table
2019-12-01,FR,France,34,Eurostat / ECB,https://ec.europa.eu/eurostat/databrowser/view/irt_lt_mcby_m/default/table
2020-01-01,FR,France,30,Eurostat / ECB,https://ec.europa.eu/eurostat/databrowser/view/irt_lt_mcby_m/default/table
2020-02-01,FR,France,29,Eurostat / ECB,https://ec.europa.eu/eurostat/databrowser/view/irt_lt_mcby_m/default/table
2020-03-01,FR,France,49,Eurostat / ECB,https://ec.europa.eu/eurostat/databrowser/view/irt_lt_mcby_m/default/table
2020-04-01,FR,France,51,Eurostat / ECB,https://ec.europa.eu/eurostat/databrowser/view/irt_lt_mcby_m/default/table
2020-05-01,FR,France,49,Eurostat / ECB,https://ec.europa.eu/eurostat/databrowser/view/irt_lt_mcby_m/default/table
2020-06-01,FR,France,39,Eurostat / ECB,https://ec.europa.eu/eurostat/databrowser/view/irt_lt_mcby_m/default/table
2020-07-01,FR,France,37,Eurostat / ECB,https://ec.europa.eu/eurostat/databrowser/view/irt_lt_mcby_m/default/table
2020-08-01,FR,France,35,Eurostat / ECB,https://ec.europa.eu/eurostat/databrowser/view/irt_lt_mcby_m/default/table
2020-09-01,FR,France,31,Eurostat / ECB,https://ec.europa.eu/eurostat/databrowser/view/irt_lt_mcby_m/default/table
2020-10-01,FR,France,31,Eurostat / ECB,https://ec.europa.eu/eurostat/databrowser/view/irt_lt_mcby_m/default/table
2020-11-01,FR,France,29,Eurostat / ECB,https://ec.europa.eu/eurostat/databrowser/view/irt_lt_mcby_m/default/table
2020-12-01,FR,France,28,Eurostat / ECB,https://ec.europa.eu/eurostat/databrowser/view/irt_lt_mcby_m/default/table
2021-01-01,FR,France,27,Eurostat / ECB,https://ec.europa.eu/eurostat/databrowser/view/irt_lt_mcby_m/default/table
2021-02-01,FR,France,30,Eurostat / ECB,https://ec.europa.eu/eurostat/databrowser/view/irt_lt_mcby_m/default/table
2021-03-01,FR,France,29,Eurostat / ECB,https://ec.europa.eu/eurostat/databrowser/view/irt_lt_mcby_m/default/table
2021-04-01,FR,France,32,Eurostat / ECB,https://ec.europa.eu/eurostat/databrowser/view/irt_lt_mcby_m/default/table
2021-05-01,FR,France,43,Eurostat / ECB,https://ec.europa.eu/eurostat/databrowser/view/irt_lt_mcby_m/default/table
2021-06-01,FR,France,44,Eurostat / ECB,https://ec.europa.eu/eurostat/databrowser/view/irt_lt_mcby_m/default/table
2021-07-01,FR,France,44,Eurostat / ECB,https://ec.europa.eu/eurostat/databrowser/view/irt_lt_mcby_m/default/table
2021-08-01,FR,France,42,Eurostat / ECB,https://ec.europa.eu/eurostat/databrowser/view/irt_lt_mcby_m/default/table
2021-09-01,FR,France,40,Eurostat / ECB,https://ec.europa.eu/eurostat/databrowser/view/irt_lt_mcby_m/default/table
2021-10-01,FR,France,41,Eurostat / ECB,https://ec.europa.eu/eurostat/databrowser/view/irt_lt_mcby_m/default/table
2021-11-01,FR,France,41,Eurostat / ECB,https://ec.europa.eu/eurostat/databrowser/view/irt_lt_mcby_m/default/table
2021-12-01,FR,France,43,Eurostat / ECB,https://ec.europa.eu/eurostat/databrowser/view/irt_lt_mcby_m/default/table
2022-01-01,FR,France,43,Eurostat / ECB,https://ec.europa.eu/eurostat/databrowser/view/irt_lt_mcby_m/default/table
2022-02-01,FR,France,53,Eurostat / ECB,https://ec.europa.eu/eurostat/databrowser/view/irt_lt_mcby_m/default/table
2022-03-01,FR,France,50,Eurostat / ECB,https://ec.europa.eu/eurostat/databrowser/view/irt_lt_mcby_m/default/table
2022-04-01,FR,France,53,Eurostat / ECB,https://ec.europa.eu/eurostat/databrowser/view/irt_lt_mcby_m/default/table
2022-05-01,FR,France,57,Eurostat / ECB,https://ec.europa.eu/eurostat/databrowser/view/irt_lt_mcby_m/default/table
2022-06-01,FR,France,61,Eurostat / ECB,https://ec.europa.eu/eurostat/databrowser/view/irt_lt_mcby_m/default/table
2022-07-01,FR,France,63,Eurostat / ECB,https://ec.europa.eu/eurostat/databrowser/view/irt_lt_mcby_m/default/table
2022-08-01,FR,France,66,Eurostat / ECB,https://ec.europa.eu/eurostat/databrowser/view/irt_lt_mcby_m/default/table
2022-09-01,FR,France,61,Eurostat / ECB,https://ec.europa.eu/eurostat/databrowser/view/irt_lt_mcby_m/default/table
2022-10-01,FR,France,58,Eurostat / ECB,https://ec.europa.eu/eurostat/databrowser/view/irt_lt_mcby_m/default/table
2022-11-01,FR,France,51,Eurostat / ECB,https://ec.europa.eu/eurostat/databrowser/view/irt_lt_mcby_m/default/table
2022-12-01,FR,France,53,Eurostat / ECB,https://ec.europa.eu/eurostat/databrowser/view/irt_lt_mcby_m/default/table
2023-01-01,FR,France,50,Eurostat / ECB,https://ec.europa.eu/eurostat/databrowser/view/irt_lt_mcby_m/default/table
2023-02-01,FR,France,50,Eurostat / ECB,https://ec.europa.eu/eurostat/databrowser/view/irt_lt_mcby_m/default/table
2023-03-01,FR,France,54,Eurostat / ECB,https://ec.europa.eu/eurostat/databrowser/view/irt_lt_mcby_m/default/table
2023-04-01,FR,France,54,Eurostat / ECB,https://ec.europa.eu/eurostat/databrowser/view/irt_lt_mcby_m/default/table
2023-05-01,FR,France,60,Eurostat / ECB,https://ec.europa.eu/eurostat/databrowser/view/irt_lt_mcby_m/default/table
2023-06-01,FR,France,55,Eurostat / ECB,https://ec.europa.eu/eurostat/databrowser/view/irt_lt_mcby_m/default/table
2023-07-01,FR,France,58,Eurostat / ECB,https://ec.europa.eu/eurostat/databrowser/view/irt_lt_mcby_m/default/table
2023-08-01,FR,France,56,Eurostat / ECB,https://ec.europa.eu/eurostat/databrowser/view/irt_lt_mcby_m/default/table
2023-09-01,FR,France,58,Eurostat / ECB,https://ec.europa.eu/eurostat/databrowser/view/irt_lt_mcby_m/default/table
2023-10-01,FR,France,63,Eurostat / ECB,https://ec.europa.eu/eurostat/databrowser/view/irt_lt_mcby_m/default/table
2023-11-01,FR,France,59,Eurostat / ECB,https://ec.europa.eu/eurostat/databrowser/view/irt_lt_mcby_m/default/table
2023-12-01,FR,France,55,Eurostat / ECB,https://ec.europa.eu/eurostat/databrowser/view/irt_lt_mcby_m/default/table
2024-01-01,FR,France,56,Eurostat / ECB,https://ec.europa.eu/eurostat/databrowser/view/irt_lt_mcby_m/default/table
2024-02-01,FR,France,52,Eurostat / ECB,https://ec.europa.eu/eurostat/databrowser/view/irt_lt_mcby_m/default/table
2024-03-01,FR,France,47,Eurostat / ECB,https://ec.europa.eu/eurostat/databrowser/view/irt_lt_mcby_m/default/table
2024-04-01,FR,France,52,Eurostat / ECB,https://ec.europa.eu/eurostat/databrowser/view/irt_lt_mcby_m/default/table
2024-05-01,FR,France,51,Eurostat / ECB,https://ec.europa.eu/eurostat/databrowser/view/irt_lt_mcby_m/default/table
2024-06-01,FR,France,67,Eurostat / ECB,https://ec.europa.eu/eurostat/databrowser/view/irt_lt_mcby_m/default/table
2024-07-01,FR,France,68,Eurostat / ECB,https://ec.europa.eu/eurostat/databrowser/view/irt_lt_mcby_m/default/table
2024-08-01,FR,France,73,Eurostat / ECB,https://ec.europa.eu/eurostat/databrowser/view/irt_lt_mcby_m/default/table
2024-09-01,FR,France,73,Eurostat / ECB,https://ec.europa.eu/eurostat/databrowser/view/irt_lt_mcby_m/default/table
2024-10-01,FR,France,76,Eurostat / ECB,https://ec.europa.eu/eurostat/databrowser/view/irt_lt_mcby_m/default/table
2024-11-01,FR,France,78,Eurostat / ECB,https://ec.europa.eu/eurostat/databrowser/view/irt_lt_mcby_m/default/table
2024-12-01,FR,France,83,Eurostat / ECB,https://ec.europa.eu/eurostat/databrowser/view/irt_lt_mcby_m/default/table
2025-01-01,FR,France,83.6,Eurostat / ECB,https://ec.europa.eu/eurostat/databrowser/view/irt_lt_mcby_m/default/table
2025-02-01,FR,France,74.5,Eurostat / ECB,https://ec.europa.eu/eurostat/databrowser/view/irt_lt_mcby_m/default/table
2025-03-01,FR,France,68.9,Eurostat / ECB,https://ec.europa.eu/eurostat/databrowser/view/irt_lt_mcby_m/default/table
2025-04-01,FR,France,75,Eurostat / ECB,https://ec.europa.eu/eurostat/databrowser/view/irt_lt_mcby_m/default/table
2025-05-01,FR,France,70,Eurostat / ECB,https://ec.europa.eu/eurostat/databrowser/view/irt_lt_mcby_m/default/table
2025-06-01,FR,France,72,Eurostat / ECB,https://ec.europa.eu/eurostat/databrowser/view/irt_lt_mcby_m/default/table
2025-07-01,FR,France,73,Eurostat / ECB,https://ec.europa.eu/eurostat/databrowser/view/irt_lt_mcby_m/default/table
2025-08-01,FR,France,75,Eurostat / ECB,https://ec.europa.eu/eurostat/databrowser/view/irt_lt_mcby_m/default/table
2025-09-01,FR,France,82,Eurostat / ECB,https://ec.europa.eu/eurostat/databrowser/view/irt_lt_mcby_m/default/table
2025-10-01,FR,France,82.3,Eurostat / ECB,https://ec.europa.eu/eurostat/databrowser/view/irt_lt_mcby_m/default/table
2025-11-01,FR,France,78.3,Eurostat / ECB,https://ec.europa.eu/eurostat/databrowser/view/irt_lt_mcby_m/default/table
2025-12-01,FR,France,74.7,Eurostat / ECB,https://ec.europa.eu/eurostat/databrowser/view/irt_lt_mcby_m/default/table
2026-01-01,FR,France,72.3,Eurostat / ECB,https://ec.europa.eu/eurostat/databrowser/view/irt_lt_mcby_m/default/table
2026-02-01,FR,France,65.6,Eurostat / ECB,https://ec.europa.eu/eurostat/databrowser/view/irt_lt_mcby_m/default/table
2026-03-01,FR,France,73,Eurostat / ECB,https://ec.europa.eu/eurostat/databrowser/view/irt_lt_mcby_m/default/table
2026-04-01,FR,France,73,Eurostat / ECB,https://ec.europa.eu/eurostat/databrowser/view/irt_lt_mcby_m/default/table
2026-05-01,FR,France,69.5,Eurostat / ECB,https://ec.europa.eu/eurostat/databrowser/view/irt_lt_mcby_m/default/table
2026-06-01,FR,France,71.6,Eurostat / ECB,https://ec.europa.eu/eurostat/databrowser/view/irt_lt_mcby_m/default/table
2026-07-01,FR,France,78,Eurostat / ECB,https://ec.europa.eu/eurostat/databrowser/view/irt_lt_mcby_m/default/table
1990-01-01,IT,Italy,617,Eurostat / ECB,https://ec.europa.eu/eurostat/databrowser/view/irt_lt_mcby_m/default/table
1990-02-01,IT,Italy,544,Eurostat / ECB,https://ec.europa.eu/eurostat/databrowser/view/irt_lt_mcby_m/default/table
1990-03-01,IT,Italy,543,Eurostat / ECB,https://ec.europa.eu/eurostat/databrowser/view/irt_lt_mcby_m/default/table
1990-04-01,IT,Italy,510,Eurostat / ECB,https://ec.europa.eu/eurostat/databrowser/view/irt_lt_mcby_m/default/table
1990-05-01,IT,Italy,491,Eurostat / ECB,https://ec.europa.eu/eurostat/databrowser/view/irt_lt_mcby_m/default/table
1990-06-01,IT,Italy,413,Eurostat / ECB,https://ec.europa.eu/eurostat/databrowser/view/irt_lt_mcby_m/default/table
1990-07-01,IT,Italy,437,Eurostat / ECB,https://ec.europa.eu/eurostat/databrowser/view/irt_lt_mcby_m/default/table
1990-08-01,IT,Italy,447,Eurostat / ECB,https://ec.europa.eu/eurostat/databrowser/view/irt_lt_mcby_m/default/table
1990-09-01,IT,Italy,418,Eurostat / ECB,https://ec.europa.eu/eurostat/databrowser/view/irt_lt_mcby_m/default/table
1990-10-01,IT,Italy,421,Eurostat / ECB,https://ec.europa.eu/eurostat/databrowser/view/irt_lt_mcby_m/default/table
1990-11-01,IT,Italy,447,Eurostat / ECB,https://ec.europa.eu/eurostat/databrowser/view/irt_lt_mcby_m/default/table
1990-12-01,IT,Italy,485,Eurostat / ECB,https://ec.europa.eu/eurostat/databrowser/view/irt_lt_mcby_m/default/table
1991-01-01,IT,Italy,487,Eurostat / ECB,https://ec.europa.eu/eurostat/databrowser/view/irt_lt_mcby_m/default/table
1991-02-01,IT,Italy,543,Eurostat / ECB,https://ec.europa.eu/eurostat/databrowser/view/irt_lt_mcby_m/default/table
1991-03-01,IT,Italy,534,Eurostat / ECB,https://ec.europa.eu/eurostat/databrowser/view/irt_lt_mcby_m/default/table
1991-04-01,IT,Italy,507,Eurostat / ECB,https://ec.europa.eu/eurostat/databrowser/view/irt_lt_mcby_m/default/table
1991-05-01,IT,Italy,466,Eurostat / ECB,https://ec.europa.eu/eurostat/databrowser/view/irt_lt_mcby_m/default/table
1991-06-01,IT,Italy,468,Eurostat / ECB,https://ec.europa.eu/eurostat/databrowser/view/irt_lt_mcby_m/default/table
1991-07-01,IT,Italy,471,Eurostat / ECB,https://ec.europa.eu/eurostat/databrowser/view/irt_lt_mcby_m/default/table
1991-08-01,IT,Italy,493,Eurostat / ECB,https://ec.europa.eu/eurostat/databrowser/view/irt_lt_mcby_m/default/table
1991-09-01,IT,Italy,457,Eurostat / ECB,https://ec.europa.eu/eurostat/databrowser/view/irt_lt_mcby_m/default/table
1991-10-01,IT,Italy,444,Eurostat / ECB,https://ec.europa.eu/eurostat/databrowser/view/irt_lt_mcby_m/default/table
1991-11-01,IT,Italy,459,Eurostat / ECB,https://ec.europa.eu/eurostat/databrowser/view/irt_lt_mcby_m/default/table
1991-12-01,IT,Italy,474,Eurostat / ECB,https://ec.europa.eu/eurostat/databrowser/view/irt_lt_mcby_m/default/table
1992-01-01,IT,Italy,473,Eurostat / ECB,https://ec.europa.eu/eurostat/databrowser/view/irt_lt_mcby_m/default/table
1992-02-01,IT,Italy,469,Eurostat / ECB,https://ec.europa.eu/eurostat/databrowser/view/irt_lt_mcby_m/default/table
1992-03-01,IT,Italy,454,Eurostat / ECB,https://ec.europa.eu/eurostat/databrowser/view/irt_lt_mcby_m/default/table
1992-04-01,IT,Italy,465,Eurostat / ECB,https://ec.europa.eu/eurostat/databrowser/view/irt_lt_mcby_m/default/table
1992-05-01,IT,Italy,451,Eurostat / ECB,https://ec.europa.eu/eurostat/databrowser/view/irt_lt_mcby_m/default/table
1992-06-01,IT,Italy,503,Eurostat / ECB,https://ec.europa.eu/eurostat/databrowser/view/irt_lt_mcby_m/default/table
1992-07-01,IT,Italy,550,Eurostat / ECB,https://ec.europa.eu/eurostat/databrowser/view/irt_lt_mcby_m/default/table
1992-08-01,IT,Italy,564,Eurostat / ECB,https://ec.europa.eu/eurostat/databrowser/view/irt_lt_mcby_m/default/table
1992-09-01,IT,Italy,646,Eurostat / ECB,https://ec.europa.eu/eurostat/databrowser/view/irt_lt_mcby_m/default/table
1992-10-01,IT,Italy,697,Eurostat / ECB,https://ec.europa.eu/eurostat/databrowser/view/irt_lt_mcby_m/default/table
1992-11-01,IT,Italy,611,Eurostat / ECB,https://ec.europa.eu/eurostat/databrowser/view/irt_lt_mcby_m/default/table
1992-12-01,IT,Italy,634,Eurostat / ECB,https://ec.europa.eu/eurostat/databrowser/view/irt_lt_mcby_m/default/table
1993-01-01,IT,Italy,628,Eurostat / ECB,https://ec.europa.eu/eurostat/databrowser/view/irt_lt_mcby_m/default/table
1993-02-01,IT,Italy,612,Eurostat / ECB,https://ec.europa.eu/eurostat/databrowser/view/irt_lt_mcby_m/default/table
1993-03-01,IT,Italy,624,Eurostat / ECB,https://ec.europa.eu/eurostat/databrowser/view/irt_lt_mcby_m/default/table
1993-04-01,IT,Italy,643,Eurostat / ECB,https://ec.europa.eu/eurostat/databrowser/view/irt_lt_mcby_m/default/table
1993-05-01,IT,Italy,563,Eurostat / ECB,https://ec.europa.eu/eurostat/databrowser/view/irt_lt_mcby_m/default/table
1993-06-01,IT,Italy,486,Eurostat / ECB,https://ec.europa.eu/eurostat/databrowser/view/irt_lt_mcby_m/default/table
1993-07-01,IT,Italy,448,Eurostat / ECB,https://ec.europa.eu/eurostat/databrowser/view/irt_lt_mcby_m/default/table
1993-08-01,IT,Italy,335,Eurostat / ECB,https://ec.europa.eu/eurostat/databrowser/view/irt_lt_mcby_m/default/table
1993-09-01,IT,Italy,327,Eurostat / ECB,https://ec.europa.eu/eurostat/databrowser/view/irt_lt_mcby_m/default/table
1993-10-01,IT,Italy,302,Eurostat / ECB,https://ec.europa.eu/eurostat/databrowser/view/irt_lt_mcby_m/default/table
1993-11-01,IT,Italy,335,Eurostat / ECB,https://ec.europa.eu/eurostat/databrowser/view/irt_lt_mcby_m/default/table
1993-12-01,IT,Italy,308,Eurostat / ECB,https://ec.europa.eu/eurostat/databrowser/view/irt_lt_mcby_m/default/table
1994-01-01,IT,Italy,287,Eurostat / ECB,https://ec.europa.eu/eurostat/databrowser/view/irt_lt_mcby_m/default/table
1994-02-01,IT,Italy,270,Eurostat / ECB,https://ec.europa.eu/eurostat/databrowser/view/irt_lt_mcby_m/default/table
1994-03-01,IT,Italy,311,Eurostat / ECB,https://ec.europa.eu/eurostat/databrowser/view/irt_lt_mcby_m/default/table
1994-04-01,IT,Italy,257,Eurostat / ECB,https://ec.europa.eu/eurostat/databrowser/view/irt_lt_mcby_m/default/table
1994-05-01,IT,Italy,271,Eurostat / ECB,https://ec.europa.eu/eurostat/databrowser/view/irt_lt_mcby_m/default/table
1994-06-01,IT,Italy,343,Eurostat / ECB,https://ec.europa.eu/eurostat/databrowser/view/irt_lt_mcby_m/default/table
1994-07-01,IT,Italy,387,Eurostat / ECB,https://ec.europa.eu/eurostat/databrowser/view/irt_lt_mcby_m/default/table
1994-08-01,IT,Italy,437,Eurostat / ECB,https://ec.europa.eu/eurostat/databrowser/view/irt_lt_mcby_m/default/table
1994-09-01,IT,Italy,442,Eurostat / ECB,https://ec.europa.eu/eurostat/databrowser/view/irt_lt_mcby_m/default/table
1994-10-01,IT,Italy,453,Eurostat / ECB,https://ec.europa.eu/eurostat/databrowser/view/irt_lt_mcby_m/default/table
1994-11-01,IT,Italy,453,Eurostat / ECB,https://ec.europa.eu/eurostat/databrowser/view/irt_lt_mcby_m/default/table
1994-12-01,IT,Italy,474,Eurostat / ECB,https://ec.europa.eu/eurostat/databrowser/view/irt_lt_mcby_m/default/table
1995-01-01,IT,Italy,477,Eurostat / ECB,https://ec.europa.eu/eurostat/databrowser/view/irt_lt_mcby_m/default/table
1995-02-01,IT,Italy,497,Eurostat / ECB,https://ec.europa.eu/eurostat/databrowser/view/irt_lt_mcby_m/default/table
1995-03-01,IT,Italy,617,Eurostat / ECB,https://ec.europa.eu/eurostat/databrowser/view/irt_lt_mcby_m/default/table
1995-04-01,IT,Italy,632,Eurostat / ECB,https://ec.europa.eu/eurostat/databrowser/view/irt_lt_mcby_m/default/table
1995-05-01,IT,Italy,544,Eurostat / ECB,https://ec.europa.eu/eurostat/databrowser/view/irt_lt_mcby_m/default/table
1995-06-01,IT,Italy,560,Eurostat / ECB,https://ec.europa.eu/eurostat/databrowser/view/irt_lt_mcby_m/default/table
1995-07-01,IT,Italy,535,Eurostat / ECB,https://ec.europa.eu/eurostat/databrowser/view/irt_lt_mcby_m/default/table
1995-08-01,IT,Italy,492,Eurostat / ECB,https://ec.europa.eu/eurostat/databrowser/view/irt_lt_mcby_m/default/table
1995-09-01,IT,Italy,495,Eurostat / ECB,https://ec.europa.eu/eurostat/databrowser/view/irt_lt_mcby_m/default/table
1995-10-01,IT,Italy,539,Eurostat / ECB,https://ec.europa.eu/eurostat/databrowser/view/irt_lt_mcby_m/default/table
1995-11-01,IT,Italy,529,Eurostat / ECB,https://ec.europa.eu/eurostat/databrowser/view/irt_lt_mcby_m/default/table
1995-12-01,IT,Italy,510,Eurostat / ECB,https://ec.europa.eu/eurostat/databrowser/view/irt_lt_mcby_m/default/table
1996-01-01,IT,Italy,454,Eurostat / ECB,https://ec.europa.eu/eurostat/databrowser/view/irt_lt_mcby_m/default/table
1996-02-01,IT,Italy,432,Eurostat / ECB,https://ec.europa.eu/eurostat/databrowser/view/irt_lt_mcby_m/default/table
1996-03-01,IT,Italy,425,Eurostat / ECB,https://ec.europa.eu/eurostat/databrowser/view/irt_lt_mcby_m/default/table
1996-04-01,IT,Italy,396,Eurostat / ECB,https://ec.europa.eu/eurostat/databrowser/view/irt_lt_mcby_m/default/table
1996-05-01,IT,Italy,325,Eurostat / ECB,https://ec.europa.eu/eurostat/databrowser/view/irt_lt_mcby_m/default/table
1996-06-01,IT,Italy,301,Eurostat / ECB,https://ec.europa.eu/eurostat/databrowser/view/irt_lt_mcby_m/default/table
1996-07-01,IT,Italy,295,Eurostat / ECB,https://ec.europa.eu/eurostat/databrowser/view/irt_lt_mcby_m/default/table
1996-08-01,IT,Italy,318,Eurostat / ECB,https://ec.europa.eu/eurostat/databrowser/view/irt_lt_mcby_m/default/table
1996-09-01,IT,Italy,294,Eurostat / ECB,https://ec.europa.eu/eurostat/databrowser/view/irt_lt_mcby_m/default/table
1996-10-01,IT,Italy,222,Eurostat / ECB,https://ec.europa.eu/eurostat/databrowser/view/irt_lt_mcby_m/default/table
1996-11-01,IT,Italy,183,Eurostat / ECB,https://ec.europa.eu/eurostat/databrowser/view/irt_lt_mcby_m/default/table
1996-12-01,IT,Italy,178,Eurostat / ECB,https://ec.europa.eu/eurostat/databrowser/view/irt_lt_mcby_m/default/table
1997-01-01,IT,Italy,158,Eurostat / ECB,https://ec.europa.eu/eurostat/databrowser/view/irt_lt_mcby_m/default/table
1997-02-01,IT,Italy,181,Eurostat / ECB,https://ec.europa.eu/eurostat/databrowser/view/irt_lt_mcby_m/default/table
1997-03-01,IT,Italy,216,Eurostat / ECB,https://ec.europa.eu/eurostat/databrowser/view/irt_lt_mcby_m/default/table
1997-04-01,IT,Italy,187,Eurostat / ECB,https://ec.europa.eu/eurostat/databrowser/view/irt_lt_mcby_m/default/table
1997-05-01,IT,Italy,156,Eurostat / ECB,https://ec.europa.eu/eurostat/databrowser/view/irt_lt_mcby_m/default/table
1997-06-01,IT,Italy,135,Eurostat / ECB,https://ec.europa.eu/eurostat/databrowser/view/irt_lt_mcby_m/default/table
1997-07-01,IT,Italy,96,Eurostat / ECB,https://ec.europa.eu/eurostat/databrowser/view/irt_lt_mcby_m/default/table
1997-08-01,IT,Italy,100,Eurostat / ECB,https://ec.europa.eu/eurostat/databrowser/view/irt_lt_mcby_m/default/table
1997-09-01,IT,Italy,77,Eurostat / ECB,https://ec.europa.eu/eurostat/databrowser/view/irt_lt_mcby_m/default/table
1997-10-01,IT,Italy,62,Eurostat / ECB,https://ec.europa.eu/eurostat/databrowser/view/irt_lt_mcby_m/default/table
1997-11-01,IT,Italy,57,Eurostat / ECB,https://ec.europa.eu/eurostat/databrowser/view/irt_lt_mcby_m/default/table
1997-12-01,IT,Italy,41,Eurostat / ECB,https://ec.europa.eu/eurostat/databrowser/view/irt_lt_mcby_m/default/table
1998-01-01,IT,Italy,32,Eurostat / ECB,https://ec.europa.eu/eurostat/databrowser/view/irt_lt_mcby_m/default/table
1998-02-01,IT,Italy,39,Eurostat / ECB,https://ec.europa.eu/eurostat/databrowser/view/irt_lt_mcby_m/default/table
1998-03-01,IT,Italy,30,Eurostat / ECB,https://ec.europa.eu/eurostat/databrowser/view/irt_lt_mcby_m/default/table
1998-04-01,IT,Italy,25,Eurostat / ECB,https://ec.europa.eu/eurostat/databrowser/view/irt_lt_mcby_m/default/table
1998-05-01,IT,Italy,25,Eurostat / ECB,https://ec.europa.eu/eurostat/databrowser/view/irt_lt_mcby_m/default/table
1998-06-01,IT,Italy,28,Eurostat / ECB,https://ec.europa.eu/eurostat/databrowser/view/irt_lt_mcby_m/default/table
1998-07-01,IT,Italy,29,Eurostat / ECB,https://ec.europa.eu/eurostat/databrowser/view/irt_lt_mcby_m/default/table
1998-08-01,IT,Italy,37,Eurostat / ECB,https://ec.europa.eu/eurostat/databrowser/view/irt_lt_mcby_m/default/table
1998-09-01,IT,Italy,47,Eurostat / ECB,https://ec.europa.eu/eurostat/databrowser/view/irt_lt_mcby_m/default/table
1998-10-01,IT,Italy,43,Eurostat / ECB,https://ec.europa.eu/eurostat/databrowser/view/irt_lt_mcby_m/default/table
1998-11-01,IT,Italy,26,Eurostat / ECB,https://ec.europa.eu/eurostat/databrowser/view/irt_lt_mcby_m/default/table
1998-12-01,IT,Italy,14,Eurostat / ECB,https://ec.europa.eu/eurostat/databrowser/view/irt_lt_mcby_m/default/table
1999-01-01,IT,Italy,22,Eurostat / ECB,https://ec.europa.eu/eurostat/databrowser/view/irt_lt_mcby_m/default/table
1999-02-01,IT,Italy,20,Eurostat / ECB,https://ec.europa.eu/eurostat/databrowser/view/irt_lt_mcby_m/default/table
1999-03-01,IT,Italy,23,Eurostat / ECB,https://ec.europa.eu/eurostat/databrowser/view/irt_lt_mcby_m/default/table
1999-04-01,IT,Italy,26,Eurostat / ECB,https://ec.europa.eu/eurostat/databrowser/view/irt_lt_mcby_m/default/table
1999-05-01,IT,Italy,27,Eurostat / ECB,https://ec.europa.eu/eurostat/databrowser/view/irt_lt_mcby_m/default/table
1999-06-01,IT,Italy,26,Eurostat / ECB,https://ec.europa.eu/eurostat/databrowser/view/irt_lt_mcby_m/default/table
1999-07-01,IT,Italy,26,Eurostat / ECB,https://ec.europa.eu/eurostat/databrowser/view/irt_lt_mcby_m/default/table
1999-08-01,IT,Italy,25,Eurostat / ECB,https://ec.europa.eu/eurostat/databrowser/view/irt_lt_mcby_m/default/table
1999-09-01,IT,Italy,24,Eurostat / ECB,https://ec.europa.eu/eurostat/databrowser/view/irt_lt_mcby_m/default/table
1999-10-01,IT,Italy,23,Eurostat / ECB,https://ec.europa.eu/eurostat/databrowser/view/irt_lt_mcby_m/default/table
1999-11-01,IT,Italy,21,Eurostat / ECB,https://ec.europa.eu/eurostat/databrowser/view/irt_lt_mcby_m/default/table
1999-12-01,IT,Italy,21,Eurostat / ECB,https://ec.europa.eu/eurostat/databrowser/view/irt_lt_mcby_m/default/table
2000-01-01,IT,Italy,21,Eurostat / ECB,https://ec.europa.eu/eurostat/databrowser/view/irt_lt_mcby_m/default/table
2000-02-01,IT,Italy,22,Eurostat / ECB,https://ec.europa.eu/eurostat/databrowser/view/irt_lt_mcby_m/default/table
2000-03-01,IT,Italy,25,Eurostat / ECB,https://ec.europa.eu/eurostat/databrowser/view/irt_lt_mcby_m/default/table
2000-04-01,IT,Italy,25,Eurostat / ECB,https://ec.europa.eu/eurostat/databrowser/view/irt_lt_mcby_m/default/table
2000-05-01,IT,Italy,29,Eurostat / ECB,https://ec.europa.eu/eurostat/databrowser/view/irt_lt_mcby_m/default/table
2000-06-01,IT,Italy,32,Eurostat / ECB,https://ec.europa.eu/eurostat/databrowser/view/irt_lt_mcby_m/default/table
2000-07-01,IT,Italy,32,Eurostat / ECB,https://ec.europa.eu/eurostat/databrowser/view/irt_lt_mcby_m/default/table
2000-08-01,IT,Italy,35,Eurostat / ECB,https://ec.europa.eu/eurostat/databrowser/view/irt_lt_mcby_m/default/table
2000-09-01,IT,Italy,37,Eurostat / ECB,https://ec.europa.eu/eurostat/databrowser/view/irt_lt_mcby_m/default/table
2000-10-01,IT,Italy,37,Eurostat / ECB,https://ec.europa.eu/eurostat/databrowser/view/irt_lt_mcby_m/default/table
2000-11-01,IT,Italy,40,Eurostat / ECB,https://ec.europa.eu/eurostat/databrowser/view/irt_lt_mcby_m/default/table
2000-12-01,IT,Italy,41,Eurostat / ECB,https://ec.europa.eu/eurostat/databrowser/view/irt_lt_mcby_m/default/table
2001-01-01,IT,Italy,38,Eurostat / ECB,https://ec.europa.eu/eurostat/databrowser/view/irt_lt_mcby_m/default/table
2001-02-01,IT,Italy,40,Eurostat / ECB,https://ec.europa.eu/eurostat/databrowser/view/irt_lt_mcby_m/default/table
2001-03-01,IT,Italy,46,Eurostat / ECB,https://ec.europa.eu/eurostat/databrowser/view/irt_lt_mcby_m/default/table
2001-04-01,IT,Italy,45,Eurostat / ECB,https://ec.europa.eu/eurostat/databrowser/view/irt_lt_mcby_m/default/table
2001-05-01,IT,Italy,40,Eurostat / ECB,https://ec.europa.eu/eurostat/databrowser/view/irt_lt_mcby_m/default/table
2001-06-01,IT,Italy,40,Eurostat / ECB,https://ec.europa.eu/eurostat/databrowser/view/irt_lt_mcby_m/default/table
2001-07-01,IT,Italy,40,Eurostat / ECB,https://ec.europa.eu/eurostat/databrowser/view/irt_lt_mcby_m/default/table
2001-08-01,IT,Italy,40,Eurostat / ECB,https://ec.europa.eu/eurostat/databrowser/view/irt_lt_mcby_m/default/table
2001-09-01,IT,Italy,39,Eurostat / ECB,https://ec.europa.eu/eurostat/databrowser/view/irt_lt_mcby_m/default/table
2001-10-01,IT,Italy,36,Eurostat / ECB,https://ec.europa.eu/eurostat/databrowser/view/irt_lt_mcby_m/default/table
2001-11-01,IT,Italy,35,Eurostat / ECB,https://ec.europa.eu/eurostat/databrowser/view/irt_lt_mcby_m/default/table
2001-12-01,IT,Italy,31,Eurostat / ECB,https://ec.europa.eu/eurostat/databrowser/view/irt_lt_mcby_m/default/table
2002-01-01,IT,Italy,28,Eurostat / ECB,https://ec.europa.eu/eurostat/databrowser/view/irt_lt_mcby_m/default/table
2002-02-01,IT,Italy,28,Eurostat / ECB,https://ec.europa.eu/eurostat/databrowser/view/irt_lt_mcby_m/default/table
2002-03-01,IT,Italy,25,Eurostat / ECB,https://ec.europa.eu/eurostat/databrowser/view/irt_lt_mcby_m/default/table
2002-04-01,IT,Italy,25,Eurostat / ECB,https://ec.europa.eu/eurostat/databrowser/view/irt_lt_mcby_m/default/table
2002-05-01,IT,Italy,24,Eurostat / ECB,https://ec.europa.eu/eurostat/databrowser/view/irt_lt_mcby_m/default/table
2002-06-01,IT,Italy,24,Eurostat / ECB,https://ec.europa.eu/eurostat/databrowser/view/irt_lt_mcby_m/default/table
2002-07-01,IT,Italy,24,Eurostat / ECB,https://ec.europa.eu/eurostat/databrowser/view/irt_lt_mcby_m/default/table
2002-08-01,IT,Italy,24,Eurostat / ECB,https://ec.europa.eu/eurostat/databrowser/view/irt_lt_mcby_m/default/table
2002-09-01,IT,Italy,24,Eurostat / ECB,https://ec.europa.eu/eurostat/databrowser/view/irt_lt_mcby_m/default/table
2002-10-01,IT,Italy,30,Eurostat / ECB,https://ec.europa.eu/eurostat/databrowser/view/irt_lt_mcby_m/default/table
2002-11-01,IT,Italy,26,Eurostat / ECB,https://ec.europa.eu/eurostat/databrowser/view/irt_lt_mcby_m/default/table
2002-12-01,IT,Italy,22,Eurostat / ECB,https://ec.europa.eu/eurostat/databrowser/view/irt_lt_mcby_m/default/table
2003-01-01,IT,Italy,20,Eurostat / ECB,https://ec.europa.eu/eurostat/databrowser/view/irt_lt_mcby_m/default/table
2003-02-01,IT,Italy,21,Eurostat / ECB,https://ec.europa.eu/eurostat/databrowser/view/irt_lt_mcby_m/default/table
2003-03-01,IT,Italy,19,Eurostat / ECB,https://ec.europa.eu/eurostat/databrowser/view/irt_lt_mcby_m/default/table
2003-04-01,IT,Italy,16,Eurostat / ECB,https://ec.europa.eu/eurostat/databrowser/view/irt_lt_mcby_m/default/table
2003-05-01,IT,Italy,22,Eurostat / ECB,https://ec.europa.eu/eurostat/databrowser/view/irt_lt_mcby_m/default/table
2003-06-01,IT,Italy,20,Eurostat / ECB,https://ec.europa.eu/eurostat/databrowser/view/irt_lt_mcby_m/default/table
2003-07-01,IT,Italy,16,Eurostat / ECB,https://ec.europa.eu/eurostat/databrowser/view/irt_lt_mcby_m/default/table
2003-08-01,IT,Italy,16,Eurostat / ECB,https://ec.europa.eu/eurostat/databrowser/view/irt_lt_mcby_m/default/table
2003-09-01,IT,Italy,14,Eurostat / ECB,https://ec.europa.eu/eurostat/databrowser/view/irt_lt_mcby_m/default/table
2003-10-01,IT,Italy,16,Eurostat / ECB,https://ec.europa.eu/eurostat/databrowser/view/irt_lt_mcby_m/default/table
2003-11-01,IT,Italy,16,Eurostat / ECB,https://ec.europa.eu/eurostat/databrowser/view/irt_lt_mcby_m/default/table
2003-12-01,IT,Italy,17,Eurostat / ECB,https://ec.europa.eu/eurostat/databrowser/view/irt_lt_mcby_m/default/table
2004-01-01,IT,Italy,15,Eurostat / ECB,https://ec.europa.eu/eurostat/databrowser/view/irt_lt_mcby_m/default/table
2004-02-01,IT,Italy,23,Eurostat / ECB,https://ec.europa.eu/eurostat/databrowser/view/irt_lt_mcby_m/default/table
2004-03-01,IT,Italy,26,Eurostat / ECB,https://ec.europa.eu/eurostat/databrowser/view/irt_lt_mcby_m/default/table
2004-04-01,IT,Italy,25,Eurostat / ECB,https://ec.europa.eu/eurostat/databrowser/view/irt_lt_mcby_m/default/table
2004-05-01,IT,Italy,24,Eurostat / ECB,https://ec.europa.eu/eurostat/databrowser/view/irt_lt_mcby_m/default/table
2004-06-01,IT,Italy,23,Eurostat / ECB,https://ec.europa.eu/eurostat/databrowser/view/irt_lt_mcby_m/default/table
2004-07-01,IT,Italy,20,Eurostat / ECB,https://ec.europa.eu/eurostat/databrowser/view/irt_lt_mcby_m/default/table
2004-08-01,IT,Italy,20,Eurostat / ECB,https://ec.europa.eu/eurostat/databrowser/view/irt_lt_mcby_m/default/table
2004-09-01,IT,Italy,23,Eurostat / ECB,https://ec.europa.eu/eurostat/databrowser/view/irt_lt_mcby_m/default/table
2004-10-01,IT,Italy,24,Eurostat / ECB,https://ec.europa.eu/eurostat/databrowser/view/irt_lt_mcby_m/default/table
2004-11-01,IT,Italy,22,Eurostat / ECB,https://ec.europa.eu/eurostat/databrowser/view/irt_lt_mcby_m/default/table
2004-12-01,IT,Italy,21,Eurostat / ECB,https://ec.europa.eu/eurostat/databrowser/view/irt_lt_mcby_m/default/table
2005-01-01,IT,Italy,15,Eurostat / ECB,https://ec.europa.eu/eurostat/databrowser/view/irt_lt_mcby_m/default/table
2005-02-01,IT,Italy,14,Eurostat / ECB,https://ec.europa.eu/eurostat/databrowser/view/irt_lt_mcby_m/default/table
2005-03-01,IT,Italy,14,Eurostat / ECB,https://ec.europa.eu/eurostat/databrowser/view/irt_lt_mcby_m/default/table
2005-04-01,IT,Italy,17,Eurostat / ECB,https://ec.europa.eu/eurostat/databrowser/view/irt_lt_mcby_m/default/table
2005-05-01,IT,Italy,25,Eurostat / ECB,https://ec.europa.eu/eurostat/databrowser/view/irt_lt_mcby_m/default/table
2005-06-01,IT,Italy,28,Eurostat / ECB,https://ec.europa.eu/eurostat/databrowser/view/irt_lt_mcby_m/default/table
2005-07-01,IT,Italy,24,Eurostat / ECB,https://ec.europa.eu/eurostat/databrowser/view/irt_lt_mcby_m/default/table
2005-08-01,IT,Italy,22,Eurostat / ECB,https://ec.europa.eu/eurostat/databrowser/view/irt_lt_mcby_m/default/table
2005-09-01,IT,Italy,22,Eurostat / ECB,https://ec.europa.eu/eurostat/databrowser/view/irt_lt_mcby_m/default/table
2005-10-01,IT,Italy,20,Eurostat / ECB,https://ec.europa.eu/eurostat/databrowser/view/irt_lt_mcby_m/default/table
2005-11-01,IT,Italy,21,Eurostat / ECB,https://ec.europa.eu/eurostat/databrowser/view/irt_lt_mcby_m/default/table
2005-12-01,IT,Italy,21,Eurostat / ECB,https://ec.europa.eu/eurostat/databrowser/view/irt_lt_mcby_m/default/table
2006-01-01,IT,Italy,22,Eurostat / ECB,https://ec.europa.eu/eurostat/databrowser/view/irt_lt_mcby_m/default/table
2006-02-01,IT,Italy,23,Eurostat / ECB,https://ec.europa.eu/eurostat/databrowser/view/irt_lt_mcby_m/default/table
2006-03-01,IT,Italy,28,Eurostat / ECB,https://ec.europa.eu/eurostat/databrowser/view/irt_lt_mcby_m/default/table
2006-04-01,IT,Italy,33,Eurostat / ECB,https://ec.europa.eu/eurostat/databrowser/view/irt_lt_mcby_m/default/table
2006-05-01,IT,Italy,33,Eurostat / ECB,https://ec.europa.eu/eurostat/databrowser/view/irt_lt_mcby_m/default/table
2006-06-01,IT,Italy,34,Eurostat / ECB,https://ec.europa.eu/eurostat/databrowser/view/irt_lt_mcby_m/default/table
2006-07-01,IT,Italy,30,Eurostat / ECB,https://ec.europa.eu/eurostat/databrowser/view/irt_lt_mcby_m/default/table
2006-08-01,IT,Italy,29,Eurostat / ECB,https://ec.europa.eu/eurostat/databrowser/view/irt_lt_mcby_m/default/table
2006-09-01,IT,Italy,29,Eurostat / ECB,https://ec.europa.eu/eurostat/databrowser/view/irt_lt_mcby_m/default/table
2006-10-01,IT,Italy,28,Eurostat / ECB,https://ec.europa.eu/eurostat/databrowser/view/irt_lt_mcby_m/default/table
2006-11-01,IT,Italy,26,Eurostat / ECB,https://ec.europa.eu/eurostat/databrowser/view/irt_lt_mcby_m/default/table
2006-12-01,IT,Italy,27,Eurostat / ECB,https://ec.europa.eu/eurostat/databrowser/view/irt_lt_mcby_m/default/table
2007-01-01,IT,Italy,24,Eurostat / ECB,https://ec.europa.eu/eurostat/databrowser/view/irt_lt_mcby_m/default/table
2007-02-01,IT,Italy,23,Eurostat / ECB,https://ec.europa.eu/eurostat/databrowser/view/irt_lt_mcby_m/default/table
2007-03-01,IT,Italy,24,Eurostat / ECB,https://ec.europa.eu/eurostat/databrowser/view/irt_lt_mcby_m/default/table
2007-04-01,IT,Italy,22,Eurostat / ECB,https://ec.europa.eu/eurostat/databrowser/view/irt_lt_mcby_m/default/table
2007-05-01,IT,Italy,21,Eurostat / ECB,https://ec.europa.eu/eurostat/databrowser/view/irt_lt_mcby_m/default/table
2007-06-01,IT,Italy,21,Eurostat / ECB,https://ec.europa.eu/eurostat/databrowser/view/irt_lt_mcby_m/default/table
2007-07-01,IT,Italy,26,Eurostat / ECB,https://ec.europa.eu/eurostat/databrowser/view/irt_lt_mcby_m/default/table
2007-08-01,IT,Italy,28,Eurostat / ECB,https://ec.europa.eu/eurostat/databrowser/view/irt_lt_mcby_m/default/table
2007-09-01,IT,Italy,35,Eurostat / ECB,https://ec.europa.eu/eurostat/databrowser/view/irt_lt_mcby_m/default/table
2007-10-01,IT,Italy,31,Eurostat / ECB,https://ec.europa.eu/eurostat/databrowser/view/irt_lt_mcby_m/default/table
2007-11-01,IT,Italy,36,Eurostat / ECB,https://ec.europa.eu/eurostat/databrowser/view/irt_lt_mcby_m/default/table
2007-12-01,IT,Italy,33,Eurostat / ECB,https://ec.europa.eu/eurostat/databrowser/view/irt_lt_mcby_m/default/table
2008-01-01,IT,Italy,37,Eurostat / ECB,https://ec.europa.eu/eurostat/databrowser/view/irt_lt_mcby_m/default/table
2008-02-01,IT,Italy,40,Eurostat / ECB,https://ec.europa.eu/eurostat/databrowser/view/irt_lt_mcby_m/default/table
2008-03-01,IT,Italy,58,Eurostat / ECB,https://ec.europa.eu/eurostat/databrowser/view/irt_lt_mcby_m/default/table
2008-04-01,IT,Italy,49,Eurostat / ECB,https://ec.europa.eu/eurostat/databrowser/view/irt_lt_mcby_m/default/table
2008-05-01,IT,Italy,50,Eurostat / ECB,https://ec.europa.eu/eurostat/databrowser/view/irt_lt_mcby_m/default/table
2008-06-01,IT,Italy,59,Eurostat / ECB,https://ec.europa.eu/eurostat/databrowser/view/irt_lt_mcby_m/default/table
2008-07-01,IT,Italy,61,Eurostat / ECB,https://ec.europa.eu/eurostat/databrowser/view/irt_lt_mcby_m/default/table
2008-08-01,IT,Italy,61,Eurostat / ECB,https://ec.europa.eu/eurostat/databrowser/view/irt_lt_mcby_m/default/table
2008-09-01,IT,Italy,71,Eurostat / ECB,https://ec.europa.eu/eurostat/databrowser/view/irt_lt_mcby_m/default/table
2008-10-01,IT,Italy,90,Eurostat / ECB,https://ec.europa.eu/eurostat/databrowser/view/irt_lt_mcby_m/default/table
2008-11-01,IT,Italy,118,Eurostat / ECB,https://ec.europa.eu/eurostat/databrowser/view/irt_lt_mcby_m/default/table
2008-12-01,IT,Italy,142,Eurostat / ECB,https://ec.europa.eu/eurostat/databrowser/view/irt_lt_mcby_m/default/table
2009-01-01,IT,Italy,155,Eurostat / ECB,https://ec.europa.eu/eurostat/databrowser/view/irt_lt_mcby_m/default/table
2009-02-01,IT,Italy,141,Eurostat / ECB,https://ec.europa.eu/eurostat/databrowser/view/irt_lt_mcby_m/default/table
2009-03-01,IT,Italy,144,Eurostat / ECB,https://ec.europa.eu/eurostat/databrowser/view/irt_lt_mcby_m/default/table
2009-04-01,IT,Italy,123,Eurostat / ECB,https://ec.europa.eu/eurostat/databrowser/view/irt_lt_mcby_m/default/table
2009-05-01,IT,Italy,105,Eurostat / ECB,https://ec.europa.eu/eurostat/databrowser/view/irt_lt_mcby_m/default/table
2009-06-01,IT,Italy,114,Eurostat / ECB,https://ec.europa.eu/eurostat/databrowser/view/irt_lt_mcby_m/default/table
2009-07-01,IT,Italy,103,Eurostat / ECB,https://ec.europa.eu/eurostat/databrowser/view/irt_lt_mcby_m/default/table
2009-08-01,IT,Italy,81,Eurostat / ECB,https://ec.europa.eu/eurostat/databrowser/view/irt_lt_mcby_m/default/table
2009-09-01,IT,Italy,83,Eurostat / ECB,https://ec.europa.eu/eurostat/databrowser/view/irt_lt_mcby_m/default/table
2009-10-01,IT,Italy,89,Eurostat / ECB,https://ec.europa.eu/eurostat/databrowser/view/irt_lt_mcby_m/default/table
2009-11-01,IT,Italy,84,Eurostat / ECB,https://ec.europa.eu/eurostat/databrowser/view/irt_lt_mcby_m/default/table
2009-12-01,IT,Italy,87,Eurostat / ECB,https://ec.europa.eu/eurostat/databrowser/view/irt_lt_mcby_m/default/table
2010-01-01,IT,Italy,82,Eurostat / ECB,https://ec.europa.eu/eurostat/databrowser/view/irt_lt_mcby_m/default/table
2010-02-01,IT,Italy,88,Eurostat / ECB,https://ec.europa.eu/eurostat/databrowser/view/irt_lt_mcby_m/default/table
2010-03-01,IT,Italy,85,Eurostat / ECB,https://ec.europa.eu/eurostat/databrowser/view/irt_lt_mcby_m/default/table
2010-04-01,IT,Italy,94,Eurostat / ECB,https://ec.europa.eu/eurostat/databrowser/view/irt_lt_mcby_m/default/table
2010-05-01,IT,Italy,126,Eurostat / ECB,https://ec.europa.eu/eurostat/databrowser/view/irt_lt_mcby_m/default/table
2010-06-01,IT,Italy,156,Eurostat / ECB,https://ec.europa.eu/eurostat/databrowser/view/irt_lt_mcby_m/default/table
2010-07-01,IT,Italy,141,Eurostat / ECB,https://ec.europa.eu/eurostat/databrowser/view/irt_lt_mcby_m/default/table
2010-08-01,IT,Italy,145,Eurostat / ECB,https://ec.europa.eu/eurostat/databrowser/view/irt_lt_mcby_m/default/table
2010-09-01,IT,Italy,156,Eurostat / ECB,https://ec.europa.eu/eurostat/databrowser/view/irt_lt_mcby_m/default/table
2010-10-01,IT,Italy,145,Eurostat / ECB,https://ec.europa.eu/eurostat/databrowser/view/irt_lt_mcby_m/default/table
2010-11-01,IT,Italy,165,Eurostat / ECB,https://ec.europa.eu/eurostat/databrowser/view/irt_lt_mcby_m/default/table
2010-12-01,IT,Italy,169,Eurostat / ECB,https://ec.europa.eu/eurostat/databrowser/view/irt_lt_mcby_m/default/table
2011-01-01,IT,Italy,171,Eurostat / ECB,https://ec.europa.eu/eurostat/databrowser/view/irt_lt_mcby_m/default/table
2011-02-01,IT,Italy,154,Eurostat / ECB,https://ec.europa.eu/eurostat/databrowser/view/irt_lt_mcby_m/default/table
2011-03-01,IT,Italy,167,Eurostat / ECB,https://ec.europa.eu/eurostat/databrowser/view/irt_lt_mcby_m/default/table
2011-04-01,IT,Italy,150,Eurostat / ECB,https://ec.europa.eu/eurostat/databrowser/view/irt_lt_mcby_m/default/table
2011-05-01,IT,Italy,170,Eurostat / ECB,https://ec.europa.eu/eurostat/databrowser/view/irt_lt_mcby_m/default/table
2011-06-01,IT,Italy,193,Eurostat / ECB,https://ec.europa.eu/eurostat/databrowser/view/irt_lt_mcby_m/default/table
2011-07-01,IT,Italy,272,Eurostat / ECB,https://ec.europa.eu/eurostat/databrowser/view/irt_lt_mcby_m/default/table
2011-08-01,IT,Italy,306,Eurostat / ECB,https://ec.europa.eu/eurostat/databrowser/view/irt_lt_mcby_m/default/table
2011-09-01,IT,Italy,392,Eurostat / ECB,https://ec.europa.eu/eurostat/databrowser/view/irt_lt_mcby_m/default/table
2011-10-01,IT,Italy,397,Eurostat / ECB,https://ec.europa.eu/eurostat/databrowser/view/irt_lt_mcby_m/default/table
2011-11-01,IT,Italy,519,Eurostat / ECB,https://ec.europa.eu/eurostat/databrowser/view/irt_lt_mcby_m/default/table
2011-12-01,IT,Italy,488,Eurostat / ECB,https://ec.europa.eu/eurostat/databrowser/view/irt_lt_mcby_m/default/table
2012-01-01,IT,Italy,472,Eurostat / ECB,https://ec.europa.eu/eurostat/databrowser/view/irt_lt_mcby_m/default/table
2012-02-01,IT,Italy,370,Eurostat / ECB,https://ec.europa.eu/eurostat/databrowser/view/irt_lt_mcby_m/default/table
2012-03-01,IT,Italy,322,Eurostat / ECB,https://ec.europa.eu/eurostat/databrowser/view/irt_lt_mcby_m/default/table
2012-04-01,IT,Italy,406,Eurostat / ECB,https://ec.europa.eu/eurostat/databrowser/view/irt_lt_mcby_m/default/table
2012-05-01,IT,Italy,444,Eurostat / ECB,https://ec.europa.eu/eurostat/databrowser/view/irt_lt_mcby_m/default/table
2012-06-01,IT,Italy,460,Eurostat / ECB,https://ec.europa.eu/eurostat/databrowser/view/irt_lt_mcby_m/default/table
2012-07-01,IT,Italy,476,Eurostat / ECB,https://ec.europa.eu/eurostat/databrowser/view/irt_lt_mcby_m/default/table
2012-08-01,IT,Italy,448,Eurostat / ECB,https://ec.europa.eu/eurostat/databrowser/view/irt_lt_mcby_m/default/table
2012-09-01,IT,Italy,376,Eurostat / ECB,https://ec.europa.eu/eurostat/databrowser/view/irt_lt_mcby_m/default/table
2012-10-01,IT,Italy,348,Eurostat / ECB,https://ec.europa.eu/eurostat/databrowser/view/irt_lt_mcby_m/default/table
2012-11-01,IT,Italy,351,Eurostat / ECB,https://ec.europa.eu/eurostat/databrowser/view/irt_lt_mcby_m/default/table
2012-12-01,IT,Italy,324,Eurostat / ECB,https://ec.europa.eu/eurostat/databrowser/view/irt_lt_mcby_m/default/table
2013-01-01,IT,Italy,270,Eurostat / ECB,https://ec.europa.eu/eurostat/databrowser/view/irt_lt_mcby_m/default/table
2013-02-01,IT,Italy,295,Eurostat / ECB,https://ec.europa.eu/eurostat/databrowser/view/irt_lt_mcby_m/default/table
2013-03-01,IT,Italy,329,Eurostat / ECB,https://ec.europa.eu/eurostat/databrowser/view/irt_lt_mcby_m/default/table
2013-04-01,IT,Italy,308,Eurostat / ECB,https://ec.europa.eu/eurostat/databrowser/view/irt_lt_mcby_m/default/table
2013-05-01,IT,Italy,267,Eurostat / ECB,https://ec.europa.eu/eurostat/databrowser/view/irt_lt_mcby_m/default/table
2013-06-01,IT,Italy,285,Eurostat / ECB,https://ec.europa.eu/eurostat/databrowser/view/irt_lt_mcby_m/default/table
2013-07-01,IT,Italy,286,Eurostat / ECB,https://ec.europa.eu/eurostat/databrowser/view/irt_lt_mcby_m/default/table
2013-08-01,IT,Italy,269,Eurostat / ECB,https://ec.europa.eu/eurostat/databrowser/view/irt_lt_mcby_m/default/table
2013-09-01,IT,Italy,265,Eurostat / ECB,https://ec.europa.eu/eurostat/databrowser/view/irt_lt_mcby_m/default/table
2013-10-01,IT,Italy,249,Eurostat / ECB,https://ec.europa.eu/eurostat/databrowser/view/irt_lt_mcby_m/default/table
2013-11-01,IT,Italy,242,Eurostat / ECB,https://ec.europa.eu/eurostat/databrowser/view/irt_lt_mcby_m/default/table
2013-12-01,IT,Italy,231,Eurostat / ECB,https://ec.europa.eu/eurostat/databrowser/view/irt_lt_mcby_m/default/table
2014-01-01,IT,Italy,211,Eurostat / ECB,https://ec.europa.eu/eurostat/databrowser/view/irt_lt_mcby_m/default/table
2014-02-01,IT,Italy,209,Eurostat / ECB,https://ec.europa.eu/eurostat/databrowser/view/irt_lt_mcby_m/default/table
2014-03-01,IT,Italy,189,Eurostat / ECB,https://ec.europa.eu/eurostat/databrowser/view/irt_lt_mcby_m/default/table
2014-04-01,IT,Italy,177,Eurostat / ECB,https://ec.europa.eu/eurostat/databrowser/view/irt_lt_mcby_m/default/table
2014-05-01,IT,Italy,179,Eurostat / ECB,https://ec.europa.eu/eurostat/databrowser/view/irt_lt_mcby_m/default/table
2014-06-01,IT,Italy,166,Eurostat / ECB,https://ec.europa.eu/eurostat/databrowser/view/irt_lt_mcby_m/default/table
2014-07-01,IT,Italy,168,Eurostat / ECB,https://ec.europa.eu/eurostat/databrowser/view/irt_lt_mcby_m/default/table
2014-08-01,IT,Italy,168,Eurostat / ECB,https://ec.europa.eu/eurostat/databrowser/view/irt_lt_mcby_m/default/table
2014-09-01,IT,Italy,148,Eurostat / ECB,https://ec.europa.eu/eurostat/databrowser/view/irt_lt_mcby_m/default/table
2014-10-01,IT,Italy,163,Eurostat / ECB,https://ec.europa.eu/eurostat/databrowser/view/irt_lt_mcby_m/default/table
2014-11-01,IT,Italy,157,Eurostat / ECB,https://ec.europa.eu/eurostat/databrowser/view/irt_lt_mcby_m/default/table
2014-12-01,IT,Italy,140,Eurostat / ECB,https://ec.europa.eu/eurostat/databrowser/view/irt_lt_mcby_m/default/table
2015-01-01,IT,Italy,131,Eurostat / ECB,https://ec.europa.eu/eurostat/databrowser/view/irt_lt_mcby_m/default/table
2015-02-01,IT,Italy,126,Eurostat / ECB,https://ec.europa.eu/eurostat/databrowser/view/irt_lt_mcby_m/default/table
2015-03-01,IT,Italy,106,Eurostat / ECB,https://ec.europa.eu/eurostat/databrowser/view/irt_lt_mcby_m/default/table
2015-04-01,IT,Italy,124,Eurostat / ECB,https://ec.europa.eu/eurostat/databrowser/view/irt_lt_mcby_m/default/table
2015-05-01,IT,Italy,125,Eurostat / ECB,https://ec.europa.eu/eurostat/databrowser/view/irt_lt_mcby_m/default/table
2015-06-01,IT,Italy,141,Eurostat / ECB,https://ec.europa.eu/eurostat/databrowser/view/irt_lt_mcby_m/default/table
2015-07-01,IT,Italy,133,Eurostat / ECB,https://ec.europa.eu/eurostat/databrowser/view/irt_lt_mcby_m/default/table
2015-08-01,IT,Italy,123,Eurostat / ECB,https://ec.europa.eu/eurostat/databrowser/view/irt_lt_mcby_m/default/table
2015-09-01,IT,Italy,127,Eurostat / ECB,https://ec.europa.eu/eurostat/databrowser/view/irt_lt_mcby_m/default/table
2015-10-01,IT,Italy,118,Eurostat / ECB,https://ec.europa.eu/eurostat/databrowser/view/irt_lt_mcby_m/default/table
2015-11-01,IT,Italy,105,Eurostat / ECB,https://ec.europa.eu/eurostat/databrowser/view/irt_lt_mcby_m/default/table
2015-12-01,IT,Italy,103,Eurostat / ECB,https://ec.europa.eu/eurostat/databrowser/view/irt_lt_mcby_m/default/table
2016-01-01,IT,Italy,110,Eurostat / ECB,https://ec.europa.eu/eurostat/databrowser/view/irt_lt_mcby_m/default/table
2016-02-01,IT,Italy,139,Eurostat / ECB,https://ec.europa.eu/eurostat/databrowser/view/irt_lt_mcby_m/default/table
2016-03-01,IT,Italy,121,Eurostat / ECB,https://ec.europa.eu/eurostat/databrowser/view/irt_lt_mcby_m/default/table
2016-04-01,IT,Italy,131,Eurostat / ECB,https://ec.europa.eu/eurostat/databrowser/view/irt_lt_mcby_m/default/table
2016-05-01,IT,Italy,140,Eurostat / ECB,https://ec.europa.eu/eurostat/databrowser/view/irt_lt_mcby_m/default/table
2016-06-01,IT,Italy,147,Eurostat / ECB,https://ec.europa.eu/eurostat/databrowser/view/irt_lt_mcby_m/default/table
2016-07-01,IT,Italy,138,Eurostat / ECB,https://ec.europa.eu/eurostat/databrowser/view/irt_lt_mcby_m/default/table
2016-08-01,IT,Italy,131,Eurostat / ECB,https://ec.europa.eu/eurostat/databrowser/view/irt_lt_mcby_m/default/table
2016-09-01,IT,Italy,136,Eurostat / ECB,https://ec.europa.eu/eurostat/databrowser/view/irt_lt_mcby_m/default/table
2016-10-01,IT,Italy,145,Eurostat / ECB,https://ec.europa.eu/eurostat/databrowser/view/irt_lt_mcby_m/default/table
2016-11-01,IT,Italy,175,Eurostat / ECB,https://ec.europa.eu/eurostat/databrowser/view/irt_lt_mcby_m/default/table
2016-12-01,IT,Italy,164,Eurostat / ECB,https://ec.europa.eu/eurostat/databrowser/view/irt_lt_mcby_m/default/table
2017-01-01,IT,Italy,174,Eurostat / ECB,https://ec.europa.eu/eurostat/databrowser/view/irt_lt_mcby_m/default/table
2017-02-01,IT,Italy,209,Eurostat / ECB,https://ec.europa.eu/eurostat/databrowser/view/irt_lt_mcby_m/default/table
2017-03-01,IT,Italy,205,Eurostat / ECB,https://ec.europa.eu/eurostat/databrowser/view/irt_lt_mcby_m/default/table
2017-04-01,IT,Italy,204,Eurostat / ECB,https://ec.europa.eu/eurostat/databrowser/view/irt_lt_mcby_m/default/table
2017-05-01,IT,Italy,185,Eurostat / ECB,https://ec.europa.eu/eurostat/databrowser/view/irt_lt_mcby_m/default/table
2017-06-01,IT,Italy,180,Eurostat / ECB,https://ec.europa.eu/eurostat/databrowser/view/irt_lt_mcby_m/default/table
2017-07-01,IT,Italy,177,Eurostat / ECB,https://ec.europa.eu/eurostat/databrowser/view/irt_lt_mcby_m/default/table
2017-08-01,IT,Italy,176,Eurostat / ECB,https://ec.europa.eu/eurostat/databrowser/view/irt_lt_mcby_m/default/table
2017-09-01,IT,Italy,176,Eurostat / ECB,https://ec.europa.eu/eurostat/databrowser/view/irt_lt_mcby_m/default/table
2017-10-01,IT,Italy,170,Eurostat / ECB,https://ec.europa.eu/eurostat/databrowser/view/irt_lt_mcby_m/default/table
2017-11-01,IT,Italy,148,Eurostat / ECB,https://ec.europa.eu/eurostat/databrowser/view/irt_lt_mcby_m/default/table
2017-12-01,IT,Italy,150,Eurostat / ECB,https://ec.europa.eu/eurostat/databrowser/view/irt_lt_mcby_m/default/table
2018-01-01,IT,Italy,151,Eurostat / ECB,https://ec.europa.eu/eurostat/databrowser/view/irt_lt_mcby_m/default/table
2018-02-01,IT,Italy,142,Eurostat / ECB,https://ec.europa.eu/eurostat/databrowser/view/irt_lt_mcby_m/default/table
2018-03-01,IT,Italy,144,Eurostat / ECB,https://ec.europa.eu/eurostat/databrowser/view/irt_lt_mcby_m/default/table
2018-04-01,IT,Italy,129,Eurostat / ECB,https://ec.europa.eu/eurostat/databrowser/view/irt_lt_mcby_m/default/table
2018-05-01,IT,Italy,173,Eurostat / ECB,https://ec.europa.eu/eurostat/databrowser/view/irt_lt_mcby_m/default/table
2018-06-01,IT,Italy,241,Eurostat / ECB,https://ec.europa.eu/eurostat/databrowser/view/irt_lt_mcby_m/default/table
2018-07-01,IT,Italy,236,Eurostat / ECB,https://ec.europa.eu/eurostat/databrowser/view/irt_lt_mcby_m/default/table
2018-08-01,IT,Italy,287,Eurostat / ECB,https://ec.europa.eu/eurostat/databrowser/view/irt_lt_mcby_m/default/table
2018-09-01,IT,Italy,259,Eurostat / ECB,https://ec.europa.eu/eurostat/databrowser/view/irt_lt_mcby_m/default/table
2018-10-01,IT,Italy,307,Eurostat / ECB,https://ec.europa.eu/eurostat/databrowser/view/irt_lt_mcby_m/default/table
2018-11-01,IT,Italy,308,Eurostat / ECB,https://ec.europa.eu/eurostat/databrowser/view/irt_lt_mcby_m/default/table
2018-12-01,IT,Italy,279,Eurostat / ECB,https://ec.europa.eu/eurostat/databrowser/view/irt_lt_mcby_m/default/table
2019-01-01,IT,Italy,264,Eurostat / ECB,https://ec.europa.eu/eurostat/databrowser/view/irt_lt_mcby_m/default/table
2019-02-01,IT,Italy,275,Eurostat / ECB,https://ec.europa.eu/eurostat/databrowser/view/irt_lt_mcby_m/default/table
2019-03-01,IT,Italy,268,Eurostat / ECB,https://ec.europa.eu/eurostat/databrowser/view/irt_lt_mcby_m/default/table
2019-04-01,IT,Italy,266,Eurostat / ECB,https://ec.europa.eu/eurostat/databrowser/view/irt_lt_mcby_m/default/table
2019-05-01,IT,Italy,277,Eurostat / ECB,https://ec.europa.eu/eurostat/databrowser/view/irt_lt_mcby_m/default/table
2019-06-01,IT,Italy,259,Eurostat / ECB,https://ec.europa.eu/eurostat/databrowser/view/irt_lt_mcby_m/default/table
2019-07-01,IT,Italy,204,Eurostat / ECB,https://ec.europa.eu/eurostat/databrowser/view/irt_lt_mcby_m/default/table
2019-08-01,IT,Italy,205,Eurostat / ECB,https://ec.europa.eu/eurostat/databrowser/view/irt_lt_mcby_m/default/table
2019-09-01,IT,Italy,149,Eurostat / ECB,https://ec.europa.eu/eurostat/databrowser/view/irt_lt_mcby_m/default/table
2019-10-01,IT,Italy,147,Eurostat / ECB,https://ec.europa.eu/eurostat/databrowser/view/irt_lt_mcby_m/default/table
2019-11-01,IT,Italy,162,Eurostat / ECB,https://ec.europa.eu/eurostat/databrowser/view/irt_lt_mcby_m/default/table
2019-12-01,IT,Italy,167,Eurostat / ECB,https://ec.europa.eu/eurostat/databrowser/view/irt_lt_mcby_m/default/table
2020-01-01,IT,Italy,159,Eurostat / ECB,https://ec.europa.eu/eurostat/databrowser/view/irt_lt_mcby_m/default/table
2020-02-01,IT,Italy,143,Eurostat / ECB,https://ec.europa.eu/eurostat/databrowser/view/irt_lt_mcby_m/default/table
2020-03-01,IT,Italy,209,Eurostat / ECB,https://ec.europa.eu/eurostat/databrowser/view/irt_lt_mcby_m/default/table
2020-04-01,IT,Italy,225,Eurostat / ECB,https://ec.europa.eu/eurostat/databrowser/view/irt_lt_mcby_m/default/table
2020-05-01,IT,Italy,228,Eurostat / ECB,https://ec.europa.eu/eurostat/databrowser/view/irt_lt_mcby_m/default/table
2020-06-01,IT,Italy,189,Eurostat / ECB,https://ec.europa.eu/eurostat/databrowser/view/irt_lt_mcby_m/default/table
2020-07-01,IT,Italy,172,Eurostat / ECB,https://ec.europa.eu/eurostat/databrowser/view/irt_lt_mcby_m/default/table
2020-08-01,IT,Italy,155,Eurostat / ECB,https://ec.europa.eu/eurostat/databrowser/view/irt_lt_mcby_m/default/table
2020-09-01,IT,Italy,150,Eurostat / ECB,https://ec.europa.eu/eurostat/databrowser/view/irt_lt_mcby_m/default/table
2020-10-01,IT,Italy,138,Eurostat / ECB,https://ec.europa.eu/eurostat/databrowser/view/irt_lt_mcby_m/default/table
2020-11-01,IT,Italy,127,Eurostat / ECB,https://ec.europa.eu/eurostat/databrowser/view/irt_lt_mcby_m/default/table
2020-12-01,IT,Italy,120,Eurostat / ECB,https://ec.europa.eu/eurostat/databrowser/view/irt_lt_mcby_m/default/table
2021-01-01,IT,Italy,120,Eurostat / ECB,https://ec.europa.eu/eurostat/databrowser/view/irt_lt_mcby_m/default/table
2021-02-01,IT,Italy,104,Eurostat / ECB,https://ec.europa.eu/eurostat/databrowser/view/irt_lt_mcby_m/default/table
2021-03-01,IT,Italy,106,Eurostat / ECB,https://ec.europa.eu/eurostat/databrowser/view/irt_lt_mcby_m/default/table
2021-04-01,IT,Italy,113,Eurostat / ECB,https://ec.europa.eu/eurostat/databrowser/view/irt_lt_mcby_m/default/table
2021-05-01,IT,Italy,120,Eurostat / ECB,https://ec.europa.eu/eurostat/databrowser/view/irt_lt_mcby_m/default/table
2021-06-01,IT,Italy,117,Eurostat / ECB,https://ec.europa.eu/eurostat/databrowser/view/irt_lt_mcby_m/default/table
2021-07-01,IT,Italy,120,Eurostat / ECB,https://ec.europa.eu/eurostat/databrowser/view/irt_lt_mcby_m/default/table
2021-08-01,IT,Italy,117,Eurostat / ECB,https://ec.europa.eu/eurostat/databrowser/view/irt_lt_mcby_m/default/table
2021-09-01,IT,Italy,114,Eurostat / ECB,https://ec.europa.eu/eurostat/databrowser/view/irt_lt_mcby_m/default/table
2021-10-01,IT,Italy,117,Eurostat / ECB,https://ec.europa.eu/eurostat/databrowser/view/irt_lt_mcby_m/default/table
2021-11-01,IT,Italy,132,Eurostat / ECB,https://ec.europa.eu/eurostat/databrowser/view/irt_lt_mcby_m/default/table
2021-12-01,IT,Italy,143,Eurostat / ECB,https://ec.europa.eu/eurostat/databrowser/view/irt_lt_mcby_m/default/table
2022-01-01,IT,Italy,147,Eurostat / ECB,https://ec.europa.eu/eurostat/databrowser/view/irt_lt_mcby_m/default/table
2022-02-01,IT,Italy,164,Eurostat / ECB,https://ec.europa.eu/eurostat/databrowser/view/irt_lt_mcby_m/default/table
2022-03-01,IT,Italy,157,Eurostat / ECB,https://ec.europa.eu/eurostat/databrowser/view/irt_lt_mcby_m/default/table
2022-04-01,IT,Italy,169,Eurostat / ECB,https://ec.europa.eu/eurostat/databrowser/view/irt_lt_mcby_m/default/table
2022-05-01,IT,Italy,204,Eurostat / ECB,https://ec.europa.eu/eurostat/databrowser/view/irt_lt_mcby_m/default/table
2022-06-01,IT,Italy,219,Eurostat / ECB,https://ec.europa.eu/eurostat/databrowser/view/irt_lt_mcby_m/default/table
2022-07-01,IT,Italy,228,Eurostat / ECB,https://ec.europa.eu/eurostat/databrowser/view/irt_lt_mcby_m/default/table
2022-08-01,IT,Italy,227,Eurostat / ECB,https://ec.europa.eu/eurostat/databrowser/view/irt_lt_mcby_m/default/table
2022-09-01,IT,Italy,234,Eurostat / ECB,https://ec.europa.eu/eurostat/databrowser/view/irt_lt_mcby_m/default/table
2022-10-01,IT,Italy,234,Eurostat / ECB,https://ec.europa.eu/eurostat/databrowser/view/irt_lt_mcby_m/default/table
2022-11-01,IT,Italy,217,Eurostat / ECB,https://ec.europa.eu/eurostat/databrowser/view/irt_lt_mcby_m/default/table
2022-12-01,IT,Italy,217,Eurostat / ECB,https://ec.europa.eu/eurostat/databrowser/view/irt_lt_mcby_m/default/table
2023-01-01,IT,Italy,205,Eurostat / ECB,https://ec.europa.eu/eurostat/databrowser/view/irt_lt_mcby_m/default/table
2023-02-01,IT,Italy,190,Eurostat / ECB,https://ec.europa.eu/eurostat/databrowser/view/irt_lt_mcby_m/default/table
2023-03-01,IT,Italy,186,Eurostat / ECB,https://ec.europa.eu/eurostat/databrowser/view/irt_lt_mcby_m/default/table
2023-04-01,IT,Italy,187,Eurostat / ECB,https://ec.europa.eu/eurostat/databrowser/view/irt_lt_mcby_m/default/table
2023-05-01,IT,Italy,197,Eurostat / ECB,https://ec.europa.eu/eurostat/databrowser/view/irt_lt_mcby_m/default/table
2023-06-01,IT,Italy,169,Eurostat / ECB,https://ec.europa.eu/eurostat/databrowser/view/irt_lt_mcby_m/default/table
2023-07-01,IT,Italy,170,Eurostat / ECB,https://ec.europa.eu/eurostat/databrowser/view/irt_lt_mcby_m/default/table
2023-08-01,IT,Italy,167,Eurostat / ECB,https://ec.europa.eu/eurostat/databrowser/view/irt_lt_mcby_m/default/table
2023-09-01,IT,Italy,185,Eurostat / ECB,https://ec.europa.eu/eurostat/databrowser/view/irt_lt_mcby_m/default/table
2023-10-01,IT,Italy,207,Eurostat / ECB,https://ec.europa.eu/eurostat/databrowser/view/irt_lt_mcby_m/default/table
2023-11-01,IT,Italy,183,Eurostat / ECB,https://ec.europa.eu/eurostat/databrowser/view/irt_lt_mcby_m/default/table
2023-12-01,IT,Italy,172,Eurostat / ECB,https://ec.europa.eu/eurostat/databrowser/view/irt_lt_mcby_m/default/table
2024-01-01,IT,Italy,163,Eurostat / ECB,https://ec.europa.eu/eurostat/databrowser/view/irt_lt_mcby_m/default/table
2024-02-01,IT,Italy,154,Eurostat / ECB,https://ec.europa.eu/eurostat/databrowser/view/irt_lt_mcby_m/default/table
2024-03-01,IT,Italy,135,Eurostat / ECB,https://ec.europa.eu/eurostat/databrowser/view/irt_lt_mcby_m/default/table
2024-04-01,IT,Italy,141,Eurostat / ECB,https://ec.europa.eu/eurostat/databrowser/view/irt_lt_mcby_m/default/table
2024-05-01,IT,Italy,132,Eurostat / ECB,https://ec.europa.eu/eurostat/databrowser/view/irt_lt_mcby_m/default/table
2024-06-01,IT,Italy,146,Eurostat / ECB,https://ec.europa.eu/eurostat/databrowser/view/irt_lt_mcby_m/default/table
2024-07-01,IT,Italy,137,Eurostat / ECB,https://ec.europa.eu/eurostat/databrowser/view/irt_lt_mcby_m/default/table
2024-08-01,IT,Italy,147,Eurostat / ECB,https://ec.europa.eu/eurostat/databrowser/view/irt_lt_mcby_m/default/table
2024-09-01,IT,Italy,140,Eurostat / ECB,https://ec.europa.eu/eurostat/databrowser/view/irt_lt_mcby_m/default/table
2024-10-01,IT,Italy,127,Eurostat / ECB,https://ec.europa.eu/eurostat/databrowser/view/irt_lt_mcby_m/default/table
2024-11-01,IT,Italy,126,Eurostat / ECB,https://ec.europa.eu/eurostat/databrowser/view/irt_lt_mcby_m/default/table
2024-12-01,IT,Italy,114,Eurostat / ECB,https://ec.europa.eu/eurostat/databrowser/view/irt_lt_mcby_m/default/table
2025-01-01,IT,Italy,119.2,Eurostat / ECB,https://ec.europa.eu/eurostat/databrowser/view/irt_lt_mcby_m/default/table
2025-02-01,IT,Italy,117,Eurostat / ECB,https://ec.europa.eu/eurostat/databrowser/view/irt_lt_mcby_m/default/table
2025-03-01,IT,Italy,114.6,Eurostat / ECB,https://ec.europa.eu/eurostat/databrowser/view/irt_lt_mcby_m/default/table
2025-04-01,IT,Italy,120,Eurostat / ECB,https://ec.europa.eu/eurostat/databrowser/view/irt_lt_mcby_m/default/table
2025-05-01,IT,Italy,107,Eurostat / ECB,https://ec.europa.eu/eurostat/databrowser/view/irt_lt_mcby_m/default/table
2025-06-01,IT,Italy,98,Eurostat / ECB,https://ec.europa.eu/eurostat/databrowser/view/irt_lt_mcby_m/default/table
2025-07-01,IT,Italy,91,Eurostat / ECB,https://ec.europa.eu/eurostat/databrowser/view/irt_lt_mcby_m/default/table
2025-08-01,IT,Italy,86.8,Eurostat / ECB,https://ec.europa.eu/eurostat/databrowser/view/irt_lt_mcby_m/default/table
2025-09-01,IT,Italy,87,Eurostat / ECB,https://ec.europa.eu/eurostat/databrowser/view/irt_lt_mcby_m/default/table
2025-10-01,IT,Italy,82.5,Eurostat / ECB,https://ec.europa.eu/eurostat/databrowser/view/irt_lt_mcby_m/default/table
2025-11-01,IT,Italy,80.2,Eurostat / ECB,https://ec.europa.eu/eurostat/databrowser/view/irt_lt_mcby_m/default/table
2025-12-01,IT,Italy,73.9,Eurostat / ECB,https://ec.europa.eu/eurostat/databrowser/view/irt_lt_mcby_m/default/table
2026-01-01,IT,Italy,68.5,Eurostat / ECB,https://ec.europa.eu/eurostat/databrowser/view/irt_lt_mcby_m/default/table
2026-02-01,IT,Italy,64.4,Eurostat / ECB,https://ec.europa.eu/eurostat/databrowser/view/irt_lt_mcby_m/default/table
2026-03-01,IT,Italy,82.3,Eurostat / ECB,https://ec.europa.eu/eurostat/databrowser/view/irt_lt_mcby_m/default/table
2026-04-01,IT,Italy,81.8,Eurostat / ECB,https://ec.europa.eu/eurostat/databrowser/view/irt_lt_mcby_m/default/table
2026-05-01,IT,Italy,79.4,Eurostat / ECB,https://ec.europa.eu/eurostat/databrowser/view/irt_lt_mcby_m/default/table
2026-06-01,IT,Italy,77,Eurostat / ECB,https://ec.europa.eu/eurostat/databrowser/view/irt_lt_mcby_m/default/table
2026-07-01,IT,Italy,81.1,Eurostat / ECB,https://ec.europa.eu/eurostat/databrowser/view/irt_lt_mcby_m/default/table
1990-01-01,ES,Spain,679,Eurostat / ECB,https://ec.europa.eu/eurostat/databrowser/view/irt_lt_mcby_m/default/table
1990-02-01,ES,Spain,604,Eurostat / ECB,https://ec.europa.eu/eurostat/databrowser/view/irt_lt_mcby_m/default/table
1990-03-01,ES,Spain,621,Eurostat / ECB,https://ec.europa.eu/eurostat/databrowser/view/irt_lt_mcby_m/default/table
1990-04-01,ES,Spain,603,Eurostat / ECB,https://ec.europa.eu/eurostat/databrowser/view/irt_lt_mcby_m/default/table
1990-05-01,ES,Spain,592,Eurostat / ECB,https://ec.europa.eu/eurostat/databrowser/view/irt_lt_mcby_m/default/table
1990-06-01,ES,Spain,566,Eurostat / ECB,https://ec.europa.eu/eurostat/databrowser/view/irt_lt_mcby_m/default/table
1990-07-01,ES,Spain,591,Eurostat / ECB,https://ec.europa.eu/eurostat/databrowser/view/irt_lt_mcby_m/default/table
1990-08-01,ES,Spain,567,Eurostat / ECB,https://ec.europa.eu/eurostat/databrowser/view/irt_lt_mcby_m/default/table
1990-09-01,ES,Spain,604,Eurostat / ECB,https://ec.europa.eu/eurostat/databrowser/view/irt_lt_mcby_m/default/table
1990-10-01,ES,Spain,580,Eurostat / ECB,https://ec.europa.eu/eurostat/databrowser/view/irt_lt_mcby_m/default/table
1990-11-01,ES,Spain,566,Eurostat / ECB,https://ec.europa.eu/eurostat/databrowser/view/irt_lt_mcby_m/default/table
1990-12-01,ES,Spain,570,Eurostat / ECB,https://ec.europa.eu/eurostat/databrowser/view/irt_lt_mcby_m/default/table
1991-01-01,ES,Spain,559,Eurostat / ECB,https://ec.europa.eu/eurostat/databrowser/view/irt_lt_mcby_m/default/table
1991-02-01,ES,Spain,578,Eurostat / ECB,https://ec.europa.eu/eurostat/databrowser/view/irt_lt_mcby_m/default/table
1991-03-01,ES,Spain,472,Eurostat / ECB,https://ec.europa.eu/eurostat/databrowser/view/irt_lt_mcby_m/default/table
1991-04-01,ES,Spain,417,Eurostat / ECB,https://ec.europa.eu/eurostat/databrowser/view/irt_lt_mcby_m/default/table
1991-05-01,ES,Spain,346,Eurostat / ECB,https://ec.europa.eu/eurostat/databrowser/view/irt_lt_mcby_m/default/table
1991-06-01,ES,Spain,351,Eurostat / ECB,https://ec.europa.eu/eurostat/databrowser/view/irt_lt_mcby_m/default/table
1991-07-01,ES,Spain,352,Eurostat / ECB,https://ec.europa.eu/eurostat/databrowser/view/irt_lt_mcby_m/default/table
1991-08-01,ES,Spain,357,Eurostat / ECB,https://ec.europa.eu/eurostat/databrowser/view/irt_lt_mcby_m/default/table
1991-09-01,ES,Spain,313,Eurostat / ECB,https://ec.europa.eu/eurostat/databrowser/view/irt_lt_mcby_m/default/table
1991-10-01,ES,Spain,327,Eurostat / ECB,https://ec.europa.eu/eurostat/databrowser/view/irt_lt_mcby_m/default/table
1991-11-01,ES,Spain,314,Eurostat / ECB,https://ec.europa.eu/eurostat/databrowser/view/irt_lt_mcby_m/default/table
1991-12-01,ES,Spain,311,Eurostat / ECB,https://ec.europa.eu/eurostat/databrowser/view/irt_lt_mcby_m/default/table
1992-01-01,ES,Spain,298,Eurostat / ECB,https://ec.europa.eu/eurostat/databrowser/view/irt_lt_mcby_m/default/table
1992-02-01,ES,Spain,287,Eurostat / ECB,https://ec.europa.eu/eurostat/databrowser/view/irt_lt_mcby_m/default/table
1992-03-01,ES,Spain,277,Eurostat / ECB,https://ec.europa.eu/eurostat/databrowser/view/irt_lt_mcby_m/default/table
1992-04-01,ES,Spain,281,Eurostat / ECB,https://ec.europa.eu/eurostat/databrowser/view/irt_lt_mcby_m/default/table
1992-05-01,ES,Spain,277,Eurostat / ECB,https://ec.europa.eu/eurostat/databrowser/view/irt_lt_mcby_m/default/table
1992-06-01,ES,Spain,327,Eurostat / ECB,https://ec.europa.eu/eurostat/databrowser/view/irt_lt_mcby_m/default/table
1992-07-01,ES,Spain,371,Eurostat / ECB,https://ec.europa.eu/eurostat/databrowser/view/irt_lt_mcby_m/default/table
1992-08-01,ES,Spain,418,Eurostat / ECB,https://ec.europa.eu/eurostat/databrowser/view/irt_lt_mcby_m/default/table
1992-09-01,ES,Spain,500,Eurostat / ECB,https://ec.europa.eu/eurostat/databrowser/view/irt_lt_mcby_m/default/table
1992-10-01,ES,Spain,555,Eurostat / ECB,https://ec.europa.eu/eurostat/databrowser/view/irt_lt_mcby_m/default/table
1992-11-01,ES,Spain,518,Eurostat / ECB,https://ec.europa.eu/eurostat/databrowser/view/irt_lt_mcby_m/default/table
1992-12-01,ES,Spain,521,Eurostat / ECB,https://ec.europa.eu/eurostat/databrowser/view/irt_lt_mcby_m/default/table
1993-01-01,ES,Spain,501,Eurostat / ECB,https://ec.europa.eu/eurostat/databrowser/view/irt_lt_mcby_m/default/table
1993-02-01,ES,Spain,449,Eurostat / ECB,https://ec.europa.eu/eurostat/databrowser/view/irt_lt_mcby_m/default/table
1993-03-01,ES,Spain,470,Eurostat / ECB,https://ec.europa.eu/eurostat/databrowser/view/irt_lt_mcby_m/default/table
1993-04-01,ES,Spain,481,Eurostat / ECB,https://ec.europa.eu/eurostat/databrowser/view/irt_lt_mcby_m/default/table
1993-05-01,ES,Spain,439,Eurostat / ECB,https://ec.europa.eu/eurostat/databrowser/view/irt_lt_mcby_m/default/table
1993-06-01,ES,Spain,375,Eurostat / ECB,https://ec.europa.eu/eurostat/databrowser/view/irt_lt_mcby_m/default/table
1993-07-01,ES,Spain,360,Eurostat / ECB,https://ec.europa.eu/eurostat/databrowser/view/irt_lt_mcby_m/default/table
1993-08-01,ES,Spain,307,Eurostat / ECB,https://ec.europa.eu/eurostat/databrowser/view/irt_lt_mcby_m/default/table
1993-09-01,ES,Spain,289,Eurostat / ECB,https://ec.europa.eu/eurostat/databrowser/view/irt_lt_mcby_m/default/table
1993-10-01,ES,Spain,269,Eurostat / ECB,https://ec.europa.eu/eurostat/databrowser/view/irt_lt_mcby_m/default/table
1993-11-01,ES,Spain,258,Eurostat / ECB,https://ec.europa.eu/eurostat/databrowser/view/irt_lt_mcby_m/default/table
1993-12-01,ES,Spain,243,Eurostat / ECB,https://ec.europa.eu/eurostat/databrowser/view/irt_lt_mcby_m/default/table
1994-01-01,ES,Spain,218,Eurostat / ECB,https://ec.europa.eu/eurostat/databrowser/view/irt_lt_mcby_m/default/table
1994-02-01,ES,Spain,200,Eurostat / ECB,https://ec.europa.eu/eurostat/databrowser/view/irt_lt_mcby_m/default/table
1994-03-01,ES,Spain,248,Eurostat / ECB,https://ec.europa.eu/eurostat/databrowser/view/irt_lt_mcby_m/default/table
1994-04-01,ES,Spain,259,Eurostat / ECB,https://ec.europa.eu/eurostat/databrowser/view/irt_lt_mcby_m/default/table
1994-05-01,ES,Spain,289,Eurostat / ECB,https://ec.europa.eu/eurostat/databrowser/view/irt_lt_mcby_m/default/table
1994-06-01,ES,Spain,323,Eurostat / ECB,https://ec.europa.eu/eurostat/databrowser/view/irt_lt_mcby_m/default/table
1994-07-01,ES,Spain,369,Eurostat / ECB,https://ec.europa.eu/eurostat/databrowser/view/irt_lt_mcby_m/default/table
1994-08-01,ES,Spain,359,Eurostat / ECB,https://ec.europa.eu/eurostat/databrowser/view/irt_lt_mcby_m/default/table
1994-09-01,ES,Spain,370,Eurostat / ECB,https://ec.europa.eu/eurostat/databrowser/view/irt_lt_mcby_m/default/table
1994-10-01,ES,Spain,360,Eurostat / ECB,https://ec.europa.eu/eurostat/databrowser/view/irt_lt_mcby_m/default/table
1994-11-01,ES,Spain,368,Eurostat / ECB,https://ec.europa.eu/eurostat/databrowser/view/irt_lt_mcby_m/default/table
1994-12-01,ES,Spain,392,Eurostat / ECB,https://ec.europa.eu/eurostat/databrowser/view/irt_lt_mcby_m/default/table
1995-01-01,ES,Spain,426,Eurostat / ECB,https://ec.europa.eu/eurostat/databrowser/view/irt_lt_mcby_m/default/table
1995-02-01,ES,Spain,418,Eurostat / ECB,https://ec.europa.eu/eurostat/databrowser/view/irt_lt_mcby_m/default/table
1995-03-01,ES,Spain,498,Eurostat / ECB,https://ec.europa.eu/eurostat/databrowser/view/irt_lt_mcby_m/default/table
1995-04-01,ES,Spain,500,Eurostat / ECB,https://ec.europa.eu/eurostat/databrowser/view/irt_lt_mcby_m/default/table
1995-05-01,ES,Spain,455,Eurostat / ECB,https://ec.europa.eu/eurostat/databrowser/view/irt_lt_mcby_m/default/table
1995-06-01,ES,Spain,476,Eurostat / ECB,https://ec.europa.eu/eurostat/databrowser/view/irt_lt_mcby_m/default/table
1995-07-01,ES,Spain,447,Eurostat / ECB,https://ec.europa.eu/eurostat/databrowser/view/irt_lt_mcby_m/default/table
1995-08-01,ES,Spain,423,Eurostat / ECB,https://ec.europa.eu/eurostat/databrowser/view/irt_lt_mcby_m/default/table
1995-09-01,ES,Spain,421,Eurostat / ECB,https://ec.europa.eu/eurostat/databrowser/view/irt_lt_mcby_m/default/table
1995-10-01,ES,Spain,432,Eurostat / ECB,https://ec.europa.eu/eurostat/databrowser/view/irt_lt_mcby_m/default/table
1995-11-01,ES,Spain,420,Eurostat / ECB,https://ec.europa.eu/eurostat/databrowser/view/irt_lt_mcby_m/default/table
1995-12-01,ES,Spain,388,Eurostat / ECB,https://ec.europa.eu/eurostat/databrowser/view/irt_lt_mcby_m/default/table
1996-01-01,ES,Spain,357,Eurostat / ECB,https://ec.europa.eu/eurostat/databrowser/view/irt_lt_mcby_m/default/table
1996-02-01,ES,Spain,351,Eurostat / ECB,https://ec.europa.eu/eurostat/databrowser/view/irt_lt_mcby_m/default/table
1996-03-01,ES,Spain,345,Eurostat / ECB,https://ec.europa.eu/eurostat/databrowser/view/irt_lt_mcby_m/default/table
1996-04-01,ES,Spain,295,Eurostat / ECB,https://ec.europa.eu/eurostat/databrowser/view/irt_lt_mcby_m/default/table
1996-05-01,ES,Spain,272,Eurostat / ECB,https://ec.europa.eu/eurostat/databrowser/view/irt_lt_mcby_m/default/table
1996-06-01,ES,Spain,255,Eurostat / ECB,https://ec.europa.eu/eurostat/databrowser/view/irt_lt_mcby_m/default/table
1996-07-01,ES,Spain,230,Eurostat / ECB,https://ec.europa.eu/eurostat/databrowser/view/irt_lt_mcby_m/default/table
1996-08-01,ES,Spain,256,Eurostat / ECB,https://ec.europa.eu/eurostat/databrowser/view/irt_lt_mcby_m/default/table
1996-09-01,ES,Spain,220,Eurostat / ECB,https://ec.europa.eu/eurostat/databrowser/view/irt_lt_mcby_m/default/table
1996-10-01,ES,Spain,175,Eurostat / ECB,https://ec.europa.eu/eurostat/databrowser/view/irt_lt_mcby_m/default/table
1996-11-01,ES,Spain,148,Eurostat / ECB,https://ec.europa.eu/eurostat/databrowser/view/irt_lt_mcby_m/default/table
1996-12-01,ES,Spain,121,Eurostat / ECB,https://ec.europa.eu/eurostat/databrowser/view/irt_lt_mcby_m/default/table
1997-01-01,ES,Spain,103,Eurostat / ECB,https://ec.europa.eu/eurostat/databrowser/view/irt_lt_mcby_m/default/table
1997-02-01,ES,Spain,119,Eurostat / ECB,https://ec.europa.eu/eurostat/databrowser/view/irt_lt_mcby_m/default/table
1997-03-01,ES,Spain,132,Eurostat / ECB,https://ec.europa.eu/eurostat/databrowser/view/irt_lt_mcby_m/default/table
1997-04-01,ES,Spain,108,Eurostat / ECB,https://ec.europa.eu/eurostat/databrowser/view/irt_lt_mcby_m/default/table
1997-05-01,ES,Spain,85,Eurostat / ECB,https://ec.europa.eu/eurostat/databrowser/view/irt_lt_mcby_m/default/table
1997-06-01,ES,Spain,75,Eurostat / ECB,https://ec.europa.eu/eurostat/databrowser/view/irt_lt_mcby_m/default/table
1997-07-01,ES,Spain,65,Eurostat / ECB,https://ec.europa.eu/eurostat/databrowser/view/irt_lt_mcby_m/default/table
1997-08-01,ES,Spain,65,Eurostat / ECB,https://ec.europa.eu/eurostat/databrowser/view/irt_lt_mcby_m/default/table
1997-09-01,ES,Spain,50,Eurostat / ECB,https://ec.europa.eu/eurostat/databrowser/view/irt_lt_mcby_m/default/table
1997-10-01,ES,Spain,40,Eurostat / ECB,https://ec.europa.eu/eurostat/databrowser/view/irt_lt_mcby_m/default/table
1997-11-01,ES,Spain,40,Eurostat / ECB,https://ec.europa.eu/eurostat/databrowser/view/irt_lt_mcby_m/default/table
1997-12-01,ES,Spain,31,Eurostat / ECB,https://ec.europa.eu/eurostat/databrowser/view/irt_lt_mcby_m/default/table
1998-01-01,ES,Spain,29,Eurostat / ECB,https://ec.europa.eu/eurostat/databrowser/view/irt_lt_mcby_m/default/table
1998-02-01,ES,Spain,25,Eurostat / ECB,https://ec.europa.eu/eurostat/databrowser/view/irt_lt_mcby_m/default/table
1998-03-01,ES,Spain,19,Eurostat / ECB,https://ec.europa.eu/eurostat/databrowser/view/irt_lt_mcby_m/default/table
1998-04-01,ES,Spain,16,Eurostat / ECB,https://ec.europa.eu/eurostat/databrowser/view/irt_lt_mcby_m/default/table
1998-05-01,ES,Spain,17,Eurostat / ECB,https://ec.europa.eu/eurostat/databrowser/view/irt_lt_mcby_m/default/table
1998-06-01,ES,Spain,22,Eurostat / ECB,https://ec.europa.eu/eurostat/databrowser/view/irt_lt_mcby_m/default/table
1998-07-01,ES,Spain,26,Eurostat / ECB,https://ec.europa.eu/eurostat/databrowser/view/irt_lt_mcby_m/default/table
1998-08-01,ES,Spain,32,Eurostat / ECB,https://ec.europa.eu/eurostat/databrowser/view/irt_lt_mcby_m/default/table
1998-09-01,ES,Spain,42,Eurostat / ECB,https://ec.europa.eu/eurostat/databrowser/view/irt_lt_mcby_m/default/table
1998-10-01,ES,Spain,37,Eurostat / ECB,https://ec.europa.eu/eurostat/databrowser/view/irt_lt_mcby_m/default/table
1998-11-01,ES,Spain,29,Eurostat / ECB,https://ec.europa.eu/eurostat/databrowser/view/irt_lt_mcby_m/default/table
1998-12-01,ES,Spain,21,Eurostat / ECB,https://ec.europa.eu/eurostat/databrowser/view/irt_lt_mcby_m/default/table
1999-01-01,ES,Spain,18,Eurostat / ECB,https://ec.europa.eu/eurostat/databrowser/view/irt_lt_mcby_m/default/table
1999-02-01,ES,Spain,17,Eurostat / ECB,https://ec.europa.eu/eurostat/databrowser/view/irt_lt_mcby_m/default/table
1999-03-01,ES,Spain,22,Eurostat / ECB,https://ec.europa.eu/eurostat/databrowser/view/irt_lt_mcby_m/default/table
1999-04-01,ES,Spain,24,Eurostat / ECB,https://ec.europa.eu/eurostat/databrowser/view/irt_lt_mcby_m/default/table
1999-05-01,ES,Spain,27,Eurostat / ECB,https://ec.europa.eu/eurostat/databrowser/view/irt_lt_mcby_m/default/table
1999-06-01,ES,Spain,25,Eurostat / ECB,https://ec.europa.eu/eurostat/databrowser/view/irt_lt_mcby_m/default/table
1999-07-01,ES,Spain,23,Eurostat / ECB,https://ec.europa.eu/eurostat/databrowser/view/irt_lt_mcby_m/default/table
1999-08-01,ES,Spain,29,Eurostat / ECB,https://ec.europa.eu/eurostat/databrowser/view/irt_lt_mcby_m/default/table
1999-09-01,ES,Spain,28,Eurostat / ECB,https://ec.europa.eu/eurostat/databrowser/view/irt_lt_mcby_m/default/table
1999-10-01,ES,Spain,27,Eurostat / ECB,https://ec.europa.eu/eurostat/databrowser/view/irt_lt_mcby_m/default/table
1999-11-01,ES,Spain,24,Eurostat / ECB,https://ec.europa.eu/eurostat/databrowser/view/irt_lt_mcby_m/default/table
1999-12-01,ES,Spain,22,Eurostat / ECB,https://ec.europa.eu/eurostat/databrowser/view/irt_lt_mcby_m/default/table
2000-01-01,ES,Spain,22,Eurostat / ECB,https://ec.europa.eu/eurostat/databrowser/view/irt_lt_mcby_m/default/table
2000-02-01,ES,Spain,22,Eurostat / ECB,https://ec.europa.eu/eurostat/databrowser/view/irt_lt_mcby_m/default/table
2000-03-01,ES,Spain,22,Eurostat / ECB,https://ec.europa.eu/eurostat/databrowser/view/irt_lt_mcby_m/default/table
2000-04-01,ES,Spain,23,Eurostat / ECB,https://ec.europa.eu/eurostat/databrowser/view/irt_lt_mcby_m/default/table
2000-05-01,ES,Spain,25,Eurostat / ECB,https://ec.europa.eu/eurostat/databrowser/view/irt_lt_mcby_m/default/table
2000-06-01,ES,Spain,26,Eurostat / ECB,https://ec.europa.eu/eurostat/databrowser/view/irt_lt_mcby_m/default/table
2000-07-01,ES,Spain,26,Eurostat / ECB,https://ec.europa.eu/eurostat/databrowser/view/irt_lt_mcby_m/default/table
2000-08-01,ES,Spain,29,Eurostat / ECB,https://ec.europa.eu/eurostat/databrowser/view/irt_lt_mcby_m/default/table
2000-09-01,ES,Spain,30,Eurostat / ECB,https://ec.europa.eu/eurostat/databrowser/view/irt_lt_mcby_m/default/table
2000-10-01,ES,Spain,29,Eurostat / ECB,https://ec.europa.eu/eurostat/databrowser/view/irt_lt_mcby_m/default/table
2000-11-01,ES,Spain,30,Eurostat / ECB,https://ec.europa.eu/eurostat/databrowser/view/irt_lt_mcby_m/default/table
2000-12-01,ES,Spain,31,Eurostat / ECB,https://ec.europa.eu/eurostat/databrowser/view/irt_lt_mcby_m/default/table
2001-01-01,ES,Spain,28,Eurostat / ECB,https://ec.europa.eu/eurostat/databrowser/view/irt_lt_mcby_m/default/table
2001-02-01,ES,Spain,34,Eurostat / ECB,https://ec.europa.eu/eurostat/databrowser/view/irt_lt_mcby_m/default/table
2001-03-01,ES,Spain,37,Eurostat / ECB,https://ec.europa.eu/eurostat/databrowser/view/irt_lt_mcby_m/default/table
2001-04-01,ES,Spain,35,Eurostat / ECB,https://ec.europa.eu/eurostat/databrowser/view/irt_lt_mcby_m/default/table
2001-05-01,ES,Spain,31,Eurostat / ECB,https://ec.europa.eu/eurostat/databrowser/view/irt_lt_mcby_m/default/table
2001-06-01,ES,Spain,33,Eurostat / ECB,https://ec.europa.eu/eurostat/databrowser/view/irt_lt_mcby_m/default/table
2001-07-01,ES,Spain,33,Eurostat / ECB,https://ec.europa.eu/eurostat/databrowser/view/irt_lt_mcby_m/default/table
2001-08-01,ES,Spain,34,Eurostat / ECB,https://ec.europa.eu/eurostat/databrowser/view/irt_lt_mcby_m/default/table
2001-09-01,ES,Spain,33,Eurostat / ECB,https://ec.europa.eu/eurostat/databrowser/view/irt_lt_mcby_m/default/table
2001-10-01,ES,Spain,31,Eurostat / ECB,https://ec.europa.eu/eurostat/databrowser/view/irt_lt_mcby_m/default/table
2001-11-01,ES,Spain,31,Eurostat / ECB,https://ec.europa.eu/eurostat/databrowser/view/irt_lt_mcby_m/default/table
2001-12-01,ES,Spain,23,Eurostat / ECB,https://ec.europa.eu/eurostat/databrowser/view/irt_lt_mcby_m/default/table
2002-01-01,ES,Spain,19,Eurostat / ECB,https://ec.europa.eu/eurostat/databrowser/view/irt_lt_mcby_m/default/table
2002-02-01,ES,Spain,19,Eurostat / ECB,https://ec.europa.eu/eurostat/databrowser/view/irt_lt_mcby_m/default/table
2002-03-01,ES,Spain,18,Eurostat / ECB,https://ec.europa.eu/eurostat/databrowser/view/irt_lt_mcby_m/default/table
2002-04-01,ES,Spain,19,Eurostat / ECB,https://ec.europa.eu/eurostat/databrowser/view/irt_lt_mcby_m/default/table
2002-05-01,ES,Spain,19,Eurostat / ECB,https://ec.europa.eu/eurostat/databrowser/view/irt_lt_mcby_m/default/table
2002-06-01,ES,Spain,21,Eurostat / ECB,https://ec.europa.eu/eurostat/databrowser/view/irt_lt_mcby_m/default/table
2002-07-01,ES,Spain,20,Eurostat / ECB,https://ec.europa.eu/eurostat/databrowser/view/irt_lt_mcby_m/default/table
2002-08-01,ES,Spain,19,Eurostat / ECB,https://ec.europa.eu/eurostat/databrowser/view/irt_lt_mcby_m/default/table
2002-09-01,ES,Spain,19,Eurostat / ECB,https://ec.europa.eu/eurostat/databrowser/view/irt_lt_mcby_m/default/table
2002-10-01,ES,Spain,17,Eurostat / ECB,https://ec.europa.eu/eurostat/databrowser/view/irt_lt_mcby_m/default/table
2002-11-01,ES,Spain,12,Eurostat / ECB,https://ec.europa.eu/eurostat/databrowser/view/irt_lt_mcby_m/default/table
2002-12-01,ES,Spain,10,Eurostat / ECB,https://ec.europa.eu/eurostat/databrowser/view/irt_lt_mcby_m/default/table
2003-01-01,ES,Spain,6,Eurostat / ECB,https://ec.europa.eu/eurostat/databrowser/view/irt_lt_mcby_m/default/table
2003-02-01,ES,Spain,6,Eurostat / ECB,https://ec.europa.eu/eurostat/databrowser/view/irt_lt_mcby_m/default/table
2003-03-01,ES,Spain,4,Eurostat / ECB,https://ec.europa.eu/eurostat/databrowser/view/irt_lt_mcby_m/default/table
2003-04-01,ES,Spain,4,Eurostat / ECB,https://ec.europa.eu/eurostat/databrowser/view/irt_lt_mcby_m/default/table
2003-05-01,ES,Spain,6,Eurostat / ECB,https://ec.europa.eu/eurostat/databrowser/view/irt_lt_mcby_m/default/table
2003-06-01,ES,Spain,7,Eurostat / ECB,https://ec.europa.eu/eurostat/databrowser/view/irt_lt_mcby_m/default/table
2003-07-01,ES,Spain,6,Eurostat / ECB,https://ec.europa.eu/eurostat/databrowser/view/irt_lt_mcby_m/default/table
2003-08-01,ES,Spain,6,Eurostat / ECB,https://ec.europa.eu/eurostat/databrowser/view/irt_lt_mcby_m/default/table
2003-09-01,ES,Spain,4,Eurostat / ECB,https://ec.europa.eu/eurostat/databrowser/view/irt_lt_mcby_m/default/table
2003-10-01,ES,Spain,5,Eurostat / ECB,https://ec.europa.eu/eurostat/databrowser/view/irt_lt_mcby_m/default/table
2003-11-01,ES,Spain,5,Eurostat / ECB,https://ec.europa.eu/eurostat/databrowser/view/irt_lt_mcby_m/default/table
2003-12-01,ES,Spain,5,Eurostat / ECB,https://ec.europa.eu/eurostat/databrowser/view/irt_lt_mcby_m/default/table
2004-01-01,ES,Spain,2,Eurostat / ECB,https://ec.europa.eu/eurostat/databrowser/view/irt_lt_mcby_m/default/table
2004-02-01,ES,Spain,4,Eurostat / ECB,https://ec.europa.eu/eurostat/databrowser/view/irt_lt_mcby_m/default/table
2004-03-01,ES,Spain,10,Eurostat / ECB,https://ec.europa.eu/eurostat/databrowser/view/irt_lt_mcby_m/default/table
2004-04-01,ES,Spain,10,Eurostat / ECB,https://ec.europa.eu/eurostat/databrowser/view/irt_lt_mcby_m/default/table
2004-05-01,ES,Spain,8,Eurostat / ECB,https://ec.europa.eu/eurostat/databrowser/view/irt_lt_mcby_m/default/table
2004-06-01,ES,Spain,8,Eurostat / ECB,https://ec.europa.eu/eurostat/databrowser/view/irt_lt_mcby_m/default/table
2004-07-01,ES,Spain,4,Eurostat / ECB,https://ec.europa.eu/eurostat/databrowser/view/irt_lt_mcby_m/default/table
2004-08-01,ES,Spain,7,Eurostat / ECB,https://ec.europa.eu/eurostat/databrowser/view/irt_lt_mcby_m/default/table
2004-09-01,ES,Spain,6,Eurostat / ECB,https://ec.europa.eu/eurostat/databrowser/view/irt_lt_mcby_m/default/table
2004-10-01,ES,Spain,8,Eurostat / ECB,https://ec.europa.eu/eurostat/databrowser/view/irt_lt_mcby_m/default/table
2004-11-01,ES,Spain,7,Eurostat / ECB,https://ec.europa.eu/eurostat/databrowser/view/irt_lt_mcby_m/default/table
2004-12-01,ES,Spain,6,Eurostat / ECB,https://ec.europa.eu/eurostat/databrowser/view/irt_lt_mcby_m/default/table
2005-01-01,ES,Spain,3,Eurostat / ECB,https://ec.europa.eu/eurostat/databrowser/view/irt_lt_mcby_m/default/table
2005-02-01,ES,Spain,4,Eurostat / ECB,https://ec.europa.eu/eurostat/databrowser/view/irt_lt_mcby_m/default/table
2005-03-01,ES,Spain,4,Eurostat / ECB,https://ec.europa.eu/eurostat/databrowser/view/irt_lt_mcby_m/default/table
2005-04-01,ES,Spain,5,Eurostat / ECB,https://ec.europa.eu/eurostat/databrowser/view/irt_lt_mcby_m/default/table
2005-05-01,ES,Spain,6,Eurostat / ECB,https://ec.europa.eu/eurostat/databrowser/view/irt_lt_mcby_m/default/table
2005-06-01,ES,Spain,5,Eurostat / ECB,https://ec.europa.eu/eurostat/databrowser/view/irt_lt_mcby_m/default/table
2005-07-01,ES,Spain,2,Eurostat / ECB,https://ec.europa.eu/eurostat/databrowser/view/irt_lt_mcby_m/default/table
2005-08-01,ES,Spain,0,Eurostat / ECB,https://ec.europa.eu/eurostat/databrowser/view/irt_lt_mcby_m/default/table
2005-09-01,ES,Spain,2,Eurostat / ECB,https://ec.europa.eu/eurostat/databrowser/view/irt_lt_mcby_m/default/table
2005-10-01,ES,Spain,4,Eurostat / ECB,https://ec.europa.eu/eurostat/databrowser/view/irt_lt_mcby_m/default/table
2005-11-01,ES,Spain,3,Eurostat / ECB,https://ec.europa.eu/eurostat/databrowser/view/irt_lt_mcby_m/default/table
2005-12-01,ES,Spain,3,Eurostat / ECB,https://ec.europa.eu/eurostat/databrowser/view/irt_lt_mcby_m/default/table
2006-01-01,ES,Spain,1,Eurostat / ECB,https://ec.europa.eu/eurostat/databrowser/view/irt_lt_mcby_m/default/table
2006-02-01,ES,Spain,1,Eurostat / ECB,https://ec.europa.eu/eurostat/databrowser/view/irt_lt_mcby_m/default/table
2006-03-01,ES,Spain,2,Eurostat / ECB,https://ec.europa.eu/eurostat/databrowser/view/irt_lt_mcby_m/default/table
2006-04-01,ES,Spain,3,Eurostat / ECB,https://ec.europa.eu/eurostat/databrowser/view/irt_lt_mcby_m/default/table
2006-05-01,ES,Spain,3,Eurostat / ECB,https://ec.europa.eu/eurostat/databrowser/view/irt_lt_mcby_m/default/table
2006-06-01,ES,Spain,3,Eurostat / ECB,https://ec.europa.eu/eurostat/databrowser/view/irt_lt_mcby_m/default/table
2006-07-01,ES,Spain,1,Eurostat / ECB,https://ec.europa.eu/eurostat/databrowser/view/irt_lt_mcby_m/default/table
2006-08-01,ES,Spain,1,Eurostat / ECB,https://ec.europa.eu/eurostat/databrowser/view/irt_lt_mcby_m/default/table
2006-09-01,ES,Spain,1,Eurostat / ECB,https://ec.europa.eu/eurostat/databrowser/view/irt_lt_mcby_m/default/table
2006-10-01,ES,Spain,2,Eurostat / ECB,https://ec.europa.eu/eurostat/databrowser/view/irt_lt_mcby_m/default/table
2006-11-01,ES,Spain,4,Eurostat / ECB,https://ec.europa.eu/eurostat/databrowser/view/irt_lt_mcby_m/default/table
2006-12-01,ES,Spain,5,Eurostat / ECB,https://ec.europa.eu/eurostat/databrowser/view/irt_lt_mcby_m/default/table
2007-01-01,ES,Spain,5,Eurostat / ECB,https://ec.europa.eu/eurostat/databrowser/view/irt_lt_mcby_m/default/table
2007-02-01,ES,Spain,5,Eurostat / ECB,https://ec.europa.eu/eurostat/databrowser/view/irt_lt_mcby_m/default/table
2007-03-01,ES,Spain,7,Eurostat / ECB,https://ec.europa.eu/eurostat/databrowser/view/irt_lt_mcby_m/default/table
2007-04-01,ES,Spain,6,Eurostat / ECB,https://ec.europa.eu/eurostat/databrowser/view/irt_lt_mcby_m/default/table
2007-05-01,ES,Spain,6,Eurostat / ECB,https://ec.europa.eu/eurostat/databrowser/view/irt_lt_mcby_m/default/table
2007-06-01,ES,Spain,6,Eurostat / ECB,https://ec.europa.eu/eurostat/databrowser/view/irt_lt_mcby_m/default/table
2007-07-01,ES,Spain,10,Eurostat / ECB,https://ec.europa.eu/eurostat/databrowser/view/irt_lt_mcby_m/default/table
2007-08-01,ES,Spain,10,Eurostat / ECB,https://ec.europa.eu/eurostat/databrowser/view/irt_lt_mcby_m/default/table
2007-09-01,ES,Spain,14,Eurostat / ECB,https://ec.europa.eu/eurostat/databrowser/view/irt_lt_mcby_m/default/table
2007-10-01,ES,Spain,10,Eurostat / ECB,https://ec.europa.eu/eurostat/databrowser/view/irt_lt_mcby_m/default/table
2007-11-01,ES,Spain,16,Eurostat / ECB,https://ec.europa.eu/eurostat/databrowser/view/irt_lt_mcby_m/default/table
2007-12-01,ES,Spain,14,Eurostat / ECB,https://ec.europa.eu/eurostat/databrowser/view/irt_lt_mcby_m/default/table
2008-01-01,ES,Spain,15,Eurostat / ECB,https://ec.europa.eu/eurostat/databrowser/view/irt_lt_mcby_m/default/table
2008-02-01,ES,Spain,20,Eurostat / ECB,https://ec.europa.eu/eurostat/databrowser/view/irt_lt_mcby_m/default/table
2008-03-01,ES,Spain,32,Eurostat / ECB,https://ec.europa.eu/eurostat/databrowser/view/irt_lt_mcby_m/default/table
2008-04-01,ES,Spain,28,Eurostat / ECB,https://ec.europa.eu/eurostat/databrowser/view/irt_lt_mcby_m/default/table
2008-05-01,ES,Spain,23,Eurostat / ECB,https://ec.europa.eu/eurostat/databrowser/view/irt_lt_mcby_m/default/table
2008-06-01,ES,Spain,27,Eurostat / ECB,https://ec.europa.eu/eurostat/databrowser/view/irt_lt_mcby_m/default/table
2008-07-01,ES,Spain,31,Eurostat / ECB,https://ec.europa.eu/eurostat/databrowser/view/irt_lt_mcby_m/default/table
2008-08-01,ES,Spain,36,Eurostat / ECB,https://ec.europa.eu/eurostat/databrowser/view/irt_lt_mcby_m/default/table
2008-09-01,ES,Spain,48,Eurostat / ECB,https://ec.europa.eu/eurostat/databrowser/view/irt_lt_mcby_m/default/table
2008-10-01,ES,Spain,59,Eurostat / ECB,https://ec.europa.eu/eurostat/databrowser/view/irt_lt_mcby_m/default/table
2008-11-01,ES,Spain,59,Eurostat / ECB,https://ec.europa.eu/eurostat/databrowser/view/irt_lt_mcby_m/default/table
2008-12-01,ES,Spain,81,Eurostat / ECB,https://ec.europa.eu/eurostat/databrowser/view/irt_lt_mcby_m/default/table
2009-01-01,ES,Spain,108,Eurostat / ECB,https://ec.europa.eu/eurostat/databrowser/view/irt_lt_mcby_m/default/table
2009-02-01,ES,Spain,110,Eurostat / ECB,https://ec.europa.eu/eurostat/databrowser/view/irt_lt_mcby_m/default/table
2009-03-01,ES,Spain,104,Eurostat / ECB,https://ec.europa.eu/eurostat/databrowser/view/irt_lt_mcby_m/default/table
2009-04-01,ES,Spain,88,Eurostat / ECB,https://ec.europa.eu/eurostat/databrowser/view/irt_lt_mcby_m/default/table
2009-05-01,ES,Spain,69,Eurostat / ECB,https://ec.europa.eu/eurostat/databrowser/view/irt_lt_mcby_m/default/table
2009-06-01,ES,Spain,78,Eurostat / ECB,https://ec.europa.eu/eurostat/databrowser/view/irt_lt_mcby_m/default/table
2009-07-01,ES,Spain,67,Eurostat / ECB,https://ec.europa.eu/eurostat/databrowser/view/irt_lt_mcby_m/default/table
2009-08-01,ES,Spain,48,Eurostat / ECB,https://ec.europa.eu/eurostat/databrowser/view/irt_lt_mcby_m/default/table
2009-09-01,ES,Spain,55,Eurostat / ECB,https://ec.europa.eu/eurostat/databrowser/view/irt_lt_mcby_m/default/table
2009-10-01,ES,Spain,57,Eurostat / ECB,https://ec.europa.eu/eurostat/databrowser/view/irt_lt_mcby_m/default/table
2009-11-01,ES,Spain,57,Eurostat / ECB,https://ec.europa.eu/eurostat/databrowser/view/irt_lt_mcby_m/default/table
2009-12-01,ES,Spain,67,Eurostat / ECB,https://ec.europa.eu/eurostat/databrowser/view/irt_lt_mcby_m/default/table
2010-01-01,ES,Spain,73,Eurostat / ECB,https://ec.europa.eu/eurostat/databrowser/view/irt_lt_mcby_m/default/table
2010-02-01,ES,Spain,81,Eurostat / ECB,https://ec.europa.eu/eurostat/databrowser/view/irt_lt_mcby_m/default/table
2010-03-01,ES,Spain,73,Eurostat / ECB,https://ec.europa.eu/eurostat/databrowser/view/irt_lt_mcby_m/default/table
2010-04-01,ES,Spain,84,Eurostat / ECB,https://ec.europa.eu/eurostat/databrowser/view/irt_lt_mcby_m/default/table
2010-05-01,ES,Spain,135,Eurostat / ECB,https://ec.europa.eu/eurostat/databrowser/view/irt_lt_mcby_m/default/table
2010-06-01,ES,Spain,202,Eurostat / ECB,https://ec.europa.eu/eurostat/databrowser/view/irt_lt_mcby_m/default/table
2010-07-01,ES,Spain,181,Eurostat / ECB,https://ec.europa.eu/eurostat/databrowser/view/irt_lt_mcby_m/default/table
2010-08-01,ES,Spain,169,Eurostat / ECB,https://ec.europa.eu/eurostat/databrowser/view/irt_lt_mcby_m/default/table
2010-09-01,ES,Spain,179,Eurostat / ECB,https://ec.europa.eu/eurostat/databrowser/view/irt_lt_mcby_m/default/table
2010-10-01,ES,Spain,169,Eurostat / ECB,https://ec.europa.eu/eurostat/databrowser/view/irt_lt_mcby_m/default/table
2010-11-01,ES,Spain,216,Eurostat / ECB,https://ec.europa.eu/eurostat/databrowser/view/irt_lt_mcby_m/default/table
2010-12-01,ES,Spain,247,Eurostat / ECB,https://ec.europa.eu/eurostat/databrowser/view/irt_lt_mcby_m/default/table
2011-01-01,ES,Spain,236,Eurostat / ECB,https://ec.europa.eu/eurostat/databrowser/view/irt_lt_mcby_m/default/table
2011-02-01,ES,Spain,206,Eurostat / ECB,https://ec.europa.eu/eurostat/databrowser/view/irt_lt_mcby_m/default/table
2011-03-01,ES,Spain,204,Eurostat / ECB,https://ec.europa.eu/eurostat/databrowser/view/irt_lt_mcby_m/default/table
2011-04-01,ES,Spain,199,Eurostat / ECB,https://ec.europa.eu/eurostat/databrowser/view/irt_lt_mcby_m/default/table
2011-05-01,ES,Spain,226,Eurostat / ECB,https://ec.europa.eu/eurostat/databrowser/view/irt_lt_mcby_m/default/table
2011-06-01,ES,Spain,259,Eurostat / ECB,https://ec.europa.eu/eurostat/databrowser/view/irt_lt_mcby_m/default/table
2011-07-01,ES,Spain,309,Eurostat / ECB,https://ec.europa.eu/eurostat/databrowser/view/irt_lt_mcby_m/default/table
2011-08-01,ES,Spain,304,Eurostat / ECB,https://ec.europa.eu/eurostat/databrowser/view/irt_lt_mcby_m/default/table
2011-09-01,ES,Spain,337,Eurostat / ECB,https://ec.europa.eu/eurostat/databrowser/view/irt_lt_mcby_m/default/table
2011-10-01,ES,Spain,326,Eurostat / ECB,https://ec.europa.eu/eurostat/databrowser/view/irt_lt_mcby_m/default/table
2011-11-01,ES,Spain,433,Eurostat / ECB,https://ec.europa.eu/eurostat/databrowser/view/irt_lt_mcby_m/default/table
2011-12-01,ES,Spain,360,Eurostat / ECB,https://ec.europa.eu/eurostat/databrowser/view/irt_lt_mcby_m/default/table
2012-01-01,ES,Spain,359,Eurostat / ECB,https://ec.europa.eu/eurostat/databrowser/view/irt_lt_mcby_m/default/table
2012-02-01,ES,Spain,326,Eurostat / ECB,https://ec.europa.eu/eurostat/databrowser/view/irt_lt_mcby_m/default/table
2012-03-01,ES,Spain,334,Eurostat / ECB,https://ec.europa.eu/eurostat/databrowser/view/irt_lt_mcby_m/default/table
2012-04-01,ES,Spain,417,Eurostat / ECB,https://ec.europa.eu/eurostat/databrowser/view/irt_lt_mcby_m/default/table
2012-05-01,ES,Spain,479,Eurostat / ECB,https://ec.europa.eu/eurostat/databrowser/view/irt_lt_mcby_m/default/table
2012-06-01,ES,Spain,529,Eurostat / ECB,https://ec.europa.eu/eurostat/databrowser/view/irt_lt_mcby_m/default/table
2012-07-01,ES,Spain,555,Eurostat / ECB,https://ec.europa.eu/eurostat/databrowser/view/irt_lt_mcby_m/default/table
2012-08-01,ES,Spain,524,Eurostat / ECB,https://ec.europa.eu/eurostat/databrowser/view/irt_lt_mcby_m/default/table
2012-09-01,ES,Spain,442,Eurostat / ECB,https://ec.europa.eu/eurostat/databrowser/view/irt_lt_mcby_m/default/table
2012-10-01,ES,Spain,417,Eurostat / ECB,https://ec.europa.eu/eurostat/databrowser/view/irt_lt_mcby_m/default/table
2012-11-01,ES,Spain,435,Eurostat / ECB,https://ec.europa.eu/eurostat/databrowser/view/irt_lt_mcby_m/default/table
2012-12-01,ES,Spain,404,Eurostat / ECB,https://ec.europa.eu/eurostat/databrowser/view/irt_lt_mcby_m/default/table
2013-01-01,ES,Spain,354,Eurostat / ECB,https://ec.europa.eu/eurostat/databrowser/view/irt_lt_mcby_m/default/table
2013-02-01,ES,Spain,368,Eurostat / ECB,https://ec.europa.eu/eurostat/databrowser/view/irt_lt_mcby_m/default/table
2013-03-01,ES,Spain,357,Eurostat / ECB,https://ec.europa.eu/eurostat/databrowser/view/irt_lt_mcby_m/default/table
2013-04-01,ES,Spain,339,Eurostat / ECB,https://ec.europa.eu/eurostat/databrowser/view/irt_lt_mcby_m/default/table
2013-05-01,ES,Spain,296,Eurostat / ECB,https://ec.europa.eu/eurostat/databrowser/view/irt_lt_mcby_m/default/table
2013-06-01,ES,Spain,314,Eurostat / ECB,https://ec.europa.eu/eurostat/databrowser/view/irt_lt_mcby_m/default/table
2013-07-01,ES,Spain,311,Eurostat / ECB,https://ec.europa.eu/eurostat/databrowser/view/irt_lt_mcby_m/default/table
2013-08-01,ES,Spain,277,Eurostat / ECB,https://ec.europa.eu/eurostat/databrowser/view/irt_lt_mcby_m/default/table
2013-09-01,ES,Spain,253,Eurostat / ECB,https://ec.europa.eu/eurostat/databrowser/view/irt_lt_mcby_m/default/table
2013-10-01,ES,Spain,246,Eurostat / ECB,https://ec.europa.eu/eurostat/databrowser/view/irt_lt_mcby_m/default/table
2013-11-01,ES,Spain,242,Eurostat / ECB,https://ec.europa.eu/eurostat/databrowser/view/irt_lt_mcby_m/default/table
2013-12-01,ES,Spain,233,Eurostat / ECB,https://ec.europa.eu/eurostat/databrowser/view/irt_lt_mcby_m/default/table
2014-01-01,ES,Spain,203,Eurostat / ECB,https://ec.europa.eu/eurostat/databrowser/view/irt_lt_mcby_m/default/table
2014-02-01,ES,Spain,200,Eurostat / ECB,https://ec.europa.eu/eurostat/databrowser/view/irt_lt_mcby_m/default/table
2014-03-01,ES,Spain,180,Eurostat / ECB,https://ec.europa.eu/eurostat/databrowser/view/irt_lt_mcby_m/default/table
2014-04-01,ES,Spain,165,Eurostat / ECB,https://ec.europa.eu/eurostat/databrowser/view/irt_lt_mcby_m/default/table
2014-05-01,ES,Spain,160,Eurostat / ECB,https://ec.europa.eu/eurostat/databrowser/view/irt_lt_mcby_m/default/table
2014-06-01,ES,Spain,146,Eurostat / ECB,https://ec.europa.eu/eurostat/databrowser/view/irt_lt_mcby_m/default/table
2014-07-01,ES,Spain,157,Eurostat / ECB,https://ec.europa.eu/eurostat/databrowser/view/irt_lt_mcby_m/default/table
2014-08-01,ES,Spain,146,Eurostat / ECB,https://ec.europa.eu/eurostat/databrowser/view/irt_lt_mcby_m/default/table
2014-09-01,ES,Spain,128,Eurostat / ECB,https://ec.europa.eu/eurostat/databrowser/view/irt_lt_mcby_m/default/table
2014-10-01,ES,Spain,133,Eurostat / ECB,https://ec.europa.eu/eurostat/databrowser/view/irt_lt_mcby_m/default/table
2014-11-01,ES,Spain,135,Eurostat / ECB,https://ec.europa.eu/eurostat/databrowser/view/irt_lt_mcby_m/default/table
2014-12-01,ES,Spain,119,Eurostat / ECB,https://ec.europa.eu/eurostat/databrowser/view/irt_lt_mcby_m/default/table
2015-01-01,ES,Spain,115,Eurostat / ECB,https://ec.europa.eu/eurostat/databrowser/view/irt_lt_mcby_m/default/table
2015-02-01,ES,Spain,122,Eurostat / ECB,https://ec.europa.eu/eurostat/databrowser/view/irt_lt_mcby_m/default/table
2015-03-01,ES,Spain,100,Eurostat / ECB,https://ec.europa.eu/eurostat/databrowser/view/irt_lt_mcby_m/default/table
2015-04-01,ES,Spain,119,Eurostat / ECB,https://ec.europa.eu/eurostat/databrowser/view/irt_lt_mcby_m/default/table
2015-05-01,ES,Spain,122,Eurostat / ECB,https://ec.europa.eu/eurostat/databrowser/view/irt_lt_mcby_m/default/table
2015-06-01,ES,Spain,143,Eurostat / ECB,https://ec.europa.eu/eurostat/databrowser/view/irt_lt_mcby_m/default/table
2015-07-01,ES,Spain,139,Eurostat / ECB,https://ec.europa.eu/eurostat/databrowser/view/irt_lt_mcby_m/default/table
2015-08-01,ES,Spain,135,Eurostat / ECB,https://ec.europa.eu/eurostat/databrowser/view/irt_lt_mcby_m/default/table
2015-09-01,ES,Spain,138,Eurostat / ECB,https://ec.europa.eu/eurostat/databrowser/view/irt_lt_mcby_m/default/table
2015-10-01,ES,Spain,121,Eurostat / ECB,https://ec.europa.eu/eurostat/databrowser/view/irt_lt_mcby_m/default/table
2015-11-01,ES,Spain,120,Eurostat / ECB,https://ec.europa.eu/eurostat/databrowser/view/irt_lt_mcby_m/default/table
2015-12-01,ES,Spain,114,Eurostat / ECB,https://ec.europa.eu/eurostat/databrowser/view/irt_lt_mcby_m/default/table
2016-01-01,ES,Spain,129,Eurostat / ECB,https://ec.europa.eu/eurostat/databrowser/view/irt_lt_mcby_m/default/table
2016-02-01,ES,Spain,155,Eurostat / ECB,https://ec.europa.eu/eurostat/databrowser/view/irt_lt_mcby_m/default/table
2016-03-01,ES,Spain,137,Eurostat / ECB,https://ec.europa.eu/eurostat/databrowser/view/irt_lt_mcby_m/default/table
2016-04-01,ES,Spain,140,Eurostat / ECB,https://ec.europa.eu/eurostat/databrowser/view/irt_lt_mcby_m/default/table
2016-05-01,ES,Spain,144,Eurostat / ECB,https://ec.europa.eu/eurostat/databrowser/view/irt_lt_mcby_m/default/table
2016-06-01,ES,Spain,150,Eurostat / ECB,https://ec.europa.eu/eurostat/databrowser/view/irt_lt_mcby_m/default/table
2016-07-01,ES,Spain,132,Eurostat / ECB,https://ec.europa.eu/eurostat/databrowser/view/irt_lt_mcby_m/default/table
2016-08-01,ES,Spain,114,Eurostat / ECB,https://ec.europa.eu/eurostat/databrowser/view/irt_lt_mcby_m/default/table
2016-09-01,ES,Spain,113,Eurostat / ECB,https://ec.europa.eu/eurostat/databrowser/view/irt_lt_mcby_m/default/table
2016-10-01,ES,Spain,107,Eurostat / ECB,https://ec.europa.eu/eurostat/databrowser/view/irt_lt_mcby_m/default/table
2016-11-01,ES,Spain,124,Eurostat / ECB,https://ec.europa.eu/eurostat/databrowser/view/irt_lt_mcby_m/default/table
2016-12-01,ES,Spain,119,Eurostat / ECB,https://ec.europa.eu/eurostat/databrowser/view/irt_lt_mcby_m/default/table
2017-01-01,ES,Spain,121,Eurostat / ECB,https://ec.europa.eu/eurostat/databrowser/view/irt_lt_mcby_m/default/table
2017-02-01,ES,Spain,144,Eurostat / ECB,https://ec.europa.eu/eurostat/databrowser/view/irt_lt_mcby_m/default/table
2017-03-01,ES,Spain,137,Eurostat / ECB,https://ec.europa.eu/eurostat/databrowser/view/irt_lt_mcby_m/default/table
2017-04-01,ES,Spain,139,Eurostat / ECB,https://ec.europa.eu/eurostat/databrowser/view/irt_lt_mcby_m/default/table
2017-05-01,ES,Spain,123,Eurostat / ECB,https://ec.europa.eu/eurostat/databrowser/view/irt_lt_mcby_m/default/table
2017-06-01,ES,Spain,120,Eurostat / ECB,https://ec.europa.eu/eurostat/databrowser/view/irt_lt_mcby_m/default/table
2017-07-01,ES,Spain,114,Eurostat / ECB,https://ec.europa.eu/eurostat/databrowser/view/irt_lt_mcby_m/default/table
2017-08-01,ES,Spain,113,Eurostat / ECB,https://ec.europa.eu/eurostat/databrowser/view/irt_lt_mcby_m/default/table
2017-09-01,ES,Spain,119,Eurostat / ECB,https://ec.europa.eu/eurostat/databrowser/view/irt_lt_mcby_m/default/table
2017-10-01,ES,Spain,124,Eurostat / ECB,https://ec.europa.eu/eurostat/databrowser/view/irt_lt_mcby_m/default/table
2017-11-01,ES,Spain,118,Eurostat / ECB,https://ec.europa.eu/eurostat/databrowser/view/irt_lt_mcby_m/default/table
2017-12-01,ES,Spain,114,Eurostat / ECB,https://ec.europa.eu/eurostat/databrowser/view/irt_lt_mcby_m/default/table
2018-01-01,ES,Spain,100,Eurostat / ECB,https://ec.europa.eu/eurostat/databrowser/view/irt_lt_mcby_m/default/table
2018-02-01,ES,Spain,85,Eurostat / ECB,https://ec.europa.eu/eurostat/databrowser/view/irt_lt_mcby_m/default/table
2018-03-01,ES,Spain,80,Eurostat / ECB,https://ec.europa.eu/eurostat/databrowser/view/irt_lt_mcby_m/default/table
2018-04-01,ES,Spain,73,Eurostat / ECB,https://ec.europa.eu/eurostat/databrowser/view/irt_lt_mcby_m/default/table
2018-05-01,ES,Spain,94,Eurostat / ECB,https://ec.europa.eu/eurostat/databrowser/view/irt_lt_mcby_m/default/table
2018-06-01,ES,Spain,104,Eurostat / ECB,https://ec.europa.eu/eurostat/databrowser/view/irt_lt_mcby_m/default/table
2018-07-01,ES,Spain,105,Eurostat / ECB,https://ec.europa.eu/eurostat/databrowser/view/irt_lt_mcby_m/default/table
2018-08-01,ES,Spain,111,Eurostat / ECB,https://ec.europa.eu/eurostat/databrowser/view/irt_lt_mcby_m/default/table
2018-09-01,ES,Spain,109,Eurostat / ECB,https://ec.europa.eu/eurostat/databrowser/view/irt_lt_mcby_m/default/table
2018-10-01,ES,Spain,120,Eurostat / ECB,https://ec.europa.eu/eurostat/databrowser/view/irt_lt_mcby_m/default/table
2018-11-01,ES,Spain,128,Eurostat / ECB,https://ec.europa.eu/eurostat/databrowser/view/irt_lt_mcby_m/default/table
2018-12-01,ES,Spain,123,Eurostat / ECB,https://ec.europa.eu/eurostat/databrowser/view/irt_lt_mcby_m/default/table
2019-01-01,ES,Spain,125,Eurostat / ECB,https://ec.europa.eu/eurostat/databrowser/view/irt_lt_mcby_m/default/table
2019-02-01,ES,Spain,125,Eurostat / ECB,https://ec.europa.eu/eurostat/databrowser/view/irt_lt_mcby_m/default/table
2019-03-01,ES,Spain,112,Eurostat / ECB,https://ec.europa.eu/eurostat/databrowser/view/irt_lt_mcby_m/default/table
2019-04-01,ES,Spain,109,Eurostat / ECB,https://ec.europa.eu/eurostat/databrowser/view/irt_lt_mcby_m/default/table
2019-05-01,ES,Spain,100,Eurostat / ECB,https://ec.europa.eu/eurostat/databrowser/view/irt_lt_mcby_m/default/table
2019-06-01,ES,Spain,81,Eurostat / ECB,https://ec.europa.eu/eurostat/databrowser/view/irt_lt_mcby_m/default/table
2019-07-01,ES,Spain,74,Eurostat / ECB,https://ec.europa.eu/eurostat/databrowser/view/irt_lt_mcby_m/default/table
2019-08-01,ES,Spain,79,Eurostat / ECB,https://ec.europa.eu/eurostat/databrowser/view/irt_lt_mcby_m/default/table
2019-09-01,ES,Spain,77,Eurostat / ECB,https://ec.europa.eu/eurostat/databrowser/view/irt_lt_mcby_m/default/table
2019-10-01,ES,Spain,67,Eurostat / ECB,https://ec.europa.eu/eurostat/databrowser/view/irt_lt_mcby_m/default/table
2019-11-01,ES,Spain,74,Eurostat / ECB,https://ec.europa.eu/eurostat/databrowser/view/irt_lt_mcby_m/default/table
2019-12-01,ES,Spain,74,Eurostat / ECB,https://ec.europa.eu/eurostat/databrowser/view/irt_lt_mcby_m/default/table
2020-01-01,ES,Spain,73,Eurostat / ECB,https://ec.europa.eu/eurostat/databrowser/view/irt_lt_mcby_m/default/table
2020-02-01,ES,Spain,74,Eurostat / ECB,https://ec.europa.eu/eurostat/databrowser/view/irt_lt_mcby_m/default/table
2020-03-01,ES,Spain,106,Eurostat / ECB,https://ec.europa.eu/eurostat/databrowser/view/irt_lt_mcby_m/default/table
2020-04-01,ES,Spain,127,Eurostat / ECB,https://ec.europa.eu/eurostat/databrowser/view/irt_lt_mcby_m/default/table
2020-05-01,ES,Spain,126,Eurostat / ECB,https://ec.europa.eu/eurostat/databrowser/view/irt_lt_mcby_m/default/table
2020-06-01,ES,Spain,94,Eurostat / ECB,https://ec.europa.eu/eurostat/databrowser/view/irt_lt_mcby_m/default/table
2020-07-01,ES,Spain,89,Eurostat / ECB,https://ec.europa.eu/eurostat/databrowser/view/irt_lt_mcby_m/default/table
2020-08-01,ES,Spain,81,Eurostat / ECB,https://ec.europa.eu/eurostat/databrowser/view/irt_lt_mcby_m/default/table
2020-09-01,ES,Spain,79,Eurostat / ECB,https://ec.europa.eu/eurostat/databrowser/view/irt_lt_mcby_m/default/table
2020-10-01,ES,Spain,78,Eurostat / ECB,https://ec.europa.eu/eurostat/databrowser/view/irt_lt_mcby_m/default/table
2020-11-01,ES,Spain,70,Eurostat / ECB,https://ec.europa.eu/eurostat/databrowser/view/irt_lt_mcby_m/default/table
2020-12-01,ES,Spain,66,Eurostat / ECB,https://ec.europa.eu/eurostat/databrowser/view/irt_lt_mcby_m/default/table
2021-01-01,ES,Spain,66,Eurostat / ECB,https://ec.europa.eu/eurostat/databrowser/view/irt_lt_mcby_m/default/table
2021-02-01,ES,Spain,68,Eurostat / ECB,https://ec.europa.eu/eurostat/databrowser/view/irt_lt_mcby_m/default/table
2021-03-01,ES,Spain,67,Eurostat / ECB,https://ec.europa.eu/eurostat/databrowser/view/irt_lt_mcby_m/default/table
2021-04-01,ES,Spain,70,Eurostat / ECB,https://ec.europa.eu/eurostat/databrowser/view/irt_lt_mcby_m/default/table
2021-05-01,ES,Spain,74,Eurostat / ECB,https://ec.europa.eu/eurostat/databrowser/view/irt_lt_mcby_m/default/table
2021-06-01,ES,Spain,74,Eurostat / ECB,https://ec.europa.eu/eurostat/databrowser/view/irt_lt_mcby_m/default/table
2021-07-01,ES,Spain,78,Eurostat / ECB,https://ec.europa.eu/eurostat/databrowser/view/irt_lt_mcby_m/default/table
2021-08-01,ES,Spain,75,Eurostat / ECB,https://ec.europa.eu/eurostat/databrowser/view/irt_lt_mcby_m/default/table
2021-09-01,ES,Spain,69,Eurostat / ECB,https://ec.europa.eu/eurostat/databrowser/view/irt_lt_mcby_m/default/table
2021-10-01,ES,Spain,68,Eurostat / ECB,https://ec.europa.eu/eurostat/databrowser/view/irt_lt_mcby_m/default/table
2021-11-01,ES,Spain,78,Eurostat / ECB,https://ec.europa.eu/eurostat/databrowser/view/irt_lt_mcby_m/default/table
2021-12-01,ES,Spain,79,Eurostat / ECB,https://ec.europa.eu/eurostat/databrowser/view/irt_lt_mcby_m/default/table
2022-01-01,ES,Spain,78,Eurostat / ECB,https://ec.europa.eu/eurostat/databrowser/view/irt_lt_mcby_m/default/table
2022-02-01,ES,Spain,96,Eurostat / ECB,https://ec.europa.eu/eurostat/databrowser/view/irt_lt_mcby_m/default/table
2022-03-01,ES,Spain,94,Eurostat / ECB,https://ec.europa.eu/eurostat/databrowser/view/irt_lt_mcby_m/default/table
2022-04-01,ES,Spain,94,Eurostat / ECB,https://ec.europa.eu/eurostat/databrowser/view/irt_lt_mcby_m/default/table
2022-05-01,ES,Spain,109,Eurostat / ECB,https://ec.europa.eu/eurostat/databrowser/view/irt_lt_mcby_m/default/table
2022-06-01,ES,Spain,118,Eurostat / ECB,https://ec.europa.eu/eurostat/databrowser/view/irt_lt_mcby_m/default/table
2022-07-01,ES,Spain,123,Eurostat / ECB,https://ec.europa.eu/eurostat/databrowser/view/irt_lt_mcby_m/default/table
2022-08-01,ES,Spain,112,Eurostat / ECB,https://ec.europa.eu/eurostat/databrowser/view/irt_lt_mcby_m/default/table
2022-09-01,ES,Spain,112,Eurostat / ECB,https://ec.europa.eu/eurostat/databrowser/view/irt_lt_mcby_m/default/table
2022-10-01,ES,Spain,110,Eurostat / ECB,https://ec.europa.eu/eurostat/databrowser/view/irt_lt_mcby_m/default/table
2022-11-01,ES,Spain,100,Eurostat / ECB,https://ec.europa.eu/eurostat/databrowser/view/irt_lt_mcby_m/default/table
2022-12-01,ES,Spain,100,Eurostat / ECB,https://ec.europa.eu/eurostat/databrowser/view/irt_lt_mcby_m/default/table
2023-01-01,ES,Spain,101,Eurostat / ECB,https://ec.europa.eu/eurostat/databrowser/view/irt_lt_mcby_m/default/table
2023-02-01,ES,Spain,102,Eurostat / ECB,https://ec.europa.eu/eurostat/databrowser/view/irt_lt_mcby_m/default/table
2023-03-01,ES,Spain,105,Eurostat / ECB,https://ec.europa.eu/eurostat/databrowser/view/irt_lt_mcby_m/default/table
2023-04-01,ES,Spain,104,Eurostat / ECB,https://ec.europa.eu/eurostat/databrowser/view/irt_lt_mcby_m/default/table
2023-05-01,ES,Spain,107,Eurostat / ECB,https://ec.europa.eu/eurostat/databrowser/view/irt_lt_mcby_m/default/table
2023-06-01,ES,Spain,102,Eurostat / ECB,https://ec.europa.eu/eurostat/databrowser/view/irt_lt_mcby_m/default/table
2023-07-01,ES,Spain,103,Eurostat / ECB,https://ec.europa.eu/eurostat/databrowser/view/irt_lt_mcby_m/default/table
2023-08-01,ES,Spain,102,Eurostat / ECB,https://ec.europa.eu/eurostat/databrowser/view/irt_lt_mcby_m/default/table
2023-09-01,ES,Spain,105,Eurostat / ECB,https://ec.europa.eu/eurostat/databrowser/view/irt_lt_mcby_m/default/table
2023-10-01,ES,Spain,113,Eurostat / ECB,https://ec.europa.eu/eurostat/databrowser/view/irt_lt_mcby_m/default/table
2023-11-01,ES,Spain,105,Eurostat / ECB,https://ec.europa.eu/eurostat/databrowser/view/irt_lt_mcby_m/default/table
2023-12-01,ES,Spain,102,Eurostat / ECB,https://ec.europa.eu/eurostat/databrowser/view/irt_lt_mcby_m/default/table
2024-01-01,ES,Spain,100,Eurostat / ECB,https://ec.europa.eu/eurostat/databrowser/view/irt_lt_mcby_m/default/table
2024-02-01,ES,Spain,94,Eurostat / ECB,https://ec.europa.eu/eurostat/databrowser/view/irt_lt_mcby_m/default/table
2024-03-01,ES,Spain,84,Eurostat / ECB,https://ec.europa.eu/eurostat/databrowser/view/irt_lt_mcby_m/default/table
2024-04-01,ES,Spain,82,Eurostat / ECB,https://ec.europa.eu/eurostat/databrowser/view/irt_lt_mcby_m/default/table
2024-05-01,ES,Spain,78,Eurostat / ECB,https://ec.europa.eu/eurostat/databrowser/view/irt_lt_mcby_m/default/table
2024-06-01,ES,Spain,87,Eurostat / ECB,https://ec.europa.eu/eurostat/databrowser/view/irt_lt_mcby_m/default/table
2024-07-01,ES,Spain,82,Eurostat / ECB,https://ec.europa.eu/eurostat/databrowser/view/irt_lt_mcby_m/default/table
2024-08-01,ES,Spain,86,Eurostat / ECB,https://ec.europa.eu/eurostat/databrowser/view/irt_lt_mcby_m/default/table
2024-09-01,ES,Spain,82,Eurostat / ECB,https://ec.europa.eu/eurostat/databrowser/view/irt_lt_mcby_m/default/table
2024-10-01,ES,Spain,73,Eurostat / ECB,https://ec.europa.eu/eurostat/databrowser/view/irt_lt_mcby_m/default/table
2024-11-01,ES,Spain,74,Eurostat / ECB,https://ec.europa.eu/eurostat/databrowser/view/irt_lt_mcby_m/default/table
2024-12-01,ES,Spain,71,Eurostat / ECB,https://ec.europa.eu/eurostat/databrowser/view/irt_lt_mcby_m/default/table
2025-01-01,ES,Spain,68.9,Eurostat / ECB,https://ec.europa.eu/eurostat/databrowser/view/irt_lt_mcby_m/default/table
2025-02-01,ES,Spain,69.5,Eurostat / ECB,https://ec.europa.eu/eurostat/databrowser/view/irt_lt_mcby_m/default/table
2025-03-01,ES,Spain,65,Eurostat / ECB,https://ec.europa.eu/eurostat/databrowser/view/irt_lt_mcby_m/default/table
2025-04-01,ES,Spain,72,Eurostat / ECB,https://ec.europa.eu/eurostat/databrowser/view/irt_lt_mcby_m/default/table
2025-05-01,ES,Spain,64,Eurostat / ECB,https://ec.europa.eu/eurostat/databrowser/view/irt_lt_mcby_m/default/table
2025-06-01,ES,Spain,64,Eurostat / ECB,https://ec.europa.eu/eurostat/databrowser/view/irt_lt_mcby_m/default/table
2025-07-01,ES,Spain,61,Eurostat / ECB,https://ec.europa.eu/eurostat/databrowser/view/irt_lt_mcby_m/default/table
2025-08-01,ES,Spain,59,Eurostat / ECB,https://ec.europa.eu/eurostat/databrowser/view/irt_lt_mcby_m/default/table
2025-09-01,ES,Spain,57,Eurostat / ECB,https://ec.europa.eu/eurostat/databrowser/view/irt_lt_mcby_m/default/table
2025-10-01,ES,Spain,53,Eurostat / ECB,https://ec.europa.eu/eurostat/databrowser/view/irt_lt_mcby_m/default/table
2025-11-01,ES,Spain,51.6,Eurostat / ECB,https://ec.europa.eu/eurostat/databrowser/view/irt_lt_mcby_m/default/table
2025-12-01,ES,Spain,45.8,Eurostat / ECB,https://ec.europa.eu/eurostat/databrowser/view/irt_lt_mcby_m/default/table
2026-01-01,ES,Spain,46.1,Eurostat / ECB,https://ec.europa.eu/eurostat/databrowser/view/irt_lt_mcby_m/default/table
2026-02-01,ES,Spain,43,Eurostat / ECB,https://ec.europa.eu/eurostat/databrowser/view/irt_lt_mcby_m/default/table
2026-03-01,ES,Spain,47.5,Eurostat / ECB,https://ec.europa.eu/eurostat/databrowser/view/irt_lt_mcby_m/default/table
2026-04-01,ES,Spain,44.8,Eurostat / ECB,https://ec.europa.eu/eurostat/databrowser/view/irt_lt_mcby_m/default/table
2026-05-01,ES,Spain,44.3,Eurostat / ECB,https://ec.europa.eu/eurostat/databrowser/view/irt_lt_mcby_m/default/table
2026-06-01,ES,Spain,44.9,Eurostat / ECB,https://ec.europa.eu/eurostat/databrowser/view/irt_lt_mcby_m/default/table
2026-07-01,ES,Spain,46,Eurostat / ECB,https://ec.europa.eu/eurostat/databrowser/view/irt_lt_mcby_m/default/table
1990-01-01,PT,Portugal,772,Eurostat / ECB,https://ec.europa.eu/eurostat/databrowser/view/irt_lt_mcby_m/default/table
1990-02-01,PT,Portugal,672,Eurostat / ECB,https://ec.europa.eu/eurostat/databrowser/view/irt_lt_mcby_m/default/table
1990-03-01,PT,Portugal,656,Eurostat / ECB,https://ec.europa.eu/eurostat/databrowser/view/irt_lt_mcby_m/default/table
1990-04-01,PT,Portugal,663,Eurostat / ECB,https://ec.europa.eu/eurostat/databrowser/view/irt_lt_mcby_m/default/table
1990-05-01,PT,Portugal,664,Eurostat / ECB,https://ec.europa.eu/eurostat/databrowser/view/irt_lt_mcby_m/default/table
1990-06-01,PT,Portugal,653,Eurostat / ECB,https://ec.europa.eu/eurostat/databrowser/view/irt_lt_mcby_m/default/table
1990-07-01,PT,Portugal,679,Eurostat / ECB,https://ec.europa.eu/eurostat/databrowser/view/irt_lt_mcby_m/default/table
1990-08-01,PT,Portugal,645,Eurostat / ECB,https://ec.europa.eu/eurostat/databrowser/view/irt_lt_mcby_m/default/table
1990-09-01,PT,Portugal,637,Eurostat / ECB,https://ec.europa.eu/eurostat/databrowser/view/irt_lt_mcby_m/default/table
1990-10-01,PT,Portugal,643,Eurostat / ECB,https://ec.europa.eu/eurostat/databrowser/view/irt_lt_mcby_m/default/table
1990-11-01,PT,Portugal,647,Eurostat / ECB,https://ec.europa.eu/eurostat/databrowser/view/irt_lt_mcby_m/default/table
1990-12-01,PT,Portugal,682,Eurostat / ECB,https://ec.europa.eu/eurostat/databrowser/view/irt_lt_mcby_m/default/table
1991-01-01,PT,Portugal,683,Eurostat / ECB,https://ec.europa.eu/eurostat/databrowser/view/irt_lt_mcby_m/default/table
1991-02-01,PT,Portugal,721,Eurostat / ECB,https://ec.europa.eu/eurostat/databrowser/view/irt_lt_mcby_m/default/table
1991-03-01,PT,Portugal,678,Eurostat / ECB,https://ec.europa.eu/eurostat/databrowser/view/irt_lt_mcby_m/default/table
1991-04-01,PT,Portugal,693,Eurostat / ECB,https://ec.europa.eu/eurostat/databrowser/view/irt_lt_mcby_m/default/table
1991-05-01,PT,Portugal,653,Eurostat / ECB,https://ec.europa.eu/eurostat/databrowser/view/irt_lt_mcby_m/default/table
1991-06-01,PT,Portugal,576,Eurostat / ECB,https://ec.europa.eu/eurostat/databrowser/view/irt_lt_mcby_m/default/table
1991-07-01,PT,Portugal,547,Eurostat / ECB,https://ec.europa.eu/eurostat/databrowser/view/irt_lt_mcby_m/default/table
1991-08-01,PT,Portugal,584,Eurostat / ECB,https://ec.europa.eu/eurostat/databrowser/view/irt_lt_mcby_m/default/table
1991-09-01,PT,Portugal,579,Eurostat / ECB,https://ec.europa.eu/eurostat/databrowser/view/irt_lt_mcby_m/default/table
1991-10-01,PT,Portugal,534,Eurostat / ECB,https://ec.europa.eu/eurostat/databrowser/view/irt_lt_mcby_m/default/table
1991-11-01,PT,Portugal,496,Eurostat / ECB,https://ec.europa.eu/eurostat/databrowser/view/irt_lt_mcby_m/default/table
1991-12-01,PT,Portugal,564,Eurostat / ECB,https://ec.europa.eu/eurostat/databrowser/view/irt_lt_mcby_m/default/table
1992-01-01,PT,Portugal,726,Eurostat / ECB,https://ec.europa.eu/eurostat/databrowser/view/irt_lt_mcby_m/default/table
1992-02-01,PT,Portugal,707,Eurostat / ECB,https://ec.europa.eu/eurostat/databrowser/view/irt_lt_mcby_m/default/table
1992-03-01,PT,Portugal,640,Eurostat / ECB,https://ec.europa.eu/eurostat/databrowser/view/irt_lt_mcby_m/default/table
1992-04-01,PT,Portugal,551,Eurostat / ECB,https://ec.europa.eu/eurostat/databrowser/view/irt_lt_mcby_m/default/table
1992-05-01,PT,Portugal,551,Eurostat / ECB,https://ec.europa.eu/eurostat/databrowser/view/irt_lt_mcby_m/default/table
1992-06-01,PT,Portugal,564,Eurostat / ECB,https://ec.europa.eu/eurostat/databrowser/view/irt_lt_mcby_m/default/table
1992-07-01,PT,Portugal,551,Eurostat / ECB,https://ec.europa.eu/eurostat/databrowser/view/irt_lt_mcby_m/default/table
1992-08-01,PT,Portugal,596,Eurostat / ECB,https://ec.europa.eu/eurostat/databrowser/view/irt_lt_mcby_m/default/table
1992-09-01,PT,Portugal,548,Eurostat / ECB,https://ec.europa.eu/eurostat/databrowser/view/irt_lt_mcby_m/default/table
1992-10-01,PT,Portugal,543,Eurostat / ECB,https://ec.europa.eu/eurostat/databrowser/view/irt_lt_mcby_m/default/table
1992-11-01,PT,Portugal,602,Eurostat / ECB,https://ec.europa.eu/eurostat/databrowser/view/irt_lt_mcby_m/default/table
1992-12-01,PT,Portugal,616,Eurostat / ECB,https://ec.europa.eu/eurostat/databrowser/view/irt_lt_mcby_m/default/table
1993-01-01,PT,Portugal,619,Eurostat / ECB,https://ec.europa.eu/eurostat/databrowser/view/irt_lt_mcby_m/default/table
1993-02-01,PT,Portugal,552,Eurostat / ECB,https://ec.europa.eu/eurostat/databrowser/view/irt_lt_mcby_m/default/table
1993-03-01,PT,Portugal,519,Eurostat / ECB,https://ec.europa.eu/eurostat/databrowser/view/irt_lt_mcby_m/default/table
1993-04-01,PT,Portugal,538,Eurostat / ECB,https://ec.europa.eu/eurostat/databrowser/view/irt_lt_mcby_m/default/table
1993-05-01,PT,Portugal,594,Eurostat / ECB,https://ec.europa.eu/eurostat/databrowser/view/irt_lt_mcby_m/default/table
1993-06-01,PT,Portugal,626,Eurostat / ECB,https://ec.europa.eu/eurostat/databrowser/view/irt_lt_mcby_m/default/table
1993-07-01,PT,Portugal,405,Eurostat / ECB,https://ec.europa.eu/eurostat/databrowser/view/irt_lt_mcby_m/default/table
1993-08-01,PT,Portugal,396,Eurostat / ECB,https://ec.europa.eu/eurostat/databrowser/view/irt_lt_mcby_m/default/table
1993-09-01,PT,Portugal,354,Eurostat / ECB,https://ec.europa.eu/eurostat/databrowser/view/irt_lt_mcby_m/default/table
1993-10-01,PT,Portugal,327,Eurostat / ECB,https://ec.europa.eu/eurostat/databrowser/view/irt_lt_mcby_m/default/table
1993-11-01,PT,Portugal,341,Eurostat / ECB,https://ec.europa.eu/eurostat/databrowser/view/irt_lt_mcby_m/default/table
1993-12-01,PT,Portugal,334,Eurostat / ECB,https://ec.europa.eu/eurostat/databrowser/view/irt_lt_mcby_m/default/table
1994-01-01,PT,Portugal,313,Eurostat / ECB,https://ec.europa.eu/eurostat/databrowser/view/irt_lt_mcby_m/default/table
1994-02-01,PT,Portugal,251,Eurostat / ECB,https://ec.europa.eu/eurostat/databrowser/view/irt_lt_mcby_m/default/table
1994-03-01,PT,Portugal,263,Eurostat / ECB,https://ec.europa.eu/eurostat/databrowser/view/irt_lt_mcby_m/default/table
1994-04-01,PT,Portugal,278,Eurostat / ECB,https://ec.europa.eu/eurostat/databrowser/view/irt_lt_mcby_m/default/table
1994-05-01,PT,Portugal,330,Eurostat / ECB,https://ec.europa.eu/eurostat/databrowser/view/irt_lt_mcby_m/default/table
1994-06-01,PT,Portugal,379,Eurostat / ECB,https://ec.europa.eu/eurostat/databrowser/view/irt_lt_mcby_m/default/table
1994-07-01,PT,Portugal,444,Eurostat / ECB,https://ec.europa.eu/eurostat/databrowser/view/irt_lt_mcby_m/default/table
1994-08-01,PT,Portugal,433,Eurostat / ECB,https://ec.europa.eu/eurostat/databrowser/view/irt_lt_mcby_m/default/table
1994-09-01,PT,Portugal,423,Eurostat / ECB,https://ec.europa.eu/eurostat/databrowser/view/irt_lt_mcby_m/default/table
1994-10-01,PT,Portugal,405,Eurostat / ECB,https://ec.europa.eu/eurostat/databrowser/view/irt_lt_mcby_m/default/table
1994-11-01,PT,Portugal,402,Eurostat / ECB,https://ec.europa.eu/eurostat/databrowser/view/irt_lt_mcby_m/default/table
1994-12-01,PT,Portugal,414,Eurostat / ECB,https://ec.europa.eu/eurostat/databrowser/view/irt_lt_mcby_m/default/table
1995-01-01,PT,Portugal,419,Eurostat / ECB,https://ec.europa.eu/eurostat/databrowser/view/irt_lt_mcby_m/default/table
1995-02-01,PT,Portugal,429,Eurostat / ECB,https://ec.europa.eu/eurostat/databrowser/view/irt_lt_mcby_m/default/table
1995-03-01,PT,Portugal,470,Eurostat / ECB,https://ec.europa.eu/eurostat/databrowser/view/irt_lt_mcby_m/default/table
1995-04-01,PT,Portugal,508,Eurostat / ECB,https://ec.europa.eu/eurostat/databrowser/view/irt_lt_mcby_m/default/table
1995-05-01,PT,Portugal,506,Eurostat / ECB,https://ec.europa.eu/eurostat/databrowser/view/irt_lt_mcby_m/default/table
1995-06-01,PT,Portugal,511,Eurostat / ECB,https://ec.europa.eu/eurostat/databrowser/view/irt_lt_mcby_m/default/table
1995-07-01,PT,Portugal,483,Eurostat / ECB,https://ec.europa.eu/eurostat/databrowser/view/irt_lt_mcby_m/default/table
1995-08-01,PT,Portugal,457,Eurostat / ECB,https://ec.europa.eu/eurostat/databrowser/view/irt_lt_mcby_m/default/table
1995-09-01,PT,Portugal,456,Eurostat / ECB,https://ec.europa.eu/eurostat/databrowser/view/irt_lt_mcby_m/default/table
1995-10-01,PT,Portugal,465,Eurostat / ECB,https://ec.europa.eu/eurostat/databrowser/view/irt_lt_mcby_m/default/table
1995-11-01,PT,Portugal,440,Eurostat / ECB,https://ec.europa.eu/eurostat/databrowser/view/irt_lt_mcby_m/default/table
1995-12-01,PT,Portugal,396,Eurostat / ECB,https://ec.europa.eu/eurostat/databrowser/view/irt_lt_mcby_m/default/table
1996-01-01,PT,Portugal,355,Eurostat / ECB,https://ec.europa.eu/eurostat/databrowser/view/irt_lt_mcby_m/default/table
1996-02-01,PT,Portugal,325,Eurostat / ECB,https://ec.europa.eu/eurostat/databrowser/view/irt_lt_mcby_m/default/table
1996-03-01,PT,Portugal,302,Eurostat / ECB,https://ec.europa.eu/eurostat/databrowser/view/irt_lt_mcby_m/default/table
1996-04-01,PT,Portugal,268,Eurostat / ECB,https://ec.europa.eu/eurostat/databrowser/view/irt_lt_mcby_m/default/table
1996-05-01,PT,Portugal,252,Eurostat / ECB,https://ec.europa.eu/eurostat/databrowser/view/irt_lt_mcby_m/default/table
1996-06-01,PT,Portugal,232,Eurostat / ECB,https://ec.europa.eu/eurostat/databrowser/view/irt_lt_mcby_m/default/table
1996-07-01,PT,Portugal,223,Eurostat / ECB,https://ec.europa.eu/eurostat/databrowser/view/irt_lt_mcby_m/default/table
1996-08-01,PT,Portugal,241,Eurostat / ECB,https://ec.europa.eu/eurostat/databrowser/view/irt_lt_mcby_m/default/table
1996-09-01,PT,Portugal,209,Eurostat / ECB,https://ec.europa.eu/eurostat/databrowser/view/irt_lt_mcby_m/default/table
1996-10-01,PT,Portugal,158,Eurostat / ECB,https://ec.europa.eu/eurostat/databrowser/view/irt_lt_mcby_m/default/table
1996-11-01,PT,Portugal,131,Eurostat / ECB,https://ec.europa.eu/eurostat/databrowser/view/irt_lt_mcby_m/default/table
1996-12-01,PT,Portugal,116,Eurostat / ECB,https://ec.europa.eu/eurostat/databrowser/view/irt_lt_mcby_m/default/table
1997-01-01,PT,Portugal,92,Eurostat / ECB,https://ec.europa.eu/eurostat/databrowser/view/irt_lt_mcby_m/default/table
1997-02-01,PT,Portugal,111,Eurostat / ECB,https://ec.europa.eu/eurostat/databrowser/view/irt_lt_mcby_m/default/table
1997-03-01,PT,Portugal,116,Eurostat / ECB,https://ec.europa.eu/eurostat/databrowser/view/irt_lt_mcby_m/default/table
1997-04-01,PT,Portugal,93,Eurostat / ECB,https://ec.europa.eu/eurostat/databrowser/view/irt_lt_mcby_m/default/table
1997-05-01,PT,Portugal,73,Eurostat / ECB,https://ec.europa.eu/eurostat/databrowser/view/irt_lt_mcby_m/default/table
1997-06-01,PT,Portugal,69,Eurostat / ECB,https://ec.europa.eu/eurostat/databrowser/view/irt_lt_mcby_m/default/table
1997-07-01,PT,Portugal,70,Eurostat / ECB,https://ec.europa.eu/eurostat/databrowser/view/irt_lt_mcby_m/default/table
1997-08-01,PT,Portugal,69,Eurostat / ECB,https://ec.europa.eu/eurostat/databrowser/view/irt_lt_mcby_m/default/table
1997-09-01,PT,Portugal,54,Eurostat / ECB,https://ec.europa.eu/eurostat/databrowser/view/irt_lt_mcby_m/default/table
1997-10-01,PT,Portugal,40,Eurostat / ECB,https://ec.europa.eu/eurostat/databrowser/view/irt_lt_mcby_m/default/table
1997-11-01,PT,Portugal,40,Eurostat / ECB,https://ec.europa.eu/eurostat/databrowser/view/irt_lt_mcby_m/default/table
1997-12-01,PT,Portugal,34,Eurostat / ECB,https://ec.europa.eu/eurostat/databrowser/view/irt_lt_mcby_m/default/table
1998-01-01,PT,Portugal,30,Eurostat / ECB,https://ec.europa.eu/eurostat/databrowser/view/irt_lt_mcby_m/default/table
1998-02-01,PT,Portugal,33,Eurostat / ECB,https://ec.europa.eu/eurostat/databrowser/view/irt_lt_mcby_m/default/table
1998-03-01,PT,Portugal,35,Eurostat / ECB,https://ec.europa.eu/eurostat/databrowser/view/irt_lt_mcby_m/default/table
1998-04-01,PT,Portugal,27,Eurostat / ECB,https://ec.europa.eu/eurostat/databrowser/view/irt_lt_mcby_m/default/table
1998-05-01,PT,Portugal,22,Eurostat / ECB,https://ec.europa.eu/eurostat/databrowser/view/irt_lt_mcby_m/default/table
1998-06-01,PT,Portugal,26,Eurostat / ECB,https://ec.europa.eu/eurostat/databrowser/view/irt_lt_mcby_m/default/table
1998-07-01,PT,Portugal,27,Eurostat / ECB,https://ec.europa.eu/eurostat/databrowser/view/irt_lt_mcby_m/default/table
1998-08-01,PT,Portugal,34,Eurostat / ECB,https://ec.europa.eu/eurostat/databrowser/view/irt_lt_mcby_m/default/table
1998-09-01,PT,Portugal,40,Eurostat / ECB,https://ec.europa.eu/eurostat/databrowser/view/irt_lt_mcby_m/default/table
1998-10-01,PT,Portugal,38,Eurostat / ECB,https://ec.europa.eu/eurostat/databrowser/view/irt_lt_mcby_m/default/table
1998-11-01,PT,Portugal,31,Eurostat / ECB,https://ec.europa.eu/eurostat/databrowser/view/irt_lt_mcby_m/default/table
1998-12-01,PT,Portugal,26,Eurostat / ECB,https://ec.europa.eu/eurostat/databrowser/view/irt_lt_mcby_m/default/table
1999-01-01,PT,Portugal,20,Eurostat / ECB,https://ec.europa.eu/eurostat/databrowser/view/irt_lt_mcby_m/default/table
1999-02-01,PT,Portugal,17,Eurostat / ECB,https://ec.europa.eu/eurostat/databrowser/view/irt_lt_mcby_m/default/table
1999-03-01,PT,Portugal,20,Eurostat / ECB,https://ec.europa.eu/eurostat/databrowser/view/irt_lt_mcby_m/default/table
1999-04-01,PT,Portugal,28,Eurostat / ECB,https://ec.europa.eu/eurostat/databrowser/view/irt_lt_mcby_m/default/table
1999-05-01,PT,Portugal,31,Eurostat / ECB,https://ec.europa.eu/eurostat/databrowser/view/irt_lt_mcby_m/default/table
1999-06-01,PT,Portugal,30,Eurostat / ECB,https://ec.europa.eu/eurostat/databrowser/view/irt_lt_mcby_m/default/table
1999-07-01,PT,Portugal,31,Eurostat / ECB,https://ec.europa.eu/eurostat/databrowser/view/irt_lt_mcby_m/default/table
1999-08-01,PT,Portugal,34,Eurostat / ECB,https://ec.europa.eu/eurostat/databrowser/view/irt_lt_mcby_m/default/table
1999-09-01,PT,Portugal,37,Eurostat / ECB,https://ec.europa.eu/eurostat/databrowser/view/irt_lt_mcby_m/default/table
1999-10-01,PT,Portugal,33,Eurostat / ECB,https://ec.europa.eu/eurostat/databrowser/view/irt_lt_mcby_m/default/table
1999-11-01,PT,Portugal,32,Eurostat / ECB,https://ec.europa.eu/eurostat/databrowser/view/irt_lt_mcby_m/default/table
1999-12-01,PT,Portugal,31,Eurostat / ECB,https://ec.europa.eu/eurostat/databrowser/view/irt_lt_mcby_m/default/table
2000-01-01,PT,Portugal,27,Eurostat / ECB,https://ec.europa.eu/eurostat/databrowser/view/irt_lt_mcby_m/default/table
2000-02-01,PT,Portugal,27,Eurostat / ECB,https://ec.europa.eu/eurostat/databrowser/view/irt_lt_mcby_m/default/table
2000-03-01,PT,Portugal,28,Eurostat / ECB,https://ec.europa.eu/eurostat/databrowser/view/irt_lt_mcby_m/default/table
2000-04-01,PT,Portugal,30,Eurostat / ECB,https://ec.europa.eu/eurostat/databrowser/view/irt_lt_mcby_m/default/table
2000-05-01,PT,Portugal,30,Eurostat / ECB,https://ec.europa.eu/eurostat/databrowser/view/irt_lt_mcby_m/default/table
2000-06-01,PT,Portugal,35,Eurostat / ECB,https://ec.europa.eu/eurostat/databrowser/view/irt_lt_mcby_m/default/table
2000-07-01,PT,Portugal,34,Eurostat / ECB,https://ec.europa.eu/eurostat/databrowser/view/irt_lt_mcby_m/default/table
2000-08-01,PT,Portugal,36,Eurostat / ECB,https://ec.europa.eu/eurostat/databrowser/view/irt_lt_mcby_m/default/table
2000-09-01,PT,Portugal,37,Eurostat / ECB,https://ec.europa.eu/eurostat/databrowser/view/irt_lt_mcby_m/default/table
2000-10-01,PT,Portugal,37,Eurostat / ECB,https://ec.europa.eu/eurostat/databrowser/view/irt_lt_mcby_m/default/table
2000-11-01,PT,Portugal,38,Eurostat / ECB,https://ec.europa.eu/eurostat/databrowser/view/irt_lt_mcby_m/default/table
2000-12-01,PT,Portugal,39,Eurostat / ECB,https://ec.europa.eu/eurostat/databrowser/view/irt_lt_mcby_m/default/table
2001-01-01,PT,Portugal,36,Eurostat / ECB,https://ec.europa.eu/eurostat/databrowser/view/irt_lt_mcby_m/default/table
2001-02-01,PT,Portugal,36,Eurostat / ECB,https://ec.europa.eu/eurostat/databrowser/view/irt_lt_mcby_m/default/table
2001-03-01,PT,Portugal,42,Eurostat / ECB,https://ec.europa.eu/eurostat/databrowser/view/irt_lt_mcby_m/default/table
2001-04-01,PT,Portugal,44,Eurostat / ECB,https://ec.europa.eu/eurostat/databrowser/view/irt_lt_mcby_m/default/table
2001-05-01,PT,Portugal,37,Eurostat / ECB,https://ec.europa.eu/eurostat/databrowser/view/irt_lt_mcby_m/default/table
2001-06-01,PT,Portugal,38,Eurostat / ECB,https://ec.europa.eu/eurostat/databrowser/view/irt_lt_mcby_m/default/table
2001-07-01,PT,Portugal,37,Eurostat / ECB,https://ec.europa.eu/eurostat/databrowser/view/irt_lt_mcby_m/default/table
2001-08-01,PT,Portugal,37,Eurostat / ECB,https://ec.europa.eu/eurostat/databrowser/view/irt_lt_mcby_m/default/table
2001-09-01,PT,Portugal,36,Eurostat / ECB,https://ec.europa.eu/eurostat/databrowser/view/irt_lt_mcby_m/default/table
2001-10-01,PT,Portugal,32,Eurostat / ECB,https://ec.europa.eu/eurostat/databrowser/view/irt_lt_mcby_m/default/table
2001-11-01,PT,Portugal,31,Eurostat / ECB,https://ec.europa.eu/eurostat/databrowser/view/irt_lt_mcby_m/default/table
2001-12-01,PT,Portugal,27,Eurostat / ECB,https://ec.europa.eu/eurostat/databrowser/view/irt_lt_mcby_m/default/table
2002-01-01,PT,Portugal,22,Eurostat / ECB,https://ec.europa.eu/eurostat/databrowser/view/irt_lt_mcby_m/default/table
2002-02-01,PT,Portugal,23,Eurostat / ECB,https://ec.europa.eu/eurostat/databrowser/view/irt_lt_mcby_m/default/table
2002-03-01,PT,Portugal,23,Eurostat / ECB,https://ec.europa.eu/eurostat/databrowser/view/irt_lt_mcby_m/default/table
2002-04-01,PT,Portugal,24,Eurostat / ECB,https://ec.europa.eu/eurostat/databrowser/view/irt_lt_mcby_m/default/table
2002-05-01,PT,Portugal,23,Eurostat / ECB,https://ec.europa.eu/eurostat/databrowser/view/irt_lt_mcby_m/default/table
2002-06-01,PT,Portugal,24,Eurostat / ECB,https://ec.europa.eu/eurostat/databrowser/view/irt_lt_mcby_m/default/table
2002-07-01,PT,Portugal,25,Eurostat / ECB,https://ec.europa.eu/eurostat/databrowser/view/irt_lt_mcby_m/default/table
2002-08-01,PT,Portugal,26,Eurostat / ECB,https://ec.europa.eu/eurostat/databrowser/view/irt_lt_mcby_m/default/table
2002-09-01,PT,Portugal,25,Eurostat / ECB,https://ec.europa.eu/eurostat/databrowser/view/irt_lt_mcby_m/default/table
2002-10-01,PT,Portugal,24,Eurostat / ECB,https://ec.europa.eu/eurostat/databrowser/view/irt_lt_mcby_m/default/table
2002-11-01,PT,Portugal,18,Eurostat / ECB,https://ec.europa.eu/eurostat/databrowser/view/irt_lt_mcby_m/default/table
2002-12-01,PT,Portugal,12,Eurostat / ECB,https://ec.europa.eu/eurostat/databrowser/view/irt_lt_mcby_m/default/table
2003-01-01,PT,Portugal,9,Eurostat / ECB,https://ec.europa.eu/eurostat/databrowser/view/irt_lt_mcby_m/default/table
2003-02-01,PT,Portugal,9,Eurostat / ECB,https://ec.europa.eu/eurostat/databrowser/view/irt_lt_mcby_m/default/table
2003-03-01,PT,Portugal,8,Eurostat / ECB,https://ec.europa.eu/eurostat/databrowser/view/irt_lt_mcby_m/default/table
2003-04-01,PT,Portugal,3,Eurostat / ECB,https://ec.europa.eu/eurostat/databrowser/view/irt_lt_mcby_m/default/table
2003-05-01,PT,Portugal,9,Eurostat / ECB,https://ec.europa.eu/eurostat/databrowser/view/irt_lt_mcby_m/default/table
2003-06-01,PT,Portugal,15,Eurostat / ECB,https://ec.europa.eu/eurostat/databrowser/view/irt_lt_mcby_m/default/table
2003-07-01,PT,Portugal,13,Eurostat / ECB,https://ec.europa.eu/eurostat/databrowser/view/irt_lt_mcby_m/default/table
2003-08-01,PT,Portugal,13,Eurostat / ECB,https://ec.europa.eu/eurostat/databrowser/view/irt_lt_mcby_m/default/table
2003-09-01,PT,Portugal,12,Eurostat / ECB,https://ec.europa.eu/eurostat/databrowser/view/irt_lt_mcby_m/default/table
2003-10-01,PT,Portugal,14,Eurostat / ECB,https://ec.europa.eu/eurostat/databrowser/view/irt_lt_mcby_m/default/table
2003-11-01,PT,Portugal,13,Eurostat / ECB,https://ec.europa.eu/eurostat/databrowser/view/irt_lt_mcby_m/default/table
2003-12-01,PT,Portugal,11,Eurostat / ECB,https://ec.europa.eu/eurostat/databrowser/view/irt_lt_mcby_m/default/table
2004-01-01,PT,Portugal,8,Eurostat / ECB,https://ec.europa.eu/eurostat/databrowser/view/irt_lt_mcby_m/default/table
2004-02-01,PT,Portugal,8,Eurostat / ECB,https://ec.europa.eu/eurostat/databrowser/view/irt_lt_mcby_m/default/table
2004-03-01,PT,Portugal,9,Eurostat / ECB,https://ec.europa.eu/eurostat/databrowser/view/irt_lt_mcby_m/default/table
2004-04-01,PT,Portugal,15,Eurostat / ECB,https://ec.europa.eu/eurostat/databrowser/view/irt_lt_mcby_m/default/table
2004-05-01,PT,Portugal,17,Eurostat / ECB,https://ec.europa.eu/eurostat/databrowser/view/irt_lt_mcby_m/default/table
2004-06-01,PT,Portugal,16,Eurostat / ECB,https://ec.europa.eu/eurostat/databrowser/view/irt_lt_mcby_m/default/table
2004-07-01,PT,Portugal,11,Eurostat / ECB,https://ec.europa.eu/eurostat/databrowser/view/irt_lt_mcby_m/default/table
2004-08-01,PT,Portugal,10,Eurostat / ECB,https://ec.europa.eu/eurostat/databrowser/view/irt_lt_mcby_m/default/table
2004-09-01,PT,Portugal,10,Eurostat / ECB,https://ec.europa.eu/eurostat/databrowser/view/irt_lt_mcby_m/default/table
2004-10-01,PT,Portugal,10,Eurostat / ECB,https://ec.europa.eu/eurostat/databrowser/view/irt_lt_mcby_m/default/table
2004-11-01,PT,Portugal,8,Eurostat / ECB,https://ec.europa.eu/eurostat/databrowser/view/irt_lt_mcby_m/default/table
2004-12-01,PT,Portugal,6,Eurostat / ECB,https://ec.europa.eu/eurostat/databrowser/view/irt_lt_mcby_m/default/table
2005-01-01,PT,Portugal,0,Eurostat / ECB,https://ec.europa.eu/eurostat/databrowser/view/irt_lt_mcby_m/default/table
2005-02-01,PT,Portugal,1,Eurostat / ECB,https://ec.europa.eu/eurostat/databrowser/view/irt_lt_mcby_m/default/table
2005-03-01,PT,Portugal,0,Eurostat / ECB,https://ec.europa.eu/eurostat/databrowser/view/irt_lt_mcby_m/default/table
2005-04-01,PT,Portugal,2,Eurostat / ECB,https://ec.europa.eu/eurostat/databrowser/view/irt_lt_mcby_m/default/table
2005-05-01,PT,Portugal,5,Eurostat / ECB,https://ec.europa.eu/eurostat/databrowser/view/irt_lt_mcby_m/default/table
2005-06-01,PT,Portugal,6,Eurostat / ECB,https://ec.europa.eu/eurostat/databrowser/view/irt_lt_mcby_m/default/table
2005-07-01,PT,Portugal,15,Eurostat / ECB,https://ec.europa.eu/eurostat/databrowser/view/irt_lt_mcby_m/default/table
2005-08-01,PT,Portugal,16,Eurostat / ECB,https://ec.europa.eu/eurostat/databrowser/view/irt_lt_mcby_m/default/table
2005-09-01,PT,Portugal,16,Eurostat / ECB,https://ec.europa.eu/eurostat/databrowser/view/irt_lt_mcby_m/default/table
2005-10-01,PT,Portugal,15,Eurostat / ECB,https://ec.europa.eu/eurostat/databrowser/view/irt_lt_mcby_m/default/table
2005-11-01,PT,Portugal,13,Eurostat / ECB,https://ec.europa.eu/eurostat/databrowser/view/irt_lt_mcby_m/default/table
2005-12-01,PT,Portugal,12,Eurostat / ECB,https://ec.europa.eu/eurostat/databrowser/view/irt_lt_mcby_m/default/table
2006-01-01,PT,Portugal,13,Eurostat / ECB,https://ec.europa.eu/eurostat/databrowser/view/irt_lt_mcby_m/default/table
2006-02-01,PT,Portugal,13,Eurostat / ECB,https://ec.europa.eu/eurostat/databrowser/view/irt_lt_mcby_m/default/table
2006-03-01,PT,Portugal,13,Eurostat / ECB,https://ec.europa.eu/eurostat/databrowser/view/irt_lt_mcby_m/default/table
2006-04-01,PT,Portugal,14,Eurostat / ECB,https://ec.europa.eu/eurostat/databrowser/view/irt_lt_mcby_m/default/table
2006-05-01,PT,Portugal,11,Eurostat / ECB,https://ec.europa.eu/eurostat/databrowser/view/irt_lt_mcby_m/default/table
2006-06-01,PT,Portugal,14,Eurostat / ECB,https://ec.europa.eu/eurostat/databrowser/view/irt_lt_mcby_m/default/table
2006-07-01,PT,Portugal,13,Eurostat / ECB,https://ec.europa.eu/eurostat/databrowser/view/irt_lt_mcby_m/default/table
2006-08-01,PT,Portugal,18,Eurostat / ECB,https://ec.europa.eu/eurostat/databrowser/view/irt_lt_mcby_m/default/table
2006-09-01,PT,Portugal,18,Eurostat / ECB,https://ec.europa.eu/eurostat/databrowser/view/irt_lt_mcby_m/default/table
2006-10-01,PT,Portugal,19,Eurostat / ECB,https://ec.europa.eu/eurostat/databrowser/view/irt_lt_mcby_m/default/table
2006-11-01,PT,Portugal,18,Eurostat / ECB,https://ec.europa.eu/eurostat/databrowser/view/irt_lt_mcby_m/default/table
2006-12-01,PT,Portugal,19,Eurostat / ECB,https://ec.europa.eu/eurostat/databrowser/view/irt_lt_mcby_m/default/table
2007-01-01,PT,Portugal,16,Eurostat / ECB,https://ec.europa.eu/eurostat/databrowser/view/irt_lt_mcby_m/default/table
2007-02-01,PT,Portugal,14,Eurostat / ECB,https://ec.europa.eu/eurostat/databrowser/view/irt_lt_mcby_m/default/table
2007-03-01,PT,Portugal,16,Eurostat / ECB,https://ec.europa.eu/eurostat/databrowser/view/irt_lt_mcby_m/default/table
2007-04-01,PT,Portugal,15,Eurostat / ECB,https://ec.europa.eu/eurostat/databrowser/view/irt_lt_mcby_m/default/table
2007-05-01,PT,Portugal,16,Eurostat / ECB,https://ec.europa.eu/eurostat/databrowser/view/irt_lt_mcby_m/default/table
2007-06-01,PT,Portugal,19,Eurostat / ECB,https://ec.europa.eu/eurostat/databrowser/view/irt_lt_mcby_m/default/table
2007-07-01,PT,Portugal,23,Eurostat / ECB,https://ec.europa.eu/eurostat/databrowser/view/irt_lt_mcby_m/default/table
2007-08-01,PT,Portugal,26,Eurostat / ECB,https://ec.europa.eu/eurostat/databrowser/view/irt_lt_mcby_m/default/table
2007-09-01,PT,Portugal,28,Eurostat / ECB,https://ec.europa.eu/eurostat/databrowser/view/irt_lt_mcby_m/default/table
2007-10-01,PT,Portugal,24,Eurostat / ECB,https://ec.europa.eu/eurostat/databrowser/view/irt_lt_mcby_m/default/table
2007-11-01,PT,Portugal,27,Eurostat / ECB,https://ec.europa.eu/eurostat/databrowser/view/irt_lt_mcby_m/default/table
2007-12-01,PT,Portugal,26,Eurostat / ECB,https://ec.europa.eu/eurostat/databrowser/view/irt_lt_mcby_m/default/table
2008-01-01,PT,Portugal,28,Eurostat / ECB,https://ec.europa.eu/eurostat/databrowser/view/irt_lt_mcby_m/default/table
2008-02-01,PT,Portugal,32,Eurostat / ECB,https://ec.europa.eu/eurostat/databrowser/view/irt_lt_mcby_m/default/table
2008-03-01,PT,Portugal,56,Eurostat / ECB,https://ec.europa.eu/eurostat/databrowser/view/irt_lt_mcby_m/default/table
2008-04-01,PT,Portugal,48,Eurostat / ECB,https://ec.europa.eu/eurostat/databrowser/view/irt_lt_mcby_m/default/table
2008-05-01,PT,Portugal,40,Eurostat / ECB,https://ec.europa.eu/eurostat/databrowser/view/irt_lt_mcby_m/default/table
2008-06-01,PT,Portugal,44,Eurostat / ECB,https://ec.europa.eu/eurostat/databrowser/view/irt_lt_mcby_m/default/table
2008-07-01,PT,Portugal,46,Eurostat / ECB,https://ec.europa.eu/eurostat/databrowser/view/irt_lt_mcby_m/default/table
2008-08-01,PT,Portugal,49,Eurostat / ECB,https://ec.europa.eu/eurostat/databrowser/view/irt_lt_mcby_m/default/table
2008-09-01,PT,Portugal,57,Eurostat / ECB,https://ec.europa.eu/eurostat/databrowser/view/irt_lt_mcby_m/default/table
2008-10-01,PT,Portugal,68,Eurostat / ECB,https://ec.europa.eu/eurostat/databrowser/view/irt_lt_mcby_m/default/table
2008-11-01,PT,Portugal,79,Eurostat / ECB,https://ec.europa.eu/eurostat/databrowser/view/irt_lt_mcby_m/default/table
2008-12-01,PT,Portugal,95,Eurostat / ECB,https://ec.europa.eu/eurostat/databrowser/view/irt_lt_mcby_m/default/table
2009-01-01,PT,Portugal,125,Eurostat / ECB,https://ec.europa.eu/eurostat/databrowser/view/irt_lt_mcby_m/default/table
2009-02-01,PT,Portugal,139,Eurostat / ECB,https://ec.europa.eu/eurostat/databrowser/view/irt_lt_mcby_m/default/table
2009-03-01,PT,Portugal,166,Eurostat / ECB,https://ec.europa.eu/eurostat/databrowser/view/irt_lt_mcby_m/default/table
2009-04-01,PT,Portugal,140,Eurostat / ECB,https://ec.europa.eu/eurostat/databrowser/view/irt_lt_mcby_m/default/table
2009-05-01,PT,Portugal,92,Eurostat / ECB,https://ec.europa.eu/eurostat/databrowser/view/irt_lt_mcby_m/default/table
2009-06-01,PT,Portugal,103,Eurostat / ECB,https://ec.europa.eu/eurostat/databrowser/view/irt_lt_mcby_m/default/table
2009-07-01,PT,Portugal,91,Eurostat / ECB,https://ec.europa.eu/eurostat/databrowser/view/irt_lt_mcby_m/default/table
2009-08-01,PT,Portugal,64,Eurostat / ECB,https://ec.europa.eu/eurostat/databrowser/view/irt_lt_mcby_m/default/table
2009-09-01,PT,Portugal,68,Eurostat / ECB,https://ec.europa.eu/eurostat/databrowser/view/irt_lt_mcby_m/default/table
2009-10-01,PT,Portugal,64,Eurostat / ECB,https://ec.europa.eu/eurostat/databrowser/view/irt_lt_mcby_m/default/table
2009-11-01,PT,Portugal,58,Eurostat / ECB,https://ec.europa.eu/eurostat/databrowser/view/irt_lt_mcby_m/default/table
2009-12-01,PT,Portugal,77,Eurostat / ECB,https://ec.europa.eu/eurostat/databrowser/view/irt_lt_mcby_m/default/table
2010-01-01,PT,Portugal,91,Eurostat / ECB,https://ec.europa.eu/eurostat/databrowser/view/irt_lt_mcby_m/default/table
2010-02-01,PT,Portugal,139,Eurostat / ECB,https://ec.europa.eu/eurostat/databrowser/view/irt_lt_mcby_m/default/table
2010-03-01,PT,Portugal,121,Eurostat / ECB,https://ec.europa.eu/eurostat/databrowser/view/irt_lt_mcby_m/default/table
2010-04-01,PT,Portugal,172,Eurostat / ECB,https://ec.europa.eu/eurostat/databrowser/view/irt_lt_mcby_m/default/table
2010-05-01,PT,Portugal,229,Eurostat / ECB,https://ec.europa.eu/eurostat/databrowser/view/irt_lt_mcby_m/default/table
2010-06-01,PT,Portugal,300,Eurostat / ECB,https://ec.europa.eu/eurostat/databrowser/view/irt_lt_mcby_m/default/table
2010-07-01,PT,Portugal,287,Eurostat / ECB,https://ec.europa.eu/eurostat/databrowser/view/irt_lt_mcby_m/default/table
2010-08-01,PT,Portugal,296,Eurostat / ECB,https://ec.europa.eu/eurostat/databrowser/view/irt_lt_mcby_m/default/table
2010-09-01,PT,Portugal,378,Eurostat / ECB,https://ec.europa.eu/eurostat/databrowser/view/irt_lt_mcby_m/default/table
2010-10-01,PT,Portugal,370,Eurostat / ECB,https://ec.europa.eu/eurostat/databrowser/view/irt_lt_mcby_m/default/table
2010-11-01,PT,Portugal,438,Eurostat / ECB,https://ec.europa.eu/eurostat/databrowser/view/irt_lt_mcby_m/default/table
2010-12-01,PT,Portugal,362,Eurostat / ECB,https://ec.europa.eu/eurostat/databrowser/view/irt_lt_mcby_m/default/table
2011-01-01,PT,Portugal,393,Eurostat / ECB,https://ec.europa.eu/eurostat/databrowser/view/irt_lt_mcby_m/default/table
2011-02-01,PT,Portugal,414,Eurostat / ECB,https://ec.europa.eu/eurostat/databrowser/view/irt_lt_mcby_m/default/table
2011-03-01,PT,Portugal,459,Eurostat / ECB,https://ec.europa.eu/eurostat/databrowser/view/irt_lt_mcby_m/default/table
2011-04-01,PT,Portugal,585,Eurostat / ECB,https://ec.europa.eu/eurostat/databrowser/view/irt_lt_mcby_m/default/table
2011-05-01,PT,Portugal,657,Eurostat / ECB,https://ec.europa.eu/eurostat/databrowser/view/irt_lt_mcby_m/default/table
2011-06-01,PT,Portugal,798,Eurostat / ECB,https://ec.europa.eu/eurostat/databrowser/view/irt_lt_mcby_m/default/table
2011-07-01,PT,Portugal,941,Eurostat / ECB,https://ec.europa.eu/eurostat/databrowser/view/irt_lt_mcby_m/default/table
2011-08-01,PT,Portugal,872,Eurostat / ECB,https://ec.europa.eu/eurostat/databrowser/view/irt_lt_mcby_m/default/table
2011-09-01,PT,Portugal,951,Eurostat / ECB,https://ec.europa.eu/eurostat/databrowser/view/irt_lt_mcby_m/default/table
2011-10-01,PT,Portugal,972,Eurostat / ECB,https://ec.europa.eu/eurostat/databrowser/view/irt_lt_mcby_m/default/table
2011-11-01,PT,Portugal,1002,Eurostat / ECB,https://ec.europa.eu/eurostat/databrowser/view/irt_lt_mcby_m/default/table
2011-12-01,PT,Portugal,1115,Eurostat / ECB,https://ec.europa.eu/eurostat/databrowser/view/irt_lt_mcby_m/default/table
2012-01-01,PT,Portugal,1203,Eurostat / ECB,https://ec.europa.eu/eurostat/databrowser/view/irt_lt_mcby_m/default/table
2012-02-01,PT,Portugal,1096,Eurostat / ECB,https://ec.europa.eu/eurostat/databrowser/view/irt_lt_mcby_m/default/table
2012-03-01,PT,Portugal,1118,Eurostat / ECB,https://ec.europa.eu/eurostat/databrowser/view/irt_lt_mcby_m/default/table
2012-04-01,PT,Portugal,1039,Eurostat / ECB,https://ec.europa.eu/eurostat/databrowser/view/irt_lt_mcby_m/default/table
2012-05-01,PT,Portugal,1025,Eurostat / ECB,https://ec.europa.eu/eurostat/databrowser/view/irt_lt_mcby_m/default/table
2012-06-01,PT,Portugal,926,Eurostat / ECB,https://ec.europa.eu/eurostat/databrowser/view/irt_lt_mcby_m/default/table
2012-07-01,PT,Portugal,925,Eurostat / ECB,https://ec.europa.eu/eurostat/databrowser/view/irt_lt_mcby_m/default/table
2012-08-01,PT,Portugal,855,Eurostat / ECB,https://ec.europa.eu/eurostat/databrowser/view/irt_lt_mcby_m/default/table
2012-09-01,PT,Portugal,713,Eurostat / ECB,https://ec.europa.eu/eurostat/databrowser/view/irt_lt_mcby_m/default/table
2012-10-01,PT,Portugal,670,Eurostat / ECB,https://ec.europa.eu/eurostat/databrowser/view/irt_lt_mcby_m/default/table
2012-11-01,PT,Portugal,698,Eurostat / ECB,https://ec.europa.eu/eurostat/databrowser/view/irt_lt_mcby_m/default/table
2012-12-01,PT,Portugal,595,Eurostat / ECB,https://ec.europa.eu/eurostat/databrowser/view/irt_lt_mcby_m/default/table
2013-01-01,PT,Portugal,473,Eurostat / ECB,https://ec.europa.eu/eurostat/databrowser/view/irt_lt_mcby_m/default/table
2013-02-01,PT,Portugal,486,Eurostat / ECB,https://ec.europa.eu/eurostat/databrowser/view/irt_lt_mcby_m/default/table
2013-03-01,PT,Portugal,475,Eurostat / ECB,https://ec.europa.eu/eurostat/databrowser/view/irt_lt_mcby_m/default/table
2013-04-01,PT,Portugal,495,Eurostat / ECB,https://ec.europa.eu/eurostat/databrowser/view/irt_lt_mcby_m/default/table
2013-05-01,PT,Portugal,417,Eurostat / ECB,https://ec.europa.eu/eurostat/databrowser/view/irt_lt_mcby_m/default/table
2013-06-01,PT,Portugal,477,Eurostat / ECB,https://ec.europa.eu/eurostat/databrowser/view/irt_lt_mcby_m/default/table
2013-07-01,PT,Portugal,531,Eurostat / ECB,https://ec.europa.eu/eurostat/databrowser/view/irt_lt_mcby_m/default/table
2013-08-01,PT,Portugal,487,Eurostat / ECB,https://ec.europa.eu/eurostat/databrowser/view/irt_lt_mcby_m/default/table
2013-09-01,PT,Portugal,517,Eurostat / ECB,https://ec.europa.eu/eurostat/databrowser/view/irt_lt_mcby_m/default/table
2013-10-01,PT,Portugal,457,Eurostat / ECB,https://ec.europa.eu/eurostat/databrowser/view/irt_lt_mcby_m/default/table
2013-11-01,PT,Portugal,430,Eurostat / ECB,https://ec.europa.eu/eurostat/databrowser/view/irt_lt_mcby_m/default/table
2013-12-01,PT,Portugal,424,Eurostat / ECB,https://ec.europa.eu/eurostat/databrowser/view/irt_lt_mcby_m/default/table
2014-01-01,PT,Portugal,345,Eurostat / ECB,https://ec.europa.eu/eurostat/databrowser/view/irt_lt_mcby_m/default/table
2014-02-01,PT,Portugal,338,Eurostat / ECB,https://ec.europa.eu/eurostat/databrowser/view/irt_lt_mcby_m/default/table
2014-03-01,PT,Portugal,292,Eurostat / ECB,https://ec.europa.eu/eurostat/databrowser/view/irt_lt_mcby_m/default/table
2014-04-01,PT,Portugal,236,Eurostat / ECB,https://ec.europa.eu/eurostat/databrowser/view/irt_lt_mcby_m/default/table
2014-05-01,PT,Portugal,233,Eurostat / ECB,https://ec.europa.eu/eurostat/databrowser/view/irt_lt_mcby_m/default/table
2014-06-01,PT,Portugal,224,Eurostat / ECB,https://ec.europa.eu/eurostat/databrowser/view/irt_lt_mcby_m/default/table
2014-07-01,PT,Portugal,258,Eurostat / ECB,https://ec.europa.eu/eurostat/databrowser/view/irt_lt_mcby_m/default/table
2014-08-01,PT,Portugal,252,Eurostat / ECB,https://ec.europa.eu/eurostat/databrowser/view/irt_lt_mcby_m/default/table
2014-09-01,PT,Portugal,226,Eurostat / ECB,https://ec.europa.eu/eurostat/databrowser/view/irt_lt_mcby_m/default/table
2014-10-01,PT,Portugal,242,Eurostat / ECB,https://ec.europa.eu/eurostat/databrowser/view/irt_lt_mcby_m/default/table
2014-11-01,PT,Portugal,241,Eurostat / ECB,https://ec.europa.eu/eurostat/databrowser/view/irt_lt_mcby_m/default/table
2014-12-01,PT,Portugal,222,Eurostat / ECB,https://ec.europa.eu/eurostat/databrowser/view/irt_lt_mcby_m/default/table
2015-01-01,PT,Portugal,210,Eurostat / ECB,https://ec.europa.eu/eurostat/databrowser/view/irt_lt_mcby_m/default/table
2015-02-01,PT,Portugal,202,Eurostat / ECB,https://ec.europa.eu/eurostat/databrowser/view/irt_lt_mcby_m/default/table
2015-03-01,PT,Portugal,151,Eurostat / ECB,https://ec.europa.eu/eurostat/databrowser/view/irt_lt_mcby_m/default/table
2015-04-01,PT,Portugal,175,Eurostat / ECB,https://ec.europa.eu/eurostat/databrowser/view/irt_lt_mcby_m/default/table
2015-05-01,PT,Portugal,185,Eurostat / ECB,https://ec.europa.eu/eurostat/databrowser/view/irt_lt_mcby_m/default/table
2015-06-01,PT,Portugal,214,Eurostat / ECB,https://ec.europa.eu/eurostat/databrowser/view/irt_lt_mcby_m/default/table
2015-07-01,PT,Portugal,203,Eurostat / ECB,https://ec.europa.eu/eurostat/databrowser/view/irt_lt_mcby_m/default/table
2015-08-01,PT,Portugal,191,Eurostat / ECB,https://ec.europa.eu/eurostat/databrowser/view/irt_lt_mcby_m/default/table
2015-09-01,PT,Portugal,194,Eurostat / ECB,https://ec.europa.eu/eurostat/databrowser/view/irt_lt_mcby_m/default/table
2015-10-01,PT,Portugal,189,Eurostat / ECB,https://ec.europa.eu/eurostat/databrowser/view/irt_lt_mcby_m/default/table
2015-11-01,PT,Portugal,205,Eurostat / ECB,https://ec.europa.eu/eurostat/databrowser/view/irt_lt_mcby_m/default/table
2015-12-01,PT,Portugal,194,Eurostat / ECB,https://ec.europa.eu/eurostat/databrowser/view/irt_lt_mcby_m/default/table
2016-01-01,PT,Portugal,228,Eurostat / ECB,https://ec.europa.eu/eurostat/databrowser/view/irt_lt_mcby_m/default/table
2016-02-01,PT,Portugal,306,Eurostat / ECB,https://ec.europa.eu/eurostat/databrowser/view/irt_lt_mcby_m/default/table
2016-03-01,PT,Portugal,267,Eurostat / ECB,https://ec.europa.eu/eurostat/databrowser/view/irt_lt_mcby_m/default/table
2016-04-01,PT,Portugal,300,Eurostat / ECB,https://ec.europa.eu/eurostat/databrowser/view/irt_lt_mcby_m/default/table
2016-05-01,PT,Portugal,302,Eurostat / ECB,https://ec.europa.eu/eurostat/databrowser/view/irt_lt_mcby_m/default/table
2016-06-01,PT,Portugal,322,Eurostat / ECB,https://ec.europa.eu/eurostat/databrowser/view/irt_lt_mcby_m/default/table
2016-07-01,PT,Portugal,321,Eurostat / ECB,https://ec.europa.eu/eurostat/databrowser/view/irt_lt_mcby_m/default/table
2016-08-01,PT,Portugal,304,Eurostat / ECB,https://ec.europa.eu/eurostat/databrowser/view/irt_lt_mcby_m/default/table
2016-09-01,PT,Portugal,335,Eurostat / ECB,https://ec.europa.eu/eurostat/databrowser/view/irt_lt_mcby_m/default/table
2016-10-01,PT,Portugal,333,Eurostat / ECB,https://ec.europa.eu/eurostat/databrowser/view/irt_lt_mcby_m/default/table
2016-11-01,PT,Portugal,332,Eurostat / ECB,https://ec.europa.eu/eurostat/databrowser/view/irt_lt_mcby_m/default/table
2016-12-01,PT,Portugal,349,Eurostat / ECB,https://ec.europa.eu/eurostat/databrowser/view/irt_lt_mcby_m/default/table
2017-01-01,PT,Portugal,370,Eurostat / ECB,https://ec.europa.eu/eurostat/databrowser/view/irt_lt_mcby_m/default/table
2017-02-01,PT,Portugal,378,Eurostat / ECB,https://ec.europa.eu/eurostat/databrowser/view/irt_lt_mcby_m/default/table
2017-03-01,PT,Portugal,364,Eurostat / ECB,https://ec.europa.eu/eurostat/databrowser/view/irt_lt_mcby_m/default/table
2017-04-01,PT,Portugal,355,Eurostat / ECB,https://ec.europa.eu/eurostat/databrowser/view/irt_lt_mcby_m/default/table
2017-05-01,PT,Portugal,295,Eurostat / ECB,https://ec.europa.eu/eurostat/databrowser/view/irt_lt_mcby_m/default/table
2017-06-01,PT,Portugal,272,Eurostat / ECB,https://ec.europa.eu/eurostat/databrowser/view/irt_lt_mcby_m/default/table
2017-07-01,PT,Portugal,257,Eurostat / ECB,https://ec.europa.eu/eurostat/databrowser/view/irt_lt_mcby_m/default/table
2017-08-01,PT,Portugal,248,Eurostat / ECB,https://ec.europa.eu/eurostat/databrowser/view/irt_lt_mcby_m/default/table
2017-09-01,PT,Portugal,228,Eurostat / ECB,https://ec.europa.eu/eurostat/databrowser/view/irt_lt_mcby_m/default/table
2017-10-01,PT,Portugal,195,Eurostat / ECB,https://ec.europa.eu/eurostat/databrowser/view/irt_lt_mcby_m/default/table
2017-11-01,PT,Portugal,167,Eurostat / ECB,https://ec.europa.eu/eurostat/databrowser/view/irt_lt_mcby_m/default/table
2017-12-01,PT,Portugal,153,Eurostat / ECB,https://ec.europa.eu/eurostat/databrowser/view/irt_lt_mcby_m/default/table
2018-01-01,PT,Portugal,138,Eurostat / ECB,https://ec.europa.eu/eurostat/databrowser/view/irt_lt_mcby_m/default/table
2018-02-01,PT,Portugal,137,Eurostat / ECB,https://ec.europa.eu/eurostat/databrowser/view/irt_lt_mcby_m/default/table
2018-03-01,PT,Portugal,126,Eurostat / ECB,https://ec.europa.eu/eurostat/databrowser/view/irt_lt_mcby_m/default/table
2018-04-01,PT,Portugal,118,Eurostat / ECB,https://ec.europa.eu/eurostat/databrowser/view/irt_lt_mcby_m/default/table
2018-05-01,PT,Portugal,139,Eurostat / ECB,https://ec.europa.eu/eurostat/databrowser/view/irt_lt_mcby_m/default/table
2018-06-01,PT,Portugal,154,Eurostat / ECB,https://ec.europa.eu/eurostat/databrowser/view/irt_lt_mcby_m/default/table
2018-07-01,PT,Portugal,148,Eurostat / ECB,https://ec.europa.eu/eurostat/databrowser/view/irt_lt_mcby_m/default/table
2018-08-01,PT,Portugal,153,Eurostat / ECB,https://ec.europa.eu/eurostat/databrowser/view/irt_lt_mcby_m/default/table
2018-09-01,PT,Portugal,151,Eurostat / ECB,https://ec.europa.eu/eurostat/databrowser/view/irt_lt_mcby_m/default/table
2018-10-01,PT,Portugal,156,Eurostat / ECB,https://ec.europa.eu/eurostat/databrowser/view/irt_lt_mcby_m/default/table
2018-11-01,PT,Portugal,160,Eurostat / ECB,https://ec.europa.eu/eurostat/databrowser/view/irt_lt_mcby_m/default/table
2018-12-01,PT,Portugal,152,Eurostat / ECB,https://ec.europa.eu/eurostat/databrowser/view/irt_lt_mcby_m/default/table
2019-01-01,PT,Portugal,154,Eurostat / ECB,https://ec.europa.eu/eurostat/databrowser/view/irt_lt_mcby_m/default/table
2019-02-01,PT,Portugal,149,Eurostat / ECB,https://ec.europa.eu/eurostat/databrowser/view/irt_lt_mcby_m/default/table
2019-03-01,PT,Portugal,131,Eurostat / ECB,https://ec.europa.eu/eurostat/databrowser/view/irt_lt_mcby_m/default/table
2019-04-01,PT,Portugal,122,Eurostat / ECB,https://ec.europa.eu/eurostat/databrowser/view/irt_lt_mcby_m/default/table
2019-05-01,PT,Portugal,115,Eurostat / ECB,https://ec.europa.eu/eurostat/databrowser/view/irt_lt_mcby_m/default/table
2019-06-01,PT,Portugal,90,Eurostat / ECB,https://ec.europa.eu/eurostat/databrowser/view/irt_lt_mcby_m/default/table
2019-07-01,PT,Portugal,83,Eurostat / ECB,https://ec.europa.eu/eurostat/databrowser/view/irt_lt_mcby_m/default/table
2019-08-01,PT,Portugal,82,Eurostat / ECB,https://ec.europa.eu/eurostat/databrowser/view/irt_lt_mcby_m/default/table
2019-09-01,PT,Portugal,79,Eurostat / ECB,https://ec.europa.eu/eurostat/databrowser/view/irt_lt_mcby_m/default/table
2019-10-01,PT,Portugal,66,Eurostat / ECB,https://ec.europa.eu/eurostat/databrowser/view/irt_lt_mcby_m/default/table
2019-11-01,PT,Portugal,70,Eurostat / ECB,https://ec.europa.eu/eurostat/databrowser/view/irt_lt_mcby_m/default/table
2019-12-01,PT,Portugal,71,Eurostat / ECB,https://ec.europa.eu/eurostat/databrowser/view/irt_lt_mcby_m/default/table
2020-01-01,PT,Portugal,68,Eurostat / ECB,https://ec.europa.eu/eurostat/databrowser/view/irt_lt_mcby_m/default/table
2020-02-01,PT,Portugal,72,Eurostat / ECB,https://ec.europa.eu/eurostat/databrowser/view/irt_lt_mcby_m/default/table
2020-03-01,PT,Portugal,125,Eurostat / ECB,https://ec.europa.eu/eurostat/databrowser/view/irt_lt_mcby_m/default/table
2020-04-01,PT,Portugal,142,Eurostat / ECB,https://ec.europa.eu/eurostat/databrowser/view/irt_lt_mcby_m/default/table
2020-05-01,PT,Portugal,133,Eurostat / ECB,https://ec.europa.eu/eurostat/databrowser/view/irt_lt_mcby_m/default/table
2020-06-01,PT,Portugal,96,Eurostat / ECB,https://ec.europa.eu/eurostat/databrowser/view/irt_lt_mcby_m/default/table
2020-07-01,PT,Portugal,92,Eurostat / ECB,https://ec.europa.eu/eurostat/databrowser/view/irt_lt_mcby_m/default/table
2020-08-01,PT,Portugal,88,Eurostat / ECB,https://ec.europa.eu/eurostat/databrowser/view/irt_lt_mcby_m/default/table
2020-09-01,PT,Portugal,84,Eurostat / ECB,https://ec.europa.eu/eurostat/databrowser/view/irt_lt_mcby_m/default/table
2020-10-01,PT,Portugal,79,Eurostat / ECB,https://ec.europa.eu/eurostat/databrowser/view/irt_lt_mcby_m/default/table
2020-11-01,PT,Portugal,68,Eurostat / ECB,https://ec.europa.eu/eurostat/databrowser/view/irt_lt_mcby_m/default/table
2020-12-01,PT,Portugal,65,Eurostat / ECB,https://ec.europa.eu/eurostat/databrowser/view/irt_lt_mcby_m/default/table
2021-01-01,PT,Portugal,61,Eurostat / ECB,https://ec.europa.eu/eurostat/databrowser/view/irt_lt_mcby_m/default/table
2021-02-01,PT,Portugal,61,Eurostat / ECB,https://ec.europa.eu/eurostat/databrowser/view/irt_lt_mcby_m/default/table
2021-03-01,PT,Portugal,59,Eurostat / ECB,https://ec.europa.eu/eurostat/databrowser/view/irt_lt_mcby_m/default/table
2021-04-01,PT,Portugal,68,Eurostat / ECB,https://ec.europa.eu/eurostat/databrowser/view/irt_lt_mcby_m/default/table
2021-05-01,PT,Portugal,75,Eurostat / ECB,https://ec.europa.eu/eurostat/databrowser/view/irt_lt_mcby_m/default/table
2021-06-01,PT,Portugal,72,Eurostat / ECB,https://ec.europa.eu/eurostat/databrowser/view/irt_lt_mcby_m/default/table
2021-07-01,PT,Portugal,72,Eurostat / ECB,https://ec.europa.eu/eurostat/databrowser/view/irt_lt_mcby_m/default/table
2021-08-01,PT,Portugal,68,Eurostat / ECB,https://ec.europa.eu/eurostat/databrowser/view/irt_lt_mcby_m/default/table
2021-09-01,PT,Portugal,62,Eurostat / ECB,https://ec.europa.eu/eurostat/databrowser/view/irt_lt_mcby_m/default/table
2021-10-01,PT,Portugal,60,Eurostat / ECB,https://ec.europa.eu/eurostat/databrowser/view/irt_lt_mcby_m/default/table
2021-11-01,PT,Portugal,70,Eurostat / ECB,https://ec.europa.eu/eurostat/databrowser/view/irt_lt_mcby_m/default/table
2021-12-01,PT,Portugal,74,Eurostat / ECB,https://ec.europa.eu/eurostat/databrowser/view/irt_lt_mcby_m/default/table
2022-01-01,PT,Portugal,70,Eurostat / ECB,https://ec.europa.eu/eurostat/databrowser/view/irt_lt_mcby_m/default/table
2022-02-01,PT,Portugal,91,Eurostat / ECB,https://ec.europa.eu/eurostat/databrowser/view/irt_lt_mcby_m/default/table
2022-03-01,PT,Portugal,88,Eurostat / ECB,https://ec.europa.eu/eurostat/databrowser/view/irt_lt_mcby_m/default/table
2022-04-01,PT,Portugal,101,Eurostat / ECB,https://ec.europa.eu/eurostat/databrowser/view/irt_lt_mcby_m/default/table
2022-05-01,PT,Portugal,119,Eurostat / ECB,https://ec.europa.eu/eurostat/databrowser/view/irt_lt_mcby_m/default/table
2022-06-01,PT,Portugal,120,Eurostat / ECB,https://ec.europa.eu/eurostat/databrowser/view/irt_lt_mcby_m/default/table
2022-07-01,PT,Portugal,118,Eurostat / ECB,https://ec.europa.eu/eurostat/databrowser/view/irt_lt_mcby_m/default/table
2022-08-01,PT,Portugal,113,Eurostat / ECB,https://ec.europa.eu/eurostat/databrowser/view/irt_lt_mcby_m/default/table
2022-09-01,PT,Portugal,109,Eurostat / ECB,https://ec.europa.eu/eurostat/databrowser/view/irt_lt_mcby_m/default/table
2022-10-01,PT,Portugal,107,Eurostat / ECB,https://ec.europa.eu/eurostat/databrowser/view/irt_lt_mcby_m/default/table
2022-11-01,PT,Portugal,95,Eurostat / ECB,https://ec.europa.eu/eurostat/databrowser/view/irt_lt_mcby_m/default/table
2022-12-01,PT,Portugal,101,Eurostat / ECB,https://ec.europa.eu/eurostat/databrowser/view/irt_lt_mcby_m/default/table
2023-01-01,PT,Portugal,94,Eurostat / ECB,https://ec.europa.eu/eurostat/databrowser/view/irt_lt_mcby_m/default/table
2023-02-01,PT,Portugal,90,Eurostat / ECB,https://ec.europa.eu/eurostat/databrowser/view/irt_lt_mcby_m/default/table
2023-03-01,PT,Portugal,89,Eurostat / ECB,https://ec.europa.eu/eurostat/databrowser/view/irt_lt_mcby_m/default/table
2023-04-01,PT,Portugal,84,Eurostat / ECB,https://ec.europa.eu/eurostat/databrowser/view/irt_lt_mcby_m/default/table
2023-05-01,PT,Portugal,82,Eurostat / ECB,https://ec.europa.eu/eurostat/databrowser/view/irt_lt_mcby_m/default/table
2023-06-01,PT,Portugal,71,Eurostat / ECB,https://ec.europa.eu/eurostat/databrowser/view/irt_lt_mcby_m/default/table
2023-07-01,PT,Portugal,77,Eurostat / ECB,https://ec.europa.eu/eurostat/databrowser/view/irt_lt_mcby_m/default/table
2023-08-01,PT,Portugal,76,Eurostat / ECB,https://ec.europa.eu/eurostat/databrowser/view/irt_lt_mcby_m/default/table
2023-09-01,PT,Portugal,79,Eurostat / ECB,https://ec.europa.eu/eurostat/databrowser/view/irt_lt_mcby_m/default/table
2023-10-01,PT,Portugal,77,Eurostat / ECB,https://ec.europa.eu/eurostat/databrowser/view/irt_lt_mcby_m/default/table
2023-11-01,PT,Portugal,70,Eurostat / ECB,https://ec.europa.eu/eurostat/databrowser/view/irt_lt_mcby_m/default/table
2023-12-01,PT,Portugal,76,Eurostat / ECB,https://ec.europa.eu/eurostat/databrowser/view/irt_lt_mcby_m/default/table
2024-01-01,PT,Portugal,79,Eurostat / ECB,https://ec.europa.eu/eurostat/databrowser/view/irt_lt_mcby_m/default/table
2024-02-01,PT,Portugal,73,Eurostat / ECB,https://ec.europa.eu/eurostat/databrowser/view/irt_lt_mcby_m/default/table
2024-03-01,PT,Portugal,67,Eurostat / ECB,https://ec.europa.eu/eurostat/databrowser/view/irt_lt_mcby_m/default/table
2024-04-01,PT,Portugal,69,Eurostat / ECB,https://ec.europa.eu/eurostat/databrowser/view/irt_lt_mcby_m/default/table
2024-05-01,PT,Portugal,64,Eurostat / ECB,https://ec.europa.eu/eurostat/databrowser/view/irt_lt_mcby_m/default/table
2024-06-01,PT,Portugal,71,Eurostat / ECB,https://ec.europa.eu/eurostat/databrowser/view/irt_lt_mcby_m/default/table
2024-07-01,PT,Portugal,64,Eurostat / ECB,https://ec.europa.eu/eurostat/databrowser/view/irt_lt_mcby_m/default/table
2024-08-01,PT,Portugal,67,Eurostat / ECB,https://ec.europa.eu/eurostat/databrowser/view/irt_lt_mcby_m/default/table
2024-09-01,PT,Portugal,61,Eurostat / ECB,https://ec.europa.eu/eurostat/databrowser/view/irt_lt_mcby_m/default/table
2024-10-01,PT,Portugal,50,Eurostat / ECB,https://ec.europa.eu/eurostat/databrowser/view/irt_lt_mcby_m/default/table
2024-11-01,PT,Portugal,48,Eurostat / ECB,https://ec.europa.eu/eurostat/databrowser/view/irt_lt_mcby_m/default/table
2024-12-01,PT,Portugal,50,Eurostat / ECB,https://ec.europa.eu/eurostat/databrowser/view/irt_lt_mcby_m/default/table
2025-01-01,PT,Portugal,47.5,Eurostat / ECB,https://ec.europa.eu/eurostat/databrowser/view/irt_lt_mcby_m/default/table
2025-02-01,PT,Portugal,54.8,Eurostat / ECB,https://ec.europa.eu/eurostat/databrowser/view/irt_lt_mcby_m/default/table
2025-03-01,PT,Portugal,55.1,Eurostat / ECB,https://ec.europa.eu/eurostat/databrowser/view/irt_lt_mcby_m/default/table
2025-04-01,PT,Portugal,60,Eurostat / ECB,https://ec.europa.eu/eurostat/databrowser/view/irt_lt_mcby_m/default/table
2025-05-01,PT,Portugal,52,Eurostat / ECB,https://ec.europa.eu/eurostat/databrowser/view/irt_lt_mcby_m/default/table
2025-06-01,PT,Portugal,50,Eurostat / ECB,https://ec.europa.eu/eurostat/databrowser/view/irt_lt_mcby_m/default/table
2025-07-01,PT,Portugal,48,Eurostat / ECB,https://ec.europa.eu/eurostat/databrowser/view/irt_lt_mcby_m/default/table
2025-08-01,PT,Portugal,45,Eurostat / ECB,https://ec.europa.eu/eurostat/databrowser/view/irt_lt_mcby_m/default/table
2025-09-01,PT,Portugal,44,Eurostat / ECB,https://ec.europa.eu/eurostat/databrowser/view/irt_lt_mcby_m/default/table
2025-10-01,PT,Portugal,40.4,Eurostat / ECB,https://ec.europa.eu/eurostat/databrowser/view/irt_lt_mcby_m/default/table
2025-11-01,PT,Portugal,36.8,Eurostat / ECB,https://ec.europa.eu/eurostat/databrowser/view/irt_lt_mcby_m/default/table
2025-12-01,PT,Portugal,33.3,Eurostat / ECB,https://ec.europa.eu/eurostat/databrowser/view/irt_lt_mcby_m/default/table
2026-01-01,PT,Portugal,37.8,Eurostat / ECB,https://ec.europa.eu/eurostat/databrowser/view/irt_lt_mcby_m/default/table
2026-02-01,PT,Portugal,38.3,Eurostat / ECB,https://ec.europa.eu/eurostat/databrowser/view/irt_lt_mcby_m/default/table
2026-03-01,PT,Portugal,45.6,Eurostat / ECB,https://ec.europa.eu/eurostat/databrowser/view/irt_lt_mcby_m/default/table
2026-04-01,PT,Portugal,42.9,Eurostat / ECB,https://ec.europa.eu/eurostat/databrowser/view/irt_lt_mcby_m/default/table
2026-05-01,PT,Portugal,37.3,Eurostat / ECB,https://ec.europa.eu/eurostat/databrowser/view/irt_lt_mcby_m/default/table
2026-06-01,PT,Portugal,36.4,Eurostat / ECB,https://ec.europa.eu/eurostat/databrowser/view/irt_lt_mcby_m/default/table
2026-07-01,PT,Portugal,37.3,Eurostat / ECB,https://ec.europa.eu/eurostat/databrowser/view/irt_lt_mcby_m/default/table
1992-09-01,EL,Greece,1585,Eurostat / ECB,https://ec.europa.eu/eurostat/databrowser/view/irt_lt_mcby_m/default/table
1992-10-01,EL,Greece,1605,Eurostat / ECB,https://ec.europa.eu/eurostat/databrowser/view/irt_lt_mcby_m/default/table
1992-11-01,EL,Greece,1764,Eurostat / ECB,https://ec.europa.eu/eurostat/databrowser/view/irt_lt_mcby_m/default/table
1992-12-01,EL,Greece,1718,Eurostat / ECB,https://ec.europa.eu/eurostat/databrowser/view/irt_lt_mcby_m/default/table
1993-01-01,EL,Greece,1735,Eurostat / ECB,https://ec.europa.eu/eurostat/databrowser/view/irt_lt_mcby_m/default/table
1993-02-01,EL,Greece,1756,Eurostat / ECB,https://ec.europa.eu/eurostat/databrowser/view/irt_lt_mcby_m/default/table
1993-03-01,EL,Greece,1784,Eurostat / ECB,https://ec.europa.eu/eurostat/databrowser/view/irt_lt_mcby_m/default/table
1993-04-01,EL,Greece,1770,Eurostat / ECB,https://ec.europa.eu/eurostat/databrowser/view/irt_lt_mcby_m/default/table
1993-05-01,EL,Greece,1705,Eurostat / ECB,https://ec.europa.eu/eurostat/databrowser/view/irt_lt_mcby_m/default/table
1993-06-01,EL,Greece,1657,Eurostat / ECB,https://ec.europa.eu/eurostat/databrowser/view/irt_lt_mcby_m/default/table
1993-07-01,EL,Greece,1626,Eurostat / ECB,https://ec.europa.eu/eurostat/databrowser/view/irt_lt_mcby_m/default/table
1993-08-01,EL,Greece,1584,Eurostat / ECB,https://ec.europa.eu/eurostat/databrowser/view/irt_lt_mcby_m/default/table
1993-09-01,EL,Greece,1605,Eurostat / ECB,https://ec.europa.eu/eurostat/databrowser/view/irt_lt_mcby_m/default/table
1993-10-01,EL,Greece,1625,Eurostat / ECB,https://ec.europa.eu/eurostat/databrowser/view/irt_lt_mcby_m/default/table
1993-11-01,EL,Greece,1627,Eurostat / ECB,https://ec.europa.eu/eurostat/databrowser/view/irt_lt_mcby_m/default/table
1993-12-01,EL,Greece,1640,Eurostat / ECB,https://ec.europa.eu/eurostat/databrowser/view/irt_lt_mcby_m/default/table
1994-01-01,EL,Greece,1620,Eurostat / ECB,https://ec.europa.eu/eurostat/databrowser/view/irt_lt_mcby_m/default/table
1994-02-01,EL,Greece,1518,Eurostat / ECB,https://ec.europa.eu/eurostat/databrowser/view/irt_lt_mcby_m/default/table
1994-03-01,EL,Greece,1404,Eurostat / ECB,https://ec.europa.eu/eurostat/databrowser/view/irt_lt_mcby_m/default/table
1994-04-01,EL,Greece,1352,Eurostat / ECB,https://ec.europa.eu/eurostat/databrowser/view/irt_lt_mcby_m/default/table
1994-05-01,EL,Greece,1372,Eurostat / ECB,https://ec.europa.eu/eurostat/databrowser/view/irt_lt_mcby_m/default/table
1994-06-01,EL,Greece,1370,Eurostat / ECB,https://ec.europa.eu/eurostat/databrowser/view/irt_lt_mcby_m/default/table
1994-07-01,EL,Greece,1423,Eurostat / ECB,https://ec.europa.eu/eurostat/databrowser/view/irt_lt_mcby_m/default/table
1994-08-01,EL,Greece,1441,Eurostat / ECB,https://ec.europa.eu/eurostat/databrowser/view/irt_lt_mcby_m/default/table
1994-09-01,EL,Greece,1398,Eurostat / ECB,https://ec.europa.eu/eurostat/databrowser/view/irt_lt_mcby_m/default/table
1994-10-01,EL,Greece,1313,Eurostat / ECB,https://ec.europa.eu/eurostat/databrowser/view/irt_lt_mcby_m/default/table
1994-11-01,EL,Greece,1234,Eurostat / ECB,https://ec.europa.eu/eurostat/databrowser/view/irt_lt_mcby_m/default/table
1994-12-01,EL,Greece,1154,Eurostat / ECB,https://ec.europa.eu/eurostat/databrowser/view/irt_lt_mcby_m/default/table
1995-01-01,EL,Greece,1140,Eurostat / ECB,https://ec.europa.eu/eurostat/databrowser/view/irt_lt_mcby_m/default/table
1995-02-01,EL,Greece,1108,Eurostat / ECB,https://ec.europa.eu/eurostat/databrowser/view/irt_lt_mcby_m/default/table
1995-03-01,EL,Greece,1097,Eurostat / ECB,https://ec.europa.eu/eurostat/databrowser/view/irt_lt_mcby_m/default/table
1995-04-01,EL,Greece,1091,Eurostat / ECB,https://ec.europa.eu/eurostat/databrowser/view/irt_lt_mcby_m/default/table
1995-05-01,EL,Greece,1072,Eurostat / ECB,https://ec.europa.eu/eurostat/databrowser/view/irt_lt_mcby_m/default/table
1995-06-01,EL,Greece,1046,Eurostat / ECB,https://ec.europa.eu/eurostat/databrowser/view/irt_lt_mcby_m/default/table
1995-07-01,EL,Greece,986,Eurostat / ECB,https://ec.europa.eu/eurostat/databrowser/view/irt_lt_mcby_m/default/table
1995-08-01,EL,Greece,945,Eurostat / ECB,https://ec.europa.eu/eurostat/databrowser/view/irt_lt_mcby_m/default/table
1995-09-01,EL,Greece,913,Eurostat / ECB,https://ec.europa.eu/eurostat/databrowser/view/irt_lt_mcby_m/default/table
1995-10-01,EL,Greece,899,Eurostat / ECB,https://ec.europa.eu/eurostat/databrowser/view/irt_lt_mcby_m/default/table
1995-11-01,EL,Greece,906,Eurostat / ECB,https://ec.europa.eu/eurostat/databrowser/view/irt_lt_mcby_m/default/table
1995-12-01,EL,Greece,928,Eurostat / ECB,https://ec.europa.eu/eurostat/databrowser/view/irt_lt_mcby_m/default/table
1996-01-01,EL,Greece,941,Eurostat / ECB,https://ec.europa.eu/eurostat/databrowser/view/irt_lt_mcby_m/default/table
1996-02-01,EL,Greece,910,Eurostat / ECB,https://ec.europa.eu/eurostat/databrowser/view/irt_lt_mcby_m/default/table
1996-03-01,EL,Greece,846,Eurostat / ECB,https://ec.europa.eu/eurostat/databrowser/view/irt_lt_mcby_m/default/table
1996-04-01,EL,Greece,842,Eurostat / ECB,https://ec.europa.eu/eurostat/databrowser/view/irt_lt_mcby_m/default/table
1996-05-01,EL,Greece,842,Eurostat / ECB,https://ec.europa.eu/eurostat/databrowser/view/irt_lt_mcby_m/default/table
1996-06-01,EL,Greece,839,Eurostat / ECB,https://ec.europa.eu/eurostat/databrowser/view/irt_lt_mcby_m/default/table
1996-07-01,EL,Greece,813,Eurostat / ECB,https://ec.europa.eu/eurostat/databrowser/view/irt_lt_mcby_m/default/table
1996-08-01,EL,Greece,816,Eurostat / ECB,https://ec.europa.eu/eurostat/databrowser/view/irt_lt_mcby_m/default/table
1996-09-01,EL,Greece,800,Eurostat / ECB,https://ec.europa.eu/eurostat/databrowser/view/irt_lt_mcby_m/default/table
1996-10-01,EL,Greece,799,Eurostat / ECB,https://ec.europa.eu/eurostat/databrowser/view/irt_lt_mcby_m/default/table
1996-11-01,EL,Greece,750,Eurostat / ECB,https://ec.europa.eu/eurostat/databrowser/view/irt_lt_mcby_m/default/table
1996-12-01,EL,Greece,663,Eurostat / ECB,https://ec.europa.eu/eurostat/databrowser/view/irt_lt_mcby_m/default/table
1997-01-01,EL,Greece,649,Eurostat / ECB,https://ec.europa.eu/eurostat/databrowser/view/irt_lt_mcby_m/default/table
1997-02-01,EL,Greece,532,Eurostat / ECB,https://ec.europa.eu/eurostat/databrowser/view/irt_lt_mcby_m/default/table
1997-03-01,EL,Greece,374,Eurostat / ECB,https://ec.europa.eu/eurostat/databrowser/view/irt_lt_mcby_m/default/table
1997-04-01,EL,Greece,346,Eurostat / ECB,https://ec.europa.eu/eurostat/databrowser/view/irt_lt_mcby_m/default/table
1997-05-01,EL,Greece,316,Eurostat / ECB,https://ec.europa.eu/eurostat/databrowser/view/irt_lt_mcby_m/default/table
1997-06-01,EL,Greece,343,Eurostat / ECB,https://ec.europa.eu/eurostat/databrowser/view/irt_lt_mcby_m/default/table
1997-07-01,EL,Greece,386,Eurostat / ECB,https://ec.europa.eu/eurostat/databrowser/view/irt_lt_mcby_m/default/table
1997-08-01,EL,Greece,397,Eurostat / ECB,https://ec.europa.eu/eurostat/databrowser/view/irt_lt_mcby_m/default/table
1997-09-01,EL,Greece,384,Eurostat / ECB,https://ec.europa.eu/eurostat/databrowser/view/irt_lt_mcby_m/default/table
1997-10-01,EL,Greece,372,Eurostat / ECB,https://ec.europa.eu/eurostat/databrowser/view/irt_lt_mcby_m/default/table
1997-11-01,EL,Greece,520,Eurostat / ECB,https://ec.europa.eu/eurostat/databrowser/view/irt_lt_mcby_m/default/table
1997-12-01,EL,Greece,515,Eurostat / ECB,https://ec.europa.eu/eurostat/databrowser/view/irt_lt_mcby_m/default/table
1998-01-01,EL,Greece,592,Eurostat / ECB,https://ec.europa.eu/eurostat/databrowser/view/irt_lt_mcby_m/default/table
1998-02-01,EL,Greece,605,Eurostat / ECB,https://ec.europa.eu/eurostat/databrowser/view/irt_lt_mcby_m/default/table
1998-03-01,EL,Greece,437,Eurostat / ECB,https://ec.europa.eu/eurostat/databrowser/view/irt_lt_mcby_m/default/table
1998-04-01,EL,Greece,321,Eurostat / ECB,https://ec.europa.eu/eurostat/databrowser/view/irt_lt_mcby_m/default/table
1998-05-01,EL,Greece,289,Eurostat / ECB,https://ec.europa.eu/eurostat/databrowser/view/irt_lt_mcby_m/default/table
1998-06-01,EL,Greece,294,Eurostat / ECB,https://ec.europa.eu/eurostat/databrowser/view/irt_lt_mcby_m/default/table
1998-07-01,EL,Greece,299,Eurostat / ECB,https://ec.europa.eu/eurostat/databrowser/view/irt_lt_mcby_m/default/table
1998-08-01,EL,Greece,314,Eurostat / ECB,https://ec.europa.eu/eurostat/databrowser/view/irt_lt_mcby_m/default/table
1998-09-01,EL,Greece,419,Eurostat / ECB,https://ec.europa.eu/eurostat/databrowser/view/irt_lt_mcby_m/default/table
1998-10-01,EL,Greece,439,Eurostat / ECB,https://ec.europa.eu/eurostat/databrowser/view/irt_lt_mcby_m/default/table
1998-11-01,EL,Greece,353,Eurostat / ECB,https://ec.europa.eu/eurostat/databrowser/view/irt_lt_mcby_m/default/table
1998-12-01,EL,Greece,331,Eurostat / ECB,https://ec.europa.eu/eurostat/databrowser/view/irt_lt_mcby_m/default/table
1999-01-01,EL,Greece,262,Eurostat / ECB,https://ec.europa.eu/eurostat/databrowser/view/irt_lt_mcby_m/default/table
1999-02-01,EL,Greece,211,Eurostat / ECB,https://ec.europa.eu/eurostat/databrowser/view/irt_lt_mcby_m/default/table
1999-03-01,EL,Greece,193,Eurostat / ECB,https://ec.europa.eu/eurostat/databrowser/view/irt_lt_mcby_m/default/table
1999-04-01,EL,Greece,200,Eurostat / ECB,https://ec.europa.eu/eurostat/databrowser/view/irt_lt_mcby_m/default/table
1999-05-01,EL,Greece,174,Eurostat / ECB,https://ec.europa.eu/eurostat/databrowser/view/irt_lt_mcby_m/default/table
1999-06-01,EL,Greece,166,Eurostat / ECB,https://ec.europa.eu/eurostat/databrowser/view/irt_lt_mcby_m/default/table
1999-07-01,EL,Greece,169,Eurostat / ECB,https://ec.europa.eu/eurostat/databrowser/view/irt_lt_mcby_m/default/table
1999-08-01,EL,Greece,178,Eurostat / ECB,https://ec.europa.eu/eurostat/databrowser/view/irt_lt_mcby_m/default/table
1999-09-01,EL,Greece,160,Eurostat / ECB,https://ec.europa.eu/eurostat/databrowser/view/irt_lt_mcby_m/default/table
1999-10-01,EL,Greece,174,Eurostat / ECB,https://ec.europa.eu/eurostat/databrowser/view/irt_lt_mcby_m/default/table
1999-11-01,EL,Greece,157,Eurostat / ECB,https://ec.europa.eu/eurostat/databrowser/view/irt_lt_mcby_m/default/table
1999-12-01,EL,Greece,124,Eurostat / ECB,https://ec.europa.eu/eurostat/databrowser/view/irt_lt_mcby_m/default/table
2000-01-01,EL,Greece,106,Eurostat / ECB,https://ec.europa.eu/eurostat/databrowser/view/irt_lt_mcby_m/default/table
2000-02-01,EL,Greece,97,Eurostat / ECB,https://ec.europa.eu/eurostat/databrowser/view/irt_lt_mcby_m/default/table
2000-03-01,EL,Greece,91,Eurostat / ECB,https://ec.europa.eu/eurostat/databrowser/view/irt_lt_mcby_m/default/table
2000-04-01,EL,Greece,87,Eurostat / ECB,https://ec.europa.eu/eurostat/databrowser/view/irt_lt_mcby_m/default/table
2000-05-01,EL,Greece,80,Eurostat / ECB,https://ec.europa.eu/eurostat/databrowser/view/irt_lt_mcby_m/default/table
2000-06-01,EL,Greece,87,Eurostat / ECB,https://ec.europa.eu/eurostat/databrowser/view/irt_lt_mcby_m/default/table
2000-07-01,EL,Greece,81,Eurostat / ECB,https://ec.europa.eu/eurostat/databrowser/view/irt_lt_mcby_m/default/table
2000-08-01,EL,Greece,83,Eurostat / ECB,https://ec.europa.eu/eurostat/databrowser/view/irt_lt_mcby_m/default/table
2000-09-01,EL,Greece,79,Eurostat / ECB,https://ec.europa.eu/eurostat/databrowser/view/irt_lt_mcby_m/default/table
2000-10-01,EL,Greece,76,Eurostat / ECB,https://ec.europa.eu/eurostat/databrowser/view/irt_lt_mcby_m/default/table
2000-11-01,EL,Greece,72,Eurostat / ECB,https://ec.europa.eu/eurostat/databrowser/view/irt_lt_mcby_m/default/table
2000-12-01,EL,Greece,65,Eurostat / ECB,https://ec.europa.eu/eurostat/databrowser/view/irt_lt_mcby_m/default/table
2001-01-01,EL,Greece,55,Eurostat / ECB,https://ec.europa.eu/eurostat/databrowser/view/irt_lt_mcby_m/default/table
2001-02-01,EL,Greece,57,Eurostat / ECB,https://ec.europa.eu/eurostat/databrowser/view/irt_lt_mcby_m/default/table
2001-03-01,EL,Greece,61,Eurostat / ECB,https://ec.europa.eu/eurostat/databrowser/view/irt_lt_mcby_m/default/table
2001-04-01,EL,Greece,56,Eurostat / ECB,https://ec.europa.eu/eurostat/databrowser/view/irt_lt_mcby_m/default/table
2001-05-01,EL,Greece,49,Eurostat / ECB,https://ec.europa.eu/eurostat/databrowser/view/irt_lt_mcby_m/default/table
2001-06-01,EL,Greece,48,Eurostat / ECB,https://ec.europa.eu/eurostat/databrowser/view/irt_lt_mcby_m/default/table
2001-07-01,EL,Greece,49,Eurostat / ECB,https://ec.europa.eu/eurostat/databrowser/view/irt_lt_mcby_m/default/table
2001-08-01,EL,Greece,51,Eurostat / ECB,https://ec.europa.eu/eurostat/databrowser/view/irt_lt_mcby_m/default/table
2001-09-01,EL,Greece,50,Eurostat / ECB,https://ec.europa.eu/eurostat/databrowser/view/irt_lt_mcby_m/default/table
2001-10-01,EL,Greece,47,Eurostat / ECB,https://ec.europa.eu/eurostat/databrowser/view/irt_lt_mcby_m/default/table
2001-11-01,EL,Greece,45,Eurostat / ECB,https://ec.europa.eu/eurostat/databrowser/view/irt_lt_mcby_m/default/table
2001-12-01,EL,Greece,39,Eurostat / ECB,https://ec.europa.eu/eurostat/databrowser/view/irt_lt_mcby_m/default/table
2002-01-01,EL,Greece,38,Eurostat / ECB,https://ec.europa.eu/eurostat/databrowser/view/irt_lt_mcby_m/default/table
2002-02-01,EL,Greece,39,Eurostat / ECB,https://ec.europa.eu/eurostat/databrowser/view/irt_lt_mcby_m/default/table
2002-03-01,EL,Greece,34,Eurostat / ECB,https://ec.europa.eu/eurostat/databrowser/view/irt_lt_mcby_m/default/table
2002-04-01,EL,Greece,36,Eurostat / ECB,https://ec.europa.eu/eurostat/databrowser/view/irt_lt_mcby_m/default/table
2002-05-01,EL,Greece,35,Eurostat / ECB,https://ec.europa.eu/eurostat/databrowser/view/irt_lt_mcby_m/default/table
2002-06-01,EL,Greece,35,Eurostat / ECB,https://ec.europa.eu/eurostat/databrowser/view/irt_lt_mcby_m/default/table
2002-07-01,EL,Greece,34,Eurostat / ECB,https://ec.europa.eu/eurostat/databrowser/view/irt_lt_mcby_m/default/table
2002-08-01,EL,Greece,36,Eurostat / ECB,https://ec.europa.eu/eurostat/databrowser/view/irt_lt_mcby_m/default/table
2002-09-01,EL,Greece,35,Eurostat / ECB,https://ec.europa.eu/eurostat/databrowser/view/irt_lt_mcby_m/default/table
2002-10-01,EL,Greece,33,Eurostat / ECB,https://ec.europa.eu/eurostat/databrowser/view/irt_lt_mcby_m/default/table
2002-11-01,EL,Greece,28,Eurostat / ECB,https://ec.europa.eu/eurostat/databrowser/view/irt_lt_mcby_m/default/table
2002-12-01,EL,Greece,25,Eurostat / ECB,https://ec.europa.eu/eurostat/databrowser/view/irt_lt_mcby_m/default/table
2003-01-01,EL,Greece,25,Eurostat / ECB,https://ec.europa.eu/eurostat/databrowser/view/irt_lt_mcby_m/default/table
2003-02-01,EL,Greece,29,Eurostat / ECB,https://ec.europa.eu/eurostat/databrowser/view/irt_lt_mcby_m/default/table
2003-03-01,EL,Greece,26,Eurostat / ECB,https://ec.europa.eu/eurostat/databrowser/view/irt_lt_mcby_m/default/table
2003-04-01,EL,Greece,23,Eurostat / ECB,https://ec.europa.eu/eurostat/databrowser/view/irt_lt_mcby_m/default/table
2003-05-01,EL,Greece,20,Eurostat / ECB,https://ec.europa.eu/eurostat/databrowser/view/irt_lt_mcby_m/default/table
2003-06-01,EL,Greece,19,Eurostat / ECB,https://ec.europa.eu/eurostat/databrowser/view/irt_lt_mcby_m/default/table
2003-07-01,EL,Greece,15,Eurostat / ECB,https://ec.europa.eu/eurostat/databrowser/view/irt_lt_mcby_m/default/table
2003-08-01,EL,Greece,16,Eurostat / ECB,https://ec.europa.eu/eurostat/databrowser/view/irt_lt_mcby_m/default/table
2003-09-01,EL,Greece,15,Eurostat / ECB,https://ec.europa.eu/eurostat/databrowser/view/irt_lt_mcby_m/default/table
2003-10-01,EL,Greece,16,Eurostat / ECB,https://ec.europa.eu/eurostat/databrowser/view/irt_lt_mcby_m/default/table
2003-11-01,EL,Greece,16,Eurostat / ECB,https://ec.europa.eu/eurostat/databrowser/view/irt_lt_mcby_m/default/table
2003-12-01,EL,Greece,16,Eurostat / ECB,https://ec.europa.eu/eurostat/databrowser/view/irt_lt_mcby_m/default/table
2004-01-01,EL,Greece,20,Eurostat / ECB,https://ec.europa.eu/eurostat/databrowser/view/irt_lt_mcby_m/default/table
2004-02-01,EL,Greece,24,Eurostat / ECB,https://ec.europa.eu/eurostat/databrowser/view/irt_lt_mcby_m/default/table
2004-03-01,EL,Greece,26,Eurostat / ECB,https://ec.europa.eu/eurostat/databrowser/view/irt_lt_mcby_m/default/table
2004-04-01,EL,Greece,25,Eurostat / ECB,https://ec.europa.eu/eurostat/databrowser/view/irt_lt_mcby_m/default/table
2004-05-01,EL,Greece,24,Eurostat / ECB,https://ec.europa.eu/eurostat/databrowser/view/irt_lt_mcby_m/default/table
2004-06-01,EL,Greece,24,Eurostat / ECB,https://ec.europa.eu/eurostat/databrowser/view/irt_lt_mcby_m/default/table
2004-07-01,EL,Greece,20,Eurostat / ECB,https://ec.europa.eu/eurostat/databrowser/view/irt_lt_mcby_m/default/table
2004-08-01,EL,Greece,20,Eurostat / ECB,https://ec.europa.eu/eurostat/databrowser/view/irt_lt_mcby_m/default/table
2004-09-01,EL,Greece,20,Eurostat / ECB,https://ec.europa.eu/eurostat/databrowser/view/irt_lt_mcby_m/default/table
2004-10-01,EL,Greece,22,Eurostat / ECB,https://ec.europa.eu/eurostat/databrowser/view/irt_lt_mcby_m/default/table
2004-11-01,EL,Greece,19,Eurostat / ECB,https://ec.europa.eu/eurostat/databrowser/view/irt_lt_mcby_m/default/table
2004-12-01,EL,Greece,19,Eurostat / ECB,https://ec.europa.eu/eurostat/databrowser/view/irt_lt_mcby_m/default/table
2005-01-01,EL,Greece,13,Eurostat / ECB,https://ec.europa.eu/eurostat/databrowser/view/irt_lt_mcby_m/default/table
2005-02-01,EL,Greece,15,Eurostat / ECB,https://ec.europa.eu/eurostat/databrowser/view/irt_lt_mcby_m/default/table
2005-03-01,EL,Greece,22,Eurostat / ECB,https://ec.europa.eu/eurostat/databrowser/view/irt_lt_mcby_m/default/table
2005-04-01,EL,Greece,28,Eurostat / ECB,https://ec.europa.eu/eurostat/databrowser/view/irt_lt_mcby_m/default/table
2005-05-01,EL,Greece,30,Eurostat / ECB,https://ec.europa.eu/eurostat/databrowser/view/irt_lt_mcby_m/default/table
2005-06-01,EL,Greece,31,Eurostat / ECB,https://ec.europa.eu/eurostat/databrowser/view/irt_lt_mcby_m/default/table
2005-07-01,EL,Greece,26,Eurostat / ECB,https://ec.europa.eu/eurostat/databrowser/view/irt_lt_mcby_m/default/table
2005-08-01,EL,Greece,24,Eurostat / ECB,https://ec.europa.eu/eurostat/databrowser/view/irt_lt_mcby_m/default/table
2005-09-01,EL,Greece,23,Eurostat / ECB,https://ec.europa.eu/eurostat/databrowser/view/irt_lt_mcby_m/default/table
2005-10-01,EL,Greece,21,Eurostat / ECB,https://ec.europa.eu/eurostat/databrowser/view/irt_lt_mcby_m/default/table
2005-11-01,EL,Greece,22,Eurostat / ECB,https://ec.europa.eu/eurostat/databrowser/view/irt_lt_mcby_m/default/table
2005-12-01,EL,Greece,23,Eurostat / ECB,https://ec.europa.eu/eurostat/databrowser/view/irt_lt_mcby_m/default/table
2006-01-01,EL,Greece,28,Eurostat / ECB,https://ec.europa.eu/eurostat/databrowser/view/irt_lt_mcby_m/default/table
2006-02-01,EL,Greece,30,Eurostat / ECB,https://ec.europa.eu/eurostat/databrowser/view/irt_lt_mcby_m/default/table
2006-03-01,EL,Greece,31,Eurostat / ECB,https://ec.europa.eu/eurostat/databrowser/view/irt_lt_mcby_m/default/table
2006-04-01,EL,Greece,34,Eurostat / ECB,https://ec.europa.eu/eurostat/databrowser/view/irt_lt_mcby_m/default/table
2006-05-01,EL,Greece,34,Eurostat / ECB,https://ec.europa.eu/eurostat/databrowser/view/irt_lt_mcby_m/default/table
2006-06-01,EL,Greece,35,Eurostat / ECB,https://ec.europa.eu/eurostat/databrowser/view/irt_lt_mcby_m/default/table
2006-07-01,EL,Greece,32,Eurostat / ECB,https://ec.europa.eu/eurostat/databrowser/view/irt_lt_mcby_m/default/table
2006-08-01,EL,Greece,31,Eurostat / ECB,https://ec.europa.eu/eurostat/databrowser/view/irt_lt_mcby_m/default/table
2006-09-01,EL,Greece,31,Eurostat / ECB,https://ec.europa.eu/eurostat/databrowser/view/irt_lt_mcby_m/default/table
2006-10-01,EL,Greece,29,Eurostat / ECB,https://ec.europa.eu/eurostat/databrowser/view/irt_lt_mcby_m/default/table
2006-11-01,EL,Greece,27,Eurostat / ECB,https://ec.europa.eu/eurostat/databrowser/view/irt_lt_mcby_m/default/table
2006-12-01,EL,Greece,27,Eurostat / ECB,https://ec.europa.eu/eurostat/databrowser/view/irt_lt_mcby_m/default/table
2007-01-01,EL,Greece,26,Eurostat / ECB,https://ec.europa.eu/eurostat/databrowser/view/irt_lt_mcby_m/default/table
2007-02-01,EL,Greece,25,Eurostat / ECB,https://ec.europa.eu/eurostat/databrowser/view/irt_lt_mcby_m/default/table
2007-03-01,EL,Greece,26,Eurostat / ECB,https://ec.europa.eu/eurostat/databrowser/view/irt_lt_mcby_m/default/table
2007-04-01,EL,Greece,25,Eurostat / ECB,https://ec.europa.eu/eurostat/databrowser/view/irt_lt_mcby_m/default/table
2007-05-01,EL,Greece,23,Eurostat / ECB,https://ec.europa.eu/eurostat/databrowser/view/irt_lt_mcby_m/default/table
2007-06-01,EL,Greece,24,Eurostat / ECB,https://ec.europa.eu/eurostat/databrowser/view/irt_lt_mcby_m/default/table
2007-07-01,EL,Greece,29,Eurostat / ECB,https://ec.europa.eu/eurostat/databrowser/view/irt_lt_mcby_m/default/table
2007-08-01,EL,Greece,32,Eurostat / ECB,https://ec.europa.eu/eurostat/databrowser/view/irt_lt_mcby_m/default/table
2007-09-01,EL,Greece,34,Eurostat / ECB,https://ec.europa.eu/eurostat/databrowser/view/irt_lt_mcby_m/default/table
2007-10-01,EL,Greece,30,Eurostat / ECB,https://ec.europa.eu/eurostat/databrowser/view/irt_lt_mcby_m/default/table
2007-11-01,EL,Greece,34,Eurostat / ECB,https://ec.europa.eu/eurostat/databrowser/view/irt_lt_mcby_m/default/table
2007-12-01,EL,Greece,32,Eurostat / ECB,https://ec.europa.eu/eurostat/databrowser/view/irt_lt_mcby_m/default/table
2008-01-01,EL,Greece,37,Eurostat / ECB,https://ec.europa.eu/eurostat/databrowser/view/irt_lt_mcby_m/default/table
2008-02-01,EL,Greece,41,Eurostat / ECB,https://ec.europa.eu/eurostat/databrowser/view/irt_lt_mcby_m/default/table
2008-03-01,EL,Greece,62,Eurostat / ECB,https://ec.europa.eu/eurostat/databrowser/view/irt_lt_mcby_m/default/table
2008-04-01,EL,Greece,50,Eurostat / ECB,https://ec.europa.eu/eurostat/databrowser/view/irt_lt_mcby_m/default/table
2008-05-01,EL,Greece,54,Eurostat / ECB,https://ec.europa.eu/eurostat/databrowser/view/irt_lt_mcby_m/default/table
2008-06-01,EL,Greece,65,Eurostat / ECB,https://ec.europa.eu/eurostat/databrowser/view/irt_lt_mcby_m/default/table
2008-07-01,EL,Greece,66,Eurostat / ECB,https://ec.europa.eu/eurostat/databrowser/view/irt_lt_mcby_m/default/table
2008-08-01,EL,Greece,67,Eurostat / ECB,https://ec.europa.eu/eurostat/databrowser/view/irt_lt_mcby_m/default/table
2008-09-01,EL,Greece,79,Eurostat / ECB,https://ec.europa.eu/eurostat/databrowser/view/irt_lt_mcby_m/default/table
2008-10-01,EL,Greece,105,Eurostat / ECB,https://ec.europa.eu/eurostat/databrowser/view/irt_lt_mcby_m/default/table
2008-11-01,EL,Greece,153,Eurostat / ECB,https://ec.europa.eu/eurostat/databrowser/view/irt_lt_mcby_m/default/table
2008-12-01,EL,Greece,203,Eurostat / ECB,https://ec.europa.eu/eurostat/databrowser/view/irt_lt_mcby_m/default/table
2009-01-01,EL,Greece,253,Eurostat / ECB,https://ec.europa.eu/eurostat/databrowser/view/irt_lt_mcby_m/default/table
2009-02-01,EL,Greece,257,Eurostat / ECB,https://ec.europa.eu/eurostat/databrowser/view/irt_lt_mcby_m/default/table
2009-03-01,EL,Greece,285,Eurostat / ECB,https://ec.europa.eu/eurostat/databrowser/view/irt_lt_mcby_m/default/table
2009-04-01,EL,Greece,237,Eurostat / ECB,https://ec.europa.eu/eurostat/databrowser/view/irt_lt_mcby_m/default/table
2009-05-01,EL,Greece,185,Eurostat / ECB,https://ec.europa.eu/eurostat/databrowser/view/irt_lt_mcby_m/default/table
2009-06-01,EL,Greece,186,Eurostat / ECB,https://ec.europa.eu/eurostat/databrowser/view/irt_lt_mcby_m/default/table
2009-07-01,EL,Greece,155,Eurostat / ECB,https://ec.europa.eu/eurostat/databrowser/view/irt_lt_mcby_m/default/table
2009-08-01,EL,Greece,121,Eurostat / ECB,https://ec.europa.eu/eurostat/databrowser/view/irt_lt_mcby_m/default/table
2009-09-01,EL,Greece,130,Eurostat / ECB,https://ec.europa.eu/eurostat/databrowser/view/irt_lt_mcby_m/default/table
2009-10-01,EL,Greece,136,Eurostat / ECB,https://ec.europa.eu/eurostat/databrowser/view/irt_lt_mcby_m/default/table
2009-11-01,EL,Greece,162,Eurostat / ECB,https://ec.europa.eu/eurostat/databrowser/view/irt_lt_mcby_m/default/table
2009-12-01,EL,Greece,235,Eurostat / ECB,https://ec.europa.eu/eurostat/databrowser/view/irt_lt_mcby_m/default/table
2010-01-01,EL,Greece,276,Eurostat / ECB,https://ec.europa.eu/eurostat/databrowser/view/irt_lt_mcby_m/default/table
2010-02-01,EL,Greece,329,Eurostat / ECB,https://ec.europa.eu/eurostat/databrowser/view/irt_lt_mcby_m/default/table
2010-03-01,EL,Greece,314,Eurostat / ECB,https://ec.europa.eu/eurostat/databrowser/view/irt_lt_mcby_m/default/table
2010-04-01,EL,Greece,477,Eurostat / ECB,https://ec.europa.eu/eurostat/databrowser/view/irt_lt_mcby_m/default/table
2010-05-01,EL,Greece,524,Eurostat / ECB,https://ec.europa.eu/eurostat/databrowser/view/irt_lt_mcby_m/default/table
2010-06-01,EL,Greece,656,Eurostat / ECB,https://ec.europa.eu/eurostat/databrowser/view/irt_lt_mcby_m/default/table
2010-07-01,EL,Greece,772,Eurostat / ECB,https://ec.europa.eu/eurostat/databrowser/view/irt_lt_mcby_m/default/table
2010-08-01,EL,Greece,835,Eurostat / ECB,https://ec.europa.eu/eurostat/databrowser/view/irt_lt_mcby_m/default/table
2010-09-01,EL,Greece,904,Eurostat / ECB,https://ec.europa.eu/eurostat/databrowser/view/irt_lt_mcby_m/default/table
2010-10-01,EL,Greece,722,Eurostat / ECB,https://ec.europa.eu/eurostat/databrowser/view/irt_lt_mcby_m/default/table
2010-11-01,EL,Greece,899,Eurostat / ECB,https://ec.europa.eu/eurostat/databrowser/view/irt_lt_mcby_m/default/table
2010-12-01,EL,Greece,910,Eurostat / ECB,https://ec.europa.eu/eurostat/databrowser/view/irt_lt_mcby_m/default/table
2011-01-01,EL,Greece,871,Eurostat / ECB,https://ec.europa.eu/eurostat/databrowser/view/irt_lt_mcby_m/default/table
2011-02-01,EL,Greece,820,Eurostat / ECB,https://ec.europa.eu/eurostat/databrowser/view/irt_lt_mcby_m/default/table
2011-03-01,EL,Greece,923,Eurostat / ECB,https://ec.europa.eu/eurostat/databrowser/view/irt_lt_mcby_m/default/table
2011-04-01,EL,Greece,1052,Eurostat / ECB,https://ec.europa.eu/eurostat/databrowser/view/irt_lt_mcby_m/default/table
2011-05-01,EL,Greece,1288,Eurostat / ECB,https://ec.europa.eu/eurostat/databrowser/view/irt_lt_mcby_m/default/table
2011-06-01,EL,Greece,1380,Eurostat / ECB,https://ec.europa.eu/eurostat/databrowser/view/irt_lt_mcby_m/default/table
2011-07-01,EL,Greece,1341,Eurostat / ECB,https://ec.europa.eu/eurostat/databrowser/view/irt_lt_mcby_m/default/table
2011-08-01,EL,Greece,1369,Eurostat / ECB,https://ec.europa.eu/eurostat/databrowser/view/irt_lt_mcby_m/default/table
2011-09-01,EL,Greece,1595,Eurostat / ECB,https://ec.europa.eu/eurostat/databrowser/view/irt_lt_mcby_m/default/table
2011-10-01,EL,Greece,1604,Eurostat / ECB,https://ec.europa.eu/eurostat/databrowser/view/irt_lt_mcby_m/default/table
2011-11-01,EL,Greece,1605,Eurostat / ECB,https://ec.europa.eu/eurostat/databrowser/view/irt_lt_mcby_m/default/table
2011-12-01,EL,Greece,1921,Eurostat / ECB,https://ec.europa.eu/eurostat/databrowser/view/irt_lt_mcby_m/default/table
2012-01-01,EL,Greece,2409,Eurostat / ECB,https://ec.europa.eu/eurostat/databrowser/view/irt_lt_mcby_m/default/table
2012-02-01,EL,Greece,2739,Eurostat / ECB,https://ec.europa.eu/eurostat/databrowser/view/irt_lt_mcby_m/default/table
2012-03-01,EL,Greece,1724,Eurostat / ECB,https://ec.europa.eu/eurostat/databrowser/view/irt_lt_mcby_m/default/table
2012-04-01,EL,Greece,1986,Eurostat / ECB,https://ec.europa.eu/eurostat/databrowser/view/irt_lt_mcby_m/default/table
2012-05-01,EL,Greece,2556,Eurostat / ECB,https://ec.europa.eu/eurostat/databrowser/view/irt_lt_mcby_m/default/table
2012-06-01,EL,Greece,2652,Eurostat / ECB,https://ec.europa.eu/eurostat/databrowser/view/irt_lt_mcby_m/default/table
2012-07-01,EL,Greece,2458,Eurostat / ECB,https://ec.europa.eu/eurostat/databrowser/view/irt_lt_mcby_m/default/table
2012-08-01,EL,Greece,2300,Eurostat / ECB,https://ec.europa.eu/eurostat/databrowser/view/irt_lt_mcby_m/default/table
2012-09-01,EL,Greece,1942,Eurostat / ECB,https://ec.europa.eu/eurostat/databrowser/view/irt_lt_mcby_m/default/table
2012-10-01,EL,Greece,1649,Eurostat / ECB,https://ec.europa.eu/eurostat/databrowser/view/irt_lt_mcby_m/default/table
2012-11-01,EL,Greece,1586,Eurostat / ECB,https://ec.europa.eu/eurostat/databrowser/view/irt_lt_mcby_m/default/table
2012-12-01,EL,Greece,1203,Eurostat / ECB,https://ec.europa.eu/eurostat/databrowser/view/irt_lt_mcby_m/default/table
2013-01-01,EL,Greece,959,Eurostat / ECB,https://ec.europa.eu/eurostat/databrowser/view/irt_lt_mcby_m/default/table
2013-02-01,EL,Greece,941,Eurostat / ECB,https://ec.europa.eu/eurostat/databrowser/view/irt_lt_mcby_m/default/table
2013-03-01,EL,Greece,1003,Eurostat / ECB,https://ec.europa.eu/eurostat/databrowser/view/irt_lt_mcby_m/default/table
2013-04-01,EL,Greece,1038,Eurostat / ECB,https://ec.europa.eu/eurostat/databrowser/view/irt_lt_mcby_m/default/table
2013-05-01,EL,Greece,778,Eurostat / ECB,https://ec.europa.eu/eurostat/databrowser/view/irt_lt_mcby_m/default/table
2013-06-01,EL,Greece,854,Eurostat / ECB,https://ec.europa.eu/eurostat/databrowser/view/irt_lt_mcby_m/default/table
2013-07-01,EL,Greece,897,Eurostat / ECB,https://ec.europa.eu/eurostat/databrowser/view/irt_lt_mcby_m/default/table
2013-08-01,EL,Greece,828,Eurostat / ECB,https://ec.europa.eu/eurostat/databrowser/view/irt_lt_mcby_m/default/table
2013-09-01,EL,Greece,826,Eurostat / ECB,https://ec.europa.eu/eurostat/databrowser/view/irt_lt_mcby_m/default/table
2013-10-01,EL,Greece,698,Eurostat / ECB,https://ec.europa.eu/eurostat/databrowser/view/irt_lt_mcby_m/default/table
2013-11-01,EL,Greece,673,Eurostat / ECB,https://ec.europa.eu/eurostat/databrowser/view/irt_lt_mcby_m/default/table
2013-12-01,EL,Greece,686,Eurostat / ECB,https://ec.europa.eu/eurostat/databrowser/view/irt_lt_mcby_m/default/table
2014-01-01,EL,Greece,642,Eurostat / ECB,https://ec.europa.eu/eurostat/databrowser/view/irt_lt_mcby_m/default/table
2014-02-01,EL,Greece,614,Eurostat / ECB,https://ec.europa.eu/eurostat/databrowser/view/irt_lt_mcby_m/default/table
2014-03-01,EL,Greece,539,Eurostat / ECB,https://ec.europa.eu/eurostat/databrowser/view/irt_lt_mcby_m/default/table
2014-04-01,EL,Greece,474,Eurostat / ECB,https://ec.europa.eu/eurostat/databrowser/view/irt_lt_mcby_m/default/table
2014-05-01,EL,Greece,505,Eurostat / ECB,https://ec.europa.eu/eurostat/databrowser/view/irt_lt_mcby_m/default/table
2014-06-01,EL,Greece,467,Eurostat / ECB,https://ec.europa.eu/eurostat/databrowser/view/irt_lt_mcby_m/default/table
2014-07-01,EL,Greece,499,Eurostat / ECB,https://ec.europa.eu/eurostat/databrowser/view/irt_lt_mcby_m/default/table
2014-08-01,EL,Greece,514,Eurostat / ECB,https://ec.europa.eu/eurostat/databrowser/view/irt_lt_mcby_m/default/table
2014-09-01,EL,Greece,497,Eurostat / ECB,https://ec.europa.eu/eurostat/databrowser/view/irt_lt_mcby_m/default/table
2014-10-01,EL,Greece,647,Eurostat / ECB,https://ec.europa.eu/eurostat/databrowser/view/irt_lt_mcby_m/default/table
2014-11-01,EL,Greece,738,Eurostat / ECB,https://ec.europa.eu/eurostat/databrowser/view/irt_lt_mcby_m/default/table
2014-12-01,EL,Greece,783,Eurostat / ECB,https://ec.europa.eu/eurostat/databrowser/view/irt_lt_mcby_m/default/table
2015-01-01,EL,Greece,909,Eurostat / ECB,https://ec.europa.eu/eurostat/databrowser/view/irt_lt_mcby_m/default/table
2015-02-01,EL,Greece,942,Eurostat / ECB,https://ec.europa.eu/eurostat/databrowser/view/irt_lt_mcby_m/default/table
2015-03-01,EL,Greece,1029,Eurostat / ECB,https://ec.europa.eu/eurostat/databrowser/view/irt_lt_mcby_m/default/table
2015-04-01,EL,Greece,1188,Eurostat / ECB,https://ec.europa.eu/eurostat/databrowser/view/irt_lt_mcby_m/default/table
2015-05-01,EL,Greece,1039,Eurostat / ECB,https://ec.europa.eu/eurostat/databrowser/view/irt_lt_mcby_m/default/table
2015-06-01,EL,Greece,1064,Eurostat / ECB,https://ec.europa.eu/eurostat/databrowser/view/irt_lt_mcby_m/default/table
2015-08-01,EL,Greece,965,Eurostat / ECB,https://ec.europa.eu/eurostat/databrowser/view/irt_lt_mcby_m/default/table
2015-09-01,EL,Greece,789,Eurostat / ECB,https://ec.europa.eu/eurostat/databrowser/view/irt_lt_mcby_m/default/table
2015-10-01,EL,Greece,729,Eurostat / ECB,https://ec.europa.eu/eurostat/databrowser/view/irt_lt_mcby_m/default/table
2015-11-01,EL,Greece,689,Eurostat / ECB,https://ec.europa.eu/eurostat/databrowser/view/irt_lt_mcby_m/default/table
2015-12-01,EL,Greece,766,Eurostat / ECB,https://ec.europa.eu/eurostat/databrowser/view/irt_lt_mcby_m/default/table
2016-01-01,EL,Greece,865,Eurostat / ECB,https://ec.europa.eu/eurostat/databrowser/view/irt_lt_mcby_m/default/table
2016-02-01,EL,Greece,1024,Eurostat / ECB,https://ec.europa.eu/eurostat/databrowser/view/irt_lt_mcby_m/default/table
2016-03-01,EL,Greece,895,Eurostat / ECB,https://ec.europa.eu/eurostat/databrowser/view/irt_lt_mcby_m/default/table
2016-04-01,EL,Greece,890,Eurostat / ECB,https://ec.europa.eu/eurostat/databrowser/view/irt_lt_mcby_m/default/table
2016-05-01,EL,Greece,751,Eurostat / ECB,https://ec.europa.eu/eurostat/databrowser/view/irt_lt_mcby_m/default/table
2016-06-01,EL,Greece,794,Eurostat / ECB,https://ec.europa.eu/eurostat/databrowser/view/irt_lt_mcby_m/default/table
2016-07-01,EL,Greece,814,Eurostat / ECB,https://ec.europa.eu/eurostat/databrowser/view/irt_lt_mcby_m/default/table
2016-08-01,EL,Greece,832,Eurostat / ECB,https://ec.europa.eu/eurostat/databrowser/view/irt_lt_mcby_m/default/table
2016-09-01,EL,Greece,843,Eurostat / ECB,https://ec.europa.eu/eurostat/databrowser/view/irt_lt_mcby_m/default/table
2016-10-01,EL,Greece,833,Eurostat / ECB,https://ec.europa.eu/eurostat/databrowser/view/irt_lt_mcby_m/default/table
2016-11-01,EL,Greece,714,Eurostat / ECB,https://ec.europa.eu/eurostat/databrowser/view/irt_lt_mcby_m/default/table
2016-12-01,EL,Greece,669,Eurostat / ECB,https://ec.europa.eu/eurostat/databrowser/view/irt_lt_mcby_m/default/table
2017-01-01,EL,Greece,679,Eurostat / ECB,https://ec.europa.eu/eurostat/databrowser/view/irt_lt_mcby_m/default/table
2017-02-01,EL,Greece,726,Eurostat / ECB,https://ec.europa.eu/eurostat/databrowser/view/irt_lt_mcby_m/default/table
2017-03-01,EL,Greece,682,Eurostat / ECB,https://ec.europa.eu/eurostat/databrowser/view/irt_lt_mcby_m/default/table
2017-04-01,EL,Greece,648,Eurostat / ECB,https://ec.europa.eu/eurostat/databrowser/view/irt_lt_mcby_m/default/table
2017-05-01,EL,Greece,552,Eurostat / ECB,https://ec.europa.eu/eurostat/databrowser/view/irt_lt_mcby_m/default/table
2017-06-01,EL,Greece,551,Eurostat / ECB,https://ec.europa.eu/eurostat/databrowser/view/irt_lt_mcby_m/default/table
2017-07-01,EL,Greece,487,Eurostat / ECB,https://ec.europa.eu/eurostat/databrowser/view/irt_lt_mcby_m/default/table
2017-08-01,EL,Greece,520,Eurostat / ECB,https://ec.europa.eu/eurostat/databrowser/view/irt_lt_mcby_m/default/table
2017-09-01,EL,Greece,521,Eurostat / ECB,https://ec.europa.eu/eurostat/databrowser/view/irt_lt_mcby_m/default/table
2017-10-01,EL,Greece,522,Eurostat / ECB,https://ec.europa.eu/eurostat/databrowser/view/irt_lt_mcby_m/default/table
2017-11-01,EL,Greece,491,Eurostat / ECB,https://ec.europa.eu/eurostat/databrowser/view/irt_lt_mcby_m/default/table
2017-12-01,EL,Greece,414,Eurostat / ECB,https://ec.europa.eu/eurostat/databrowser/view/irt_lt_mcby_m/default/table
2018-01-01,EL,Greece,332,Eurostat / ECB,https://ec.europa.eu/eurostat/databrowser/view/irt_lt_mcby_m/default/table
2018-02-01,EL,Greece,348,Eurostat / ECB,https://ec.europa.eu/eurostat/databrowser/view/irt_lt_mcby_m/default/table
2018-03-01,EL,Greece,374,Eurostat / ECB,https://ec.europa.eu/eurostat/databrowser/view/irt_lt_mcby_m/default/table
2018-04-01,EL,Greece,356,Eurostat / ECB,https://ec.europa.eu/eurostat/databrowser/view/irt_lt_mcby_m/default/table
2018-05-01,EL,Greece,384,Eurostat / ECB,https://ec.europa.eu/eurostat/databrowser/view/irt_lt_mcby_m/default/table
2018-06-01,EL,Greece,406,Eurostat / ECB,https://ec.europa.eu/eurostat/databrowser/view/irt_lt_mcby_m/default/table
2018-07-01,EL,Greece,360,Eurostat / ECB,https://ec.europa.eu/eurostat/databrowser/view/irt_lt_mcby_m/default/table
2018-08-01,EL,Greece,389,Eurostat / ECB,https://ec.europa.eu/eurostat/databrowser/view/irt_lt_mcby_m/default/table
2018-09-01,EL,Greece,380,Eurostat / ECB,https://ec.europa.eu/eurostat/databrowser/view/irt_lt_mcby_m/default/table
2018-10-01,EL,Greece,397,Eurostat / ECB,https://ec.europa.eu/eurostat/databrowser/view/irt_lt_mcby_m/default/table
2018-11-01,EL,Greece,411,Eurostat / ECB,https://ec.europa.eu/eurostat/databrowser/view/irt_lt_mcby_m/default/table
2018-12-01,EL,Greece,409,Eurostat / ECB,https://ec.europa.eu/eurostat/databrowser/view/irt_lt_mcby_m/default/table
2019-01-01,EL,Greece,408,Eurostat / ECB,https://ec.europa.eu/eurostat/databrowser/view/irt_lt_mcby_m/default/table
2019-02-01,EL,Greece,378,Eurostat / ECB,https://ec.europa.eu/eurostat/databrowser/view/irt_lt_mcby_m/default/table
2019-03-01,EL,Greece,375,Eurostat / ECB,https://ec.europa.eu/eurostat/databrowser/view/irt_lt_mcby_m/default/table
2019-04-01,EL,Greece,346,Eurostat / ECB,https://ec.europa.eu/eurostat/databrowser/view/irt_lt_mcby_m/default/table
2019-05-01,EL,Greece,350,Eurostat / ECB,https://ec.europa.eu/eurostat/databrowser/view/irt_lt_mcby_m/default/table
2019-06-01,EL,Greece,298,Eurostat / ECB,https://ec.europa.eu/eurostat/databrowser/view/irt_lt_mcby_m/default/table
2019-07-01,EL,Greece,255,Eurostat / ECB,https://ec.europa.eu/eurostat/databrowser/view/irt_lt_mcby_m/default/table
2019-08-01,EL,Greece,263,Eurostat / ECB,https://ec.europa.eu/eurostat/databrowser/view/irt_lt_mcby_m/default/table
2019-09-01,EL,Greece,209,Eurostat / ECB,https://ec.europa.eu/eurostat/databrowser/view/irt_lt_mcby_m/default/table
2019-10-01,EL,Greece,181,Eurostat / ECB,https://ec.europa.eu/eurostat/databrowser/view/irt_lt_mcby_m/default/table
2019-11-01,EL,Greece,171,Eurostat / ECB,https://ec.europa.eu/eurostat/databrowser/view/irt_lt_mcby_m/default/table
2019-12-01,EL,Greece,172,Eurostat / ECB,https://ec.europa.eu/eurostat/databrowser/view/irt_lt_mcby_m/default/table
2020-01-01,EL,Greece,165,Eurostat / ECB,https://ec.europa.eu/eurostat/databrowser/view/irt_lt_mcby_m/default/table
2020-02-01,EL,Greece,154,Eurostat / ECB,https://ec.europa.eu/eurostat/databrowser/view/irt_lt_mcby_m/default/table
2020-03-01,EL,Greece,251,Eurostat / ECB,https://ec.europa.eu/eurostat/databrowser/view/irt_lt_mcby_m/default/table
2020-04-01,EL,Greece,250,Eurostat / ECB,https://ec.europa.eu/eurostat/databrowser/view/irt_lt_mcby_m/default/table
2020-05-01,EL,Greece,245,Eurostat / ECB,https://ec.europa.eu/eurostat/databrowser/view/irt_lt_mcby_m/default/table
2020-06-01,EL,Greece,175,Eurostat / ECB,https://ec.europa.eu/eurostat/databrowser/view/irt_lt_mcby_m/default/table
2020-07-01,EL,Greece,166,Eurostat / ECB,https://ec.europa.eu/eurostat/databrowser/view/irt_lt_mcby_m/default/table
2020-08-01,EL,Greece,160,Eurostat / ECB,https://ec.europa.eu/eurostat/databrowser/view/irt_lt_mcby_m/default/table
2020-09-01,EL,Greece,160,Eurostat / ECB,https://ec.europa.eu/eurostat/databrowser/view/irt_lt_mcby_m/default/table
2020-10-01,EL,Greece,151,Eurostat / ECB,https://ec.europa.eu/eurostat/databrowser/view/irt_lt_mcby_m/default/table
2020-11-01,EL,Greece,136,Eurostat / ECB,https://ec.europa.eu/eurostat/databrowser/view/irt_lt_mcby_m/default/table
2020-12-01,EL,Greece,125,Eurostat / ECB,https://ec.europa.eu/eurostat/databrowser/view/irt_lt_mcby_m/default/table
2021-01-01,EL,Greece,123,Eurostat / ECB,https://ec.europa.eu/eurostat/databrowser/view/irt_lt_mcby_m/default/table
2021-02-01,EL,Greece,126,Eurostat / ECB,https://ec.europa.eu/eurostat/databrowser/view/irt_lt_mcby_m/default/table
2021-03-01,EL,Greece,127,Eurostat / ECB,https://ec.europa.eu/eurostat/databrowser/view/irt_lt_mcby_m/default/table
2021-04-01,EL,Greece,121,Eurostat / ECB,https://ec.europa.eu/eurostat/databrowser/view/irt_lt_mcby_m/default/table
2021-05-01,EL,Greece,121,Eurostat / ECB,https://ec.europa.eu/eurostat/databrowser/view/irt_lt_mcby_m/default/table
2021-06-01,EL,Greece,110,Eurostat / ECB,https://ec.europa.eu/eurostat/databrowser/view/irt_lt_mcby_m/default/table
2021-07-01,EL,Greece,115,Eurostat / ECB,https://ec.europa.eu/eurostat/databrowser/view/irt_lt_mcby_m/default/table
2021-08-01,EL,Greece,113,Eurostat / ECB,https://ec.europa.eu/eurostat/databrowser/view/irt_lt_mcby_m/default/table
2021-09-01,EL,Greece,116,Eurostat / ECB,https://ec.europa.eu/eurostat/databrowser/view/irt_lt_mcby_m/default/table
2021-10-01,EL,Greece,117,Eurostat / ECB,https://ec.europa.eu/eurostat/databrowser/view/irt_lt_mcby_m/default/table
2021-11-01,EL,Greece,153,Eurostat / ECB,https://ec.europa.eu/eurostat/databrowser/view/irt_lt_mcby_m/default/table
2021-12-01,EL,Greece,167,Eurostat / ECB,https://ec.europa.eu/eurostat/databrowser/view/irt_lt_mcby_m/default/table
2022-01-01,EL,Greece,174,Eurostat / ECB,https://ec.europa.eu/eurostat/databrowser/view/irt_lt_mcby_m/default/table
2022-02-01,EL,Greece,231,Eurostat / ECB,https://ec.europa.eu/eurostat/databrowser/view/irt_lt_mcby_m/default/table
2022-03-01,EL,Greece,233,Eurostat / ECB,https://ec.europa.eu/eurostat/databrowser/view/irt_lt_mcby_m/default/table
2022-04-01,EL,Greece,214,Eurostat / ECB,https://ec.europa.eu/eurostat/databrowser/view/irt_lt_mcby_m/default/table
2022-05-01,EL,Greece,259,Eurostat / ECB,https://ec.europa.eu/eurostat/databrowser/view/irt_lt_mcby_m/default/table
2022-06-01,EL,Greece,248,Eurostat / ECB,https://ec.europa.eu/eurostat/databrowser/view/irt_lt_mcby_m/default/table
2022-07-01,EL,Greece,230,Eurostat / ECB,https://ec.europa.eu/eurostat/databrowser/view/irt_lt_mcby_m/default/table
2022-08-01,EL,Greece,243,Eurostat / ECB,https://ec.europa.eu/eurostat/databrowser/view/irt_lt_mcby_m/default/table
2022-09-01,EL,Greece,264,Eurostat / ECB,https://ec.europa.eu/eurostat/databrowser/view/irt_lt_mcby_m/default/table
2022-10-01,EL,Greece,268,Eurostat / ECB,https://ec.europa.eu/eurostat/databrowser/view/irt_lt_mcby_m/default/table
2022-11-01,EL,Greece,235,Eurostat / ECB,https://ec.europa.eu/eurostat/databrowser/view/irt_lt_mcby_m/default/table
2022-12-01,EL,Greece,213,Eurostat / ECB,https://ec.europa.eu/eurostat/databrowser/view/irt_lt_mcby_m/default/table
2023-01-01,EL,Greece,210,Eurostat / ECB,https://ec.europa.eu/eurostat/databrowser/view/irt_lt_mcby_m/default/table
2023-02-01,EL,Greece,189,Eurostat / ECB,https://ec.europa.eu/eurostat/databrowser/view/irt_lt_mcby_m/default/table
2023-03-01,EL,Greece,191,Eurostat / ECB,https://ec.europa.eu/eurostat/databrowser/view/irt_lt_mcby_m/default/table
2023-04-01,EL,Greece,186,Eurostat / ECB,https://ec.europa.eu/eurostat/databrowser/view/irt_lt_mcby_m/default/table
2023-05-01,EL,Greece,164,Eurostat / ECB,https://ec.europa.eu/eurostat/databrowser/view/irt_lt_mcby_m/default/table
2023-06-01,EL,Greece,133,Eurostat / ECB,https://ec.europa.eu/eurostat/databrowser/view/irt_lt_mcby_m/default/table
2023-07-01,EL,Greece,139,Eurostat / ECB,https://ec.europa.eu/eurostat/databrowser/view/irt_lt_mcby_m/default/table
2023-08-01,EL,Greece,133,Eurostat / ECB,https://ec.europa.eu/eurostat/databrowser/view/irt_lt_mcby_m/default/table
2023-09-01,EL,Greece,142,Eurostat / ECB,https://ec.europa.eu/eurostat/databrowser/view/irt_lt_mcby_m/default/table
2023-10-01,EL,Greece,148,Eurostat / ECB,https://ec.europa.eu/eurostat/databrowser/view/irt_lt_mcby_m/default/table
2023-11-01,EL,Greece,128,Eurostat / ECB,https://ec.europa.eu/eurostat/databrowser/view/irt_lt_mcby_m/default/table
2023-12-01,EL,Greece,118,Eurostat / ECB,https://ec.europa.eu/eurostat/databrowser/view/irt_lt_mcby_m/default/table
2024-01-01,EL,Greece,111,Eurostat / ECB,https://ec.europa.eu/eurostat/databrowser/view/irt_lt_mcby_m/default/table
2024-02-01,EL,Greece,112,Eurostat / ECB,https://ec.europa.eu/eurostat/databrowser/view/irt_lt_mcby_m/default/table
2024-03-01,EL,Greece,102,Eurostat / ECB,https://ec.europa.eu/eurostat/databrowser/view/irt_lt_mcby_m/default/table
2024-04-01,EL,Greece,104,Eurostat / ECB,https://ec.europa.eu/eurostat/databrowser/view/irt_lt_mcby_m/default/table
2024-05-01,EL,Greece,103,Eurostat / ECB,https://ec.europa.eu/eurostat/databrowser/view/irt_lt_mcby_m/default/table
2024-06-01,EL,Greece,117,Eurostat / ECB,https://ec.europa.eu/eurostat/databrowser/view/irt_lt_mcby_m/default/table
2024-07-01,EL,Greece,104,Eurostat / ECB,https://ec.europa.eu/eurostat/databrowser/view/irt_lt_mcby_m/default/table
2024-08-01,EL,Greece,110,Eurostat / ECB,https://ec.europa.eu/eurostat/databrowser/view/irt_lt_mcby_m/default/table
2024-09-01,EL,Greece,102,Eurostat / ECB,https://ec.europa.eu/eurostat/databrowser/view/irt_lt_mcby_m/default/table
2024-10-01,EL,Greece,93,Eurostat / ECB,https://ec.europa.eu/eurostat/databrowser/view/irt_lt_mcby_m/default/table
2024-11-01,EL,Greece,88,Eurostat / ECB,https://ec.europa.eu/eurostat/databrowser/view/irt_lt_mcby_m/default/table
2024-12-01,EL,Greece,87,Eurostat / ECB,https://ec.europa.eu/eurostat/databrowser/view/irt_lt_mcby_m/default/table
2025-01-01,EL,Greece,86.6,Eurostat / ECB,https://ec.europa.eu/eurostat/databrowser/view/irt_lt_mcby_m/default/table
2025-02-01,EL,Greece,88.5,Eurostat / ECB,https://ec.europa.eu/eurostat/databrowser/view/irt_lt_mcby_m/default/table
2025-03-01,EL,Greece,85.9,Eurostat / ECB,https://ec.europa.eu/eurostat/databrowser/view/irt_lt_mcby_m/default/table
2025-04-01,EL,Greece,93,Eurostat / ECB,https://ec.europa.eu/eurostat/databrowser/view/irt_lt_mcby_m/default/table
2025-05-01,EL,Greece,81,Eurostat / ECB,https://ec.europa.eu/eurostat/databrowser/view/irt_lt_mcby_m/default/table
2025-06-01,EL,Greece,77,Eurostat / ECB,https://ec.europa.eu/eurostat/databrowser/view/irt_lt_mcby_m/default/table
2025-07-01,EL,Greece,73,Eurostat / ECB,https://ec.europa.eu/eurostat/databrowser/view/irt_lt_mcby_m/default/table
2025-08-01,EL,Greece,70,Eurostat / ECB,https://ec.europa.eu/eurostat/databrowser/view/irt_lt_mcby_m/default/table
2025-09-01,EL,Greece,70,Eurostat / ECB,https://ec.europa.eu/eurostat/databrowser/view/irt_lt_mcby_m/default/table
2025-10-01,EL,Greece,68.3,Eurostat / ECB,https://ec.europa.eu/eurostat/databrowser/view/irt_lt_mcby_m/default/table
2025-11-01,EL,Greece,64.3,Eurostat / ECB,https://ec.europa.eu/eurostat/databrowser/view/irt_lt_mcby_m/default/table
2025-12-01,EL,Greece,62.7,Eurostat / ECB,https://ec.europa.eu/eurostat/databrowser/view/irt_lt_mcby_m/default/table
2026-01-01,EL,Greece,62.3,Eurostat / ECB,https://ec.europa.eu/eurostat/databrowser/view/irt_lt_mcby_m/default/table
2026-02-01,EL,Greece,64.6,Eurostat / ECB,https://ec.europa.eu/eurostat/databrowser/view/irt_lt_mcby_m/default/table
2026-03-01,EL,Greece,80,Eurostat / ECB,https://ec.europa.eu/eurostat/databrowser/view/irt_lt_mcby_m/default/table
2026-04-01,EL,Greece,78,Eurostat / ECB,https://ec.europa.eu/eurostat/databrowser/view/irt_lt_mcby_m/default/table
2026-05-01,EL,Greece,70.5,Eurostat / ECB,https://ec.europa.eu/eurostat/databrowser/view/irt_lt_mcby_m/default/table
2026-06-01,EL,Greece,67.6,Eurostat / ECB,https://ec.europa.eu/eurostat/databrowser/view/irt_lt_mcby_m/default/table
2026-07-01,EL,Greece,72,Eurostat / ECB,https://ec.europa.eu/eurostat/databrowser/view/irt_lt_mcby_m/default/table
1990-01-01,UK,United Kingdom,319,Eurostat / ECB,https://ec.europa.eu/eurostat/databrowser/view/irt_lt_mcby_m/default/table
1990-02-01,UK,United Kingdom,275,Eurostat / ECB,https://ec.europa.eu/eurostat/databrowser/view/irt_lt_mcby_m/default/table
1990-03-01,UK,United Kingdom,377,Eurostat / ECB,https://ec.europa.eu/eurostat/databrowser/view/irt_lt_mcby_m/default/table
1990-04-01,UK,United Kingdom,398,Eurostat / ECB,https://ec.europa.eu/eurostat/databrowser/view/irt_lt_mcby_m/default/table
1990-05-01,UK,United Kingdom,370,Eurostat / ECB,https://ec.europa.eu/eurostat/databrowser/view/irt_lt_mcby_m/default/table
1990-06-01,UK,United Kingdom,297,Eurostat / ECB,https://ec.europa.eu/eurostat/databrowser/view/irt_lt_mcby_m/default/table
1990-07-01,UK,United Kingdom,330,Eurostat / ECB,https://ec.europa.eu/eurostat/databrowser/view/irt_lt_mcby_m/default/table
1990-08-01,UK,United Kingdom,315,Eurostat / ECB,https://ec.europa.eu/eurostat/databrowser/view/irt_lt_mcby_m/default/table
1990-09-01,UK,United Kingdom,300,Eurostat / ECB,https://ec.europa.eu/eurostat/databrowser/view/irt_lt_mcby_m/default/table
1990-10-01,UK,United Kingdom,268,Eurostat / ECB,https://ec.europa.eu/eurostat/databrowser/view/irt_lt_mcby_m/default/table
1990-11-01,UK,United Kingdom,244,Eurostat / ECB,https://ec.europa.eu/eurostat/databrowser/view/irt_lt_mcby_m/default/table
1990-12-01,UK,United Kingdom,200,Eurostat / ECB,https://ec.europa.eu/eurostat/databrowser/view/irt_lt_mcby_m/default/table
1991-01-01,UK,United Kingdom,166,Eurostat / ECB,https://ec.europa.eu/eurostat/databrowser/view/irt_lt_mcby_m/default/table
1991-02-01,UK,United Kingdom,178,Eurostat / ECB,https://ec.europa.eu/eurostat/databrowser/view/irt_lt_mcby_m/default/table
1991-03-01,UK,United Kingdom,186,Eurostat / ECB,https://ec.europa.eu/eurostat/databrowser/view/irt_lt_mcby_m/default/table
1991-04-01,UK,United Kingdom,183,Eurostat / ECB,https://ec.europa.eu/eurostat/databrowser/view/irt_lt_mcby_m/default/table
1991-05-01,UK,United Kingdom,198,Eurostat / ECB,https://ec.europa.eu/eurostat/databrowser/view/irt_lt_mcby_m/default/table
1991-06-01,UK,United Kingdom,217,Eurostat / ECB,https://ec.europa.eu/eurostat/databrowser/view/irt_lt_mcby_m/default/table
1991-07-01,UK,United Kingdom,165,Eurostat / ECB,https://ec.europa.eu/eurostat/databrowser/view/irt_lt_mcby_m/default/table
1991-08-01,UK,United Kingdom,151,Eurostat / ECB,https://ec.europa.eu/eurostat/databrowser/view/irt_lt_mcby_m/default/table
1991-09-01,UK,United Kingdom,119,Eurostat / ECB,https://ec.europa.eu/eurostat/databrowser/view/irt_lt_mcby_m/default/table
1991-10-01,UK,United Kingdom,137,Eurostat / ECB,https://ec.europa.eu/eurostat/databrowser/view/irt_lt_mcby_m/default/table
1991-11-01,UK,United Kingdom,145,Eurostat / ECB,https://ec.europa.eu/eurostat/databrowser/view/irt_lt_mcby_m/default/table
1991-12-01,UK,United Kingdom,145,Eurostat / ECB,https://ec.europa.eu/eurostat/databrowser/view/irt_lt_mcby_m/default/table
1992-01-01,UK,United Kingdom,151,Eurostat / ECB,https://ec.europa.eu/eurostat/databrowser/view/irt_lt_mcby_m/default/table
1992-02-01,UK,United Kingdom,138,Eurostat / ECB,https://ec.europa.eu/eurostat/databrowser/view/irt_lt_mcby_m/default/table
1992-03-01,UK,United Kingdom,165,Eurostat / ECB,https://ec.europa.eu/eurostat/databrowser/view/irt_lt_mcby_m/default/table
1992-04-01,UK,United Kingdom,139,Eurostat / ECB,https://ec.europa.eu/eurostat/databrowser/view/irt_lt_mcby_m/default/table
1992-05-01,UK,United Kingdom,95,Eurostat / ECB,https://ec.europa.eu/eurostat/databrowser/view/irt_lt_mcby_m/default/table
1992-06-01,UK,United Kingdom,105,Eurostat / ECB,https://ec.europa.eu/eurostat/databrowser/view/irt_lt_mcby_m/default/table
1992-07-01,UK,United Kingdom,92,Eurostat / ECB,https://ec.europa.eu/eurostat/databrowser/view/irt_lt_mcby_m/default/table
1992-08-01,UK,United Kingdom,131,Eurostat / ECB,https://ec.europa.eu/eurostat/databrowser/view/irt_lt_mcby_m/default/table
1992-09-01,UK,United Kingdom,154,Eurostat / ECB,https://ec.europa.eu/eurostat/databrowser/view/irt_lt_mcby_m/default/table
1992-10-01,UK,United Kingdom,120,Eurostat / ECB,https://ec.europa.eu/eurostat/databrowser/view/irt_lt_mcby_m/default/table
1992-11-01,UK,United Kingdom,83,Eurostat / ECB,https://ec.europa.eu/eurostat/databrowser/view/irt_lt_mcby_m/default/table
1992-12-01,UK,United Kingdom,100,Eurostat / ECB,https://ec.europa.eu/eurostat/databrowser/view/irt_lt_mcby_m/default/table
1993-01-01,UK,United Kingdom,133,Eurostat / ECB,https://ec.europa.eu/eurostat/databrowser/view/irt_lt_mcby_m/default/table
1993-02-01,UK,United Kingdom,117,Eurostat / ECB,https://ec.europa.eu/eurostat/databrowser/view/irt_lt_mcby_m/default/table
1993-03-01,UK,United Kingdom,119,Eurostat / ECB,https://ec.europa.eu/eurostat/databrowser/view/irt_lt_mcby_m/default/table
1993-04-01,UK,United Kingdom,129,Eurostat / ECB,https://ec.europa.eu/eurostat/databrowser/view/irt_lt_mcby_m/default/table
1993-05-01,UK,United Kingdom,139,Eurostat / ECB,https://ec.europa.eu/eurostat/databrowser/view/irt_lt_mcby_m/default/table
1993-06-01,UK,United Kingdom,120,Eurostat / ECB,https://ec.europa.eu/eurostat/databrowser/view/irt_lt_mcby_m/default/table
1993-07-01,UK,United Kingdom,100,Eurostat / ECB,https://ec.europa.eu/eurostat/databrowser/view/irt_lt_mcby_m/default/table
1993-08-01,UK,United Kingdom,69,Eurostat / ECB,https://ec.europa.eu/eurostat/databrowser/view/irt_lt_mcby_m/default/table
1993-09-01,UK,United Kingdom,82,Eurostat / ECB,https://ec.europa.eu/eurostat/databrowser/view/irt_lt_mcby_m/default/table
1993-10-01,UK,United Kingdom,92,Eurostat / ECB,https://ec.europa.eu/eurostat/databrowser/view/irt_lt_mcby_m/default/table
1993-11-01,UK,United Kingdom,90,Eurostat / ECB,https://ec.europa.eu/eurostat/databrowser/view/irt_lt_mcby_m/default/table
1993-12-01,UK,United Kingdom,53,Eurostat / ECB,https://ec.europa.eu/eurostat/databrowser/view/irt_lt_mcby_m/default/table
1994-01-01,UK,United Kingdom,52,Eurostat / ECB,https://ec.europa.eu/eurostat/databrowser/view/irt_lt_mcby_m/default/table
1994-02-01,UK,United Kingdom,64,Eurostat / ECB,https://ec.europa.eu/eurostat/databrowser/view/irt_lt_mcby_m/default/table
1994-03-01,UK,United Kingdom,108,Eurostat / ECB,https://ec.europa.eu/eurostat/databrowser/view/irt_lt_mcby_m/default/table
1994-04-01,UK,United Kingdom,134,Eurostat / ECB,https://ec.europa.eu/eurostat/databrowser/view/irt_lt_mcby_m/default/table
1994-05-01,UK,United Kingdom,163,Eurostat / ECB,https://ec.europa.eu/eurostat/databrowser/view/irt_lt_mcby_m/default/table
1994-06-01,UK,United Kingdom,167,Eurostat / ECB,https://ec.europa.eu/eurostat/databrowser/view/irt_lt_mcby_m/default/table
1994-07-01,UK,United Kingdom,164,Eurostat / ECB,https://ec.europa.eu/eurostat/databrowser/view/irt_lt_mcby_m/default/table
1994-08-01,UK,United Kingdom,160,Eurostat / ECB,https://ec.europa.eu/eurostat/databrowser/view/irt_lt_mcby_m/default/table
1994-09-01,UK,United Kingdom,147,Eurostat / ECB,https://ec.europa.eu/eurostat/databrowser/view/irt_lt_mcby_m/default/table
1994-10-01,UK,United Kingdom,134,Eurostat / ECB,https://ec.europa.eu/eurostat/databrowser/view/irt_lt_mcby_m/default/table
1994-11-01,UK,United Kingdom,126,Eurostat / ECB,https://ec.europa.eu/eurostat/databrowser/view/irt_lt_mcby_m/default/table
1994-12-01,UK,United Kingdom,124,Eurostat / ECB,https://ec.europa.eu/eurostat/databrowser/view/irt_lt_mcby_m/default/table
1995-01-01,UK,United Kingdom,124,Eurostat / ECB,https://ec.europa.eu/eurostat/databrowser/view/irt_lt_mcby_m/default/table
1995-02-01,UK,United Kingdom,134,Eurostat / ECB,https://ec.europa.eu/eurostat/databrowser/view/irt_lt_mcby_m/default/table
1995-03-01,UK,United Kingdom,142,Eurostat / ECB,https://ec.europa.eu/eurostat/databrowser/view/irt_lt_mcby_m/default/table
1995-04-01,UK,United Kingdom,146,Eurostat / ECB,https://ec.europa.eu/eurostat/databrowser/view/irt_lt_mcby_m/default/table
1995-05-01,UK,United Kingdom,142,Eurostat / ECB,https://ec.europa.eu/eurostat/databrowser/view/irt_lt_mcby_m/default/table
1995-06-01,UK,United Kingdom,146,Eurostat / ECB,https://ec.europa.eu/eurostat/databrowser/view/irt_lt_mcby_m/default/table
1995-07-01,UK,United Kingdom,153,Eurostat / ECB,https://ec.europa.eu/eurostat/databrowser/view/irt_lt_mcby_m/default/table
1995-08-01,UK,United Kingdom,152,Eurostat / ECB,https://ec.europa.eu/eurostat/databrowser/view/irt_lt_mcby_m/default/table
1995-09-01,UK,United Kingdom,148,Eurostat / ECB,https://ec.europa.eu/eurostat/databrowser/view/irt_lt_mcby_m/default/table
1995-10-01,UK,United Kingdom,167,Eurostat / ECB,https://ec.europa.eu/eurostat/databrowser/view/irt_lt_mcby_m/default/table
1995-11-01,UK,United Kingdom,163,Eurostat / ECB,https://ec.europa.eu/eurostat/databrowser/view/irt_lt_mcby_m/default/table
1995-12-01,UK,United Kingdom,152,Eurostat / ECB,https://ec.europa.eu/eurostat/databrowser/view/irt_lt_mcby_m/default/table
1996-01-01,UK,United Kingdom,166,Eurostat / ECB,https://ec.europa.eu/eurostat/databrowser/view/irt_lt_mcby_m/default/table
1996-02-01,UK,United Kingdom,170,Eurostat / ECB,https://ec.europa.eu/eurostat/databrowser/view/irt_lt_mcby_m/default/table
1996-03-01,UK,United Kingdom,176,Eurostat / ECB,https://ec.europa.eu/eurostat/databrowser/view/irt_lt_mcby_m/default/table
1996-04-01,UK,United Kingdom,183,Eurostat / ECB,https://ec.europa.eu/eurostat/databrowser/view/irt_lt_mcby_m/default/table
1996-05-01,UK,United Kingdom,178,Eurostat / ECB,https://ec.europa.eu/eurostat/databrowser/view/irt_lt_mcby_m/default/table
1996-06-01,UK,United Kingdom,164,Eurostat / ECB,https://ec.europa.eu/eurostat/databrowser/view/irt_lt_mcby_m/default/table
1996-07-01,UK,United Kingdom,158,Eurostat / ECB,https://ec.europa.eu/eurostat/databrowser/view/irt_lt_mcby_m/default/table
1996-08-01,UK,United Kingdom,166,Eurostat / ECB,https://ec.europa.eu/eurostat/databrowser/view/irt_lt_mcby_m/default/table
1996-09-01,UK,United Kingdom,172,Eurostat / ECB,https://ec.europa.eu/eurostat/databrowser/view/irt_lt_mcby_m/default/table
1996-10-01,UK,United Kingdom,163,Eurostat / ECB,https://ec.europa.eu/eurostat/databrowser/view/irt_lt_mcby_m/default/table
1996-11-01,UK,United Kingdom,183,Eurostat / ECB,https://ec.europa.eu/eurostat/databrowser/view/irt_lt_mcby_m/default/table
1996-12-01,UK,United Kingdom,189,Eurostat / ECB,https://ec.europa.eu/eurostat/databrowser/view/irt_lt_mcby_m/default/table
1997-01-01,UK,United Kingdom,186,Eurostat / ECB,https://ec.europa.eu/eurostat/databrowser/view/irt_lt_mcby_m/default/table
1997-02-01,UK,United Kingdom,174,Eurostat / ECB,https://ec.europa.eu/eurostat/databrowser/view/irt_lt_mcby_m/default/table
1997-03-01,UK,United Kingdom,184,Eurostat / ECB,https://ec.europa.eu/eurostat/databrowser/view/irt_lt_mcby_m/default/table
1997-04-01,UK,United Kingdom,187,Eurostat / ECB,https://ec.europa.eu/eurostat/databrowser/view/irt_lt_mcby_m/default/table
1997-05-01,UK,United Kingdom,149,Eurostat / ECB,https://ec.europa.eu/eurostat/databrowser/view/irt_lt_mcby_m/default/table
1997-06-01,UK,United Kingdom,152,Eurostat / ECB,https://ec.europa.eu/eurostat/databrowser/view/irt_lt_mcby_m/default/table
1997-07-01,UK,United Kingdom,157,Eurostat / ECB,https://ec.europa.eu/eurostat/databrowser/view/irt_lt_mcby_m/default/table
1997-08-01,UK,United Kingdom,151,Eurostat / ECB,https://ec.europa.eu/eurostat/databrowser/view/irt_lt_mcby_m/default/table
1997-09-01,UK,United Kingdom,129,Eurostat / ECB,https://ec.europa.eu/eurostat/databrowser/view/irt_lt_mcby_m/default/table
1997-10-01,UK,United Kingdom,99,Eurostat / ECB,https://ec.europa.eu/eurostat/databrowser/view/irt_lt_mcby_m/default/table
1997-11-01,UK,United Kingdom,114,Eurostat / ECB,https://ec.europa.eu/eurostat/databrowser/view/irt_lt_mcby_m/default/table
1997-12-01,UK,United Kingdom,110,Eurostat / ECB,https://ec.europa.eu/eurostat/databrowser/view/irt_lt_mcby_m/default/table
1998-01-01,UK,United Kingdom,105,Eurostat / ECB,https://ec.europa.eu/eurostat/databrowser/view/irt_lt_mcby_m/default/table
1998-02-01,UK,United Kingdom,111,Eurostat / ECB,https://ec.europa.eu/eurostat/databrowser/view/irt_lt_mcby_m/default/table
1998-03-01,UK,United Kingdom,115,Eurostat / ECB,https://ec.europa.eu/eurostat/databrowser/view/irt_lt_mcby_m/default/table
1998-04-01,UK,United Kingdom,98,Eurostat / ECB,https://ec.europa.eu/eurostat/databrowser/view/irt_lt_mcby_m/default/table
1998-05-01,UK,United Kingdom,96,Eurostat / ECB,https://ec.europa.eu/eurostat/databrowser/view/irt_lt_mcby_m/default/table
1998-06-01,UK,United Kingdom,107,Eurostat / ECB,https://ec.europa.eu/eurostat/databrowser/view/irt_lt_mcby_m/default/table
1998-07-01,UK,United Kingdom,124,Eurostat / ECB,https://ec.europa.eu/eurostat/databrowser/view/irt_lt_mcby_m/default/table
1998-08-01,UK,United Kingdom,121,Eurostat / ECB,https://ec.europa.eu/eurostat/databrowser/view/irt_lt_mcby_m/default/table
1998-09-01,UK,United Kingdom,110,Eurostat / ECB,https://ec.europa.eu/eurostat/databrowser/view/irt_lt_mcby_m/default/table
1998-10-01,UK,United Kingdom,93,Eurostat / ECB,https://ec.europa.eu/eurostat/databrowser/view/irt_lt_mcby_m/default/table
1998-11-01,UK,United Kingdom,81,Eurostat / ECB,https://ec.europa.eu/eurostat/databrowser/view/irt_lt_mcby_m/default/table
1998-12-01,UK,United Kingdom,68,Eurostat / ECB,https://ec.europa.eu/eurostat/databrowser/view/irt_lt_mcby_m/default/table
1999-01-01,UK,United Kingdom,50,Eurostat / ECB,https://ec.europa.eu/eurostat/databrowser/view/irt_lt_mcby_m/default/table
1999-02-01,UK,United Kingdom,52,Eurostat / ECB,https://ec.europa.eu/eurostat/databrowser/view/irt_lt_mcby_m/default/table
1999-03-01,UK,United Kingdom,56,Eurostat / ECB,https://ec.europa.eu/eurostat/databrowser/view/irt_lt_mcby_m/default/table
1999-04-01,UK,United Kingdom,69,Eurostat / ECB,https://ec.europa.eu/eurostat/databrowser/view/irt_lt_mcby_m/default/table
1999-05-01,UK,United Kingdom,82,Eurostat / ECB,https://ec.europa.eu/eurostat/databrowser/view/irt_lt_mcby_m/default/table
1999-06-01,UK,United Kingdom,73,Eurostat / ECB,https://ec.europa.eu/eurostat/databrowser/view/irt_lt_mcby_m/default/table
1999-07-01,UK,United Kingdom,59,Eurostat / ECB,https://ec.europa.eu/eurostat/databrowser/view/irt_lt_mcby_m/default/table
1999-08-01,UK,United Kingdom,43,Eurostat / ECB,https://ec.europa.eu/eurostat/databrowser/view/irt_lt_mcby_m/default/table
1999-09-01,UK,United Kingdom,56,Eurostat / ECB,https://ec.europa.eu/eurostat/databrowser/view/irt_lt_mcby_m/default/table
1999-10-01,UK,United Kingdom,49,Eurostat / ECB,https://ec.europa.eu/eurostat/databrowser/view/irt_lt_mcby_m/default/table
1999-11-01,UK,United Kingdom,19,Eurostat / ECB,https://ec.europa.eu/eurostat/databrowser/view/irt_lt_mcby_m/default/table
1999-12-01,UK,United Kingdom,21,Eurostat / ECB,https://ec.europa.eu/eurostat/databrowser/view/irt_lt_mcby_m/default/table
2000-01-01,UK,United Kingdom,29,Eurostat / ECB,https://ec.europa.eu/eurostat/databrowser/view/irt_lt_mcby_m/default/table
2000-02-01,UK,United Kingdom,12,Eurostat / ECB,https://ec.europa.eu/eurostat/databrowser/view/irt_lt_mcby_m/default/table
2000-03-01,UK,United Kingdom,1,Eurostat / ECB,https://ec.europa.eu/eurostat/databrowser/view/irt_lt_mcby_m/default/table
2000-04-01,UK,United Kingdom,8,Eurostat / ECB,https://ec.europa.eu/eurostat/databrowser/view/irt_lt_mcby_m/default/table
2000-05-01,UK,United Kingdom,3,Eurostat / ECB,https://ec.europa.eu/eurostat/databrowser/view/irt_lt_mcby_m/default/table
2000-06-01,UK,United Kingdom,2,Eurostat / ECB,https://ec.europa.eu/eurostat/databrowser/view/irt_lt_mcby_m/default/table
2000-07-01,UK,United Kingdom,-3,Eurostat / ECB,https://ec.europa.eu/eurostat/databrowser/view/irt_lt_mcby_m/default/table
2000-08-01,UK,United Kingdom,11,Eurostat / ECB,https://ec.europa.eu/eurostat/databrowser/view/irt_lt_mcby_m/default/table
2000-09-01,UK,United Kingdom,12,Eurostat / ECB,https://ec.europa.eu/eurostat/databrowser/view/irt_lt_mcby_m/default/table
2000-10-01,UK,United Kingdom,-1,Eurostat / ECB,https://ec.europa.eu/eurostat/databrowser/view/irt_lt_mcby_m/default/table
2000-11-01,UK,United Kingdom,-4,Eurostat / ECB,https://ec.europa.eu/eurostat/databrowser/view/irt_lt_mcby_m/default/table
2000-12-01,UK,United Kingdom,6,Eurostat / ECB,https://ec.europa.eu/eurostat/databrowser/view/irt_lt_mcby_m/default/table
2001-01-01,UK,United Kingdom,14,Eurostat / ECB,https://ec.europa.eu/eurostat/databrowser/view/irt_lt_mcby_m/default/table
2001-02-01,UK,United Kingdom,17,Eurostat / ECB,https://ec.europa.eu/eurostat/databrowser/view/irt_lt_mcby_m/default/table
2001-03-01,UK,United Kingdom,15,Eurostat / ECB,https://ec.europa.eu/eurostat/databrowser/view/irt_lt_mcby_m/default/table
2001-04-01,UK,United Kingdom,20,Eurostat / ECB,https://ec.europa.eu/eurostat/databrowser/view/irt_lt_mcby_m/default/table
2001-05-01,UK,United Kingdom,16,Eurostat / ECB,https://ec.europa.eu/eurostat/databrowser/view/irt_lt_mcby_m/default/table
2001-06-01,UK,United Kingdom,30,Eurostat / ECB,https://ec.europa.eu/eurostat/databrowser/view/irt_lt_mcby_m/default/table
2001-07-01,UK,United Kingdom,28,Eurostat / ECB,https://ec.europa.eu/eurostat/databrowser/view/irt_lt_mcby_m/default/table
2001-08-01,UK,United Kingdom,25,Eurostat / ECB,https://ec.europa.eu/eurostat/databrowser/view/irt_lt_mcby_m/default/table
2001-09-01,UK,United Kingdom,21,Eurostat / ECB,https://ec.europa.eu/eurostat/databrowser/view/irt_lt_mcby_m/default/table
2001-10-01,UK,United Kingdom,26,Eurostat / ECB,https://ec.europa.eu/eurostat/databrowser/view/irt_lt_mcby_m/default/table
2001-11-01,UK,United Kingdom,22,Eurostat / ECB,https://ec.europa.eu/eurostat/databrowser/view/irt_lt_mcby_m/default/table
2001-12-01,UK,United Kingdom,20,Eurostat / ECB,https://ec.europa.eu/eurostat/databrowser/view/irt_lt_mcby_m/default/table
2002-01-01,UK,United Kingdom,16,Eurostat / ECB,https://ec.europa.eu/eurostat/databrowser/view/irt_lt_mcby_m/default/table
2002-02-01,UK,United Kingdom,12,Eurostat / ECB,https://ec.europa.eu/eurostat/databrowser/view/irt_lt_mcby_m/default/table
2002-03-01,UK,United Kingdom,18,Eurostat / ECB,https://ec.europa.eu/eurostat/databrowser/view/irt_lt_mcby_m/default/table
2002-04-01,UK,United Kingdom,18,Eurostat / ECB,https://ec.europa.eu/eurostat/databrowser/view/irt_lt_mcby_m/default/table
2002-05-01,UK,United Kingdom,18,Eurostat / ECB,https://ec.europa.eu/eurostat/databrowser/view/irt_lt_mcby_m/default/table
2002-06-01,UK,United Kingdom,17,Eurostat / ECB,https://ec.europa.eu/eurostat/databrowser/view/irt_lt_mcby_m/default/table
2002-07-01,UK,United Kingdom,15,Eurostat / ECB,https://ec.europa.eu/eurostat/databrowser/view/irt_lt_mcby_m/default/table
2002-08-01,UK,United Kingdom,8,Eurostat / ECB,https://ec.europa.eu/eurostat/databrowser/view/irt_lt_mcby_m/default/table
2002-09-01,UK,United Kingdom,7,Eurostat / ECB,https://ec.europa.eu/eurostat/databrowser/view/irt_lt_mcby_m/default/table
2002-10-01,UK,United Kingdom,7,Eurostat / ECB,https://ec.europa.eu/eurostat/databrowser/view/irt_lt_mcby_m/default/table
2002-11-01,UK,United Kingdom,7,Eurostat / ECB,https://ec.europa.eu/eurostat/databrowser/view/irt_lt_mcby_m/default/table
2002-12-01,UK,United Kingdom,16,Eurostat / ECB,https://ec.europa.eu/eurostat/databrowser/view/irt_lt_mcby_m/default/table
2003-01-01,UK,United Kingdom,13,Eurostat / ECB,https://ec.europa.eu/eurostat/databrowser/view/irt_lt_mcby_m/default/table
2003-02-01,UK,United Kingdom,34,Eurostat / ECB,https://ec.europa.eu/eurostat/databrowser/view/irt_lt_mcby_m/default/table
2003-03-01,UK,United Kingdom,41,Eurostat / ECB,https://ec.europa.eu/eurostat/databrowser/view/irt_lt_mcby_m/default/table
2003-04-01,UK,United Kingdom,41,Eurostat / ECB,https://ec.europa.eu/eurostat/databrowser/view/irt_lt_mcby_m/default/table
2003-05-01,UK,United Kingdom,49,Eurostat / ECB,https://ec.europa.eu/eurostat/databrowser/view/irt_lt_mcby_m/default/table
2003-06-01,UK,United Kingdom,57,Eurostat / ECB,https://ec.europa.eu/eurostat/databrowser/view/irt_lt_mcby_m/default/table
2003-07-01,UK,United Kingdom,50,Eurostat / ECB,https://ec.europa.eu/eurostat/databrowser/view/irt_lt_mcby_m/default/table
2003-08-01,UK,United Kingdom,51,Eurostat / ECB,https://ec.europa.eu/eurostat/databrowser/view/irt_lt_mcby_m/default/table
2003-09-01,UK,United Kingdom,59,Eurostat / ECB,https://ec.europa.eu/eurostat/databrowser/view/irt_lt_mcby_m/default/table
2003-10-01,UK,United Kingdom,74,Eurostat / ECB,https://ec.europa.eu/eurostat/databrowser/view/irt_lt_mcby_m/default/table
2003-11-01,UK,United Kingdom,75,Eurostat / ECB,https://ec.europa.eu/eurostat/databrowser/view/irt_lt_mcby_m/default/table
2003-12-01,UK,United Kingdom,65,Eurostat / ECB,https://ec.europa.eu/eurostat/databrowser/view/irt_lt_mcby_m/default/table
2004-01-01,UK,United Kingdom,67,Eurostat / ECB,https://ec.europa.eu/eurostat/databrowser/view/irt_lt_mcby_m/default/table
2004-02-01,UK,United Kingdom,77,Eurostat / ECB,https://ec.europa.eu/eurostat/databrowser/view/irt_lt_mcby_m/default/table
2004-03-01,UK,United Kingdom,85,Eurostat / ECB,https://ec.europa.eu/eurostat/databrowser/view/irt_lt_mcby_m/default/table
2004-04-01,UK,United Kingdom,89,Eurostat / ECB,https://ec.europa.eu/eurostat/databrowser/view/irt_lt_mcby_m/default/table
2004-05-01,UK,United Kingdom,90,Eurostat / ECB,https://ec.europa.eu/eurostat/databrowser/view/irt_lt_mcby_m/default/table
2004-06-01,UK,United Kingdom,93,Eurostat / ECB,https://ec.europa.eu/eurostat/databrowser/view/irt_lt_mcby_m/default/table
2004-07-01,UK,United Kingdom,90,Eurostat / ECB,https://ec.europa.eu/eurostat/databrowser/view/irt_lt_mcby_m/default/table
2004-08-01,UK,United Kingdom,95,Eurostat / ECB,https://ec.europa.eu/eurostat/databrowser/view/irt_lt_mcby_m/default/table
2004-09-01,UK,United Kingdom,93,Eurostat / ECB,https://ec.europa.eu/eurostat/databrowser/view/irt_lt_mcby_m/default/table
2004-10-01,UK,United Kingdom,92,Eurostat / ECB,https://ec.europa.eu/eurostat/databrowser/view/irt_lt_mcby_m/default/table
2004-11-01,UK,United Kingdom,96,Eurostat / ECB,https://ec.europa.eu/eurostat/databrowser/view/irt_lt_mcby_m/default/table
2004-12-01,UK,United Kingdom,100,Eurostat / ECB,https://ec.europa.eu/eurostat/databrowser/view/irt_lt_mcby_m/default/table
2005-01-01,UK,United Kingdom,104,Eurostat / ECB,https://ec.europa.eu/eurostat/databrowser/view/irt_lt_mcby_m/default/table
2005-02-01,UK,United Kingdom,112,Eurostat / ECB,https://ec.europa.eu/eurostat/databrowser/view/irt_lt_mcby_m/default/table
2005-03-01,UK,United Kingdom,117,Eurostat / ECB,https://ec.europa.eu/eurostat/databrowser/view/irt_lt_mcby_m/default/table
2005-04-01,UK,United Kingdom,119,Eurostat / ECB,https://ec.europa.eu/eurostat/databrowser/view/irt_lt_mcby_m/default/table
2005-05-01,UK,United Kingdom,115,Eurostat / ECB,https://ec.europa.eu/eurostat/databrowser/view/irt_lt_mcby_m/default/table
2005-06-01,UK,United Kingdom,118,Eurostat / ECB,https://ec.europa.eu/eurostat/databrowser/view/irt_lt_mcby_m/default/table
2005-07-01,UK,United Kingdom,111,Eurostat / ECB,https://ec.europa.eu/eurostat/databrowser/view/irt_lt_mcby_m/default/table
2005-08-01,UK,United Kingdom,111,Eurostat / ECB,https://ec.europa.eu/eurostat/databrowser/view/irt_lt_mcby_m/default/table
2005-09-01,UK,United Kingdom,118,Eurostat / ECB,https://ec.europa.eu/eurostat/databrowser/view/irt_lt_mcby_m/default/table
2005-10-01,UK,United Kingdom,116,Eurostat / ECB,https://ec.europa.eu/eurostat/databrowser/view/irt_lt_mcby_m/default/table
2005-11-01,UK,United Kingdom,92,Eurostat / ECB,https://ec.europa.eu/eurostat/databrowser/view/irt_lt_mcby_m/default/table
2005-12-01,UK,United Kingdom,93,Eurostat / ECB,https://ec.europa.eu/eurostat/databrowser/view/irt_lt_mcby_m/default/table
2006-01-01,UK,United Kingdom,65,Eurostat / ECB,https://ec.europa.eu/eurostat/databrowser/view/irt_lt_mcby_m/default/table
2006-02-01,UK,United Kingdom,58,Eurostat / ECB,https://ec.europa.eu/eurostat/databrowser/view/irt_lt_mcby_m/default/table
2006-03-01,UK,United Kingdom,55,Eurostat / ECB,https://ec.europa.eu/eurostat/databrowser/view/irt_lt_mcby_m/default/table
2006-04-01,UK,United Kingdom,48,Eurostat / ECB,https://ec.europa.eu/eurostat/databrowser/view/irt_lt_mcby_m/default/table
2006-05-01,UK,United Kingdom,53,Eurostat / ECB,https://ec.europa.eu/eurostat/databrowser/view/irt_lt_mcby_m/default/table
2006-06-01,UK,United Kingdom,54,Eurostat / ECB,https://ec.europa.eu/eurostat/databrowser/view/irt_lt_mcby_m/default/table
2006-07-01,UK,United Kingdom,48,Eurostat / ECB,https://ec.europa.eu/eurostat/databrowser/view/irt_lt_mcby_m/default/table
2006-08-01,UK,United Kingdom,61,Eurostat / ECB,https://ec.europa.eu/eurostat/databrowser/view/irt_lt_mcby_m/default/table
2006-09-01,UK,United Kingdom,69,Eurostat / ECB,https://ec.europa.eu/eurostat/databrowser/view/irt_lt_mcby_m/default/table
2006-10-01,UK,United Kingdom,72,Eurostat / ECB,https://ec.europa.eu/eurostat/databrowser/view/irt_lt_mcby_m/default/table
2006-11-01,UK,United Kingdom,74,Eurostat / ECB,https://ec.europa.eu/eurostat/databrowser/view/irt_lt_mcby_m/default/table
2006-12-01,UK,United Kingdom,77,Eurostat / ECB,https://ec.europa.eu/eurostat/databrowser/view/irt_lt_mcby_m/default/table
2007-01-01,UK,United Kingdom,92,Eurostat / ECB,https://ec.europa.eu/eurostat/databrowser/view/irt_lt_mcby_m/default/table
2007-02-01,UK,United Kingdom,92,Eurostat / ECB,https://ec.europa.eu/eurostat/databrowser/view/irt_lt_mcby_m/default/table
2007-03-01,UK,United Kingdom,94,Eurostat / ECB,https://ec.europa.eu/eurostat/databrowser/view/irt_lt_mcby_m/default/table
2007-04-01,UK,United Kingdom,96,Eurostat / ECB,https://ec.europa.eu/eurostat/databrowser/view/irt_lt_mcby_m/default/table
2007-05-01,UK,United Kingdom,92,Eurostat / ECB,https://ec.europa.eu/eurostat/databrowser/view/irt_lt_mcby_m/default/table
2007-06-01,UK,United Kingdom,93,Eurostat / ECB,https://ec.europa.eu/eurostat/databrowser/view/irt_lt_mcby_m/default/table
2007-07-01,UK,United Kingdom,96,Eurostat / ECB,https://ec.europa.eu/eurostat/databrowser/view/irt_lt_mcby_m/default/table
2007-08-01,UK,United Kingdom,89,Eurostat / ECB,https://ec.europa.eu/eurostat/databrowser/view/irt_lt_mcby_m/default/table
2007-09-01,UK,United Kingdom,83,Eurostat / ECB,https://ec.europa.eu/eurostat/databrowser/view/irt_lt_mcby_m/default/table
2007-10-01,UK,United Kingdom,72,Eurostat / ECB,https://ec.europa.eu/eurostat/databrowser/view/irt_lt_mcby_m/default/table
2007-11-01,UK,United Kingdom,65,Eurostat / ECB,https://ec.europa.eu/eurostat/databrowser/view/irt_lt_mcby_m/default/table
2007-12-01,UK,United Kingdom,49,Eurostat / ECB,https://ec.europa.eu/eurostat/databrowser/view/irt_lt_mcby_m/default/table
2008-01-01,UK,United Kingdom,23,Eurostat / ECB,https://ec.europa.eu/eurostat/databrowser/view/irt_lt_mcby_m/default/table
2008-02-01,UK,United Kingdom,50,Eurostat / ECB,https://ec.europa.eu/eurostat/databrowser/view/irt_lt_mcby_m/default/table
2008-03-01,UK,United Kingdom,62,Eurostat / ECB,https://ec.europa.eu/eurostat/databrowser/view/irt_lt_mcby_m/default/table
2008-04-01,UK,United Kingdom,58,Eurostat / ECB,https://ec.europa.eu/eurostat/databrowser/view/irt_lt_mcby_m/default/table
2008-05-01,UK,United Kingdom,64,Eurostat / ECB,https://ec.europa.eu/eurostat/databrowser/view/irt_lt_mcby_m/default/table
2008-06-01,UK,United Kingdom,64,Eurostat / ECB,https://ec.europa.eu/eurostat/databrowser/view/irt_lt_mcby_m/default/table
2008-07-01,UK,United Kingdom,51,Eurostat / ECB,https://ec.europa.eu/eurostat/databrowser/view/irt_lt_mcby_m/default/table
2008-08-01,UK,United Kingdom,48,Eurostat / ECB,https://ec.europa.eu/eurostat/databrowser/view/irt_lt_mcby_m/default/table
2008-09-01,UK,United Kingdom,48,Eurostat / ECB,https://ec.europa.eu/eurostat/databrowser/view/irt_lt_mcby_m/default/table
2008-10-01,UK,United Kingdom,64,Eurostat / ECB,https://ec.europa.eu/eurostat/databrowser/view/irt_lt_mcby_m/default/table
2008-11-01,UK,United Kingdom,57,Eurostat / ECB,https://ec.europa.eu/eurostat/databrowser/view/irt_lt_mcby_m/default/table
2008-12-01,UK,United Kingdom,31,Eurostat / ECB,https://ec.europa.eu/eurostat/databrowser/view/irt_lt_mcby_m/default/table
2009-01-01,UK,United Kingdom,10,Eurostat / ECB,https://ec.europa.eu/eurostat/databrowser/view/irt_lt_mcby_m/default/table
2009-02-01,UK,United Kingdom,10,Eurostat / ECB,https://ec.europa.eu/eurostat/databrowser/view/irt_lt_mcby_m/default/table
2009-03-01,UK,United Kingdom,-2,Eurostat / ECB,https://ec.europa.eu/eurostat/databrowser/view/irt_lt_mcby_m/default/table
2009-04-01,UK,United Kingdom,3,Eurostat / ECB,https://ec.europa.eu/eurostat/databrowser/view/irt_lt_mcby_m/default/table
2009-05-01,UK,United Kingdom,4,Eurostat / ECB,https://ec.europa.eu/eurostat/databrowser/view/irt_lt_mcby_m/default/table
2009-06-01,UK,United Kingdom,5,Eurostat / ECB,https://ec.europa.eu/eurostat/databrowser/view/irt_lt_mcby_m/default/table
2009-07-01,UK,United Kingdom,21,Eurostat / ECB,https://ec.europa.eu/eurostat/databrowser/view/irt_lt_mcby_m/default/table
2009-08-01,UK,United Kingdom,14,Eurostat / ECB,https://ec.europa.eu/eurostat/databrowser/view/irt_lt_mcby_m/default/table
2009-09-01,UK,United Kingdom,16,Eurostat / ECB,https://ec.europa.eu/eurostat/databrowser/view/irt_lt_mcby_m/default/table
2009-10-01,UK,United Kingdom,13,Eurostat / ECB,https://ec.europa.eu/eurostat/databrowser/view/irt_lt_mcby_m/default/table
2009-11-01,UK,United Kingdom,24,Eurostat / ECB,https://ec.europa.eu/eurostat/databrowser/view/irt_lt_mcby_m/default/table
2009-12-01,UK,United Kingdom,46,Eurostat / ECB,https://ec.europa.eu/eurostat/databrowser/view/irt_lt_mcby_m/default/table
2010-01-01,UK,United Kingdom,75,Eurostat / ECB,https://ec.europa.eu/eurostat/databrowser/view/irt_lt_mcby_m/default/table
2010-02-01,UK,United Kingdom,85,Eurostat / ECB,https://ec.europa.eu/eurostat/databrowser/view/irt_lt_mcby_m/default/table
2010-03-01,UK,United Kingdom,88,Eurostat / ECB,https://ec.europa.eu/eurostat/databrowser/view/irt_lt_mcby_m/default/table
2010-04-01,UK,United Kingdom,90,Eurostat / ECB,https://ec.europa.eu/eurostat/databrowser/view/irt_lt_mcby_m/default/table
2010-05-01,UK,United Kingdom,87,Eurostat / ECB,https://ec.europa.eu/eurostat/databrowser/view/irt_lt_mcby_m/default/table
2010-06-01,UK,United Kingdom,60,Eurostat / ECB,https://ec.europa.eu/eurostat/databrowser/view/irt_lt_mcby_m/default/table
2010-07-01,UK,United Kingdom,35,Eurostat / ECB,https://ec.europa.eu/eurostat/databrowser/view/irt_lt_mcby_m/default/table
2010-08-01,UK,United Kingdom,33,Eurostat / ECB,https://ec.europa.eu/eurostat/databrowser/view/irt_lt_mcby_m/default/table
2010-09-01,UK,United Kingdom,54,Eurostat / ECB,https://ec.europa.eu/eurostat/databrowser/view/irt_lt_mcby_m/default/table
2010-10-01,UK,United Kingdom,45,Eurostat / ECB,https://ec.europa.eu/eurostat/databrowser/view/irt_lt_mcby_m/default/table
2010-11-01,UK,United Kingdom,50,Eurostat / ECB,https://ec.europa.eu/eurostat/databrowser/view/irt_lt_mcby_m/default/table
2010-12-01,UK,United Kingdom,43,Eurostat / ECB,https://ec.europa.eu/eurostat/databrowser/view/irt_lt_mcby_m/default/table
2011-01-01,UK,United Kingdom,59,Eurostat / ECB,https://ec.europa.eu/eurostat/databrowser/view/irt_lt_mcby_m/default/table
2011-02-01,UK,United Kingdom,57,Eurostat / ECB,https://ec.europa.eu/eurostat/databrowser/view/irt_lt_mcby_m/default/table
2011-03-01,UK,United Kingdom,33,Eurostat / ECB,https://ec.europa.eu/eurostat/databrowser/view/irt_lt_mcby_m/default/table
2011-04-01,UK,United Kingdom,22,Eurostat / ECB,https://ec.europa.eu/eurostat/databrowser/view/irt_lt_mcby_m/default/table
2011-05-01,UK,United Kingdom,20,Eurostat / ECB,https://ec.europa.eu/eurostat/databrowser/view/irt_lt_mcby_m/default/table
2011-06-01,UK,United Kingdom,23,Eurostat / ECB,https://ec.europa.eu/eurostat/databrowser/view/irt_lt_mcby_m/default/table
2011-07-01,UK,United Kingdom,24,Eurostat / ECB,https://ec.europa.eu/eurostat/databrowser/view/irt_lt_mcby_m/default/table
2011-08-01,UK,United Kingdom,19,Eurostat / ECB,https://ec.europa.eu/eurostat/databrowser/view/irt_lt_mcby_m/default/table
2011-09-01,UK,United Kingdom,35,Eurostat / ECB,https://ec.europa.eu/eurostat/databrowser/view/irt_lt_mcby_m/default/table
2011-10-01,UK,United Kingdom,24,Eurostat / ECB,https://ec.europa.eu/eurostat/databrowser/view/irt_lt_mcby_m/default/table
2011-11-01,UK,United Kingdom,9,Eurostat / ECB,https://ec.europa.eu/eurostat/databrowser/view/irt_lt_mcby_m/default/table
2011-12-01,UK,United Kingdom,-12,Eurostat / ECB,https://ec.europa.eu/eurostat/databrowser/view/irt_lt_mcby_m/default/table
2012-01-01,UK,United Kingdom,22,Eurostat / ECB,https://ec.europa.eu/eurostat/databrowser/view/irt_lt_mcby_m/default/table
2012-02-01,UK,United Kingdom,28,Eurostat / ECB,https://ec.europa.eu/eurostat/databrowser/view/irt_lt_mcby_m/default/table
2012-03-01,UK,United Kingdom,34,Eurostat / ECB,https://ec.europa.eu/eurostat/databrowser/view/irt_lt_mcby_m/default/table
2012-04-01,UK,United Kingdom,41,Eurostat / ECB,https://ec.europa.eu/eurostat/databrowser/view/irt_lt_mcby_m/default/table
2012-05-01,UK,United Kingdom,44,Eurostat / ECB,https://ec.europa.eu/eurostat/databrowser/view/irt_lt_mcby_m/default/table
2012-06-01,UK,United Kingdom,30,Eurostat / ECB,https://ec.europa.eu/eurostat/databrowser/view/irt_lt_mcby_m/default/table
2012-07-01,UK,United Kingdom,23,Eurostat / ECB,https://ec.europa.eu/eurostat/databrowser/view/irt_lt_mcby_m/default/table
2012-08-01,UK,United Kingdom,15,Eurostat / ECB,https://ec.europa.eu/eurostat/databrowser/view/irt_lt_mcby_m/default/table
2012-09-01,UK,United Kingdom,4,Eurostat / ECB,https://ec.europa.eu/eurostat/databrowser/view/irt_lt_mcby_m/default/table
2012-10-01,UK,United Kingdom,7,Eurostat / ECB,https://ec.europa.eu/eurostat/databrowser/view/irt_lt_mcby_m/default/table
2012-11-01,UK,United Kingdom,21,Eurostat / ECB,https://ec.europa.eu/eurostat/databrowser/view/irt_lt_mcby_m/default/table
2012-12-01,UK,United Kingdom,30,Eurostat / ECB,https://ec.europa.eu/eurostat/databrowser/view/irt_lt_mcby_m/default/table
2013-01-01,UK,United Kingdom,31,Eurostat / ECB,https://ec.europa.eu/eurostat/databrowser/view/irt_lt_mcby_m/default/table
2013-02-01,UK,United Kingdom,38,Eurostat / ECB,https://ec.europa.eu/eurostat/databrowser/view/irt_lt_mcby_m/default/table
2013-03-01,UK,United Kingdom,30,Eurostat / ECB,https://ec.europa.eu/eurostat/databrowser/view/irt_lt_mcby_m/default/table
2013-04-01,UK,United Kingdom,26,Eurostat / ECB,https://ec.europa.eu/eurostat/databrowser/view/irt_lt_mcby_m/default/table
2013-05-01,UK,United Kingdom,33,Eurostat / ECB,https://ec.europa.eu/eurostat/databrowser/view/irt_lt_mcby_m/default/table
2013-06-01,UK,United Kingdom,43,Eurostat / ECB,https://ec.europa.eu/eurostat/databrowser/view/irt_lt_mcby_m/default/table
2013-07-01,UK,United Kingdom,53,Eurostat / ECB,https://ec.europa.eu/eurostat/databrowser/view/irt_lt_mcby_m/default/table
2013-08-01,UK,United Kingdom,56,Eurostat / ECB,https://ec.europa.eu/eurostat/databrowser/view/irt_lt_mcby_m/default/table
2013-09-01,UK,United Kingdom,55,Eurostat / ECB,https://ec.europa.eu/eurostat/databrowser/view/irt_lt_mcby_m/default/table
2013-10-01,UK,United Kingdom,50,Eurostat / ECB,https://ec.europa.eu/eurostat/databrowser/view/irt_lt_mcby_m/default/table
2013-11-01,UK,United Kingdom,63,Eurostat / ECB,https://ec.europa.eu/eurostat/databrowser/view/irt_lt_mcby_m/default/table
2013-12-01,UK,United Kingdom,70,Eurostat / ECB,https://ec.europa.eu/eurostat/databrowser/view/irt_lt_mcby_m/default/table
2014-01-01,UK,United Kingdom,72,Eurostat / ECB,https://ec.europa.eu/eurostat/databrowser/view/irt_lt_mcby_m/default/table
2014-02-01,UK,United Kingdom,81,Eurostat / ECB,https://ec.europa.eu/eurostat/databrowser/view/irt_lt_mcby_m/default/table
2014-03-01,UK,United Kingdom,83,Eurostat / ECB,https://ec.europa.eu/eurostat/databrowser/view/irt_lt_mcby_m/default/table
2014-04-01,UK,United Kingdom,84,Eurostat / ECB,https://ec.europa.eu/eurostat/databrowser/view/irt_lt_mcby_m/default/table
2014-05-01,UK,United Kingdom,94,Eurostat / ECB,https://ec.europa.eu/eurostat/databrowser/view/irt_lt_mcby_m/default/table
2014-06-01,UK,United Kingdom,109,Eurostat / ECB,https://ec.europa.eu/eurostat/databrowser/view/irt_lt_mcby_m/default/table
2014-07-01,UK,United Kingdom,120,Eurostat / ECB,https://ec.europa.eu/eurostat/databrowser/view/irt_lt_mcby_m/default/table
2014-08-01,UK,United Kingdom,117,Eurostat / ECB,https://ec.europa.eu/eurostat/databrowser/view/irt_lt_mcby_m/default/table
2014-09-01,UK,United Kingdom,116,Eurostat / ECB,https://ec.europa.eu/eurostat/databrowser/view/irt_lt_mcby_m/default/table
2014-10-01,UK,United Kingdom,103,Eurostat / ECB,https://ec.europa.eu/eurostat/databrowser/view/irt_lt_mcby_m/default/table
2014-11-01,UK,United Kingdom,100,Eurostat / ECB,https://ec.europa.eu/eurostat/databrowser/view/irt_lt_mcby_m/default/table
2014-12-01,UK,United Kingdom,93,Eurostat / ECB,https://ec.europa.eu/eurostat/databrowser/view/irt_lt_mcby_m/default/table
2015-01-01,UK,United Kingdom,82,Eurostat / ECB,https://ec.europa.eu/eurostat/databrowser/view/irt_lt_mcby_m/default/table
2015-02-01,UK,United Kingdom,129,Eurostat / ECB,https://ec.europa.eu/eurostat/databrowser/view/irt_lt_mcby_m/default/table
2015-03-01,UK,United Kingdom,148,Eurostat / ECB,https://ec.europa.eu/eurostat/databrowser/view/irt_lt_mcby_m/default/table
2015-04-01,UK,United Kingdom,153,Eurostat / ECB,https://ec.europa.eu/eurostat/databrowser/view/irt_lt_mcby_m/default/table
2015-05-01,UK,United Kingdom,138,Eurostat / ECB,https://ec.europa.eu/eurostat/databrowser/view/irt_lt_mcby_m/default/table
2015-06-01,UK,United Kingdom,127,Eurostat / ECB,https://ec.europa.eu/eurostat/databrowser/view/irt_lt_mcby_m/default/table
2015-07-01,UK,United Kingdom,132,Eurostat / ECB,https://ec.europa.eu/eurostat/databrowser/view/irt_lt_mcby_m/default/table
2015-08-01,UK,United Kingdom,125,Eurostat / ECB,https://ec.europa.eu/eurostat/databrowser/view/irt_lt_mcby_m/default/table
2015-09-01,UK,United Kingdom,120,Eurostat / ECB,https://ec.europa.eu/eurostat/databrowser/view/irt_lt_mcby_m/default/table
2015-10-01,UK,United Kingdom,129,Eurostat / ECB,https://ec.europa.eu/eurostat/databrowser/view/irt_lt_mcby_m/default/table
2015-11-01,UK,United Kingdom,142,Eurostat / ECB,https://ec.europa.eu/eurostat/databrowser/view/irt_lt_mcby_m/default/table
2015-12-01,UK,United Kingdom,132,Eurostat / ECB,https://ec.europa.eu/eurostat/databrowser/view/irt_lt_mcby_m/default/table
2016-01-01,UK,United Kingdom,130,Eurostat / ECB,https://ec.europa.eu/eurostat/databrowser/view/irt_lt_mcby_m/default/table
2016-02-01,UK,United Kingdom,127,Eurostat / ECB,https://ec.europa.eu/eurostat/databrowser/view/irt_lt_mcby_m/default/table
2016-03-01,UK,United Kingdom,129,Eurostat / ECB,https://ec.europa.eu/eurostat/databrowser/view/irt_lt_mcby_m/default/table
2016-04-01,UK,United Kingdom,135,Eurostat / ECB,https://ec.europa.eu/eurostat/databrowser/view/irt_lt_mcby_m/default/table
2016-05-01,UK,United Kingdom,130,Eurostat / ECB,https://ec.europa.eu/eurostat/databrowser/view/irt_lt_mcby_m/default/table
2016-06-01,UK,United Kingdom,120,Eurostat / ECB,https://ec.europa.eu/eurostat/databrowser/view/irt_lt_mcby_m/default/table
2016-07-01,UK,United Kingdom,94,Eurostat / ECB,https://ec.europa.eu/eurostat/databrowser/view/irt_lt_mcby_m/default/table
2016-08-01,UK,United Kingdom,73,Eurostat / ECB,https://ec.europa.eu/eurostat/databrowser/view/irt_lt_mcby_m/default/table
2016-09-01,UK,United Kingdom,86,Eurostat / ECB,https://ec.europa.eu/eurostat/databrowser/view/irt_lt_mcby_m/default/table
2016-10-01,UK,United Kingdom,104,Eurostat / ECB,https://ec.europa.eu/eurostat/databrowser/view/irt_lt_mcby_m/default/table
2016-11-01,UK,United Kingdom,115,Eurostat / ECB,https://ec.europa.eu/eurostat/databrowser/view/irt_lt_mcby_m/default/table
2016-12-01,UK,United Kingdom,114,Eurostat / ECB,https://ec.europa.eu/eurostat/databrowser/view/irt_lt_mcby_m/default/table
2017-01-01,UK,United Kingdom,113,Eurostat / ECB,https://ec.europa.eu/eurostat/databrowser/view/irt_lt_mcby_m/default/table
2017-02-01,UK,United Kingdom,98,Eurostat / ECB,https://ec.europa.eu/eurostat/databrowser/view/irt_lt_mcby_m/default/table
2017-03-01,UK,United Kingdom,78,Eurostat / ECB,https://ec.europa.eu/eurostat/databrowser/view/irt_lt_mcby_m/default/table
2017-04-01,UK,United Kingdom,78,Eurostat / ECB,https://ec.europa.eu/eurostat/databrowser/view/irt_lt_mcby_m/default/table
2017-05-01,UK,United Kingdom,69,Eurostat / ECB,https://ec.europa.eu/eurostat/databrowser/view/irt_lt_mcby_m/default/table
2017-06-01,UK,United Kingdom,73,Eurostat / ECB,https://ec.europa.eu/eurostat/databrowser/view/irt_lt_mcby_m/default/table
2017-07-01,UK,United Kingdom,79,Eurostat / ECB,https://ec.europa.eu/eurostat/databrowser/view/irt_lt_mcby_m/default/table
2017-08-01,UK,United Kingdom,75,Eurostat / ECB,https://ec.europa.eu/eurostat/databrowser/view/irt_lt_mcby_m/default/table
2017-09-01,UK,United Kingdom,86,Eurostat / ECB,https://ec.europa.eu/eurostat/databrowser/view/irt_lt_mcby_m/default/table
2017-10-01,UK,United Kingdom,98,Eurostat / ECB,https://ec.europa.eu/eurostat/databrowser/view/irt_lt_mcby_m/default/table
2017-11-01,UK,United Kingdom,97,Eurostat / ECB,https://ec.europa.eu/eurostat/databrowser/view/irt_lt_mcby_m/default/table
2017-12-01,UK,United Kingdom,92,Eurostat / ECB,https://ec.europa.eu/eurostat/databrowser/view/irt_lt_mcby_m/default/table
2018-01-01,UK,United Kingdom,86,Eurostat / ECB,https://ec.europa.eu/eurostat/databrowser/view/irt_lt_mcby_m/default/table
2018-02-01,UK,United Kingdom,91,Eurostat / ECB,https://ec.europa.eu/eurostat/databrowser/view/irt_lt_mcby_m/default/table
2018-03-01,UK,United Kingdom,92,Eurostat / ECB,https://ec.europa.eu/eurostat/databrowser/view/irt_lt_mcby_m/default/table
2018-04-01,UK,United Kingdom,96,Eurostat / ECB,https://ec.europa.eu/eurostat/databrowser/view/irt_lt_mcby_m/default/table
2018-05-01,UK,United Kingdom,97,Eurostat / ECB,https://ec.europa.eu/eurostat/databrowser/view/irt_lt_mcby_m/default/table
2018-06-01,UK,United Kingdom,99,Eurostat / ECB,https://ec.europa.eu/eurostat/databrowser/view/irt_lt_mcby_m/default/table
2018-07-01,UK,United Kingdom,99,Eurostat / ECB,https://ec.europa.eu/eurostat/databrowser/view/irt_lt_mcby_m/default/table
2018-08-01,UK,United Kingdom,102,Eurostat / ECB,https://ec.europa.eu/eurostat/databrowser/view/irt_lt_mcby_m/default/table
2018-09-01,UK,United Kingdom,115,Eurostat / ECB,https://ec.europa.eu/eurostat/databrowser/view/irt_lt_mcby_m/default/table
2018-10-01,UK,United Kingdom,116,Eurostat / ECB,https://ec.europa.eu/eurostat/databrowser/view/irt_lt_mcby_m/default/table
2018-11-01,UK,United Kingdom,113,Eurostat / ECB,https://ec.europa.eu/eurostat/databrowser/view/irt_lt_mcby_m/default/table
2018-12-01,UK,United Kingdom,108,Eurostat / ECB,https://ec.europa.eu/eurostat/databrowser/view/irt_lt_mcby_m/default/table
2019-01-01,UK,United Kingdom,115,Eurostat / ECB,https://ec.europa.eu/eurostat/databrowser/view/irt_lt_mcby_m/default/table
2019-02-01,UK,United Kingdom,114,Eurostat / ECB,https://ec.europa.eu/eurostat/databrowser/view/irt_lt_mcby_m/default/table
2019-03-01,UK,United Kingdom,113,Eurostat / ECB,https://ec.europa.eu/eurostat/databrowser/view/irt_lt_mcby_m/default/table
2019-04-01,UK,United Kingdom,119,Eurostat / ECB,https://ec.europa.eu/eurostat/databrowser/view/irt_lt_mcby_m/default/table
2019-05-01,UK,United Kingdom,119,Eurostat / ECB,https://ec.europa.eu/eurostat/databrowser/view/irt_lt_mcby_m/default/table
2019-06-01,UK,United Kingdom,115,Eurostat / ECB,https://ec.europa.eu/eurostat/databrowser/view/irt_lt_mcby_m/default/table
2019-07-01,UK,United Kingdom,112,Eurostat / ECB,https://ec.europa.eu/eurostat/databrowser/view/irt_lt_mcby_m/default/table
2019-08-01,UK,United Kingdom,114,Eurostat / ECB,https://ec.europa.eu/eurostat/databrowser/view/irt_lt_mcby_m/default/table
2019-09-01,UK,United Kingdom,117,Eurostat / ECB,https://ec.europa.eu/eurostat/databrowser/view/irt_lt_mcby_m/default/table
2019-10-01,UK,United Kingdom,108,Eurostat / ECB,https://ec.europa.eu/eurostat/databrowser/view/irt_lt_mcby_m/default/table
2019-11-01,UK,United Kingdom,108,Eurostat / ECB,https://ec.europa.eu/eurostat/databrowser/view/irt_lt_mcby_m/default/table
2019-12-01,UK,United Kingdom,108,Eurostat / ECB,https://ec.europa.eu/eurostat/databrowser/view/irt_lt_mcby_m/default/table
2020-01-01,UK,United Kingdom,98,Eurostat / ECB,https://ec.europa.eu/eurostat/databrowser/view/irt_lt_mcby_m/default/table
2020-02-01,UK,United Kingdom,104,Eurostat / ECB,https://ec.europa.eu/eurostat/databrowser/view/irt_lt_mcby_m/default/table
2020-03-01,UK,United Kingdom,95,Eurostat / ECB,https://ec.europa.eu/eurostat/databrowser/view/irt_lt_mcby_m/default/table
2020-04-01,UK,United Kingdom,76,Eurostat / ECB,https://ec.europa.eu/eurostat/databrowser/view/irt_lt_mcby_m/default/table
2020-05-01,UK,United Kingdom,74,Eurostat / ECB,https://ec.europa.eu/eurostat/databrowser/view/irt_lt_mcby_m/default/table
2020-06-01,UK,United Kingdom,66,Eurostat / ECB,https://ec.europa.eu/eurostat/databrowser/view/irt_lt_mcby_m/default/table
2020-07-01,UK,United Kingdom,67,Eurostat / ECB,https://ec.europa.eu/eurostat/databrowser/view/irt_lt_mcby_m/default/table
2020-08-01,UK,United Kingdom,73,Eurostat / ECB,https://ec.europa.eu/eurostat/databrowser/view/irt_lt_mcby_m/default/table
2020-09-01,UK,United Kingdom,73,Eurostat / ECB,https://ec.europa.eu/eurostat/databrowser/view/irt_lt_mcby_m/default/table
2020-10-01,UK,United Kingdom,85,Eurostat / ECB,https://ec.europa.eu/eurostat/databrowser/view/irt_lt_mcby_m/default/table
2020-11-01,UK,United Kingdom,92,Eurostat / ECB,https://ec.europa.eu/eurostat/databrowser/view/irt_lt_mcby_m/default/table
2020-12-01,UK,United Kingdom,88,Eurostat / ECB,https://ec.europa.eu/eurostat/databrowser/view/irt_lt_mcby_m/default/table
2021-01-01,UK,United Kingdom,86,Eurostat / ECB,https://ec.europa.eu/eurostat/databrowser/view/irt_lt_mcby_m/default/table
2021-02-01,UK,United Kingdom,101,Eurostat / ECB,https://ec.europa.eu/eurostat/databrowser/view/irt_lt_mcby_m/default/table
2021-03-01,UK,United Kingdom,114,Eurostat / ECB,https://ec.europa.eu/eurostat/databrowser/view/irt_lt_mcby_m/default/table
2021-04-01,UK,United Kingdom,111,Eurostat / ECB,https://ec.europa.eu/eurostat/databrowser/view/irt_lt_mcby_m/default/table
2021-05-01,UK,United Kingdom,104,Eurostat / ECB,https://ec.europa.eu/eurostat/databrowser/view/irt_lt_mcby_m/default/table
2021-06-01,UK,United Kingdom,105,Eurostat / ECB,https://ec.europa.eu/eurostat/databrowser/view/irt_lt_mcby_m/default/table
2021-07-01,UK,United Kingdom,107,Eurostat / ECB,https://ec.europa.eu/eurostat/databrowser/view/irt_lt_mcby_m/default/table
2021-08-01,UK,United Kingdom,111,Eurostat / ECB,https://ec.europa.eu/eurostat/databrowser/view/irt_lt_mcby_m/default/table
2021-09-01,UK,United Kingdom,117,Eurostat / ECB,https://ec.europa.eu/eurostat/databrowser/view/irt_lt_mcby_m/default/table
2021-10-01,UK,United Kingdom,131,Eurostat / ECB,https://ec.europa.eu/eurostat/databrowser/view/irt_lt_mcby_m/default/table
2021-11-01,UK,United Kingdom,124,Eurostat / ECB,https://ec.europa.eu/eurostat/databrowser/view/irt_lt_mcby_m/default/table
2021-12-01,UK,United Kingdom,121,Eurostat / ECB,https://ec.europa.eu/eurostat/databrowser/view/irt_lt_mcby_m/default/table
2022-01-01,UK,United Kingdom,129,Eurostat / ECB,https://ec.europa.eu/eurostat/databrowser/view/irt_lt_mcby_m/default/table
2022-02-01,UK,United Kingdom,130,Eurostat / ECB,https://ec.europa.eu/eurostat/databrowser/view/irt_lt_mcby_m/default/table
2022-03-01,UK,United Kingdom,123,Eurostat / ECB,https://ec.europa.eu/eurostat/databrowser/view/irt_lt_mcby_m/default/table
2022-04-01,UK,United Kingdom,107,Eurostat / ECB,https://ec.europa.eu/eurostat/databrowser/view/irt_lt_mcby_m/default/table
2022-05-01,UK,United Kingdom,95,Eurostat / ECB,https://ec.europa.eu/eurostat/databrowser/view/irt_lt_mcby_m/default/table
2022-06-01,UK,United Kingdom,93,Eurostat / ECB,https://ec.europa.eu/eurostat/databrowser/view/irt_lt_mcby_m/default/table
2022-07-01,UK,United Kingdom,98,Eurostat / ECB,https://ec.europa.eu/eurostat/databrowser/view/irt_lt_mcby_m/default/table
2022-08-01,UK,United Kingdom,122,Eurostat / ECB,https://ec.europa.eu/eurostat/databrowser/view/irt_lt_mcby_m/default/table
2022-09-01,UK,United Kingdom,160,Eurostat / ECB,https://ec.europa.eu/eurostat/databrowser/view/irt_lt_mcby_m/default/table
2022-10-01,UK,United Kingdom,178,Eurostat / ECB,https://ec.europa.eu/eurostat/databrowser/view/irt_lt_mcby_m/default/table
2022-11-01,UK,United Kingdom,122,Eurostat / ECB,https://ec.europa.eu/eurostat/databrowser/view/irt_lt_mcby_m/default/table
2022-12-01,UK,United Kingdom,129,Eurostat / ECB,https://ec.europa.eu/eurostat/databrowser/view/irt_lt_mcby_m/default/table
2023-01-01,UK,United Kingdom,121,Eurostat / ECB,https://ec.europa.eu/eurostat/databrowser/view/irt_lt_mcby_m/default/table
2023-02-01,UK,United Kingdom,108,Eurostat / ECB,https://ec.europa.eu/eurostat/databrowser/view/irt_lt_mcby_m/default/table
2023-03-01,UK,United Kingdom,116,Eurostat / ECB,https://ec.europa.eu/eurostat/databrowser/view/irt_lt_mcby_m/default/table
2023-04-01,UK,United Kingdom,126,Eurostat / ECB,https://ec.europa.eu/eurostat/databrowser/view/irt_lt_mcby_m/default/table
2023-05-01,UK,United Kingdom,161,Eurostat / ECB,https://ec.europa.eu/eurostat/databrowser/view/irt_lt_mcby_m/default/table
2023-06-01,UK,United Kingdom,194,Eurostat / ECB,https://ec.europa.eu/eurostat/databrowser/view/irt_lt_mcby_m/default/table
2023-07-01,UK,United Kingdom,195,Eurostat / ECB,https://ec.europa.eu/eurostat/databrowser/view/irt_lt_mcby_m/default/table
2023-08-01,UK,United Kingdom,194,Eurostat / ECB,https://ec.europa.eu/eurostat/databrowser/view/irt_lt_mcby_m/default/table
2023-09-01,UK,United Kingdom,173,Eurostat / ECB,https://ec.europa.eu/eurostat/databrowser/view/irt_lt_mcby_m/default/table
2023-10-01,UK,United Kingdom,172,Eurostat / ECB,https://ec.europa.eu/eurostat/databrowser/view/irt_lt_mcby_m/default/table
2023-11-01,UK,United Kingdom,164,Eurostat / ECB,https://ec.europa.eu/eurostat/databrowser/view/irt_lt_mcby_m/default/table
2023-12-01,UK,United Kingdom,166,Eurostat / ECB,https://ec.europa.eu/eurostat/databrowser/view/irt_lt_mcby_m/default/table
2024-01-01,UK,United Kingdom,165,Eurostat / ECB,https://ec.europa.eu/eurostat/databrowser/view/irt_lt_mcby_m/default/table
2024-02-01,UK,United Kingdom,173,Eurostat / ECB,https://ec.europa.eu/eurostat/databrowser/view/irt_lt_mcby_m/default/table
2024-03-01,UK,United Kingdom,166,Eurostat / ECB,https://ec.europa.eu/eurostat/databrowser/view/irt_lt_mcby_m/default/table
2024-04-01,UK,United Kingdom,174,Eurostat / ECB,https://ec.europa.eu/eurostat/databrowser/view/irt_lt_mcby_m/default/table
2024-05-01,UK,United Kingdom,170,Eurostat / ECB,https://ec.europa.eu/eurostat/databrowser/view/irt_lt_mcby_m/default/table
2024-06-01,UK,United Kingdom,166,Eurostat / ECB,https://ec.europa.eu/eurostat/databrowser/view/irt_lt_mcby_m/default/table
2024-07-01,UK,United Kingdom,166,Eurostat / ECB,https://ec.europa.eu/eurostat/databrowser/view/irt_lt_mcby_m/default/table
2024-08-01,UK,United Kingdom,172,Eurostat / ECB,https://ec.europa.eu/eurostat/databrowser/view/irt_lt_mcby_m/default/table
2024-09-01,UK,United Kingdom,172,Eurostat / ECB,https://ec.europa.eu/eurostat/databrowser/view/irt_lt_mcby_m/default/table
2024-10-01,UK,United Kingdom,195,Eurostat / ECB,https://ec.europa.eu/eurostat/databrowser/view/irt_lt_mcby_m/default/table
2024-11-01,UK,United Kingdom,212,Eurostat / ECB,https://ec.europa.eu/eurostat/databrowser/view/irt_lt_mcby_m/default/table
2024-12-01,UK,United Kingdom,226,Eurostat / ECB,https://ec.europa.eu/eurostat/databrowser/view/irt_lt_mcby_m/default/table
2025-01-01,UK,United Kingdom,218.6,Eurostat / ECB,https://ec.europa.eu/eurostat/databrowser/view/irt_lt_mcby_m/default/table
2025-02-01,UK,United Kingdom,211.5,Eurostat / ECB,https://ec.europa.eu/eurostat/databrowser/view/irt_lt_mcby_m/default/table
2025-03-01,UK,United Kingdom,192.9,Eurostat / ECB,https://ec.europa.eu/eurostat/databrowser/view/irt_lt_mcby_m/default/table
2025-04-01,UK,United Kingdom,207,Eurostat / ECB,https://ec.europa.eu/eurostat/databrowser/view/irt_lt_mcby_m/default/table
