scope_code,scope_name,year,series_id,series_name,value,status,source,source_url,source_note
MAE,G7 aggregate,1990,net_debt,Net debt,35.9541,actual,IMF Fiscal Monitor,https://www.imf.org/external/datamapper/datasets/FM,April 2026 vintage; general government; percent of GDP; Fiscal Monitor used only where WEO is unavailable.
MAE,G7 aggregate,1991,overall_balance,Overall balance,-2.5856,actual,IMF Fiscal Monitor,https://www.imf.org/external/datamapper/datasets/FM,April 2026 vintage; general government; percent of GDP; Fiscal Monitor used only where WEO is unavailable.
MAE,G7 aggregate,1991,primary_balance,Primary balance,0.2949,actual,IMF Fiscal Monitor,https://www.imf.org/external/datamapper/datasets/FM,April 2026 vintage; general government; percent of GDP; Fiscal Monitor used only where WEO is unavailable.
MAE,G7 aggregate,1991,revenue,Revenue,38.0690,actual,IMF Fiscal Monitor,https://www.imf.org/external/datamapper/datasets/FM,April 2026 vintage; general government; percent of GDP; Fiscal Monitor used only where WEO is unavailable.
MAE,G7 aggregate,1991,primary_expenditure,Primary expenditure,37.7740,actual,IMF WEO / derived,https://data.imf.org/Datasets/WEO,Primary expenditure = revenue - primary balance.
MAE,G7 aggregate,1991,gross_debt,Gross debt,53.9594,actual,IMF Fiscal Monitor,https://www.imf.org/external/datamapper/datasets/FM,April 2026 vintage; general government; percent of GDP; Fiscal Monitor used only where WEO is unavailable.
MAE,G7 aggregate,1991,net_debt,Net debt,35.8568,actual,IMF Fiscal Monitor,https://www.imf.org/external/datamapper/datasets/FM,April 2026 vintage; general government; percent of GDP; Fiscal Monitor used only where WEO is unavailable.
MAE,G7 aggregate,1992,overall_balance,Overall balance,-3.2800,actual,IMF Fiscal Monitor,https://www.imf.org/external/datamapper/datasets/FM,April 2026 vintage; general government; percent of GDP; Fiscal Monitor used only where WEO is unavailable.
MAE,G7 aggregate,1992,primary_balance,Primary balance,-0.2083,actual,IMF Fiscal Monitor,https://www.imf.org/external/datamapper/datasets/FM,April 2026 vintage; general government; percent of GDP; Fiscal Monitor used only where WEO is unavailable.
MAE,G7 aggregate,1992,revenue,Revenue,38.5097,actual,IMF Fiscal Monitor,https://www.imf.org/external/datamapper/datasets/FM,April 2026 vintage; general government; percent of GDP; Fiscal Monitor used only where WEO is unavailable.
MAE,G7 aggregate,1992,primary_expenditure,Primary expenditure,38.7180,actual,IMF WEO / derived,https://data.imf.org/Datasets/WEO,Primary expenditure = revenue - primary balance.
MAE,G7 aggregate,1992,gross_debt,Gross debt,57.8886,actual,IMF Fiscal Monitor,https://www.imf.org/external/datamapper/datasets/FM,April 2026 vintage; general government; percent of GDP; Fiscal Monitor used only where WEO is unavailable.
MAE,G7 aggregate,1992,net_debt,Net debt,38.7535,actual,IMF Fiscal Monitor,https://www.imf.org/external/datamapper/datasets/FM,April 2026 vintage; general government; percent of GDP; Fiscal Monitor used only where WEO is unavailable.
MAE,G7 aggregate,1993,overall_balance,Overall balance,-4.5083,actual,IMF Fiscal Monitor,https://www.imf.org/external/datamapper/datasets/FM,April 2026 vintage; general government; percent of GDP; Fiscal Monitor used only where WEO is unavailable.
MAE,G7 aggregate,1993,primary_balance,Primary balance,-1.6031,actual,IMF Fiscal Monitor,https://www.imf.org/external/datamapper/datasets/FM,April 2026 vintage; general government; percent of GDP; Fiscal Monitor used only where WEO is unavailable.
MAE,G7 aggregate,1993,revenue,Revenue,37.5070,actual,IMF Fiscal Monitor,https://www.imf.org/external/datamapper/datasets/FM,April 2026 vintage; general government; percent of GDP; Fiscal Monitor used only where WEO is unavailable.
MAE,G7 aggregate,1993,primary_expenditure,Primary expenditure,39.1101,actual,IMF WEO / derived,https://data.imf.org/Datasets/WEO,Primary expenditure = revenue - primary balance.
MAE,G7 aggregate,1993,gross_debt,Gross debt,62.7461,actual,IMF Fiscal Monitor,https://www.imf.org/external/datamapper/datasets/FM,April 2026 vintage; general government; percent of GDP; Fiscal Monitor used only where WEO is unavailable.
MAE,G7 aggregate,1993,net_debt,Net debt,40.7038,actual,IMF Fiscal Monitor,https://www.imf.org/external/datamapper/datasets/FM,April 2026 vintage; general government; percent of GDP; Fiscal Monitor used only where WEO is unavailable.
MAE,G7 aggregate,1994,overall_balance,Overall balance,-4.5449,actual,IMF Fiscal Monitor,https://www.imf.org/external/datamapper/datasets/FM,April 2026 vintage; general government; percent of GDP; Fiscal Monitor used only where WEO is unavailable.
MAE,G7 aggregate,1994,primary_balance,Primary balance,-1.7879,actual,IMF Fiscal Monitor,https://www.imf.org/external/datamapper/datasets/FM,April 2026 vintage; general government; percent of GDP; Fiscal Monitor used only where WEO is unavailable.
MAE,G7 aggregate,1994,revenue,Revenue,37.0438,actual,IMF Fiscal Monitor,https://www.imf.org/external/datamapper/datasets/FM,April 2026 vintage; general government; percent of GDP; Fiscal Monitor used only where WEO is unavailable.
MAE,G7 aggregate,1994,primary_expenditure,Primary expenditure,38.8317,actual,IMF WEO / derived,https://data.imf.org/Datasets/WEO,Primary expenditure = revenue - primary balance.
MAE,G7 aggregate,1994,gross_debt,Gross debt,68.8155,actual,IMF Fiscal Monitor,https://www.imf.org/external/datamapper/datasets/FM,April 2026 vintage; general government; percent of GDP; Fiscal Monitor used only where WEO is unavailable.
MAE,G7 aggregate,1994,net_debt,Net debt,45.7051,actual,IMF Fiscal Monitor,https://www.imf.org/external/datamapper/datasets/FM,April 2026 vintage; general government; percent of GDP; Fiscal Monitor used only where WEO is unavailable.
MAE,G7 aggregate,1995,overall_balance,Overall balance,-5.7834,actual,IMF Fiscal Monitor,https://www.imf.org/external/datamapper/datasets/FM,April 2026 vintage; general government; percent of GDP; Fiscal Monitor used only where WEO is unavailable.
MAE,G7 aggregate,1995,primary_balance,Primary balance,-2.9039,actual,IMF Fiscal Monitor,https://www.imf.org/external/datamapper/datasets/FM,April 2026 vintage; general government; percent of GDP; Fiscal Monitor used only where WEO is unavailable.
MAE,G7 aggregate,1995,revenue,Revenue,37.2710,actual,IMF Fiscal Monitor,https://www.imf.org/external/datamapper/datasets/FM,April 2026 vintage; general government; percent of GDP; Fiscal Monitor used only where WEO is unavailable.
MAE,G7 aggregate,1995,primary_expenditure,Primary expenditure,40.1748,actual,IMF WEO / derived,https://data.imf.org/Datasets/WEO,Primary expenditure = revenue - primary balance.
MAE,G7 aggregate,1995,gross_debt,Gross debt,73.2304,actual,IMF Fiscal Monitor,https://www.imf.org/external/datamapper/datasets/FM,April 2026 vintage; general government; percent of GDP; Fiscal Monitor used only where WEO is unavailable.
MAE,G7 aggregate,1995,net_debt,Net debt,45.9957,actual,IMF Fiscal Monitor,https://www.imf.org/external/datamapper/datasets/FM,April 2026 vintage; general government; percent of GDP; Fiscal Monitor used only where WEO is unavailable.
MAE,G7 aggregate,1996,overall_balance,Overall balance,-4.4016,actual,IMF Fiscal Monitor,https://www.imf.org/external/datamapper/datasets/FM,April 2026 vintage; general government; percent of GDP; Fiscal Monitor used only where WEO is unavailable.
MAE,G7 aggregate,1996,primary_balance,Primary balance,-1.3391,actual,IMF Fiscal Monitor,https://www.imf.org/external/datamapper/datasets/FM,April 2026 vintage; general government; percent of GDP; Fiscal Monitor used only where WEO is unavailable.
MAE,G7 aggregate,1996,revenue,Revenue,37.7856,actual,IMF Fiscal Monitor,https://www.imf.org/external/datamapper/datasets/FM,April 2026 vintage; general government; percent of GDP; Fiscal Monitor used only where WEO is unavailable.
MAE,G7 aggregate,1996,primary_expenditure,Primary expenditure,39.1247,actual,IMF WEO / derived,https://data.imf.org/Datasets/WEO,Primary expenditure = revenue - primary balance.
MAE,G7 aggregate,1996,gross_debt,Gross debt,76.1136,actual,IMF Fiscal Monitor,https://www.imf.org/external/datamapper/datasets/FM,April 2026 vintage; general government; percent of GDP; Fiscal Monitor used only where WEO is unavailable.
MAE,G7 aggregate,1996,net_debt,Net debt,50.5870,actual,IMF Fiscal Monitor,https://www.imf.org/external/datamapper/datasets/FM,April 2026 vintage; general government; percent of GDP; Fiscal Monitor used only where WEO is unavailable.
MAE,G7 aggregate,1997,net_debt,Net debt,52.4840,actual,IMF Fiscal Monitor,https://www.imf.org/external/datamapper/datasets/FM,April 2026 vintage; general government; percent of GDP; Fiscal Monitor used only where WEO is unavailable.
MAE,G7 aggregate,1998,net_debt,Net debt,55.8024,actual,IMF Fiscal Monitor,https://www.imf.org/external/datamapper/datasets/FM,April 2026 vintage; general government; percent of GDP; Fiscal Monitor used only where WEO is unavailable.
MAE,G7 aggregate,1999,net_debt,Net debt,58.6433,actual,IMF Fiscal Monitor,https://www.imf.org/external/datamapper/datasets/FM,April 2026 vintage; general government; percent of GDP; Fiscal Monitor used only where WEO is unavailable.
MAE,G7 aggregate,2000,net_debt,Net debt,58.0848,actual,IMF Fiscal Monitor,https://www.imf.org/external/datamapper/datasets/FM,April 2026 vintage; general government; percent of GDP; Fiscal Monitor used only where WEO is unavailable.
MAE,G7 aggregate,2001,overall_balance,Overall balance,-1.9950,actual,IMF WEO,https://data.imf.org/Datasets/WEO,April 2026 vintage; general government; percent of GDP; Fiscal Monitor used only where WEO is unavailable.
MAE,G7 aggregate,2001,primary_balance,Primary balance,0.2920,actual,IMF WEO,https://data.imf.org/Datasets/WEO,April 2026 vintage; general government; percent of GDP; Fiscal Monitor used only where WEO is unavailable.
MAE,G7 aggregate,2001,revenue,Revenue,34.9440,actual,IMF WEO,https://data.imf.org/Datasets/WEO,April 2026 vintage; general government; percent of GDP; Fiscal Monitor used only where WEO is unavailable.
MAE,G7 aggregate,2001,primary_expenditure,Primary expenditure,34.6520,actual,IMF WEO / derived,https://data.imf.org/Datasets/WEO,Primary expenditure = revenue - primary balance.
MAE,G7 aggregate,2001,gross_debt,Gross debt,71.5870,actual,IMF WEO,https://data.imf.org/Datasets/WEO,April 2026 vintage; general government; percent of GDP; Fiscal Monitor used only where WEO is unavailable.
MAE,G7 aggregate,2001,net_debt,Net debt,47.8220,actual,IMF WEO,https://data.imf.org/Datasets/WEO,April 2026 vintage; general government; percent of GDP; Fiscal Monitor used only where WEO is unavailable.
MAE,G7 aggregate,2002,overall_balance,Overall balance,-4.1190,actual,IMF WEO,https://data.imf.org/Datasets/WEO,April 2026 vintage; general government; percent of GDP; Fiscal Monitor used only where WEO is unavailable.
MAE,G7 aggregate,2002,primary_balance,Primary balance,-1.9570,actual,IMF WEO,https://data.imf.org/Datasets/WEO,April 2026 vintage; general government; percent of GDP; Fiscal Monitor used only where WEO is unavailable.
MAE,G7 aggregate,2002,revenue,Revenue,33.6030,actual,IMF WEO,https://data.imf.org/Datasets/WEO,April 2026 vintage; general government; percent of GDP; Fiscal Monitor used only where WEO is unavailable.
MAE,G7 aggregate,2002,primary_expenditure,Primary expenditure,35.5600,actual,IMF WEO / derived,https://data.imf.org/Datasets/WEO,Primary expenditure = revenue - primary balance.
MAE,G7 aggregate,2002,gross_debt,Gross debt,73.3900,actual,IMF WEO,https://data.imf.org/Datasets/WEO,April 2026 vintage; general government; percent of GDP; Fiscal Monitor used only where WEO is unavailable.
MAE,G7 aggregate,2002,net_debt,Net debt,50.5110,actual,IMF WEO,https://data.imf.org/Datasets/WEO,April 2026 vintage; general government; percent of GDP; Fiscal Monitor used only where WEO is unavailable.
MAE,G7 aggregate,2003,overall_balance,Overall balance,-4.7020,actual,IMF WEO,https://data.imf.org/Datasets/WEO,April 2026 vintage; general government; percent of GDP; Fiscal Monitor used only where WEO is unavailable.
MAE,G7 aggregate,2003,primary_balance,Primary balance,-2.6440,actual,IMF WEO,https://data.imf.org/Datasets/WEO,April 2026 vintage; general government; percent of GDP; Fiscal Monitor used only where WEO is unavailable.
MAE,G7 aggregate,2003,revenue,Revenue,33.6990,actual,IMF WEO,https://data.imf.org/Datasets/WEO,April 2026 vintage; general government; percent of GDP; Fiscal Monitor used only where WEO is unavailable.
MAE,G7 aggregate,2003,primary_expenditure,Primary expenditure,36.3430,actual,IMF WEO / derived,https://data.imf.org/Datasets/WEO,Primary expenditure = revenue - primary balance.
MAE,G7 aggregate,2003,gross_debt,Gross debt,76.4710,actual,IMF WEO,https://data.imf.org/Datasets/WEO,April 2026 vintage; general government; percent of GDP; Fiscal Monitor used only where WEO is unavailable.
MAE,G7 aggregate,2003,net_debt,Net debt,53.7480,actual,IMF WEO,https://data.imf.org/Datasets/WEO,April 2026 vintage; general government; percent of GDP; Fiscal Monitor used only where WEO is unavailable.
MAE,G7 aggregate,2004,overall_balance,Overall balance,-3.9510,actual,IMF WEO,https://data.imf.org/Datasets/WEO,April 2026 vintage; general government; percent of GDP; Fiscal Monitor used only where WEO is unavailable.
MAE,G7 aggregate,2004,primary_balance,Primary balance,-1.9770,actual,IMF WEO,https://data.imf.org/Datasets/WEO,April 2026 vintage; general government; percent of GDP; Fiscal Monitor used only where WEO is unavailable.
MAE,G7 aggregate,2004,revenue,Revenue,34.0690,actual,IMF WEO,https://data.imf.org/Datasets/WEO,April 2026 vintage; general government; percent of GDP; Fiscal Monitor used only where WEO is unavailable.
MAE,G7 aggregate,2004,primary_expenditure,Primary expenditure,36.0460,actual,IMF WEO / derived,https://data.imf.org/Datasets/WEO,Primary expenditure = revenue - primary balance.
MAE,G7 aggregate,2004,gross_debt,Gross debt,81.5480,actual,IMF WEO,https://data.imf.org/Datasets/WEO,April 2026 vintage; general government; percent of GDP; Fiscal Monitor used only where WEO is unavailable.
MAE,G7 aggregate,2004,net_debt,Net debt,59.0720,actual,IMF WEO,https://data.imf.org/Datasets/WEO,April 2026 vintage; general government; percent of GDP; Fiscal Monitor used only where WEO is unavailable.
MAE,G7 aggregate,2005,overall_balance,Overall balance,-3.2440,actual,IMF WEO,https://data.imf.org/Datasets/WEO,April 2026 vintage; general government; percent of GDP; Fiscal Monitor used only where WEO is unavailable.
MAE,G7 aggregate,2005,primary_balance,Primary balance,-1.3000,actual,IMF WEO,https://data.imf.org/Datasets/WEO,April 2026 vintage; general government; percent of GDP; Fiscal Monitor used only where WEO is unavailable.
MAE,G7 aggregate,2005,revenue,Revenue,34.8630,actual,IMF WEO,https://data.imf.org/Datasets/WEO,April 2026 vintage; general government; percent of GDP; Fiscal Monitor used only where WEO is unavailable.
MAE,G7 aggregate,2005,primary_expenditure,Primary expenditure,36.1630,actual,IMF WEO / derived,https://data.imf.org/Datasets/WEO,Primary expenditure = revenue - primary balance.
MAE,G7 aggregate,2005,gross_debt,Gross debt,81.6540,actual,IMF WEO,https://data.imf.org/Datasets/WEO,April 2026 vintage; general government; percent of GDP; Fiscal Monitor used only where WEO is unavailable.
MAE,G7 aggregate,2005,net_debt,Net debt,58.1450,actual,IMF WEO,https://data.imf.org/Datasets/WEO,April 2026 vintage; general government; percent of GDP; Fiscal Monitor used only where WEO is unavailable.
MAE,G7 aggregate,2006,overall_balance,Overall balance,-2.2010,actual,IMF WEO,https://data.imf.org/Datasets/WEO,April 2026 vintage; general government; percent of GDP; Fiscal Monitor used only where WEO is unavailable.
MAE,G7 aggregate,2006,primary_balance,Primary balance,-0.3190,actual,IMF WEO,https://data.imf.org/Datasets/WEO,April 2026 vintage; general government; percent of GDP; Fiscal Monitor used only where WEO is unavailable.
MAE,G7 aggregate,2006,revenue,Revenue,35.6260,actual,IMF WEO,https://data.imf.org/Datasets/WEO,April 2026 vintage; general government; percent of GDP; Fiscal Monitor used only where WEO is unavailable.
MAE,G7 aggregate,2006,primary_expenditure,Primary expenditure,35.9450,actual,IMF WEO / derived,https://data.imf.org/Datasets/WEO,Primary expenditure = revenue - primary balance.
MAE,G7 aggregate,2006,gross_debt,Gross debt,79.3450,actual,IMF WEO,https://data.imf.org/Datasets/WEO,April 2026 vintage; general government; percent of GDP; Fiscal Monitor used only where WEO is unavailable.
MAE,G7 aggregate,2006,net_debt,Net debt,56.2200,actual,IMF WEO,https://data.imf.org/Datasets/WEO,April 2026 vintage; general government; percent of GDP; Fiscal Monitor used only where WEO is unavailable.
MAE,G7 aggregate,2007,overall_balance,Overall balance,-2.2230,actual,IMF WEO,https://data.imf.org/Datasets/WEO,April 2026 vintage; general government; percent of GDP; Fiscal Monitor used only where WEO is unavailable.
MAE,G7 aggregate,2007,primary_balance,Primary balance,-0.2230,actual,IMF WEO,https://data.imf.org/Datasets/WEO,April 2026 vintage; general government; percent of GDP; Fiscal Monitor used only where WEO is unavailable.
MAE,G7 aggregate,2007,revenue,Revenue,36.0290,actual,IMF WEO,https://data.imf.org/Datasets/WEO,April 2026 vintage; general government; percent of GDP; Fiscal Monitor used only where WEO is unavailable.
MAE,G7 aggregate,2007,primary_expenditure,Primary expenditure,36.2520,actual,IMF WEO / derived,https://data.imf.org/Datasets/WEO,Primary expenditure = revenue - primary balance.
MAE,G7 aggregate,2007,gross_debt,Gross debt,77.8420,actual,IMF WEO,https://data.imf.org/Datasets/WEO,April 2026 vintage; general government; percent of GDP; Fiscal Monitor used only where WEO is unavailable.
MAE,G7 aggregate,2007,net_debt,Net debt,55.4370,actual,IMF WEO,https://data.imf.org/Datasets/WEO,April 2026 vintage; general government; percent of GDP; Fiscal Monitor used only where WEO is unavailable.
MAE,G7 aggregate,2008,overall_balance,Overall balance,-4.4890,actual,IMF WEO,https://data.imf.org/Datasets/WEO,April 2026 vintage; general government; percent of GDP; Fiscal Monitor used only where WEO is unavailable.
MAE,G7 aggregate,2008,primary_balance,Primary balance,-2.4940,actual,IMF WEO,https://data.imf.org/Datasets/WEO,April 2026 vintage; general government; percent of GDP; Fiscal Monitor used only where WEO is unavailable.
MAE,G7 aggregate,2008,revenue,Revenue,35.5960,actual,IMF WEO,https://data.imf.org/Datasets/WEO,April 2026 vintage; general government; percent of GDP; Fiscal Monitor used only where WEO is unavailable.
MAE,G7 aggregate,2008,primary_expenditure,Primary expenditure,38.0900,actual,IMF WEO / derived,https://data.imf.org/Datasets/WEO,Primary expenditure = revenue - primary balance.
MAE,G7 aggregate,2008,gross_debt,Gross debt,84.8330,actual,IMF WEO,https://data.imf.org/Datasets/WEO,April 2026 vintage; general government; percent of GDP; Fiscal Monitor used only where WEO is unavailable.
MAE,G7 aggregate,2008,net_debt,Net debt,61.3040,actual,IMF WEO,https://data.imf.org/Datasets/WEO,April 2026 vintage; general government; percent of GDP; Fiscal Monitor used only where WEO is unavailable.
MAE,G7 aggregate,2009,overall_balance,Overall balance,-9.8070,actual,IMF WEO,https://data.imf.org/Datasets/WEO,April 2026 vintage; general government; percent of GDP; Fiscal Monitor used only where WEO is unavailable.
MAE,G7 aggregate,2009,primary_balance,Primary balance,-7.8950,actual,IMF WEO,https://data.imf.org/Datasets/WEO,April 2026 vintage; general government; percent of GDP; Fiscal Monitor used only where WEO is unavailable.
MAE,G7 aggregate,2009,revenue,Revenue,34.1940,actual,IMF WEO,https://data.imf.org/Datasets/WEO,April 2026 vintage; general government; percent of GDP; Fiscal Monitor used only where WEO is unavailable.
MAE,G7 aggregate,2009,primary_expenditure,Primary expenditure,42.0890,actual,IMF WEO / derived,https://data.imf.org/Datasets/WEO,Primary expenditure = revenue - primary balance.
MAE,G7 aggregate,2009,gross_debt,Gross debt,99.5800,actual,IMF WEO,https://data.imf.org/Datasets/WEO,April 2026 vintage; general government; percent of GDP; Fiscal Monitor used only where WEO is unavailable.
MAE,G7 aggregate,2009,net_debt,Net debt,72.6880,actual,IMF WEO,https://data.imf.org/Datasets/WEO,April 2026 vintage; general government; percent of GDP; Fiscal Monitor used only where WEO is unavailable.
MAE,G7 aggregate,2010,overall_balance,Overall balance,-8.7850,actual,IMF WEO,https://data.imf.org/Datasets/WEO,April 2026 vintage; general government; percent of GDP; Fiscal Monitor used only where WEO is unavailable.
MAE,G7 aggregate,2010,primary_balance,Primary balance,-6.7830,actual,IMF WEO,https://data.imf.org/Datasets/WEO,April 2026 vintage; general government; percent of GDP; Fiscal Monitor used only where WEO is unavailable.
MAE,G7 aggregate,2010,revenue,Revenue,34.0390,actual,IMF WEO,https://data.imf.org/Datasets/WEO,April 2026 vintage; general government; percent of GDP; Fiscal Monitor used only where WEO is unavailable.
MAE,G7 aggregate,2010,primary_expenditure,Primary expenditure,40.8220,actual,IMF WEO / derived,https://data.imf.org/Datasets/WEO,Primary expenditure = revenue - primary balance.
MAE,G7 aggregate,2010,gross_debt,Gross debt,107.2870,actual,IMF WEO,https://data.imf.org/Datasets/WEO,April 2026 vintage; general government; percent of GDP; Fiscal Monitor used only where WEO is unavailable.
MAE,G7 aggregate,2010,net_debt,Net debt,78.6000,actual,IMF WEO,https://data.imf.org/Datasets/WEO,April 2026 vintage; general government; percent of GDP; Fiscal Monitor used only where WEO is unavailable.
MAE,G7 aggregate,2011,overall_balance,Overall balance,-7.3710,actual,IMF WEO,https://data.imf.org/Datasets/WEO,April 2026 vintage; general government; percent of GDP; Fiscal Monitor used only where WEO is unavailable.
MAE,G7 aggregate,2011,primary_balance,Primary balance,-5.1990,actual,IMF WEO,https://data.imf.org/Datasets/WEO,April 2026 vintage; general government; percent of GDP; Fiscal Monitor used only where WEO is unavailable.
MAE,G7 aggregate,2011,revenue,Revenue,34.6920,actual,IMF WEO,https://data.imf.org/Datasets/WEO,April 2026 vintage; general government; percent of GDP; Fiscal Monitor used only where WEO is unavailable.
MAE,G7 aggregate,2011,primary_expenditure,Primary expenditure,39.8910,actual,IMF WEO / derived,https://data.imf.org/Datasets/WEO,Primary expenditure = revenue - primary balance.
MAE,G7 aggregate,2011,gross_debt,Gross debt,111.8770,actual,IMF WEO,https://data.imf.org/Datasets/WEO,April 2026 vintage; general government; percent of GDP; Fiscal Monitor used only where WEO is unavailable.
MAE,G7 aggregate,2011,net_debt,Net debt,84.0630,actual,IMF WEO,https://data.imf.org/Datasets/WEO,April 2026 vintage; general government; percent of GDP; Fiscal Monitor used only where WEO is unavailable.
MAE,G7 aggregate,2012,overall_balance,Overall balance,-6.4920,actual,IMF WEO,https://data.imf.org/Datasets/WEO,April 2026 vintage; general government; percent of GDP; Fiscal Monitor used only where WEO is unavailable.
MAE,G7 aggregate,2012,primary_balance,Primary balance,-4.3860,actual,IMF WEO,https://data.imf.org/Datasets/WEO,April 2026 vintage; general government; percent of GDP; Fiscal Monitor used only where WEO is unavailable.
MAE,G7 aggregate,2012,revenue,Revenue,34.7360,actual,IMF WEO,https://data.imf.org/Datasets/WEO,April 2026 vintage; general government; percent of GDP; Fiscal Monitor used only where WEO is unavailable.
MAE,G7 aggregate,2012,primary_expenditure,Primary expenditure,39.1220,actual,IMF WEO / derived,https://data.imf.org/Datasets/WEO,Primary expenditure = revenue - primary balance.
MAE,G7 aggregate,2012,gross_debt,Gross debt,115.9770,actual,IMF WEO,https://data.imf.org/Datasets/WEO,April 2026 vintage; general government; percent of GDP; Fiscal Monitor used only where WEO is unavailable.
MAE,G7 aggregate,2012,net_debt,Net debt,87.3040,actual,IMF WEO,https://data.imf.org/Datasets/WEO,April 2026 vintage; general government; percent of GDP; Fiscal Monitor used only where WEO is unavailable.
MAE,G7 aggregate,2013,overall_balance,Overall balance,-4.3390,actual,IMF WEO,https://data.imf.org/Datasets/WEO,April 2026 vintage; general government; percent of GDP; Fiscal Monitor used only where WEO is unavailable.
MAE,G7 aggregate,2013,primary_balance,Primary balance,-2.4940,actual,IMF WEO,https://data.imf.org/Datasets/WEO,April 2026 vintage; general government; percent of GDP; Fiscal Monitor used only where WEO is unavailable.
MAE,G7 aggregate,2013,revenue,Revenue,36.2310,actual,IMF WEO,https://data.imf.org/Datasets/WEO,April 2026 vintage; general government; percent of GDP; Fiscal Monitor used only where WEO is unavailable.
MAE,G7 aggregate,2013,primary_expenditure,Primary expenditure,38.7250,actual,IMF WEO / derived,https://data.imf.org/Datasets/WEO,Primary expenditure = revenue - primary balance.
MAE,G7 aggregate,2013,gross_debt,Gross debt,114.6350,actual,IMF WEO,https://data.imf.org/Datasets/WEO,April 2026 vintage; general government; percent of GDP; Fiscal Monitor used only where WEO is unavailable.
MAE,G7 aggregate,2013,net_debt,Net debt,85.9690,actual,IMF WEO,https://data.imf.org/Datasets/WEO,April 2026 vintage; general government; percent of GDP; Fiscal Monitor used only where WEO is unavailable.
MAE,G7 aggregate,2014,overall_balance,Overall balance,-3.6060,actual,IMF WEO,https://data.imf.org/Datasets/WEO,April 2026 vintage; general government; percent of GDP; Fiscal Monitor used only where WEO is unavailable.
MAE,G7 aggregate,2014,primary_balance,Primary balance,-1.7800,actual,IMF WEO,https://data.imf.org/Datasets/WEO,April 2026 vintage; general government; percent of GDP; Fiscal Monitor used only where WEO is unavailable.
MAE,G7 aggregate,2014,revenue,Revenue,36.3920,actual,IMF WEO,https://data.imf.org/Datasets/WEO,April 2026 vintage; general government; percent of GDP; Fiscal Monitor used only where WEO is unavailable.
MAE,G7 aggregate,2014,primary_expenditure,Primary expenditure,38.1720,actual,IMF WEO / derived,https://data.imf.org/Datasets/WEO,Primary expenditure = revenue - primary balance.
MAE,G7 aggregate,2014,gross_debt,Gross debt,113.7050,actual,IMF WEO,https://data.imf.org/Datasets/WEO,April 2026 vintage; general government; percent of GDP; Fiscal Monitor used only where WEO is unavailable.
MAE,G7 aggregate,2014,net_debt,Net debt,85.4360,actual,IMF WEO,https://data.imf.org/Datasets/WEO,April 2026 vintage; general government; percent of GDP; Fiscal Monitor used only where WEO is unavailable.
MAE,G7 aggregate,2015,overall_balance,Overall balance,-3.0090,actual,IMF WEO,https://data.imf.org/Datasets/WEO,April 2026 vintage; general government; percent of GDP; Fiscal Monitor used only where WEO is unavailable.
MAE,G7 aggregate,2015,primary_balance,Primary balance,-1.3140,actual,IMF WEO,https://data.imf.org/Datasets/WEO,April 2026 vintage; general government; percent of GDP; Fiscal Monitor used only where WEO is unavailable.
MAE,G7 aggregate,2015,revenue,Revenue,36.1680,actual,IMF WEO,https://data.imf.org/Datasets/WEO,April 2026 vintage; general government; percent of GDP; Fiscal Monitor used only where WEO is unavailable.
MAE,G7 aggregate,2015,primary_expenditure,Primary expenditure,37.4820,actual,IMF WEO / derived,https://data.imf.org/Datasets/WEO,Primary expenditure = revenue - primary balance.
MAE,G7 aggregate,2015,gross_debt,Gross debt,113.1960,actual,IMF WEO,https://data.imf.org/Datasets/WEO,April 2026 vintage; general government; percent of GDP; Fiscal Monitor used only where WEO is unavailable.
MAE,G7 aggregate,2015,net_debt,Net debt,85.1310,actual,IMF WEO,https://data.imf.org/Datasets/WEO,April 2026 vintage; general government; percent of GDP; Fiscal Monitor used only where WEO is unavailable.
MAE,G7 aggregate,2016,overall_balance,Overall balance,-3.3180,actual,IMF WEO,https://data.imf.org/Datasets/WEO,April 2026 vintage; general government; percent of GDP; Fiscal Monitor used only where WEO is unavailable.
MAE,G7 aggregate,2016,primary_balance,Primary balance,-1.5770,actual,IMF WEO,https://data.imf.org/Datasets/WEO,April 2026 vintage; general government; percent of GDP; Fiscal Monitor used only where WEO is unavailable.
MAE,G7 aggregate,2016,revenue,Revenue,35.8530,actual,IMF WEO,https://data.imf.org/Datasets/WEO,April 2026 vintage; general government; percent of GDP; Fiscal Monitor used only where WEO is unavailable.
MAE,G7 aggregate,2016,primary_expenditure,Primary expenditure,37.4300,actual,IMF WEO / derived,https://data.imf.org/Datasets/WEO,Primary expenditure = revenue - primary balance.
MAE,G7 aggregate,2016,gross_debt,Gross debt,115.6180,actual,IMF WEO,https://data.imf.org/Datasets/WEO,April 2026 vintage; general government; percent of GDP; Fiscal Monitor used only where WEO is unavailable.
MAE,G7 aggregate,2016,net_debt,Net debt,86.5580,actual,IMF WEO,https://data.imf.org/Datasets/WEO,April 2026 vintage; general government; percent of GDP; Fiscal Monitor used only where WEO is unavailable.
MAE,G7 aggregate,2017,overall_balance,Overall balance,-3.3460,actual,IMF WEO,https://data.imf.org/Datasets/WEO,April 2026 vintage; general government; percent of GDP; Fiscal Monitor used only where WEO is unavailable.
MAE,G7 aggregate,2017,primary_balance,Primary balance,-1.6310,actual,IMF WEO,https://data.imf.org/Datasets/WEO,April 2026 vintage; general government; percent of GDP; Fiscal Monitor used only where WEO is unavailable.
MAE,G7 aggregate,2017,revenue,Revenue,35.6570,actual,IMF WEO,https://data.imf.org/Datasets/WEO,April 2026 vintage; general government; percent of GDP; Fiscal Monitor used only where WEO is unavailable.
MAE,G7 aggregate,2017,primary_expenditure,Primary expenditure,37.2880,actual,IMF WEO / derived,https://data.imf.org/Datasets/WEO,Primary expenditure = revenue - primary balance.
MAE,G7 aggregate,2017,gross_debt,Gross debt,113.9440,actual,IMF WEO,https://data.imf.org/Datasets/WEO,April 2026 vintage; general government; percent of GDP; Fiscal Monitor used only where WEO is unavailable.
MAE,G7 aggregate,2017,net_debt,Net debt,84.4150,actual,IMF WEO,https://data.imf.org/Datasets/WEO,April 2026 vintage; general government; percent of GDP; Fiscal Monitor used only where WEO is unavailable.
MAE,G7 aggregate,2018,overall_balance,Overall balance,-3.3540,actual,IMF WEO,https://data.imf.org/Datasets/WEO,April 2026 vintage; general government; percent of GDP; Fiscal Monitor used only where WEO is unavailable.
MAE,G7 aggregate,2018,primary_balance,Primary balance,-1.5920,actual,IMF WEO,https://data.imf.org/Datasets/WEO,April 2026 vintage; general government; percent of GDP; Fiscal Monitor used only where WEO is unavailable.
MAE,G7 aggregate,2018,revenue,Revenue,35.6730,actual,IMF WEO,https://data.imf.org/Datasets/WEO,April 2026 vintage; general government; percent of GDP; Fiscal Monitor used only where WEO is unavailable.
MAE,G7 aggregate,2018,primary_expenditure,Primary expenditure,37.2650,actual,IMF WEO / derived,https://data.imf.org/Datasets/WEO,Primary expenditure = revenue - primary balance.
MAE,G7 aggregate,2018,gross_debt,Gross debt,113.8010,actual,IMF WEO,https://data.imf.org/Datasets/WEO,April 2026 vintage; general government; percent of GDP; Fiscal Monitor used only where WEO is unavailable.
MAE,G7 aggregate,2018,net_debt,Net debt,84.4370,actual,IMF WEO,https://data.imf.org/Datasets/WEO,April 2026 vintage; general government; percent of GDP; Fiscal Monitor used only where WEO is unavailable.
MAE,G7 aggregate,2019,overall_balance,Overall balance,-3.7920,actual,IMF WEO,https://data.imf.org/Datasets/WEO,April 2026 vintage; general government; percent of GDP; Fiscal Monitor used only where WEO is unavailable.
MAE,G7 aggregate,2019,primary_balance,Primary balance,-2.0550,actual,IMF WEO,https://data.imf.org/Datasets/WEO,April 2026 vintage; general government; percent of GDP; Fiscal Monitor used only where WEO is unavailable.
MAE,G7 aggregate,2019,revenue,Revenue,35.4130,actual,IMF WEO,https://data.imf.org/Datasets/WEO,April 2026 vintage; general government; percent of GDP; Fiscal Monitor used only where WEO is unavailable.
MAE,G7 aggregate,2019,primary_expenditure,Primary expenditure,37.4680,actual,IMF WEO / derived,https://data.imf.org/Datasets/WEO,Primary expenditure = revenue - primary balance.
MAE,G7 aggregate,2019,gross_debt,Gross debt,114.6150,actual,IMF WEO,https://data.imf.org/Datasets/WEO,April 2026 vintage; general government; percent of GDP; Fiscal Monitor used only where WEO is unavailable.
MAE,G7 aggregate,2019,net_debt,Net debt,85.1160,actual,IMF WEO,https://data.imf.org/Datasets/WEO,April 2026 vintage; general government; percent of GDP; Fiscal Monitor used only where WEO is unavailable.
MAE,G7 aggregate,2020,overall_balance,Overall balance,-11.6880,actual,IMF WEO,https://data.imf.org/Datasets/WEO,April 2026 vintage; general government; percent of GDP; Fiscal Monitor used only where WEO is unavailable.
MAE,G7 aggregate,2020,primary_balance,Primary balance,-10.1080,actual,IMF WEO,https://data.imf.org/Datasets/WEO,April 2026 vintage; general government; percent of GDP; Fiscal Monitor used only where WEO is unavailable.
MAE,G7 aggregate,2020,revenue,Revenue,35.8860,actual,IMF WEO,https://data.imf.org/Datasets/WEO,April 2026 vintage; general government; percent of GDP; Fiscal Monitor used only where WEO is unavailable.
MAE,G7 aggregate,2020,primary_expenditure,Primary expenditure,45.9940,actual,IMF WEO / derived,https://data.imf.org/Datasets/WEO,Primary expenditure = revenue - primary balance.
MAE,G7 aggregate,2020,gross_debt,Gross debt,136.1140,actual,IMF WEO,https://data.imf.org/Datasets/WEO,April 2026 vintage; general government; percent of GDP; Fiscal Monitor used only where WEO is unavailable.
MAE,G7 aggregate,2020,net_debt,Net debt,98.3920,actual,IMF WEO,https://data.imf.org/Datasets/WEO,April 2026 vintage; general government; percent of GDP; Fiscal Monitor used only where WEO is unavailable.
MAE,G7 aggregate,2021,overall_balance,Overall balance,-8.8820,actual,IMF WEO,https://data.imf.org/Datasets/WEO,April 2026 vintage; general government; percent of GDP; Fiscal Monitor used only where WEO is unavailable.
MAE,G7 aggregate,2021,primary_balance,Primary balance,-7.1520,actual,IMF WEO,https://data.imf.org/Datasets/WEO,April 2026 vintage; general government; percent of GDP; Fiscal Monitor used only where WEO is unavailable.
MAE,G7 aggregate,2021,revenue,Revenue,36.8310,actual,IMF WEO,https://data.imf.org/Datasets/WEO,April 2026 vintage; general government; percent of GDP; Fiscal Monitor used only where WEO is unavailable.
MAE,G7 aggregate,2021,primary_expenditure,Primary expenditure,43.9830,actual,IMF WEO / derived,https://data.imf.org/Datasets/WEO,Primary expenditure = revenue - primary balance.
MAE,G7 aggregate,2021,gross_debt,Gross debt,129.0790,actual,IMF WEO,https://data.imf.org/Datasets/WEO,April 2026 vintage; general government; percent of GDP; Fiscal Monitor used only where WEO is unavailable.
MAE,G7 aggregate,2021,net_debt,Net debt,95.9350,actual,IMF WEO,https://data.imf.org/Datasets/WEO,April 2026 vintage; general government; percent of GDP; Fiscal Monitor used only where WEO is unavailable.
MAE,G7 aggregate,2022,overall_balance,Overall balance,-3.7200,actual,IMF WEO,https://data.imf.org/Datasets/WEO,April 2026 vintage; general government; percent of GDP; Fiscal Monitor used only where WEO is unavailable.
MAE,G7 aggregate,2022,primary_balance,Primary balance,-1.5130,actual,IMF WEO,https://data.imf.org/Datasets/WEO,April 2026 vintage; general government; percent of GDP; Fiscal Monitor used only where WEO is unavailable.
MAE,G7 aggregate,2022,revenue,Revenue,37.3450,actual,IMF WEO,https://data.imf.org/Datasets/WEO,April 2026 vintage; general government; percent of GDP; Fiscal Monitor used only where WEO is unavailable.
MAE,G7 aggregate,2022,primary_expenditure,Primary expenditure,38.8580,actual,IMF WEO / derived,https://data.imf.org/Datasets/WEO,Primary expenditure = revenue - primary balance.
MAE,G7 aggregate,2022,gross_debt,Gross debt,122.8900,actual,IMF WEO,https://data.imf.org/Datasets/WEO,April 2026 vintage; general government; percent of GDP; Fiscal Monitor used only where WEO is unavailable.
MAE,G7 aggregate,2022,net_debt,Net debt,92.0720,actual,IMF WEO,https://data.imf.org/Datasets/WEO,April 2026 vintage; general government; percent of GDP; Fiscal Monitor used only where WEO is unavailable.
MAE,G7 aggregate,2023,overall_balance,Overall balance,-6.1870,actual,IMF WEO,https://data.imf.org/Datasets/WEO,April 2026 vintage; general government; percent of GDP; Fiscal Monitor used only where WEO is unavailable.
MAE,G7 aggregate,2023,primary_balance,Primary balance,-3.8350,actual,IMF WEO,https://data.imf.org/Datasets/WEO,April 2026 vintage; general government; percent of GDP; Fiscal Monitor used only where WEO is unavailable.
MAE,G7 aggregate,2023,revenue,Revenue,35.0610,actual,IMF WEO,https://data.imf.org/Datasets/WEO,April 2026 vintage; general government; percent of GDP; Fiscal Monitor used only where WEO is unavailable.
MAE,G7 aggregate,2023,primary_expenditure,Primary expenditure,38.8960,actual,IMF WEO / derived,https://data.imf.org/Datasets/WEO,Primary expenditure = revenue - primary balance.
MAE,G7 aggregate,2023,gross_debt,Gross debt,121.4900,actual,IMF WEO,https://data.imf.org/Datasets/WEO,April 2026 vintage; general government; percent of GDP; Fiscal Monitor used only where WEO is unavailable.
MAE,G7 aggregate,2023,net_debt,Net debt,92.3990,actual,IMF WEO,https://data.imf.org/Datasets/WEO,April 2026 vintage; general government; percent of GDP; Fiscal Monitor used only where WEO is unavailable.
MAE,G7 aggregate,2024,overall_balance,Overall balance,-6.1020,actual,IMF WEO,https://data.imf.org/Datasets/WEO,April 2026 vintage; general government; percent of GDP; Fiscal Monitor used only where WEO is unavailable.
MAE,G7 aggregate,2024,primary_balance,Primary balance,-3.5210,actual,IMF WEO,https://data.imf.org/Datasets/WEO,April 2026 vintage; general government; percent of GDP; Fiscal Monitor used only where WEO is unavailable.
MAE,G7 aggregate,2024,revenue,Revenue,35.2950,actual,IMF WEO,https://data.imf.org/Datasets/WEO,April 2026 vintage; general government; percent of GDP; Fiscal Monitor used only where WEO is unavailable.
MAE,G7 aggregate,2024,primary_expenditure,Primary expenditure,38.8160,actual,IMF WEO / derived,https://data.imf.org/Datasets/WEO,Primary expenditure = revenue - primary balance.
MAE,G7 aggregate,2024,gross_debt,Gross debt,122.1810,actual,IMF WEO,https://data.imf.org/Datasets/WEO,April 2026 vintage; general government; percent of GDP; Fiscal Monitor used only where WEO is unavailable.
MAE,G7 aggregate,2024,net_debt,Net debt,92.7690,actual,IMF WEO,https://data.imf.org/Datasets/WEO,April 2026 vintage; general government; percent of GDP; Fiscal Monitor used only where WEO is unavailable.
MAE,G7 aggregate,2025,overall_balance,Overall balance,-5.3130,estimate,IMF WEO,https://data.imf.org/Datasets/WEO,April 2026 vintage; general government; percent of GDP; Fiscal Monitor used only where WEO is unavailable.
MAE,G7 aggregate,2025,primary_balance,Primary balance,-2.5820,estimate,IMF WEO,https://data.imf.org/Datasets/WEO,April 2026 vintage; general government; percent of GDP; Fiscal Monitor used only where WEO is unavailable.
MAE,G7 aggregate,2025,revenue,Revenue,36.2010,estimate,IMF WEO,https://data.imf.org/Datasets/WEO,April 2026 vintage; general government; percent of GDP; Fiscal Monitor used only where WEO is unavailable.
MAE,G7 aggregate,2025,primary_expenditure,Primary expenditure,38.7830,estimate,IMF WEO / derived,https://data.imf.org/Datasets/WEO,Primary expenditure = revenue - primary balance.
MAE,G7 aggregate,2025,gross_debt,Gross debt,123.0380,estimate,IMF WEO,https://data.imf.org/Datasets/WEO,April 2026 vintage; general government; percent of GDP; Fiscal Monitor used only where WEO is unavailable.
MAE,G7 aggregate,2025,net_debt,Net debt,93.5360,estimate,IMF WEO,https://data.imf.org/Datasets/WEO,April 2026 vintage; general government; percent of GDP; Fiscal Monitor used only where WEO is unavailable.
MAE,G7 aggregate,2026,overall_balance,Overall balance,-5.8080,projection,IMF WEO,https://data.imf.org/Datasets/WEO,April 2026 vintage; general government; percent of GDP; Fiscal Monitor used only where WEO is unavailable.
MAE,G7 aggregate,2026,primary_balance,Primary balance,-2.9060,projection,IMF WEO,https://data.imf.org/Datasets/WEO,April 2026 vintage; general government; percent of GDP; Fiscal Monitor used only where WEO is unavailable.
MAE,G7 aggregate,2026,revenue,Revenue,36.1040,projection,IMF WEO,https://data.imf.org/Datasets/WEO,April 2026 vintage; general government; percent of GDP; Fiscal Monitor used only where WEO is unavailable.
MAE,G7 aggregate,2026,primary_expenditure,Primary expenditure,39.0100,projection,IMF WEO / derived,https://data.imf.org/Datasets/WEO,Primary expenditure = revenue - primary balance.
MAE,G7 aggregate,2026,gross_debt,Gross debt,123.7210,projection,IMF WEO,https://data.imf.org/Datasets/WEO,April 2026 vintage; general government; percent of GDP; Fiscal Monitor used only where WEO is unavailable.
MAE,G7 aggregate,2026,net_debt,Net debt,94.5530,projection,IMF WEO,https://data.imf.org/Datasets/WEO,April 2026 vintage; general government; percent of GDP; Fiscal Monitor used only where WEO is unavailable.
MAE,G7 aggregate,2027,overall_balance,Overall balance,-5.7160,projection,IMF WEO,https://data.imf.org/Datasets/WEO,April 2026 vintage; general government; percent of GDP; Fiscal Monitor used only where WEO is unavailable.
MAE,G7 aggregate,2027,primary_balance,Primary balance,-2.7170,projection,IMF WEO,https://data.imf.org/Datasets/WEO,April 2026 vintage; general government; percent of GDP; Fiscal Monitor used only where WEO is unavailable.
MAE,G7 aggregate,2027,revenue,Revenue,36.1950,projection,IMF WEO,https://data.imf.org/Datasets/WEO,April 2026 vintage; general government; percent of GDP; Fiscal Monitor used only where WEO is unavailable.
MAE,G7 aggregate,2027,primary_expenditure,Primary expenditure,38.9120,projection,IMF WEO / derived,https://data.imf.org/Datasets/WEO,Primary expenditure = revenue - primary balance.
MAE,G7 aggregate,2027,gross_debt,Gross debt,125.3690,projection,IMF WEO,https://data.imf.org/Datasets/WEO,April 2026 vintage; general government; percent of GDP; Fiscal Monitor used only where WEO is unavailable.
MAE,G7 aggregate,2027,net_debt,Net debt,96.2130,projection,IMF WEO,https://data.imf.org/Datasets/WEO,April 2026 vintage; general government; percent of GDP; Fiscal Monitor used only where WEO is unavailable.
MAE,G7 aggregate,2028,overall_balance,Overall balance,-5.7810,projection,IMF WEO,https://data.imf.org/Datasets/WEO,April 2026 vintage; general government; percent of GDP; Fiscal Monitor used only where WEO is unavailable.
MAE,G7 aggregate,2028,primary_balance,Primary balance,-2.6520,projection,IMF WEO,https://data.imf.org/Datasets/WEO,April 2026 vintage; general government; percent of GDP; Fiscal Monitor used only where WEO is unavailable.
MAE,G7 aggregate,2028,revenue,Revenue,36.1040,projection,IMF WEO,https://data.imf.org/Datasets/WEO,April 2026 vintage; general government; percent of GDP; Fiscal Monitor used only where WEO is unavailable.
MAE,G7 aggregate,2028,primary_expenditure,Primary expenditure,38.7560,projection,IMF WEO / derived,https://data.imf.org/Datasets/WEO,Primary expenditure = revenue - primary balance.
MAE,G7 aggregate,2028,gross_debt,Gross debt,127.3820,projection,IMF WEO,https://data.imf.org/Datasets/WEO,April 2026 vintage; general government; percent of GDP; Fiscal Monitor used only where WEO is unavailable.
MAE,G7 aggregate,2028,net_debt,Net debt,98.3040,projection,IMF WEO,https://data.imf.org/Datasets/WEO,April 2026 vintage; general government; percent of GDP; Fiscal Monitor used only where WEO is unavailable.
MAE,G7 aggregate,2029,overall_balance,Overall balance,-5.6250,projection,IMF WEO,https://data.imf.org/Datasets/WEO,April 2026 vintage; general government; percent of GDP; Fiscal Monitor used only where WEO is unavailable.
MAE,G7 aggregate,2029,primary_balance,Primary balance,-2.3500,projection,IMF WEO,https://data.imf.org/Datasets/WEO,April 2026 vintage; general government; percent of GDP; Fiscal Monitor used only where WEO is unavailable.
MAE,G7 aggregate,2029,revenue,Revenue,36.1550,projection,IMF WEO,https://data.imf.org/Datasets/WEO,April 2026 vintage; general government; percent of GDP; Fiscal Monitor used only where WEO is unavailable.
MAE,G7 aggregate,2029,primary_expenditure,Primary expenditure,38.5050,projection,IMF WEO / derived,https://data.imf.org/Datasets/WEO,Primary expenditure = revenue - primary balance.
MAE,G7 aggregate,2029,gross_debt,Gross debt,129.2260,projection,IMF WEO,https://data.imf.org/Datasets/WEO,April 2026 vintage; general government; percent of GDP; Fiscal Monitor used only where WEO is unavailable.
MAE,G7 aggregate,2029,net_debt,Net debt,100.3220,projection,IMF WEO,https://data.imf.org/Datasets/WEO,April 2026 vintage; general government; percent of GDP; Fiscal Monitor used only where WEO is unavailable.
MAE,G7 aggregate,2030,overall_balance,Overall balance,-5.5950,projection,IMF WEO,https://data.imf.org/Datasets/WEO,April 2026 vintage; general government; percent of GDP; Fiscal Monitor used only where WEO is unavailable.
MAE,G7 aggregate,2030,primary_balance,Primary balance,-2.1990,projection,IMF WEO,https://data.imf.org/Datasets/WEO,April 2026 vintage; general government; percent of GDP; Fiscal Monitor used only where WEO is unavailable.
MAE,G7 aggregate,2030,revenue,Revenue,36.3200,projection,IMF WEO,https://data.imf.org/Datasets/WEO,April 2026 vintage; general government; percent of GDP; Fiscal Monitor used only where WEO is unavailable.
MAE,G7 aggregate,2030,primary_expenditure,Primary expenditure,38.5190,projection,IMF WEO / derived,https://data.imf.org/Datasets/WEO,Primary expenditure = revenue - primary balance.
MAE,G7 aggregate,2030,gross_debt,Gross debt,131.0420,projection,IMF WEO,https://data.imf.org/Datasets/WEO,April 2026 vintage; general government; percent of GDP; Fiscal Monitor used only where WEO is unavailable.
MAE,G7 aggregate,2030,net_debt,Net debt,102.3590,projection,IMF WEO,https://data.imf.org/Datasets/WEO,April 2026 vintage; general government; percent of GDP; Fiscal Monitor used only where WEO is unavailable.
MAE,G7 aggregate,2031,overall_balance,Overall balance,-5.5240,projection,IMF WEO,https://data.imf.org/Datasets/WEO,April 2026 vintage; general government; percent of GDP; Fiscal Monitor used only where WEO is unavailable.
MAE,G7 aggregate,2031,primary_balance,Primary balance,-2.0270,projection,IMF WEO,https://data.imf.org/Datasets/WEO,April 2026 vintage; general government; percent of GDP; Fiscal Monitor used only where WEO is unavailable.
MAE,G7 aggregate,2031,revenue,Revenue,36.3990,projection,IMF WEO,https://data.imf.org/Datasets/WEO,April 2026 vintage; general government; percent of GDP; Fiscal Monitor used only where WEO is unavailable.
MAE,G7 aggregate,2031,primary_expenditure,Primary expenditure,38.4260,projection,IMF WEO / derived,https://data.imf.org/Datasets/WEO,Primary expenditure = revenue - primary balance.
MAE,G7 aggregate,2031,gross_debt,Gross debt,132.8150,projection,IMF WEO,https://data.imf.org/Datasets/WEO,April 2026 vintage; general government; percent of GDP; Fiscal Monitor used only where WEO is unavailable.
MAE,G7 aggregate,2031,net_debt,Net debt,104.3950,projection,IMF WEO,https://data.imf.org/Datasets/WEO,April 2026 vintage; general government; percent of GDP; Fiscal Monitor used only where WEO is unavailable.
USA,United States,2001,overall_balance,Overall balance,-0.5440,actual,IMF WEO,https://data.imf.org/Datasets/WEO,April 2026 vintage; general government; percent of GDP; Fiscal Monitor used only where WEO is unavailable.
USA,United States,2001,primary_balance,Primary balance,1.7680,actual,IMF WEO,https://data.imf.org/Datasets/WEO,April 2026 vintage; general government; percent of GDP; Fiscal Monitor used only where WEO is unavailable.
USA,United States,2001,revenue,Revenue,32.2570,actual,IMF WEO,https://data.imf.org/Datasets/WEO,April 2026 vintage; general government; percent of GDP; Fiscal Monitor used only where WEO is unavailable.
USA,United States,2001,primary_expenditure,Primary expenditure,30.4890,actual,IMF WEO / derived,https://data.imf.org/Datasets/WEO,Primary expenditure = revenue - primary balance.
USA,United States,2001,gross_debt,Gross debt,53.4850,actual,IMF WEO,https://data.imf.org/Datasets/WEO,April 2026 vintage; general government; percent of GDP; Fiscal Monitor used only where WEO is unavailable.
USA,United States,2001,net_debt,Net debt,34.4470,actual,IMF WEO,https://data.imf.org/Datasets/WEO,April 2026 vintage; general government; percent of GDP; Fiscal Monitor used only where WEO is unavailable.
USA,United States,2002,overall_balance,Overall balance,-3.8210,actual,IMF WEO,https://data.imf.org/Datasets/WEO,April 2026 vintage; general government; percent of GDP; Fiscal Monitor used only where WEO is unavailable.
USA,United States,2002,primary_balance,Primary balance,-1.7170,actual,IMF WEO,https://data.imf.org/Datasets/WEO,April 2026 vintage; general government; percent of GDP; Fiscal Monitor used only where WEO is unavailable.
USA,United States,2002,revenue,Revenue,29.8770,actual,IMF WEO,https://data.imf.org/Datasets/WEO,April 2026 vintage; general government; percent of GDP; Fiscal Monitor used only where WEO is unavailable.
USA,United States,2002,primary_expenditure,Primary expenditure,31.5940,actual,IMF WEO / derived,https://data.imf.org/Datasets/WEO,Primary expenditure = revenue - primary balance.
USA,United States,2002,gross_debt,Gross debt,55.8590,actual,IMF WEO,https://data.imf.org/Datasets/WEO,April 2026 vintage; general government; percent of GDP; Fiscal Monitor used only where WEO is unavailable.
USA,United States,2002,net_debt,Net debt,36.6750,actual,IMF WEO,https://data.imf.org/Datasets/WEO,April 2026 vintage; general government; percent of GDP; Fiscal Monitor used only where WEO is unavailable.
USA,United States,2003,overall_balance,Overall balance,-4.7710,actual,IMF WEO,https://data.imf.org/Datasets/WEO,April 2026 vintage; general government; percent of GDP; Fiscal Monitor used only where WEO is unavailable.
USA,United States,2003,primary_balance,Primary balance,-2.8120,actual,IMF WEO,https://data.imf.org/Datasets/WEO,April 2026 vintage; general government; percent of GDP; Fiscal Monitor used only where WEO is unavailable.
USA,United States,2003,revenue,Revenue,29.2660,actual,IMF WEO,https://data.imf.org/Datasets/WEO,April 2026 vintage; general government; percent of GDP; Fiscal Monitor used only where WEO is unavailable.
USA,United States,2003,primary_expenditure,Primary expenditure,32.0780,actual,IMF WEO / derived,https://data.imf.org/Datasets/WEO,Primary expenditure = revenue - primary balance.
USA,United States,2003,gross_debt,Gross debt,58.9560,actual,IMF WEO,https://data.imf.org/Datasets/WEO,April 2026 vintage; general government; percent of GDP; Fiscal Monitor used only where WEO is unavailable.
USA,United States,2003,net_debt,Net debt,38.8150,actual,IMF WEO,https://data.imf.org/Datasets/WEO,April 2026 vintage; general government; percent of GDP; Fiscal Monitor used only where WEO is unavailable.
USA,United States,2004,overall_balance,Overall balance,-4.2440,actual,IMF WEO,https://data.imf.org/Datasets/WEO,April 2026 vintage; general government; percent of GDP; Fiscal Monitor used only where WEO is unavailable.
USA,United States,2004,primary_balance,Primary balance,-2.3510,actual,IMF WEO,https://data.imf.org/Datasets/WEO,April 2026 vintage; general government; percent of GDP; Fiscal Monitor used only where WEO is unavailable.
USA,United States,2004,revenue,Revenue,29.4760,actual,IMF WEO,https://data.imf.org/Datasets/WEO,April 2026 vintage; general government; percent of GDP; Fiscal Monitor used only where WEO is unavailable.
USA,United States,2004,primary_expenditure,Primary expenditure,31.8270,actual,IMF WEO / derived,https://data.imf.org/Datasets/WEO,Primary expenditure = revenue - primary balance.
USA,United States,2004,gross_debt,Gross debt,66.4380,actual,IMF WEO,https://data.imf.org/Datasets/WEO,April 2026 vintage; general government; percent of GDP; Fiscal Monitor used only where WEO is unavailable.
USA,United States,2004,net_debt,Net debt,47.3740,actual,IMF WEO,https://data.imf.org/Datasets/WEO,April 2026 vintage; general government; percent of GDP; Fiscal Monitor used only where WEO is unavailable.
USA,United States,2005,overall_balance,Overall balance,-3.0750,actual,IMF WEO,https://data.imf.org/Datasets/WEO,April 2026 vintage; general government; percent of GDP; Fiscal Monitor used only where WEO is unavailable.
USA,United States,2005,primary_balance,Primary balance,-1.0840,actual,IMF WEO,https://data.imf.org/Datasets/WEO,April 2026 vintage; general government; percent of GDP; Fiscal Monitor used only where WEO is unavailable.
USA,United States,2005,revenue,Revenue,30.8530,actual,IMF WEO,https://data.imf.org/Datasets/WEO,April 2026 vintage; general government; percent of GDP; Fiscal Monitor used only where WEO is unavailable.
USA,United States,2005,primary_expenditure,Primary expenditure,31.9370,actual,IMF WEO / derived,https://data.imf.org/Datasets/WEO,Primary expenditure = revenue - primary balance.
USA,United States,2005,gross_debt,Gross debt,65.7770,actual,IMF WEO,https://data.imf.org/Datasets/WEO,April 2026 vintage; general government; percent of GDP; Fiscal Monitor used only where WEO is unavailable.
USA,United States,2005,net_debt,Net debt,45.9490,actual,IMF WEO,https://data.imf.org/Datasets/WEO,April 2026 vintage; general government; percent of GDP; Fiscal Monitor used only where WEO is unavailable.
USA,United States,2006,overall_balance,Overall balance,-2.0360,actual,IMF WEO,https://data.imf.org/Datasets/WEO,April 2026 vintage; general government; percent of GDP; Fiscal Monitor used only where WEO is unavailable.
USA,United States,2006,primary_balance,Primary balance,-0.0740,actual,IMF WEO,https://data.imf.org/Datasets/WEO,April 2026 vintage; general government; percent of GDP; Fiscal Monitor used only where WEO is unavailable.
USA,United States,2006,revenue,Revenue,31.6560,actual,IMF WEO,https://data.imf.org/Datasets/WEO,April 2026 vintage; general government; percent of GDP; Fiscal Monitor used only where WEO is unavailable.
USA,United States,2006,primary_expenditure,Primary expenditure,31.7300,actual,IMF WEO / derived,https://data.imf.org/Datasets/WEO,Primary expenditure = revenue - primary balance.
USA,United States,2006,gross_debt,Gross debt,64.5310,actual,IMF WEO,https://data.imf.org/Datasets/WEO,April 2026 vintage; general government; percent of GDP; Fiscal Monitor used only where WEO is unavailable.
USA,United States,2006,net_debt,Net debt,44.3840,actual,IMF WEO,https://data.imf.org/Datasets/WEO,April 2026 vintage; general government; percent of GDP; Fiscal Monitor used only where WEO is unavailable.
USA,United States,2007,overall_balance,Overall balance,-2.9130,actual,IMF WEO,https://data.imf.org/Datasets/WEO,April 2026 vintage; general government; percent of GDP; Fiscal Monitor used only where WEO is unavailable.
USA,United States,2007,primary_balance,Primary balance,-0.8470,actual,IMF WEO,https://data.imf.org/Datasets/WEO,April 2026 vintage; general government; percent of GDP; Fiscal Monitor used only where WEO is unavailable.
USA,United States,2007,revenue,Revenue,31.6490,actual,IMF WEO,https://data.imf.org/Datasets/WEO,April 2026 vintage; general government; percent of GDP; Fiscal Monitor used only where WEO is unavailable.
USA,United States,2007,primary_expenditure,Primary expenditure,32.4960,actual,IMF WEO / derived,https://data.imf.org/Datasets/WEO,Primary expenditure = revenue - primary balance.
USA,United States,2007,gross_debt,Gross debt,64.9480,actual,IMF WEO,https://data.imf.org/Datasets/WEO,April 2026 vintage; general government; percent of GDP; Fiscal Monitor used only where WEO is unavailable.
USA,United States,2007,net_debt,Net debt,44.0460,actual,IMF WEO,https://data.imf.org/Datasets/WEO,April 2026 vintage; general government; percent of GDP; Fiscal Monitor used only where WEO is unavailable.
USA,United States,2008,overall_balance,Overall balance,-6.6120,actual,IMF WEO,https://data.imf.org/Datasets/WEO,April 2026 vintage; general government; percent of GDP; Fiscal Monitor used only where WEO is unavailable.
USA,United States,2008,primary_balance,Primary balance,-4.5890,actual,IMF WEO,https://data.imf.org/Datasets/WEO,April 2026 vintage; general government; percent of GDP; Fiscal Monitor used only where WEO is unavailable.
USA,United States,2008,revenue,Revenue,30.5320,actual,IMF WEO,https://data.imf.org/Datasets/WEO,April 2026 vintage; general government; percent of GDP; Fiscal Monitor used only where WEO is unavailable.
USA,United States,2008,primary_expenditure,Primary expenditure,35.1210,actual,IMF WEO / derived,https://data.imf.org/Datasets/WEO,Primary expenditure = revenue - primary balance.
USA,United States,2008,gross_debt,Gross debt,73.8440,actual,IMF WEO,https://data.imf.org/Datasets/WEO,April 2026 vintage; general government; percent of GDP; Fiscal Monitor used only where WEO is unavailable.
USA,United States,2008,net_debt,Net debt,49.7260,actual,IMF WEO,https://data.imf.org/Datasets/WEO,April 2026 vintage; general government; percent of GDP; Fiscal Monitor used only where WEO is unavailable.
USA,United States,2009,overall_balance,Overall balance,-13.1770,actual,IMF WEO,https://data.imf.org/Datasets/WEO,April 2026 vintage; general government; percent of GDP; Fiscal Monitor used only where WEO is unavailable.
USA,United States,2009,primary_balance,Primary balance,-11.2880,actual,IMF WEO,https://data.imf.org/Datasets/WEO,April 2026 vintage; general government; percent of GDP; Fiscal Monitor used only where WEO is unavailable.
USA,United States,2009,revenue,Revenue,28.2220,actual,IMF WEO,https://data.imf.org/Datasets/WEO,April 2026 vintage; general government; percent of GDP; Fiscal Monitor used only where WEO is unavailable.
USA,United States,2009,primary_expenditure,Primary expenditure,39.5100,actual,IMF WEO / derived,https://data.imf.org/Datasets/WEO,Primary expenditure = revenue - primary balance.
USA,United States,2009,gross_debt,Gross debt,87.0710,actual,IMF WEO,https://data.imf.org/Datasets/WEO,April 2026 vintage; general government; percent of GDP; Fiscal Monitor used only where WEO is unavailable.
USA,United States,2009,net_debt,Net debt,60.5650,actual,IMF WEO,https://data.imf.org/Datasets/WEO,April 2026 vintage; general government; percent of GDP; Fiscal Monitor used only where WEO is unavailable.
USA,United States,2010,overall_balance,Overall balance,-10.9930,actual,IMF WEO,https://data.imf.org/Datasets/WEO,April 2026 vintage; general government; percent of GDP; Fiscal Monitor used only where WEO is unavailable.
USA,United States,2010,primary_balance,Primary balance,-8.9660,actual,IMF WEO,https://data.imf.org/Datasets/WEO,April 2026 vintage; general government; percent of GDP; Fiscal Monitor used only where WEO is unavailable.
USA,United States,2010,revenue,Revenue,28.7700,actual,IMF WEO,https://data.imf.org/Datasets/WEO,April 2026 vintage; general government; percent of GDP; Fiscal Monitor used only where WEO is unavailable.
USA,United States,2010,primary_expenditure,Primary expenditure,37.7360,actual,IMF WEO / derived,https://data.imf.org/Datasets/WEO,Primary expenditure = revenue - primary balance.
USA,United States,2010,gross_debt,Gross debt,95.6510,actual,IMF WEO,https://data.imf.org/Datasets/WEO,April 2026 vintage; general government; percent of GDP; Fiscal Monitor used only where WEO is unavailable.
USA,United States,2010,net_debt,Net debt,66.9720,actual,IMF WEO,https://data.imf.org/Datasets/WEO,April 2026 vintage; general government; percent of GDP; Fiscal Monitor used only where WEO is unavailable.
USA,United States,2011,overall_balance,Overall balance,-9.7160,actual,IMF WEO,https://data.imf.org/Datasets/WEO,April 2026 vintage; general government; percent of GDP; Fiscal Monitor used only where WEO is unavailable.
USA,United States,2011,primary_balance,Primary balance,-7.4190,actual,IMF WEO,https://data.imf.org/Datasets/WEO,April 2026 vintage; general government; percent of GDP; Fiscal Monitor used only where WEO is unavailable.
USA,United States,2011,revenue,Revenue,29.0800,actual,IMF WEO,https://data.imf.org/Datasets/WEO,April 2026 vintage; general government; percent of GDP; Fiscal Monitor used only where WEO is unavailable.
USA,United States,2011,primary_expenditure,Primary expenditure,36.4990,actual,IMF WEO / derived,https://data.imf.org/Datasets/WEO,Primary expenditure = revenue - primary balance.
USA,United States,2011,gross_debt,Gross debt,100.0270,actual,IMF WEO,https://data.imf.org/Datasets/WEO,April 2026 vintage; general government; percent of GDP; Fiscal Monitor used only where WEO is unavailable.
USA,United States,2011,net_debt,Net debt,73.5330,actual,IMF WEO,https://data.imf.org/Datasets/WEO,April 2026 vintage; general government; percent of GDP; Fiscal Monitor used only where WEO is unavailable.
USA,United States,2012,overall_balance,Overall balance,-8.1140,actual,IMF WEO,https://data.imf.org/Datasets/WEO,April 2026 vintage; general government; percent of GDP; Fiscal Monitor used only where WEO is unavailable.
USA,United States,2012,primary_balance,Primary balance,-5.9050,actual,IMF WEO,https://data.imf.org/Datasets/WEO,April 2026 vintage; general government; percent of GDP; Fiscal Monitor used only where WEO is unavailable.
USA,United States,2012,revenue,Revenue,29.1090,actual,IMF WEO,https://data.imf.org/Datasets/WEO,April 2026 vintage; general government; percent of GDP; Fiscal Monitor used only where WEO is unavailable.
USA,United States,2012,primary_expenditure,Primary expenditure,35.0140,actual,IMF WEO / derived,https://data.imf.org/Datasets/WEO,Primary expenditure = revenue - primary balance.
USA,United States,2012,gross_debt,Gross debt,103.6670,actual,IMF WEO,https://data.imf.org/Datasets/WEO,April 2026 vintage; general government; percent of GDP; Fiscal Monitor used only where WEO is unavailable.
USA,United States,2012,net_debt,Net debt,77.9120,actual,IMF WEO,https://data.imf.org/Datasets/WEO,April 2026 vintage; general government; percent of GDP; Fiscal Monitor used only where WEO is unavailable.
USA,United States,2013,overall_balance,Overall balance,-4.5610,actual,IMF WEO,https://data.imf.org/Datasets/WEO,April 2026 vintage; general government; percent of GDP; Fiscal Monitor used only where WEO is unavailable.
USA,United States,2013,primary_balance,Primary balance,-2.5840,actual,IMF WEO,https://data.imf.org/Datasets/WEO,April 2026 vintage; general government; percent of GDP; Fiscal Monitor used only where WEO is unavailable.
USA,United States,2013,revenue,Revenue,31.2220,actual,IMF WEO,https://data.imf.org/Datasets/WEO,April 2026 vintage; general government; percent of GDP; Fiscal Monitor used only where WEO is unavailable.
USA,United States,2013,primary_expenditure,Primary expenditure,33.8060,actual,IMF WEO / derived,https://data.imf.org/Datasets/WEO,Primary expenditure = revenue - primary balance.
USA,United States,2013,gross_debt,Gross debt,105.0150,actual,IMF WEO,https://data.imf.org/Datasets/WEO,April 2026 vintage; general government; percent of GDP; Fiscal Monitor used only where WEO is unavailable.
USA,United States,2013,net_debt,Net debt,78.8000,actual,IMF WEO,https://data.imf.org/Datasets/WEO,April 2026 vintage; general government; percent of GDP; Fiscal Monitor used only where WEO is unavailable.
USA,United States,2014,overall_balance,Overall balance,-4.0260,actual,IMF WEO,https://data.imf.org/Datasets/WEO,April 2026 vintage; general government; percent of GDP; Fiscal Monitor used only where WEO is unavailable.
USA,United States,2014,primary_balance,Primary balance,-2.0560,actual,IMF WEO,https://data.imf.org/Datasets/WEO,April 2026 vintage; general government; percent of GDP; Fiscal Monitor used only where WEO is unavailable.
USA,United States,2014,revenue,Revenue,31.2980,actual,IMF WEO,https://data.imf.org/Datasets/WEO,April 2026 vintage; general government; percent of GDP; Fiscal Monitor used only where WEO is unavailable.
USA,United States,2014,primary_expenditure,Primary expenditure,33.3540,actual,IMF WEO / derived,https://data.imf.org/Datasets/WEO,Primary expenditure = revenue - primary balance.
USA,United States,2014,gross_debt,Gross debt,104.9420,actual,IMF WEO,https://data.imf.org/Datasets/WEO,April 2026 vintage; general government; percent of GDP; Fiscal Monitor used only where WEO is unavailable.
USA,United States,2014,net_debt,Net debt,79.6800,actual,IMF WEO,https://data.imf.org/Datasets/WEO,April 2026 vintage; general government; percent of GDP; Fiscal Monitor used only where WEO is unavailable.
USA,United States,2015,overall_balance,Overall balance,-3.5300,actual,IMF WEO,https://data.imf.org/Datasets/WEO,April 2026 vintage; general government; percent of GDP; Fiscal Monitor used only where WEO is unavailable.
USA,United States,2015,primary_balance,Primary balance,-1.6920,actual,IMF WEO,https://data.imf.org/Datasets/WEO,April 2026 vintage; general government; percent of GDP; Fiscal Monitor used only where WEO is unavailable.
USA,United States,2015,revenue,Revenue,31.5010,actual,IMF WEO,https://data.imf.org/Datasets/WEO,April 2026 vintage; general government; percent of GDP; Fiscal Monitor used only where WEO is unavailable.
USA,United States,2015,primary_expenditure,Primary expenditure,33.1930,actual,IMF WEO / derived,https://data.imf.org/Datasets/WEO,Primary expenditure = revenue - primary balance.
USA,United States,2015,gross_debt,Gross debt,105.4420,actual,IMF WEO,https://data.imf.org/Datasets/WEO,April 2026 vintage; general government; percent of GDP; Fiscal Monitor used only where WEO is unavailable.
USA,United States,2015,net_debt,Net debt,79.9650,actual,IMF WEO,https://data.imf.org/Datasets/WEO,April 2026 vintage; general government; percent of GDP; Fiscal Monitor used only where WEO is unavailable.
USA,United States,2016,overall_balance,Overall balance,-4.3560,actual,IMF WEO,https://data.imf.org/Datasets/WEO,April 2026 vintage; general government; percent of GDP; Fiscal Monitor used only where WEO is unavailable.
USA,United States,2016,primary_balance,Primary balance,-2.3740,actual,IMF WEO,https://data.imf.org/Datasets/WEO,April 2026 vintage; general government; percent of GDP; Fiscal Monitor used only where WEO is unavailable.
USA,United States,2016,revenue,Revenue,30.9770,actual,IMF WEO,https://data.imf.org/Datasets/WEO,April 2026 vintage; general government; percent of GDP; Fiscal Monitor used only where WEO is unavailable.
USA,United States,2016,primary_expenditure,Primary expenditure,33.3510,actual,IMF WEO / derived,https://data.imf.org/Datasets/WEO,Primary expenditure = revenue - primary balance.
USA,United States,2016,gross_debt,Gross debt,107.4050,actual,IMF WEO,https://data.imf.org/Datasets/WEO,April 2026 vintage; general government; percent of GDP; Fiscal Monitor used only where WEO is unavailable.
USA,United States,2016,net_debt,Net debt,80.9800,actual,IMF WEO,https://data.imf.org/Datasets/WEO,April 2026 vintage; general government; percent of GDP; Fiscal Monitor used only where WEO is unavailable.
USA,United States,2017,overall_balance,Overall balance,-4.7940,actual,IMF WEO,https://data.imf.org/Datasets/WEO,April 2026 vintage; general government; percent of GDP; Fiscal Monitor used only where WEO is unavailable.
USA,United States,2017,primary_balance,Primary balance,-2.7810,actual,IMF WEO,https://data.imf.org/Datasets/WEO,April 2026 vintage; general government; percent of GDP; Fiscal Monitor used only where WEO is unavailable.
USA,United States,2017,revenue,Revenue,30.4000,actual,IMF WEO,https://data.imf.org/Datasets/WEO,April 2026 vintage; general government; percent of GDP; Fiscal Monitor used only where WEO is unavailable.
USA,United States,2017,primary_expenditure,Primary expenditure,33.1810,actual,IMF WEO / derived,https://data.imf.org/Datasets/WEO,Primary expenditure = revenue - primary balance.
USA,United States,2017,gross_debt,Gross debt,106.4030,actual,IMF WEO,https://data.imf.org/Datasets/WEO,April 2026 vintage; general government; percent of GDP; Fiscal Monitor used only where WEO is unavailable.
USA,United States,2017,net_debt,Net debt,79.1840,actual,IMF WEO,https://data.imf.org/Datasets/WEO,April 2026 vintage; general government; percent of GDP; Fiscal Monitor used only where WEO is unavailable.
USA,United States,2018,overall_balance,Overall balance,-5.3350,actual,IMF WEO,https://data.imf.org/Datasets/WEO,April 2026 vintage; general government; percent of GDP; Fiscal Monitor used only where WEO is unavailable.
USA,United States,2018,primary_balance,Primary balance,-3.1010,actual,IMF WEO,https://data.imf.org/Datasets/WEO,April 2026 vintage; general government; percent of GDP; Fiscal Monitor used only where WEO is unavailable.
USA,United States,2018,revenue,Revenue,30.0140,actual,IMF WEO,https://data.imf.org/Datasets/WEO,April 2026 vintage; general government; percent of GDP; Fiscal Monitor used only where WEO is unavailable.
USA,United States,2018,primary_expenditure,Primary expenditure,33.1150,actual,IMF WEO / derived,https://data.imf.org/Datasets/WEO,Primary expenditure = revenue - primary balance.
USA,United States,2018,gross_debt,Gross debt,107.6530,actual,IMF WEO,https://data.imf.org/Datasets/WEO,April 2026 vintage; general government; percent of GDP; Fiscal Monitor used only where WEO is unavailable.
USA,United States,2018,net_debt,Net debt,79.8510,actual,IMF WEO,https://data.imf.org/Datasets/WEO,April 2026 vintage; general government; percent of GDP; Fiscal Monitor used only where WEO is unavailable.
USA,United States,2019,overall_balance,Overall balance,-5.8050,actual,IMF WEO,https://data.imf.org/Datasets/WEO,April 2026 vintage; general government; percent of GDP; Fiscal Monitor used only where WEO is unavailable.
USA,United States,2019,primary_balance,Primary balance,-3.5280,actual,IMF WEO,https://data.imf.org/Datasets/WEO,April 2026 vintage; general government; percent of GDP; Fiscal Monitor used only where WEO is unavailable.
USA,United States,2019,revenue,Revenue,30.0140,actual,IMF WEO,https://data.imf.org/Datasets/WEO,April 2026 vintage; general government; percent of GDP; Fiscal Monitor used only where WEO is unavailable.
USA,United States,2019,primary_expenditure,Primary expenditure,33.5420,actual,IMF WEO / derived,https://data.imf.org/Datasets/WEO,Primary expenditure = revenue - primary balance.
USA,United States,2019,gross_debt,Gross debt,108.7850,actual,IMF WEO,https://data.imf.org/Datasets/WEO,April 2026 vintage; general government; percent of GDP; Fiscal Monitor used only where WEO is unavailable.
USA,United States,2019,net_debt,Net debt,81.5570,actual,IMF WEO,https://data.imf.org/Datasets/WEO,April 2026 vintage; general government; percent of GDP; Fiscal Monitor used only where WEO is unavailable.
USA,United States,2020,overall_balance,Overall balance,-14.1270,actual,IMF WEO,https://data.imf.org/Datasets/WEO,April 2026 vintage; general government; percent of GDP; Fiscal Monitor used only where WEO is unavailable.
USA,United States,2020,primary_balance,Primary balance,-12.0770,actual,IMF WEO,https://data.imf.org/Datasets/WEO,April 2026 vintage; general government; percent of GDP; Fiscal Monitor used only where WEO is unavailable.
USA,United States,2020,revenue,Revenue,30.6090,actual,IMF WEO,https://data.imf.org/Datasets/WEO,April 2026 vintage; general government; percent of GDP; Fiscal Monitor used only where WEO is unavailable.
USA,United States,2020,primary_expenditure,Primary expenditure,42.6860,actual,IMF WEO / derived,https://data.imf.org/Datasets/WEO,Primary expenditure = revenue - primary balance.
USA,United States,2020,gross_debt,Gross debt,132.5520,actual,IMF WEO,https://data.imf.org/Datasets/WEO,April 2026 vintage; general government; percent of GDP; Fiscal Monitor used only where WEO is unavailable.
USA,United States,2020,net_debt,Net debt,95.9350,actual,IMF WEO,https://data.imf.org/Datasets/WEO,April 2026 vintage; general government; percent of GDP; Fiscal Monitor used only where WEO is unavailable.
USA,United States,2021,overall_balance,Overall balance,-11.4610,actual,IMF WEO,https://data.imf.org/Datasets/WEO,April 2026 vintage; general government; percent of GDP; Fiscal Monitor used only where WEO is unavailable.
USA,United States,2021,primary_balance,Primary balance,-9.1930,actual,IMF WEO,https://data.imf.org/Datasets/WEO,April 2026 vintage; general government; percent of GDP; Fiscal Monitor used only where WEO is unavailable.
USA,United States,2021,revenue,Revenue,31.7620,actual,IMF WEO,https://data.imf.org/Datasets/WEO,April 2026 vintage; general government; percent of GDP; Fiscal Monitor used only where WEO is unavailable.
USA,United States,2021,primary_expenditure,Primary expenditure,40.9550,actual,IMF WEO / derived,https://data.imf.org/Datasets/WEO,Primary expenditure = revenue - primary balance.
USA,United States,2021,gross_debt,Gross debt,125.0480,actual,IMF WEO,https://data.imf.org/Datasets/WEO,April 2026 vintage; general government; percent of GDP; Fiscal Monitor used only where WEO is unavailable.
USA,United States,2021,net_debt,Net debt,95.1840,actual,IMF WEO,https://data.imf.org/Datasets/WEO,April 2026 vintage; general government; percent of GDP; Fiscal Monitor used only where WEO is unavailable.
USA,United States,2022,overall_balance,Overall balance,-3.7220,actual,IMF WEO,https://data.imf.org/Datasets/WEO,April 2026 vintage; general government; percent of GDP; Fiscal Monitor used only where WEO is unavailable.
USA,United States,2022,primary_balance,Primary balance,-0.9890,actual,IMF WEO,https://data.imf.org/Datasets/WEO,April 2026 vintage; general government; percent of GDP; Fiscal Monitor used only where WEO is unavailable.
USA,United States,2022,revenue,Revenue,33.0750,actual,IMF WEO,https://data.imf.org/Datasets/WEO,April 2026 vintage; general government; percent of GDP; Fiscal Monitor used only where WEO is unavailable.
USA,United States,2022,primary_expenditure,Primary expenditure,34.0640,actual,IMF WEO / derived,https://data.imf.org/Datasets/WEO,Primary expenditure = revenue - primary balance.
USA,United States,2022,gross_debt,Gross debt,119.1450,actual,IMF WEO,https://data.imf.org/Datasets/WEO,April 2026 vintage; general government; percent of GDP; Fiscal Monitor used only where WEO is unavailable.
USA,United States,2022,net_debt,Net debt,91.3070,actual,IMF WEO,https://data.imf.org/Datasets/WEO,April 2026 vintage; general government; percent of GDP; Fiscal Monitor used only where WEO is unavailable.
USA,United States,2023,overall_balance,Overall balance,-7.8870,actual,IMF WEO,https://data.imf.org/Datasets/WEO,April 2026 vintage; general government; percent of GDP; Fiscal Monitor used only where WEO is unavailable.
USA,United States,2023,primary_balance,Primary balance,-4.7590,actual,IMF WEO,https://data.imf.org/Datasets/WEO,April 2026 vintage; general government; percent of GDP; Fiscal Monitor used only where WEO is unavailable.
USA,United States,2023,revenue,Revenue,29.6220,actual,IMF WEO,https://data.imf.org/Datasets/WEO,April 2026 vintage; general government; percent of GDP; Fiscal Monitor used only where WEO is unavailable.
USA,United States,2023,primary_expenditure,Primary expenditure,34.3810,actual,IMF WEO / derived,https://data.imf.org/Datasets/WEO,Primary expenditure = revenue - primary balance.
USA,United States,2023,gross_debt,Gross debt,119.9630,actual,IMF WEO,https://data.imf.org/Datasets/WEO,April 2026 vintage; general government; percent of GDP; Fiscal Monitor used only where WEO is unavailable.
USA,United States,2023,net_debt,Net debt,93.9730,actual,IMF WEO,https://data.imf.org/Datasets/WEO,April 2026 vintage; general government; percent of GDP; Fiscal Monitor used only where WEO is unavailable.
USA,United States,2024,overall_balance,Overall balance,-7.8580,actual,IMF WEO,https://data.imf.org/Datasets/WEO,April 2026 vintage; general government; percent of GDP; Fiscal Monitor used only where WEO is unavailable.
USA,United States,2024,primary_balance,Primary balance,-4.3710,actual,IMF WEO,https://data.imf.org/Datasets/WEO,April 2026 vintage; general government; percent of GDP; Fiscal Monitor used only where WEO is unavailable.
USA,United States,2024,revenue,Revenue,29.8790,actual,IMF WEO,https://data.imf.org/Datasets/WEO,April 2026 vintage; general government; percent of GDP; Fiscal Monitor used only where WEO is unavailable.
USA,United States,2024,primary_expenditure,Primary expenditure,34.2500,actual,IMF WEO / derived,https://data.imf.org/Datasets/WEO,Primary expenditure = revenue - primary balance.
USA,United States,2024,gross_debt,Gross debt,122.2700,actual,IMF WEO,https://data.imf.org/Datasets/WEO,April 2026 vintage; general government; percent of GDP; Fiscal Monitor used only where WEO is unavailable.
USA,United States,2024,net_debt,Net debt,95.6690,actual,IMF WEO,https://data.imf.org/Datasets/WEO,April 2026 vintage; general government; percent of GDP; Fiscal Monitor used only where WEO is unavailable.
USA,United States,2025,overall_balance,Overall balance,-6.8240,actual,IMF WEO,https://data.imf.org/Datasets/WEO,April 2026 vintage; general government; percent of GDP; Fiscal Monitor used only where WEO is unavailable.
USA,United States,2025,primary_balance,Primary balance,-3.1700,actual,IMF WEO,https://data.imf.org/Datasets/WEO,April 2026 vintage; general government; percent of GDP; Fiscal Monitor used only where WEO is unavailable.
USA,United States,2025,revenue,Revenue,30.8800,actual,IMF WEO,https://data.imf.org/Datasets/WEO,April 2026 vintage; general government; percent of GDP; Fiscal Monitor used only where WEO is unavailable.
USA,United States,2025,primary_expenditure,Primary expenditure,34.0500,actual,IMF WEO / derived,https://data.imf.org/Datasets/WEO,Primary expenditure = revenue - primary balance.
USA,United States,2025,gross_debt,Gross debt,123.8860,actual,IMF WEO,https://data.imf.org/Datasets/WEO,April 2026 vintage; general government; percent of GDP; Fiscal Monitor used only where WEO is unavailable.
USA,United States,2025,net_debt,Net debt,96.6960,actual,IMF WEO,https://data.imf.org/Datasets/WEO,April 2026 vintage; general government; percent of GDP; Fiscal Monitor used only where WEO is unavailable.
USA,United States,2026,overall_balance,Overall balance,-7.5020,projection,IMF WEO,https://data.imf.org/Datasets/WEO,April 2026 vintage; general government; percent of GDP; Fiscal Monitor used only where WEO is unavailable.
USA,United States,2026,primary_balance,Primary balance,-3.6680,projection,IMF WEO,https://data.imf.org/Datasets/WEO,April 2026 vintage; general government; percent of GDP; Fiscal Monitor used only where WEO is unavailable.
USA,United States,2026,revenue,Revenue,30.4370,projection,IMF WEO,https://data.imf.org/Datasets/WEO,April 2026 vintage; general government; percent of GDP; Fiscal Monitor used only where WEO is unavailable.
USA,United States,2026,primary_expenditure,Primary expenditure,34.1050,projection,IMF WEO / derived,https://data.imf.org/Datasets/WEO,Primary expenditure = revenue - primary balance.
USA,United States,2026,gross_debt,Gross debt,125.7810,projection,IMF WEO,https://data.imf.org/Datasets/WEO,April 2026 vintage; general government; percent of GDP; Fiscal Monitor used only where WEO is unavailable.
USA,United States,2026,net_debt,Net debt,98.5270,projection,IMF WEO,https://data.imf.org/Datasets/WEO,April 2026 vintage; general government; percent of GDP; Fiscal Monitor used only where WEO is unavailable.
USA,United States,2027,overall_balance,Overall balance,-7.3740,projection,IMF WEO,https://data.imf.org/Datasets/WEO,April 2026 vintage; general government; percent of GDP; Fiscal Monitor used only where WEO is unavailable.
USA,United States,2027,primary_balance,Primary balance,-3.5170,projection,IMF WEO,https://data.imf.org/Datasets/WEO,April 2026 vintage; general government; percent of GDP; Fiscal Monitor used only where WEO is unavailable.
USA,United States,2027,revenue,Revenue,30.5310,projection,IMF WEO,https://data.imf.org/Datasets/WEO,April 2026 vintage; general government; percent of GDP; Fiscal Monitor used only where WEO is unavailable.
USA,United States,2027,primary_expenditure,Primary expenditure,34.0480,projection,IMF WEO / derived,https://data.imf.org/Datasets/WEO,Primary expenditure = revenue - primary balance.
USA,United States,2027,gross_debt,Gross debt,128.5760,projection,IMF WEO,https://data.imf.org/Datasets/WEO,April 2026 vintage; general government; percent of GDP; Fiscal Monitor used only where WEO is unavailable.
USA,United States,2027,net_debt,Net debt,101.2610,projection,IMF WEO,https://data.imf.org/Datasets/WEO,April 2026 vintage; general government; percent of GDP; Fiscal Monitor used only where WEO is unavailable.
USA,United States,2028,overall_balance,Overall balance,-7.5950,projection,IMF WEO,https://data.imf.org/Datasets/WEO,April 2026 vintage; general government; percent of GDP; Fiscal Monitor used only where WEO is unavailable.
USA,United States,2028,primary_balance,Primary balance,-3.6560,projection,IMF WEO,https://data.imf.org/Datasets/WEO,April 2026 vintage; general government; percent of GDP; Fiscal Monitor used only where WEO is unavailable.
USA,United States,2028,revenue,Revenue,30.3830,projection,IMF WEO,https://data.imf.org/Datasets/WEO,April 2026 vintage; general government; percent of GDP; Fiscal Monitor used only where WEO is unavailable.
USA,United States,2028,primary_expenditure,Primary expenditure,34.0390,projection,IMF WEO / derived,https://data.imf.org/Datasets/WEO,Primary expenditure = revenue - primary balance.
USA,United States,2028,gross_debt,Gross debt,132.1340,projection,IMF WEO,https://data.imf.org/Datasets/WEO,April 2026 vintage; general government; percent of GDP; Fiscal Monitor used only where WEO is unavailable.
USA,United States,2028,net_debt,Net debt,104.8370,projection,IMF WEO,https://data.imf.org/Datasets/WEO,April 2026 vintage; general government; percent of GDP; Fiscal Monitor used only where WEO is unavailable.
USA,United States,2029,overall_balance,Overall balance,-7.4530,projection,IMF WEO,https://data.imf.org/Datasets/WEO,April 2026 vintage; general government; percent of GDP; Fiscal Monitor used only where WEO is unavailable.
USA,United States,2029,primary_balance,Primary balance,-3.3690,projection,IMF WEO,https://data.imf.org/Datasets/WEO,April 2026 vintage; general government; percent of GDP; Fiscal Monitor used only where WEO is unavailable.
USA,United States,2029,revenue,Revenue,30.3960,projection,IMF WEO,https://data.imf.org/Datasets/WEO,April 2026 vintage; general government; percent of GDP; Fiscal Monitor used only where WEO is unavailable.
USA,United States,2029,primary_expenditure,Primary expenditure,33.7650,projection,IMF WEO / derived,https://data.imf.org/Datasets/WEO,Primary expenditure = revenue - primary balance.
USA,United States,2029,gross_debt,Gross debt,135.5270,projection,IMF WEO,https://data.imf.org/Datasets/WEO,April 2026 vintage; general government; percent of GDP; Fiscal Monitor used only where WEO is unavailable.
USA,United States,2029,net_debt,Net debt,108.3390,projection,IMF WEO,https://data.imf.org/Datasets/WEO,April 2026 vintage; general government; percent of GDP; Fiscal Monitor used only where WEO is unavailable.
USA,United States,2030,overall_balance,Overall balance,-7.4650,projection,IMF WEO,https://data.imf.org/Datasets/WEO,April 2026 vintage; general government; percent of GDP; Fiscal Monitor used only where WEO is unavailable.
USA,United States,2030,primary_balance,Primary balance,-3.2660,projection,IMF WEO,https://data.imf.org/Datasets/WEO,April 2026 vintage; general government; percent of GDP; Fiscal Monitor used only where WEO is unavailable.
USA,United States,2030,revenue,Revenue,30.6480,projection,IMF WEO,https://data.imf.org/Datasets/WEO,April 2026 vintage; general government; percent of GDP; Fiscal Monitor used only where WEO is unavailable.
USA,United States,2030,primary_expenditure,Primary expenditure,33.9140,projection,IMF WEO / derived,https://data.imf.org/Datasets/WEO,Primary expenditure = revenue - primary balance.
USA,United States,2030,gross_debt,Gross debt,138.8970,projection,IMF WEO,https://data.imf.org/Datasets/WEO,April 2026 vintage; general government; percent of GDP; Fiscal Monitor used only where WEO is unavailable.
USA,United States,2030,net_debt,Net debt,111.8960,projection,IMF WEO,https://data.imf.org/Datasets/WEO,April 2026 vintage; general government; percent of GDP; Fiscal Monitor used only where WEO is unavailable.
USA,United States,2031,overall_balance,Overall balance,-7.3890,projection,IMF WEO,https://data.imf.org/Datasets/WEO,April 2026 vintage; general government; percent of GDP; Fiscal Monitor used only where WEO is unavailable.
USA,United States,2031,primary_balance,Primary balance,-3.0810,projection,IMF WEO,https://data.imf.org/Datasets/WEO,April 2026 vintage; general government; percent of GDP; Fiscal Monitor used only where WEO is unavailable.
USA,United States,2031,revenue,Revenue,30.7610,projection,IMF WEO,https://data.imf.org/Datasets/WEO,April 2026 vintage; general government; percent of GDP; Fiscal Monitor used only where WEO is unavailable.
USA,United States,2031,primary_expenditure,Primary expenditure,33.8420,projection,IMF WEO / derived,https://data.imf.org/Datasets/WEO,Primary expenditure = revenue - primary balance.
USA,United States,2031,gross_debt,Gross debt,142.1130,projection,IMF WEO,https://data.imf.org/Datasets/WEO,April 2026 vintage; general government; percent of GDP; Fiscal Monitor used only where WEO is unavailable.
USA,United States,2031,net_debt,Net debt,115.3710,projection,IMF WEO,https://data.imf.org/Datasets/WEO,April 2026 vintage; general government; percent of GDP; Fiscal Monitor used only where WEO is unavailable.
JPN,Japan,1980,overall_balance,Overall balance,-4.3160,actual,IMF WEO,https://data.imf.org/Datasets/WEO,April 2026 vintage; general government; percent of GDP; Fiscal Monitor used only where WEO is unavailable.
JPN,Japan,1980,primary_balance,Primary balance,-3.1750,actual,IMF WEO,https://data.imf.org/Datasets/WEO,April 2026 vintage; general government; percent of GDP; Fiscal Monitor used only where WEO is unavailable.
JPN,Japan,1980,revenue,Revenue,25.7360,actual,IMF WEO,https://data.imf.org/Datasets/WEO,April 2026 vintage; general government; percent of GDP; Fiscal Monitor used only where WEO is unavailable.
JPN,Japan,1980,primary_expenditure,Primary expenditure,28.9110,actual,IMF WEO / derived,https://data.imf.org/Datasets/WEO,Primary expenditure = revenue - primary balance.
JPN,Japan,1980,gross_debt,Gross debt,41.4230,actual,IMF WEO,https://data.imf.org/Datasets/WEO,April 2026 vintage; general government; percent of GDP; Fiscal Monitor used only where WEO is unavailable.
JPN,Japan,1980,net_debt,Net debt,17.0300,actual,IMF WEO,https://data.imf.org/Datasets/WEO,April 2026 vintage; general government; percent of GDP; Fiscal Monitor used only where WEO is unavailable.
JPN,Japan,1981,overall_balance,Overall balance,-3.7660,actual,IMF WEO,https://data.imf.org/Datasets/WEO,April 2026 vintage; general government; percent of GDP; Fiscal Monitor used only where WEO is unavailable.
JPN,Japan,1981,primary_balance,Primary balance,-2.5010,actual,IMF WEO,https://data.imf.org/Datasets/WEO,April 2026 vintage; general government; percent of GDP; Fiscal Monitor used only where WEO is unavailable.
JPN,Japan,1981,revenue,Revenue,27.0390,actual,IMF WEO,https://data.imf.org/Datasets/WEO,April 2026 vintage; general government; percent of GDP; Fiscal Monitor used only where WEO is unavailable.
JPN,Japan,1981,primary_expenditure,Primary expenditure,29.5400,actual,IMF WEO / derived,https://data.imf.org/Datasets/WEO,Primary expenditure = revenue - primary balance.
JPN,Japan,1981,gross_debt,Gross debt,45.7920,actual,IMF WEO,https://data.imf.org/Datasets/WEO,April 2026 vintage; general government; percent of GDP; Fiscal Monitor used only where WEO is unavailable.
JPN,Japan,1981,net_debt,Net debt,20.6060,actual,IMF WEO,https://data.imf.org/Datasets/WEO,April 2026 vintage; general government; percent of GDP; Fiscal Monitor used only where WEO is unavailable.
JPN,Japan,1982,overall_balance,Overall balance,-3.7270,actual,IMF WEO,https://data.imf.org/Datasets/WEO,April 2026 vintage; general government; percent of GDP; Fiscal Monitor used only where WEO is unavailable.
JPN,Japan,1982,primary_balance,Primary balance,-2.2230,actual,IMF WEO,https://data.imf.org/Datasets/WEO,April 2026 vintage; general government; percent of GDP; Fiscal Monitor used only where WEO is unavailable.
JPN,Japan,1982,revenue,Revenue,27.2950,actual,IMF WEO,https://data.imf.org/Datasets/WEO,April 2026 vintage; general government; percent of GDP; Fiscal Monitor used only where WEO is unavailable.
JPN,Japan,1982,primary_expenditure,Primary expenditure,29.5180,actual,IMF WEO / derived,https://data.imf.org/Datasets/WEO,Primary expenditure = revenue - primary balance.
JPN,Japan,1982,gross_debt,Gross debt,50.0540,actual,IMF WEO,https://data.imf.org/Datasets/WEO,April 2026 vintage; general government; percent of GDP; Fiscal Monitor used only where WEO is unavailable.
JPN,Japan,1982,net_debt,Net debt,24.8110,actual,IMF WEO,https://data.imf.org/Datasets/WEO,April 2026 vintage; general government; percent of GDP; Fiscal Monitor used only where WEO is unavailable.
JPN,Japan,1983,overall_balance,Overall balance,-3.8590,actual,IMF WEO,https://data.imf.org/Datasets/WEO,April 2026 vintage; general government; percent of GDP; Fiscal Monitor used only where WEO is unavailable.
JPN,Japan,1983,primary_balance,Primary balance,-2.0000,actual,IMF WEO,https://data.imf.org/Datasets/WEO,April 2026 vintage; general government; percent of GDP; Fiscal Monitor used only where WEO is unavailable.
JPN,Japan,1983,revenue,Revenue,27.2700,actual,IMF WEO,https://data.imf.org/Datasets/WEO,April 2026 vintage; general government; percent of GDP; Fiscal Monitor used only where WEO is unavailable.
JPN,Japan,1983,primary_expenditure,Primary expenditure,29.2700,actual,IMF WEO / derived,https://data.imf.org/Datasets/WEO,Primary expenditure = revenue - primary balance.
JPN,Japan,1983,gross_debt,Gross debt,55.0660,actual,IMF WEO,https://data.imf.org/Datasets/WEO,April 2026 vintage; general government; percent of GDP; Fiscal Monitor used only where WEO is unavailable.
JPN,Japan,1983,net_debt,Net debt,29.3700,actual,IMF WEO,https://data.imf.org/Datasets/WEO,April 2026 vintage; general government; percent of GDP; Fiscal Monitor used only where WEO is unavailable.
JPN,Japan,1984,overall_balance,Overall balance,-2.5660,actual,IMF WEO,https://data.imf.org/Datasets/WEO,April 2026 vintage; general government; percent of GDP; Fiscal Monitor used only where WEO is unavailable.
JPN,Japan,1984,primary_balance,Primary balance,-0.5690,actual,IMF WEO,https://data.imf.org/Datasets/WEO,April 2026 vintage; general government; percent of GDP; Fiscal Monitor used only where WEO is unavailable.
JPN,Japan,1984,revenue,Revenue,27.9370,actual,IMF WEO,https://data.imf.org/Datasets/WEO,April 2026 vintage; general government; percent of GDP; Fiscal Monitor used only where WEO is unavailable.
JPN,Japan,1984,primary_expenditure,Primary expenditure,28.5060,actual,IMF WEO / derived,https://data.imf.org/Datasets/WEO,Primary expenditure = revenue - primary balance.
JPN,Japan,1984,gross_debt,Gross debt,56.8790,actual,IMF WEO,https://data.imf.org/Datasets/WEO,April 2026 vintage; general government; percent of GDP; Fiscal Monitor used only where WEO is unavailable.
JPN,Japan,1984,net_debt,Net debt,31.7160,actual,IMF WEO,https://data.imf.org/Datasets/WEO,April 2026 vintage; general government; percent of GDP; Fiscal Monitor used only where WEO is unavailable.
JPN,Japan,1985,overall_balance,Overall balance,-1.3400,actual,IMF WEO,https://data.imf.org/Datasets/WEO,April 2026 vintage; general government; percent of GDP; Fiscal Monitor used only where WEO is unavailable.
JPN,Japan,1985,primary_balance,Primary balance,0.6630,actual,IMF WEO,https://data.imf.org/Datasets/WEO,April 2026 vintage; general government; percent of GDP; Fiscal Monitor used only where WEO is unavailable.
JPN,Japan,1985,revenue,Revenue,28.3860,actual,IMF WEO,https://data.imf.org/Datasets/WEO,April 2026 vintage; general government; percent of GDP; Fiscal Monitor used only where WEO is unavailable.
JPN,Japan,1985,primary_expenditure,Primary expenditure,27.7230,actual,IMF WEO / derived,https://data.imf.org/Datasets/WEO,Primary expenditure = revenue - primary balance.
JPN,Japan,1985,gross_debt,Gross debt,59.2270,actual,IMF WEO,https://data.imf.org/Datasets/WEO,April 2026 vintage; general government; percent of GDP; Fiscal Monitor used only where WEO is unavailable.
JPN,Japan,1985,net_debt,Net debt,33.0080,actual,IMF WEO,https://data.imf.org/Datasets/WEO,April 2026 vintage; general government; percent of GDP; Fiscal Monitor used only where WEO is unavailable.
JPN,Japan,1986,overall_balance,Overall balance,-1.3310,actual,IMF WEO,https://data.imf.org/Datasets/WEO,April 2026 vintage; general government; percent of GDP; Fiscal Monitor used only where WEO is unavailable.
JPN,Japan,1986,primary_balance,Primary balance,0.6240,actual,IMF WEO,https://data.imf.org/Datasets/WEO,April 2026 vintage; general government; percent of GDP; Fiscal Monitor used only where WEO is unavailable.
JPN,Japan,1986,revenue,Revenue,28.3860,actual,IMF WEO,https://data.imf.org/Datasets/WEO,April 2026 vintage; general government; percent of GDP; Fiscal Monitor used only where WEO is unavailable.
JPN,Japan,1986,primary_expenditure,Primary expenditure,27.7620,actual,IMF WEO / derived,https://data.imf.org/Datasets/WEO,Primary expenditure = revenue - primary balance.
JPN,Japan,1986,gross_debt,Gross debt,64.2290,actual,IMF WEO,https://data.imf.org/Datasets/WEO,April 2026 vintage; general government; percent of GDP; Fiscal Monitor used only where WEO is unavailable.
JPN,Japan,1986,net_debt,Net debt,35.7650,actual,IMF WEO,https://data.imf.org/Datasets/WEO,April 2026 vintage; general government; percent of GDP; Fiscal Monitor used only where WEO is unavailable.
JPN,Japan,1987,overall_balance,Overall balance,-0.3510,actual,IMF WEO,https://data.imf.org/Datasets/WEO,April 2026 vintage; general government; percent of GDP; Fiscal Monitor used only where WEO is unavailable.
JPN,Japan,1987,primary_balance,Primary balance,1.5260,actual,IMF WEO,https://data.imf.org/Datasets/WEO,April 2026 vintage; general government; percent of GDP; Fiscal Monitor used only where WEO is unavailable.
JPN,Japan,1987,revenue,Revenue,29.6040,actual,IMF WEO,https://data.imf.org/Datasets/WEO,April 2026 vintage; general government; percent of GDP; Fiscal Monitor used only where WEO is unavailable.
JPN,Japan,1987,primary_expenditure,Primary expenditure,28.0780,actual,IMF WEO / derived,https://data.imf.org/Datasets/WEO,Primary expenditure = revenue - primary balance.
JPN,Japan,1987,gross_debt,Gross debt,65.7500,actual,IMF WEO,https://data.imf.org/Datasets/WEO,April 2026 vintage; general government; percent of GDP; Fiscal Monitor used only where WEO is unavailable.
JPN,Japan,1987,net_debt,Net debt,33.0670,actual,IMF WEO,https://data.imf.org/Datasets/WEO,April 2026 vintage; general government; percent of GDP; Fiscal Monitor used only where WEO is unavailable.
JPN,Japan,1988,overall_balance,Overall balance,0.4840,actual,IMF WEO,https://data.imf.org/Datasets/WEO,April 2026 vintage; general government; percent of GDP; Fiscal Monitor used only where WEO is unavailable.
JPN,Japan,1988,primary_balance,Primary balance,2.1400,actual,IMF WEO,https://data.imf.org/Datasets/WEO,April 2026 vintage; general government; percent of GDP; Fiscal Monitor used only where WEO is unavailable.
JPN,Japan,1988,revenue,Revenue,29.7100,actual,IMF WEO,https://data.imf.org/Datasets/WEO,April 2026 vintage; general government; percent of GDP; Fiscal Monitor used only where WEO is unavailable.
JPN,Japan,1988,primary_expenditure,Primary expenditure,27.5700,actual,IMF WEO / derived,https://data.imf.org/Datasets/WEO,Primary expenditure = revenue - primary balance.
JPN,Japan,1988,gross_debt,Gross debt,62.3780,actual,IMF WEO,https://data.imf.org/Datasets/WEO,April 2026 vintage; general government; percent of GDP; Fiscal Monitor used only where WEO is unavailable.
JPN,Japan,1988,net_debt,Net debt,27.8470,actual,IMF WEO,https://data.imf.org/Datasets/WEO,April 2026 vintage; general government; percent of GDP; Fiscal Monitor used only where WEO is unavailable.
JPN,Japan,1989,overall_balance,Overall balance,1.2040,actual,IMF WEO,https://data.imf.org/Datasets/WEO,April 2026 vintage; general government; percent of GDP; Fiscal Monitor used only where WEO is unavailable.
JPN,Japan,1989,primary_balance,Primary balance,2.6000,actual,IMF WEO,https://data.imf.org/Datasets/WEO,April 2026 vintage; general government; percent of GDP; Fiscal Monitor used only where WEO is unavailable.
JPN,Japan,1989,revenue,Revenue,29.7410,actual,IMF WEO,https://data.imf.org/Datasets/WEO,April 2026 vintage; general government; percent of GDP; Fiscal Monitor used only where WEO is unavailable.
JPN,Japan,1989,primary_expenditure,Primary expenditure,27.1410,actual,IMF WEO / derived,https://data.imf.org/Datasets/WEO,Primary expenditure = revenue - primary balance.
JPN,Japan,1989,gross_debt,Gross debt,56.9420,actual,IMF WEO,https://data.imf.org/Datasets/WEO,April 2026 vintage; general government; percent of GDP; Fiscal Monitor used only where WEO is unavailable.
JPN,Japan,1989,net_debt,Net debt,21.8900,actual,IMF WEO,https://data.imf.org/Datasets/WEO,April 2026 vintage; general government; percent of GDP; Fiscal Monitor used only where WEO is unavailable.
JPN,Japan,1990,overall_balance,Overall balance,1.9150,actual,IMF WEO,https://data.imf.org/Datasets/WEO,April 2026 vintage; general government; percent of GDP; Fiscal Monitor used only where WEO is unavailable.
JPN,Japan,1990,primary_balance,Primary balance,3.0940,actual,IMF WEO,https://data.imf.org/Datasets/WEO,April 2026 vintage; general government; percent of GDP; Fiscal Monitor used only where WEO is unavailable.
JPN,Japan,1990,revenue,Revenue,30.7160,actual,IMF WEO,https://data.imf.org/Datasets/WEO,April 2026 vintage; general government; percent of GDP; Fiscal Monitor used only where WEO is unavailable.
JPN,Japan,1990,primary_expenditure,Primary expenditure,27.6220,actual,IMF WEO / derived,https://data.imf.org/Datasets/WEO,Primary expenditure = revenue - primary balance.
JPN,Japan,1990,gross_debt,Gross debt,54.8250,actual,IMF WEO,https://data.imf.org/Datasets/WEO,April 2026 vintage; general government; percent of GDP; Fiscal Monitor used only where WEO is unavailable.
JPN,Japan,1990,net_debt,Net debt,18.6690,actual,IMF WEO,https://data.imf.org/Datasets/WEO,April 2026 vintage; general government; percent of GDP; Fiscal Monitor used only where WEO is unavailable.
JPN,Japan,1991,overall_balance,Overall balance,1.6370,actual,IMF WEO,https://data.imf.org/Datasets/WEO,April 2026 vintage; general government; percent of GDP; Fiscal Monitor used only where WEO is unavailable.
JPN,Japan,1991,primary_balance,Primary balance,2.6350,actual,IMF WEO,https://data.imf.org/Datasets/WEO,April 2026 vintage; general government; percent of GDP; Fiscal Monitor used only where WEO is unavailable.
JPN,Japan,1991,revenue,Revenue,30.2810,actual,IMF WEO,https://data.imf.org/Datasets/WEO,April 2026 vintage; general government; percent of GDP; Fiscal Monitor used only where WEO is unavailable.
JPN,Japan,1991,primary_expenditure,Primary expenditure,27.6460,actual,IMF WEO / derived,https://data.imf.org/Datasets/WEO,Primary expenditure = revenue - primary balance.
JPN,Japan,1991,gross_debt,Gross debt,54.0890,actual,IMF WEO,https://data.imf.org/Datasets/WEO,April 2026 vintage; general government; percent of GDP; Fiscal Monitor used only where WEO is unavailable.
JPN,Japan,1991,net_debt,Net debt,16.9050,actual,IMF WEO,https://data.imf.org/Datasets/WEO,April 2026 vintage; general government; percent of GDP; Fiscal Monitor used only where WEO is unavailable.
JPN,Japan,1992,overall_balance,Overall balance,0.5620,actual,IMF WEO,https://data.imf.org/Datasets/WEO,April 2026 vintage; general government; percent of GDP; Fiscal Monitor used only where WEO is unavailable.
JPN,Japan,1992,primary_balance,Primary balance,1.6360,actual,IMF WEO,https://data.imf.org/Datasets/WEO,April 2026 vintage; general government; percent of GDP; Fiscal Monitor used only where WEO is unavailable.
JPN,Japan,1992,revenue,Revenue,30.1780,actual,IMF WEO,https://data.imf.org/Datasets/WEO,April 2026 vintage; general government; percent of GDP; Fiscal Monitor used only where WEO is unavailable.
JPN,Japan,1992,primary_expenditure,Primary expenditure,28.5420,actual,IMF WEO / derived,https://data.imf.org/Datasets/WEO,Primary expenditure = revenue - primary balance.
JPN,Japan,1992,gross_debt,Gross debt,57.8880,actual,IMF WEO,https://data.imf.org/Datasets/WEO,April 2026 vintage; general government; percent of GDP; Fiscal Monitor used only where WEO is unavailable.
JPN,Japan,1992,net_debt,Net debt,18.9550,actual,IMF WEO,https://data.imf.org/Datasets/WEO,April 2026 vintage; general government; percent of GDP; Fiscal Monitor used only where WEO is unavailable.
JPN,Japan,1993,overall_balance,Overall balance,-2.3380,actual,IMF WEO,https://data.imf.org/Datasets/WEO,April 2026 vintage; general government; percent of GDP; Fiscal Monitor used only where WEO is unavailable.
JPN,Japan,1993,primary_balance,Primary balance,-1.2180,actual,IMF WEO,https://data.imf.org/Datasets/WEO,April 2026 vintage; general government; percent of GDP; Fiscal Monitor used only where WEO is unavailable.
JPN,Japan,1993,revenue,Revenue,29.0820,actual,IMF WEO,https://data.imf.org/Datasets/WEO,April 2026 vintage; general government; percent of GDP; Fiscal Monitor used only where WEO is unavailable.
JPN,Japan,1993,primary_expenditure,Primary expenditure,30.3000,actual,IMF WEO / derived,https://data.imf.org/Datasets/WEO,Primary expenditure = revenue - primary balance.
JPN,Japan,1993,gross_debt,Gross debt,63.1520,actual,IMF WEO,https://data.imf.org/Datasets/WEO,April 2026 vintage; general government; percent of GDP; Fiscal Monitor used only where WEO is unavailable.
JPN,Japan,1993,net_debt,Net debt,23.1330,actual,IMF WEO,https://data.imf.org/Datasets/WEO,April 2026 vintage; general government; percent of GDP; Fiscal Monitor used only where WEO is unavailable.
JPN,Japan,1994,overall_balance,Overall balance,-3.6980,actual,IMF WEO,https://data.imf.org/Datasets/WEO,April 2026 vintage; general government; percent of GDP; Fiscal Monitor used only where WEO is unavailable.
JPN,Japan,1994,primary_balance,Primary balance,-2.6240,actual,IMF WEO,https://data.imf.org/Datasets/WEO,April 2026 vintage; general government; percent of GDP; Fiscal Monitor used only where WEO is unavailable.
JPN,Japan,1994,revenue,Revenue,28.4100,actual,IMF WEO,https://data.imf.org/Datasets/WEO,April 2026 vintage; general government; percent of GDP; Fiscal Monitor used only where WEO is unavailable.
JPN,Japan,1994,primary_expenditure,Primary expenditure,31.0340,actual,IMF WEO / derived,https://data.imf.org/Datasets/WEO,Primary expenditure = revenue - primary balance.
JPN,Japan,1994,gross_debt,Gross debt,73.2720,actual,IMF WEO,https://data.imf.org/Datasets/WEO,April 2026 vintage; general government; percent of GDP; Fiscal Monitor used only where WEO is unavailable.
JPN,Japan,1994,net_debt,Net debt,28.9630,actual,IMF WEO,https://data.imf.org/Datasets/WEO,April 2026 vintage; general government; percent of GDP; Fiscal Monitor used only where WEO is unavailable.
JPN,Japan,1995,overall_balance,Overall balance,-4.2250,actual,IMF WEO,https://data.imf.org/Datasets/WEO,April 2026 vintage; general government; percent of GDP; Fiscal Monitor used only where WEO is unavailable.
JPN,Japan,1995,primary_balance,Primary balance,-3.0740,actual,IMF WEO,https://data.imf.org/Datasets/WEO,April 2026 vintage; general government; percent of GDP; Fiscal Monitor used only where WEO is unavailable.
JPN,Japan,1995,revenue,Revenue,28.6240,actual,IMF WEO,https://data.imf.org/Datasets/WEO,April 2026 vintage; general government; percent of GDP; Fiscal Monitor used only where WEO is unavailable.
JPN,Japan,1995,primary_expenditure,Primary expenditure,31.6980,actual,IMF WEO / derived,https://data.imf.org/Datasets/WEO,Primary expenditure = revenue - primary balance.
JPN,Japan,1995,gross_debt,Gross debt,80.6870,actual,IMF WEO,https://data.imf.org/Datasets/WEO,April 2026 vintage; general government; percent of GDP; Fiscal Monitor used only where WEO is unavailable.
JPN,Japan,1995,net_debt,Net debt,33.7130,actual,IMF WEO,https://data.imf.org/Datasets/WEO,April 2026 vintage; general government; percent of GDP; Fiscal Monitor used only where WEO is unavailable.
JPN,Japan,1996,overall_balance,Overall balance,-4.7540,actual,IMF WEO,https://data.imf.org/Datasets/WEO,April 2026 vintage; general government; percent of GDP; Fiscal Monitor used only where WEO is unavailable.
JPN,Japan,1996,primary_balance,Primary balance,-3.5800,actual,IMF WEO,https://data.imf.org/Datasets/WEO,April 2026 vintage; general government; percent of GDP; Fiscal Monitor used only where WEO is unavailable.
JPN,Japan,1996,revenue,Revenue,28.3730,actual,IMF WEO,https://data.imf.org/Datasets/WEO,April 2026 vintage; general government; percent of GDP; Fiscal Monitor used only where WEO is unavailable.
JPN,Japan,1996,primary_expenditure,Primary expenditure,31.9530,actual,IMF WEO / derived,https://data.imf.org/Datasets/WEO,Primary expenditure = revenue - primary balance.
JPN,Japan,1996,gross_debt,Gross debt,85.2600,actual,IMF WEO,https://data.imf.org/Datasets/WEO,April 2026 vintage; general government; percent of GDP; Fiscal Monitor used only where WEO is unavailable.
JPN,Japan,1996,net_debt,Net debt,38.3470,actual,IMF WEO,https://data.imf.org/Datasets/WEO,April 2026 vintage; general government; percent of GDP; Fiscal Monitor used only where WEO is unavailable.
JPN,Japan,1997,overall_balance,Overall balance,-3.4390,actual,IMF WEO,https://data.imf.org/Datasets/WEO,April 2026 vintage; general government; percent of GDP; Fiscal Monitor used only where WEO is unavailable.
JPN,Japan,1997,primary_balance,Primary balance,-2.2670,actual,IMF WEO,https://data.imf.org/Datasets/WEO,April 2026 vintage; general government; percent of GDP; Fiscal Monitor used only where WEO is unavailable.
JPN,Japan,1997,revenue,Revenue,28.9940,actual,IMF WEO,https://data.imf.org/Datasets/WEO,April 2026 vintage; general government; percent of GDP; Fiscal Monitor used only where WEO is unavailable.
JPN,Japan,1997,primary_expenditure,Primary expenditure,31.2610,actual,IMF WEO / derived,https://data.imf.org/Datasets/WEO,Primary expenditure = revenue - primary balance.
JPN,Japan,1997,gross_debt,Gross debt,91.3170,actual,IMF WEO,https://data.imf.org/Datasets/WEO,April 2026 vintage; general government; percent of GDP; Fiscal Monitor used only where WEO is unavailable.
JPN,Japan,1997,net_debt,Net debt,44.0550,actual,IMF WEO,https://data.imf.org/Datasets/WEO,April 2026 vintage; general government; percent of GDP; Fiscal Monitor used only where WEO is unavailable.
JPN,Japan,1998,overall_balance,Overall balance,-9.9120,actual,IMF WEO,https://data.imf.org/Datasets/WEO,April 2026 vintage; general government; percent of GDP; Fiscal Monitor used only where WEO is unavailable.
JPN,Japan,1998,primary_balance,Primary balance,-8.6140,actual,IMF WEO,https://data.imf.org/Datasets/WEO,April 2026 vintage; general government; percent of GDP; Fiscal Monitor used only where WEO is unavailable.
JPN,Japan,1998,revenue,Revenue,28.2340,actual,IMF WEO,https://data.imf.org/Datasets/WEO,April 2026 vintage; general government; percent of GDP; Fiscal Monitor used only where WEO is unavailable.
JPN,Japan,1998,primary_expenditure,Primary expenditure,36.8480,actual,IMF WEO / derived,https://data.imf.org/Datasets/WEO,Primary expenditure = revenue - primary balance.
JPN,Japan,1998,gross_debt,Gross debt,101.6020,actual,IMF WEO,https://data.imf.org/Datasets/WEO,April 2026 vintage; general government; percent of GDP; Fiscal Monitor used only where WEO is unavailable.
JPN,Japan,1998,net_debt,Net debt,53.5180,actual,IMF WEO,https://data.imf.org/Datasets/WEO,April 2026 vintage; general government; percent of GDP; Fiscal Monitor used only where WEO is unavailable.
JPN,Japan,1999,overall_balance,Overall balance,-6.6750,actual,IMF WEO,https://data.imf.org/Datasets/WEO,April 2026 vintage; general government; percent of GDP; Fiscal Monitor used only where WEO is unavailable.
JPN,Japan,1999,primary_balance,Primary balance,-5.3620,actual,IMF WEO,https://data.imf.org/Datasets/WEO,April 2026 vintage; general government; percent of GDP; Fiscal Monitor used only where WEO is unavailable.
JPN,Japan,1999,revenue,Revenue,28.4890,actual,IMF WEO,https://data.imf.org/Datasets/WEO,April 2026 vintage; general government; percent of GDP; Fiscal Monitor used only where WEO is unavailable.
JPN,Japan,1999,primary_expenditure,Primary expenditure,33.8510,actual,IMF WEO / derived,https://data.imf.org/Datasets/WEO,Primary expenditure = revenue - primary balance.
JPN,Japan,1999,gross_debt,Gross debt,113.5490,actual,IMF WEO,https://data.imf.org/Datasets/WEO,April 2026 vintage; general government; percent of GDP; Fiscal Monitor used only where WEO is unavailable.
JPN,Japan,1999,net_debt,Net debt,62.6700,actual,IMF WEO,https://data.imf.org/Datasets/WEO,April 2026 vintage; general government; percent of GDP; Fiscal Monitor used only where WEO is unavailable.
JPN,Japan,2000,overall_balance,Overall balance,-7.1730,actual,IMF WEO,https://data.imf.org/Datasets/WEO,April 2026 vintage; general government; percent of GDP; Fiscal Monitor used only where WEO is unavailable.
JPN,Japan,2000,primary_balance,Primary balance,-5.8630,actual,IMF WEO,https://data.imf.org/Datasets/WEO,April 2026 vintage; general government; percent of GDP; Fiscal Monitor used only where WEO is unavailable.
JPN,Japan,2000,revenue,Revenue,28.2510,actual,IMF WEO,https://data.imf.org/Datasets/WEO,April 2026 vintage; general government; percent of GDP; Fiscal Monitor used only where WEO is unavailable.
JPN,Japan,2000,primary_expenditure,Primary expenditure,34.1140,actual,IMF WEO / derived,https://data.imf.org/Datasets/WEO,Primary expenditure = revenue - primary balance.
JPN,Japan,2000,gross_debt,Gross debt,118.4980,actual,IMF WEO,https://data.imf.org/Datasets/WEO,April 2026 vintage; general government; percent of GDP; Fiscal Monitor used only where WEO is unavailable.
JPN,Japan,2000,net_debt,Net debt,66.7560,actual,IMF WEO,https://data.imf.org/Datasets/WEO,April 2026 vintage; general government; percent of GDP; Fiscal Monitor used only where WEO is unavailable.
JPN,Japan,2001,overall_balance,Overall balance,-6.1090,actual,IMF WEO,https://data.imf.org/Datasets/WEO,April 2026 vintage; general government; percent of GDP; Fiscal Monitor used only where WEO is unavailable.
JPN,Japan,2001,primary_balance,Primary balance,-4.8310,actual,IMF WEO,https://data.imf.org/Datasets/WEO,April 2026 vintage; general government; percent of GDP; Fiscal Monitor used only where WEO is unavailable.
JPN,Japan,2001,revenue,Revenue,28.5780,actual,IMF WEO,https://data.imf.org/Datasets/WEO,April 2026 vintage; general government; percent of GDP; Fiscal Monitor used only where WEO is unavailable.
JPN,Japan,2001,primary_expenditure,Primary expenditure,33.4090,actual,IMF WEO / derived,https://data.imf.org/Datasets/WEO,Primary expenditure = revenue - primary balance.
JPN,Japan,2001,gross_debt,Gross debt,126.8430,actual,IMF WEO,https://data.imf.org/Datasets/WEO,April 2026 vintage; general government; percent of GDP; Fiscal Monitor used only where WEO is unavailable.
JPN,Japan,2001,net_debt,Net debt,73.4750,actual,IMF WEO,https://data.imf.org/Datasets/WEO,April 2026 vintage; general government; percent of GDP; Fiscal Monitor used only where WEO is unavailable.
JPN,Japan,2002,overall_balance,Overall balance,-7.2190,actual,IMF WEO,https://data.imf.org/Datasets/WEO,April 2026 vintage; general government; percent of GDP; Fiscal Monitor used only where WEO is unavailable.
JPN,Japan,2002,primary_balance,Primary balance,-5.9420,actual,IMF WEO,https://data.imf.org/Datasets/WEO,April 2026 vintage; general government; percent of GDP; Fiscal Monitor used only where WEO is unavailable.
JPN,Japan,2002,revenue,Revenue,27.6490,actual,IMF WEO,https://data.imf.org/Datasets/WEO,April 2026 vintage; general government; percent of GDP; Fiscal Monitor used only where WEO is unavailable.
JPN,Japan,2002,primary_expenditure,Primary expenditure,33.5910,actual,IMF WEO / derived,https://data.imf.org/Datasets/WEO,Primary expenditure = revenue - primary balance.
JPN,Japan,2002,gross_debt,Gross debt,134.6270,actual,IMF WEO,https://data.imf.org/Datasets/WEO,April 2026 vintage; general government; percent of GDP; Fiscal Monitor used only where WEO is unavailable.
JPN,Japan,2002,net_debt,Net debt,82.2420,actual,IMF WEO,https://data.imf.org/Datasets/WEO,April 2026 vintage; general government; percent of GDP; Fiscal Monitor used only where WEO is unavailable.
JPN,Japan,2003,overall_balance,Overall balance,-7.3460,actual,IMF WEO,https://data.imf.org/Datasets/WEO,April 2026 vintage; general government; percent of GDP; Fiscal Monitor used only where WEO is unavailable.
JPN,Japan,2003,primary_balance,Primary balance,-6.1110,actual,IMF WEO,https://data.imf.org/Datasets/WEO,April 2026 vintage; general government; percent of GDP; Fiscal Monitor used only where WEO is unavailable.
JPN,Japan,2003,revenue,Revenue,27.2820,actual,IMF WEO,https://data.imf.org/Datasets/WEO,April 2026 vintage; general government; percent of GDP; Fiscal Monitor used only where WEO is unavailable.
JPN,Japan,2003,primary_expenditure,Primary expenditure,33.3930,actual,IMF WEO / derived,https://data.imf.org/Datasets/WEO,Primary expenditure = revenue - primary balance.
JPN,Japan,2003,gross_debt,Gross debt,140.2420,actual,IMF WEO,https://data.imf.org/Datasets/WEO,April 2026 vintage; general government; percent of GDP; Fiscal Monitor used only where WEO is unavailable.
JPN,Japan,2003,net_debt,Net debt,88.4560,actual,IMF WEO,https://data.imf.org/Datasets/WEO,April 2026 vintage; general government; percent of GDP; Fiscal Monitor used only where WEO is unavailable.
JPN,Japan,2004,overall_balance,Overall balance,-5.2620,actual,IMF WEO,https://data.imf.org/Datasets/WEO,April 2026 vintage; general government; percent of GDP; Fiscal Monitor used only where WEO is unavailable.
JPN,Japan,2004,primary_balance,Primary balance,-4.1760,actual,IMF WEO,https://data.imf.org/Datasets/WEO,April 2026 vintage; general government; percent of GDP; Fiscal Monitor used only where WEO is unavailable.
JPN,Japan,2004,revenue,Revenue,28.0870,actual,IMF WEO,https://data.imf.org/Datasets/WEO,April 2026 vintage; general government; percent of GDP; Fiscal Monitor used only where WEO is unavailable.
JPN,Japan,2004,primary_expenditure,Primary expenditure,32.2630,actual,IMF WEO / derived,https://data.imf.org/Datasets/WEO,Primary expenditure = revenue - primary balance.
JPN,Japan,2004,gross_debt,Gross debt,148.8390,actual,IMF WEO,https://data.imf.org/Datasets/WEO,April 2026 vintage; general government; percent of GDP; Fiscal Monitor used only where WEO is unavailable.
JPN,Japan,2004,net_debt,Net debt,93.2580,actual,IMF WEO,https://data.imf.org/Datasets/WEO,April 2026 vintage; general government; percent of GDP; Fiscal Monitor used only where WEO is unavailable.
JPN,Japan,2005,overall_balance,Overall balance,-4.3920,actual,IMF WEO,https://data.imf.org/Datasets/WEO,April 2026 vintage; general government; percent of GDP; Fiscal Monitor used only where WEO is unavailable.
JPN,Japan,2005,primary_balance,Primary balance,-3.5740,actual,IMF WEO,https://data.imf.org/Datasets/WEO,April 2026 vintage; general government; percent of GDP; Fiscal Monitor used only where WEO is unavailable.
JPN,Japan,2005,revenue,Revenue,28.8250,actual,IMF WEO,https://data.imf.org/Datasets/WEO,April 2026 vintage; general government; percent of GDP; Fiscal Monitor used only where WEO is unavailable.
JPN,Japan,2005,primary_expenditure,Primary expenditure,32.3990,actual,IMF WEO / derived,https://data.imf.org/Datasets/WEO,Primary expenditure = revenue - primary balance.
JPN,Japan,2005,gross_debt,Gross debt,153.4350,actual,IMF WEO,https://data.imf.org/Datasets/WEO,April 2026 vintage; general government; percent of GDP; Fiscal Monitor used only where WEO is unavailable.
JPN,Japan,2005,net_debt,Net debt,93.1790,actual,IMF WEO,https://data.imf.org/Datasets/WEO,April 2026 vintage; general government; percent of GDP; Fiscal Monitor used only where WEO is unavailable.
JPN,Japan,2006,overall_balance,Overall balance,-2.9950,actual,IMF WEO,https://data.imf.org/Datasets/WEO,April 2026 vintage; general government; percent of GDP; Fiscal Monitor used only where WEO is unavailable.
JPN,Japan,2006,primary_balance,Primary balance,-2.3670,actual,IMF WEO,https://data.imf.org/Datasets/WEO,April 2026 vintage; general government; percent of GDP; Fiscal Monitor used only where WEO is unavailable.
JPN,Japan,2006,revenue,Revenue,29.7330,actual,IMF WEO,https://data.imf.org/Datasets/WEO,April 2026 vintage; general government; percent of GDP; Fiscal Monitor used only where WEO is unavailable.
JPN,Japan,2006,primary_expenditure,Primary expenditure,32.1000,actual,IMF WEO / derived,https://data.imf.org/Datasets/WEO,Primary expenditure = revenue - primary balance.
JPN,Japan,2006,gross_debt,Gross debt,152.1020,actual,IMF WEO,https://data.imf.org/Datasets/WEO,April 2026 vintage; general government; percent of GDP; Fiscal Monitor used only where WEO is unavailable.
JPN,Japan,2006,net_debt,Net debt,92.1840,actual,IMF WEO,https://data.imf.org/Datasets/WEO,April 2026 vintage; general government; percent of GDP; Fiscal Monitor used only where WEO is unavailable.
JPN,Japan,2007,overall_balance,Overall balance,-2.8580,actual,IMF WEO,https://data.imf.org/Datasets/WEO,April 2026 vintage; general government; percent of GDP; Fiscal Monitor used only where WEO is unavailable.
JPN,Japan,2007,primary_balance,Primary balance,-2.1620,actual,IMF WEO,https://data.imf.org/Datasets/WEO,April 2026 vintage; general government; percent of GDP; Fiscal Monitor used only where WEO is unavailable.
JPN,Japan,2007,revenue,Revenue,29.9450,actual,IMF WEO,https://data.imf.org/Datasets/WEO,April 2026 vintage; general government; percent of GDP; Fiscal Monitor used only where WEO is unavailable.
JPN,Japan,2007,primary_expenditure,Primary expenditure,32.1070,actual,IMF WEO / derived,https://data.imf.org/Datasets/WEO,Primary expenditure = revenue - primary balance.
JPN,Japan,2007,gross_debt,Gross debt,150.4480,actual,IMF WEO,https://data.imf.org/Datasets/WEO,April 2026 vintage; general government; percent of GDP; Fiscal Monitor used only where WEO is unavailable.
JPN,Japan,2007,net_debt,Net debt,93.4590,actual,IMF WEO,https://data.imf.org/Datasets/WEO,April 2026 vintage; general government; percent of GDP; Fiscal Monitor used only where WEO is unavailable.
JPN,Japan,2008,overall_balance,Overall balance,-4.0670,actual,IMF WEO,https://data.imf.org/Datasets/WEO,April 2026 vintage; general government; percent of GDP; Fiscal Monitor used only where WEO is unavailable.
JPN,Japan,2008,primary_balance,Primary balance,-3.2350,actual,IMF WEO,https://data.imf.org/Datasets/WEO,April 2026 vintage; general government; percent of GDP; Fiscal Monitor used only where WEO is unavailable.
JPN,Japan,2008,revenue,Revenue,29.6830,actual,IMF WEO,https://data.imf.org/Datasets/WEO,April 2026 vintage; general government; percent of GDP; Fiscal Monitor used only where WEO is unavailable.
JPN,Japan,2008,primary_expenditure,Primary expenditure,32.9180,actual,IMF WEO / derived,https://data.imf.org/Datasets/WEO,Primary expenditure = revenue - primary balance.
JPN,Japan,2008,gross_debt,Gross debt,153.6180,actual,IMF WEO,https://data.imf.org/Datasets/WEO,April 2026 vintage; general government; percent of GDP; Fiscal Monitor used only where WEO is unavailable.
JPN,Japan,2008,net_debt,Net debt,104.5370,actual,IMF WEO,https://data.imf.org/Datasets/WEO,April 2026 vintage; general government; percent of GDP; Fiscal Monitor used only where WEO is unavailable.
JPN,Japan,2009,overall_balance,Overall balance,-9.6250,actual,IMF WEO,https://data.imf.org/Datasets/WEO,April 2026 vintage; general government; percent of GDP; Fiscal Monitor used only where WEO is unavailable.
JPN,Japan,2009,primary_balance,Primary balance,-8.6260,actual,IMF WEO,https://data.imf.org/Datasets/WEO,April 2026 vintage; general government; percent of GDP; Fiscal Monitor used only where WEO is unavailable.
JPN,Japan,2009,revenue,Revenue,28.7130,actual,IMF WEO,https://data.imf.org/Datasets/WEO,April 2026 vintage; general government; percent of GDP; Fiscal Monitor used only where WEO is unavailable.
JPN,Japan,2009,primary_expenditure,Primary expenditure,37.3390,actual,IMF WEO / derived,https://data.imf.org/Datasets/WEO,Primary expenditure = revenue - primary balance.
JPN,Japan,2009,gross_debt,Gross debt,172.8580,actual,IMF WEO,https://data.imf.org/Datasets/WEO,April 2026 vintage; general government; percent of GDP; Fiscal Monitor used only where WEO is unavailable.
JPN,Japan,2009,net_debt,Net debt,119.1940,actual,IMF WEO,https://data.imf.org/Datasets/WEO,April 2026 vintage; general government; percent of GDP; Fiscal Monitor used only where WEO is unavailable.
JPN,Japan,2010,overall_balance,Overall balance,-9.0520,actual,IMF WEO,https://data.imf.org/Datasets/WEO,April 2026 vintage; general government; percent of GDP; Fiscal Monitor used only where WEO is unavailable.
JPN,Japan,2010,primary_balance,Primary balance,-7.9940,actual,IMF WEO,https://data.imf.org/Datasets/WEO,April 2026 vintage; general government; percent of GDP; Fiscal Monitor used only where WEO is unavailable.
JPN,Japan,2010,revenue,Revenue,28.3940,actual,IMF WEO,https://data.imf.org/Datasets/WEO,April 2026 vintage; general government; percent of GDP; Fiscal Monitor used only where WEO is unavailable.
JPN,Japan,2010,primary_expenditure,Primary expenditure,36.3880,actual,IMF WEO / derived,https://data.imf.org/Datasets/WEO,Primary expenditure = revenue - primary balance.
JPN,Japan,2010,gross_debt,Gross debt,178.5790,actual,IMF WEO,https://data.imf.org/Datasets/WEO,April 2026 vintage; general government; percent of GDP; Fiscal Monitor used only where WEO is unavailable.
JPN,Japan,2010,net_debt,Net debt,127.6970,actual,IMF WEO,https://data.imf.org/Datasets/WEO,April 2026 vintage; general government; percent of GDP; Fiscal Monitor used only where WEO is unavailable.
JPN,Japan,2011,overall_balance,Overall balance,-9.0190,actual,IMF WEO,https://data.imf.org/Datasets/WEO,April 2026 vintage; general government; percent of GDP; Fiscal Monitor used only where WEO is unavailable.
JPN,Japan,2011,primary_balance,Primary balance,-7.8350,actual,IMF WEO,https://data.imf.org/Datasets/WEO,April 2026 vintage; general government; percent of GDP; Fiscal Monitor used only where WEO is unavailable.
JPN,Japan,2011,revenue,Revenue,29.4160,actual,IMF WEO,https://data.imf.org/Datasets/WEO,April 2026 vintage; general government; percent of GDP; Fiscal Monitor used only where WEO is unavailable.
JPN,Japan,2011,primary_expenditure,Primary expenditure,37.2510,actual,IMF WEO / derived,https://data.imf.org/Datasets/WEO,Primary expenditure = revenue - primary balance.
JPN,Japan,2011,gross_debt,Gross debt,190.5640,actual,IMF WEO,https://data.imf.org/Datasets/WEO,April 2026 vintage; general government; percent of GDP; Fiscal Monitor used only where WEO is unavailable.
JPN,Japan,2011,net_debt,Net debt,138.8510,actual,IMF WEO,https://data.imf.org/Datasets/WEO,April 2026 vintage; general government; percent of GDP; Fiscal Monitor used only where WEO is unavailable.
JPN,Japan,2012,overall_balance,Overall balance,-8.2240,actual,IMF WEO,https://data.imf.org/Datasets/WEO,April 2026 vintage; general government; percent of GDP; Fiscal Monitor used only where WEO is unavailable.
JPN,Japan,2012,primary_balance,Primary balance,-7.0200,actual,IMF WEO,https://data.imf.org/Datasets/WEO,April 2026 vintage; general government; percent of GDP; Fiscal Monitor used only where WEO is unavailable.
JPN,Japan,2012,revenue,Revenue,30.1340,actual,IMF WEO,https://data.imf.org/Datasets/WEO,April 2026 vintage; general government; percent of GDP; Fiscal Monitor used only where WEO is unavailable.
JPN,Japan,2012,primary_expenditure,Primary expenditure,37.1540,actual,IMF WEO / derived,https://data.imf.org/Datasets/WEO,Primary expenditure = revenue - primary balance.
JPN,Japan,2012,gross_debt,Gross debt,197.1440,actual,IMF WEO,https://data.imf.org/Datasets/WEO,April 2026 vintage; general government; percent of GDP; Fiscal Monitor used only where WEO is unavailable.
JPN,Japan,2012,net_debt,Net debt,142.5570,actual,IMF WEO,https://data.imf.org/Datasets/WEO,April 2026 vintage; general government; percent of GDP; Fiscal Monitor used only where WEO is unavailable.
JPN,Japan,2013,overall_balance,Overall balance,-7.6200,actual,IMF WEO,https://data.imf.org/Datasets/WEO,April 2026 vintage; general government; percent of GDP; Fiscal Monitor used only where WEO is unavailable.
JPN,Japan,2013,primary_balance,Primary balance,-6.5090,actual,IMF WEO,https://data.imf.org/Datasets/WEO,April 2026 vintage; general government; percent of GDP; Fiscal Monitor used only where WEO is unavailable.
JPN,Japan,2013,revenue,Revenue,30.7920,actual,IMF WEO,https://data.imf.org/Datasets/WEO,April 2026 vintage; general government; percent of GDP; Fiscal Monitor used only where WEO is unavailable.
JPN,Japan,2013,primary_expenditure,Primary expenditure,37.3010,actual,IMF WEO / derived,https://data.imf.org/Datasets/WEO,Primary expenditure = revenue - primary balance.
JPN,Japan,2013,gross_debt,Gross debt,201.1660,actual,IMF WEO,https://data.imf.org/Datasets/WEO,April 2026 vintage; general government; percent of GDP; Fiscal Monitor used only where WEO is unavailable.
JPN,Japan,2013,net_debt,Net debt,141.0900,actual,IMF WEO,https://data.imf.org/Datasets/WEO,April 2026 vintage; general government; percent of GDP; Fiscal Monitor used only where WEO is unavailable.
JPN,Japan,2014,overall_balance,Overall balance,-5.5800,actual,IMF WEO,https://data.imf.org/Datasets/WEO,April 2026 vintage; general government; percent of GDP; Fiscal Monitor used only where WEO is unavailable.
JPN,Japan,2014,primary_balance,Primary balance,-4.4960,actual,IMF WEO,https://data.imf.org/Datasets/WEO,April 2026 vintage; general government; percent of GDP; Fiscal Monitor used only where WEO is unavailable.
JPN,Japan,2014,revenue,Revenue,32.1870,actual,IMF WEO,https://data.imf.org/Datasets/WEO,April 2026 vintage; general government; percent of GDP; Fiscal Monitor used only where WEO is unavailable.
JPN,Japan,2014,primary_expenditure,Primary expenditure,36.6830,actual,IMF WEO / derived,https://data.imf.org/Datasets/WEO,Primary expenditure = revenue - primary balance.
JPN,Japan,2014,gross_debt,Gross debt,203.6450,actual,IMF WEO,https://data.imf.org/Datasets/WEO,April 2026 vintage; general government; percent of GDP; Fiscal Monitor used only where WEO is unavailable.
JPN,Japan,2014,net_debt,Net debt,140.0980,actual,IMF WEO,https://data.imf.org/Datasets/WEO,April 2026 vintage; general government; percent of GDP; Fiscal Monitor used only where WEO is unavailable.
JPN,Japan,2015,overall_balance,Overall balance,-3.6400,actual,IMF WEO,https://data.imf.org/Datasets/WEO,April 2026 vintage; general government; percent of GDP; Fiscal Monitor used only where WEO is unavailable.
JPN,Japan,2015,primary_balance,Primary balance,-2.6180,actual,IMF WEO,https://data.imf.org/Datasets/WEO,April 2026 vintage; general government; percent of GDP; Fiscal Monitor used only where WEO is unavailable.
JPN,Japan,2015,revenue,Revenue,32.9430,actual,IMF WEO,https://data.imf.org/Datasets/WEO,April 2026 vintage; general government; percent of GDP; Fiscal Monitor used only where WEO is unavailable.
JPN,Japan,2015,primary_expenditure,Primary expenditure,35.5610,actual,IMF WEO / derived,https://data.imf.org/Datasets/WEO,Primary expenditure = revenue - primary balance.
JPN,Japan,2015,gross_debt,Gross debt,200.1450,actual,IMF WEO,https://data.imf.org/Datasets/WEO,April 2026 vintage; general government; percent of GDP; Fiscal Monitor used only where WEO is unavailable.
JPN,Japan,2015,net_debt,Net debt,140.4170,actual,IMF WEO,https://data.imf.org/Datasets/WEO,April 2026 vintage; general government; percent of GDP; Fiscal Monitor used only where WEO is unavailable.
JPN,Japan,2016,overall_balance,Overall balance,-3.5760,actual,IMF WEO,https://data.imf.org/Datasets/WEO,April 2026 vintage; general government; percent of GDP; Fiscal Monitor used only where WEO is unavailable.
JPN,Japan,2016,primary_balance,Primary balance,-2.5320,actual,IMF WEO,https://data.imf.org/Datasets/WEO,April 2026 vintage; general government; percent of GDP; Fiscal Monitor used only where WEO is unavailable.
JPN,Japan,2016,revenue,Revenue,32.9060,actual,IMF WEO,https://data.imf.org/Datasets/WEO,April 2026 vintage; general government; percent of GDP; Fiscal Monitor used only where WEO is unavailable.
JPN,Japan,2016,primary_expenditure,Primary expenditure,35.4380,actual,IMF WEO / derived,https://data.imf.org/Datasets/WEO,Primary expenditure = revenue - primary balance.
JPN,Japan,2016,gross_debt,Gross debt,202.1450,actual,IMF WEO,https://data.imf.org/Datasets/WEO,April 2026 vintage; general government; percent of GDP; Fiscal Monitor used only where WEO is unavailable.
JPN,Japan,2016,net_debt,Net debt,142.8730,actual,IMF WEO,https://data.imf.org/Datasets/WEO,April 2026 vintage; general government; percent of GDP; Fiscal Monitor used only where WEO is unavailable.
JPN,Japan,2017,overall_balance,Overall balance,-3.0480,actual,IMF WEO,https://data.imf.org/Datasets/WEO,April 2026 vintage; general government; percent of GDP; Fiscal Monitor used only where WEO is unavailable.
JPN,Japan,2017,primary_balance,Primary balance,-2.1350,actual,IMF WEO,https://data.imf.org/Datasets/WEO,April 2026 vintage; general government; percent of GDP; Fiscal Monitor used only where WEO is unavailable.
JPN,Japan,2017,revenue,Revenue,32.8490,actual,IMF WEO,https://data.imf.org/Datasets/WEO,April 2026 vintage; general government; percent of GDP; Fiscal Monitor used only where WEO is unavailable.
JPN,Japan,2017,primary_expenditure,Primary expenditure,34.9840,actual,IMF WEO / derived,https://data.imf.org/Datasets/WEO,Primary expenditure = revenue - primary balance.
JPN,Japan,2017,gross_debt,Gross debt,203.1110,actual,IMF WEO,https://data.imf.org/Datasets/WEO,April 2026 vintage; general government; percent of GDP; Fiscal Monitor used only where WEO is unavailable.
JPN,Japan,2017,net_debt,Net debt,144.3340,actual,IMF WEO,https://data.imf.org/Datasets/WEO,April 2026 vintage; general government; percent of GDP; Fiscal Monitor used only where WEO is unavailable.
JPN,Japan,2018,overall_balance,Overall balance,-2.4430,actual,IMF WEO,https://data.imf.org/Datasets/WEO,April 2026 vintage; general government; percent of GDP; Fiscal Monitor used only where WEO is unavailable.
JPN,Japan,2018,primary_balance,Primary balance,-1.6640,actual,IMF WEO,https://data.imf.org/Datasets/WEO,April 2026 vintage; general government; percent of GDP; Fiscal Monitor used only where WEO is unavailable.
JPN,Japan,2018,revenue,Revenue,33.5110,actual,IMF WEO,https://data.imf.org/Datasets/WEO,April 2026 vintage; general government; percent of GDP; Fiscal Monitor used only where WEO is unavailable.
JPN,Japan,2018,primary_expenditure,Primary expenditure,35.1750,actual,IMF WEO / derived,https://data.imf.org/Datasets/WEO,Primary expenditure = revenue - primary balance.
JPN,Japan,2018,gross_debt,Gross debt,203.7210,actual,IMF WEO,https://data.imf.org/Datasets/WEO,April 2026 vintage; general government; percent of GDP; Fiscal Monitor used only where WEO is unavailable.
JPN,Japan,2018,net_debt,Net debt,146.7040,actual,IMF WEO,https://data.imf.org/Datasets/WEO,April 2026 vintage; general government; percent of GDP; Fiscal Monitor used only where WEO is unavailable.
JPN,Japan,2019,overall_balance,Overall balance,-3.0450,actual,IMF WEO,https://data.imf.org/Datasets/WEO,April 2026 vintage; general government; percent of GDP; Fiscal Monitor used only where WEO is unavailable.
JPN,Japan,2019,primary_balance,Primary balance,-2.3820,actual,IMF WEO,https://data.imf.org/Datasets/WEO,April 2026 vintage; general government; percent of GDP; Fiscal Monitor used only where WEO is unavailable.
JPN,Japan,2019,revenue,Revenue,33.3780,actual,IMF WEO,https://data.imf.org/Datasets/WEO,April 2026 vintage; general government; percent of GDP; Fiscal Monitor used only where WEO is unavailable.
JPN,Japan,2019,primary_expenditure,Primary expenditure,35.7600,actual,IMF WEO / derived,https://data.imf.org/Datasets/WEO,Primary expenditure = revenue - primary balance.
JPN,Japan,2019,gross_debt,Gross debt,206.3260,actual,IMF WEO,https://data.imf.org/Datasets/WEO,April 2026 vintage; general government; percent of GDP; Fiscal Monitor used only where WEO is unavailable.
JPN,Japan,2019,net_debt,Net debt,148.2030,actual,IMF WEO,https://data.imf.org/Datasets/WEO,April 2026 vintage; general government; percent of GDP; Fiscal Monitor used only where WEO is unavailable.
JPN,Japan,2020,overall_balance,Overall balance,-9.0370,actual,IMF WEO,https://data.imf.org/Datasets/WEO,April 2026 vintage; general government; percent of GDP; Fiscal Monitor used only where WEO is unavailable.
JPN,Japan,2020,primary_balance,Primary balance,-8.4170,actual,IMF WEO,https://data.imf.org/Datasets/WEO,April 2026 vintage; general government; percent of GDP; Fiscal Monitor used only where WEO is unavailable.
JPN,Japan,2020,revenue,Revenue,34.5260,actual,IMF WEO,https://data.imf.org/Datasets/WEO,April 2026 vintage; general government; percent of GDP; Fiscal Monitor used only where WEO is unavailable.
JPN,Japan,2020,primary_expenditure,Primary expenditure,42.9430,actual,IMF WEO / derived,https://data.imf.org/Datasets/WEO,Primary expenditure = revenue - primary balance.
JPN,Japan,2020,gross_debt,Gross debt,228.7710,actual,IMF WEO,https://data.imf.org/Datasets/WEO,April 2026 vintage; general government; percent of GDP; Fiscal Monitor used only where WEO is unavailable.
JPN,Japan,2020,net_debt,Net debt,160.8020,actual,IMF WEO,https://data.imf.org/Datasets/WEO,April 2026 vintage; general government; percent of GDP; Fiscal Monitor used only where WEO is unavailable.
JPN,Japan,2021,overall_balance,Overall balance,-6.3240,actual,IMF WEO,https://data.imf.org/Datasets/WEO,April 2026 vintage; general government; percent of GDP; Fiscal Monitor used only where WEO is unavailable.
JPN,Japan,2021,primary_balance,Primary balance,-5.7380,actual,IMF WEO,https://data.imf.org/Datasets/WEO,April 2026 vintage; general government; percent of GDP; Fiscal Monitor used only where WEO is unavailable.
JPN,Japan,2021,revenue,Revenue,35.0260,actual,IMF WEO,https://data.imf.org/Datasets/WEO,April 2026 vintage; general government; percent of GDP; Fiscal Monitor used only where WEO is unavailable.
JPN,Japan,2021,primary_expenditure,Primary expenditure,40.7640,actual,IMF WEO / derived,https://data.imf.org/Datasets/WEO,Primary expenditure = revenue - primary balance.
JPN,Japan,2021,gross_debt,Gross debt,222.6840,actual,IMF WEO,https://data.imf.org/Datasets/WEO,April 2026 vintage; general government; percent of GDP; Fiscal Monitor used only where WEO is unavailable.
JPN,Japan,2021,net_debt,Net debt,157.5470,actual,IMF WEO,https://data.imf.org/Datasets/WEO,April 2026 vintage; general government; percent of GDP; Fiscal Monitor used only where WEO is unavailable.
JPN,Japan,2022,overall_balance,Overall balance,-4.2270,actual,IMF WEO,https://data.imf.org/Datasets/WEO,April 2026 vintage; general government; percent of GDP; Fiscal Monitor used only where WEO is unavailable.
JPN,Japan,2022,primary_balance,Primary balance,-3.8270,actual,IMF WEO,https://data.imf.org/Datasets/WEO,April 2026 vintage; general government; percent of GDP; Fiscal Monitor used only where WEO is unavailable.
JPN,Japan,2022,revenue,Revenue,35.9810,actual,IMF WEO,https://data.imf.org/Datasets/WEO,April 2026 vintage; general government; percent of GDP; Fiscal Monitor used only where WEO is unavailable.
JPN,Japan,2022,primary_expenditure,Primary expenditure,39.8080,actual,IMF WEO / derived,https://data.imf.org/Datasets/WEO,Primary expenditure = revenue - primary balance.
JPN,Japan,2022,gross_debt,Gross debt,227.8310,actual,IMF WEO,https://data.imf.org/Datasets/WEO,April 2026 vintage; general government; percent of GDP; Fiscal Monitor used only where WEO is unavailable.
JPN,Japan,2022,net_debt,Net debt,159.5910,actual,IMF WEO,https://data.imf.org/Datasets/WEO,April 2026 vintage; general government; percent of GDP; Fiscal Monitor used only where WEO is unavailable.
JPN,Japan,2023,overall_balance,Overall balance,-2.3950,actual,IMF WEO,https://data.imf.org/Datasets/WEO,April 2026 vintage; general government; percent of GDP; Fiscal Monitor used only where WEO is unavailable.
JPN,Japan,2023,primary_balance,Primary balance,-2.1700,actual,IMF WEO,https://data.imf.org/Datasets/WEO,April 2026 vintage; general government; percent of GDP; Fiscal Monitor used only where WEO is unavailable.
JPN,Japan,2023,revenue,Revenue,35.3810,actual,IMF WEO,https://data.imf.org/Datasets/WEO,April 2026 vintage; general government; percent of GDP; Fiscal Monitor used only where WEO is unavailable.
JPN,Japan,2023,primary_expenditure,Primary expenditure,37.5510,actual,IMF WEO / derived,https://data.imf.org/Datasets/WEO,Primary expenditure = revenue - primary balance.
JPN,Japan,2023,gross_debt,Gross debt,220.3020,actual,IMF WEO,https://data.imf.org/Datasets/WEO,April 2026 vintage; general government; percent of GDP; Fiscal Monitor used only where WEO is unavailable.
JPN,Japan,2023,net_debt,Net debt,149.4800,actual,IMF WEO,https://data.imf.org/Datasets/WEO,April 2026 vintage; general government; percent of GDP; Fiscal Monitor used only where WEO is unavailable.
JPN,Japan,2024,overall_balance,Overall balance,-1.6670,actual,IMF WEO,https://data.imf.org/Datasets/WEO,April 2026 vintage; general government; percent of GDP; Fiscal Monitor used only where WEO is unavailable.
JPN,Japan,2024,primary_balance,Primary balance,-1.5510,actual,IMF WEO,https://data.imf.org/Datasets/WEO,April 2026 vintage; general government; percent of GDP; Fiscal Monitor used only where WEO is unavailable.
JPN,Japan,2024,revenue,Revenue,35.6440,actual,IMF WEO,https://data.imf.org/Datasets/WEO,April 2026 vintage; general government; percent of GDP; Fiscal Monitor used only where WEO is unavailable.
JPN,Japan,2024,primary_expenditure,Primary expenditure,37.1950,actual,IMF WEO / derived,https://data.imf.org/Datasets/WEO,Primary expenditure = revenue - primary balance.
JPN,Japan,2024,gross_debt,Gross debt,214.4870,actual,IMF WEO,https://data.imf.org/Datasets/WEO,April 2026 vintage; general government; percent of GDP; Fiscal Monitor used only where WEO is unavailable.
JPN,Japan,2024,net_debt,Net debt,141.7320,actual,IMF WEO,https://data.imf.org/Datasets/WEO,April 2026 vintage; general government; percent of GDP; Fiscal Monitor used only where WEO is unavailable.
JPN,Japan,2025,overall_balance,Overall balance,-1.0540,estimate,IMF WEO,https://data.imf.org/Datasets/WEO,April 2026 vintage; general government; percent of GDP; Fiscal Monitor used only where WEO is unavailable.
JPN,Japan,2025,primary_balance,Primary balance,-0.8540,estimate,IMF WEO,https://data.imf.org/Datasets/WEO,April 2026 vintage; general government; percent of GDP; Fiscal Monitor used only where WEO is unavailable.
JPN,Japan,2025,revenue,Revenue,35.8040,estimate,IMF WEO,https://data.imf.org/Datasets/WEO,April 2026 vintage; general government; percent of GDP; Fiscal Monitor used only where WEO is unavailable.
JPN,Japan,2025,primary_expenditure,Primary expenditure,36.6580,estimate,IMF WEO / derived,https://data.imf.org/Datasets/WEO,Primary expenditure = revenue - primary balance.
JPN,Japan,2025,gross_debt,Gross debt,206.5250,estimate,IMF WEO,https://data.imf.org/Datasets/WEO,April 2026 vintage; general government; percent of GDP; Fiscal Monitor used only where WEO is unavailable.
JPN,Japan,2025,net_debt,Net debt,136.4800,estimate,IMF WEO,https://data.imf.org/Datasets/WEO,April 2026 vintage; general government; percent of GDP; Fiscal Monitor used only where WEO is unavailable.
JPN,Japan,2026,overall_balance,Overall balance,-2.0450,projection,IMF WEO,https://data.imf.org/Datasets/WEO,April 2026 vintage; general government; percent of GDP; Fiscal Monitor used only where WEO is unavailable.
JPN,Japan,2026,primary_balance,Primary balance,-1.7380,projection,IMF WEO,https://data.imf.org/Datasets/WEO,April 2026 vintage; general government; percent of GDP; Fiscal Monitor used only where WEO is unavailable.
JPN,Japan,2026,revenue,Revenue,35.5700,projection,IMF WEO,https://data.imf.org/Datasets/WEO,April 2026 vintage; general government; percent of GDP; Fiscal Monitor used only where WEO is unavailable.
JPN,Japan,2026,primary_expenditure,Primary expenditure,37.3080,projection,IMF WEO / derived,https://data.imf.org/Datasets/WEO,Primary expenditure = revenue - primary balance.
JPN,Japan,2026,gross_debt,Gross debt,204.3510,projection,IMF WEO,https://data.imf.org/Datasets/WEO,April 2026 vintage; general government; percent of GDP; Fiscal Monitor used only where WEO is unavailable.
JPN,Japan,2026,net_debt,Net debt,134.3060,projection,IMF WEO,https://data.imf.org/Datasets/WEO,April 2026 vintage; general government; percent of GDP; Fiscal Monitor used only where WEO is unavailable.
JPN,Japan,2027,overall_balance,Overall balance,-2.3650,projection,IMF WEO,https://data.imf.org/Datasets/WEO,April 2026 vintage; general government; percent of GDP; Fiscal Monitor used only where WEO is unavailable.
JPN,Japan,2027,primary_balance,Primary balance,-1.6990,projection,IMF WEO,https://data.imf.org/Datasets/WEO,April 2026 vintage; general government; percent of GDP; Fiscal Monitor used only where WEO is unavailable.
JPN,Japan,2027,revenue,Revenue,35.5500,projection,IMF WEO,https://data.imf.org/Datasets/WEO,April 2026 vintage; general government; percent of GDP; Fiscal Monitor used only where WEO is unavailable.
JPN,Japan,2027,primary_expenditure,Primary expenditure,37.2490,projection,IMF WEO / derived,https://data.imf.org/Datasets/WEO,Primary expenditure = revenue - primary balance.
JPN,Japan,2027,gross_debt,Gross debt,200.1250,projection,IMF WEO,https://data.imf.org/Datasets/WEO,April 2026 vintage; general government; percent of GDP; Fiscal Monitor used only where WEO is unavailable.
JPN,Japan,2027,net_debt,Net debt,130.0790,projection,IMF WEO,https://data.imf.org/Datasets/WEO,April 2026 vintage; general government; percent of GDP; Fiscal Monitor used only where WEO is unavailable.
JPN,Japan,2028,overall_balance,Overall balance,-2.9450,projection,IMF WEO,https://data.imf.org/Datasets/WEO,April 2026 vintage; general government; percent of GDP; Fiscal Monitor used only where WEO is unavailable.
JPN,Japan,2028,primary_balance,Primary balance,-1.9320,projection,IMF WEO,https://data.imf.org/Datasets/WEO,April 2026 vintage; general government; percent of GDP; Fiscal Monitor used only where WEO is unavailable.
JPN,Japan,2028,revenue,Revenue,35.4420,projection,IMF WEO,https://data.imf.org/Datasets/WEO,April 2026 vintage; general government; percent of GDP; Fiscal Monitor used only where WEO is unavailable.
JPN,Japan,2028,primary_expenditure,Primary expenditure,37.3740,projection,IMF WEO / derived,https://data.imf.org/Datasets/WEO,Primary expenditure = revenue - primary balance.
JPN,Japan,2028,gross_debt,Gross debt,197.7250,projection,IMF WEO,https://data.imf.org/Datasets/WEO,April 2026 vintage; general government; percent of GDP; Fiscal Monitor used only where WEO is unavailable.
JPN,Japan,2028,net_debt,Net debt,127.6800,projection,IMF WEO,https://data.imf.org/Datasets/WEO,April 2026 vintage; general government; percent of GDP; Fiscal Monitor used only where WEO is unavailable.
JPN,Japan,2029,overall_balance,Overall balance,-3.2880,projection,IMF WEO,https://data.imf.org/Datasets/WEO,April 2026 vintage; general government; percent of GDP; Fiscal Monitor used only where WEO is unavailable.
JPN,Japan,2029,primary_balance,Primary balance,-2.0330,projection,IMF WEO,https://data.imf.org/Datasets/WEO,April 2026 vintage; general government; percent of GDP; Fiscal Monitor used only where WEO is unavailable.
JPN,Japan,2029,revenue,Revenue,35.3900,projection,IMF WEO,https://data.imf.org/Datasets/WEO,April 2026 vintage; general government; percent of GDP; Fiscal Monitor used only where WEO is unavailable.
JPN,Japan,2029,primary_expenditure,Primary expenditure,37.4230,projection,IMF WEO / derived,https://data.imf.org/Datasets/WEO,Primary expenditure = revenue - primary balance.
JPN,Japan,2029,gross_debt,Gross debt,195.6500,projection,IMF WEO,https://data.imf.org/Datasets/WEO,April 2026 vintage; general government; percent of GDP; Fiscal Monitor used only where WEO is unavailable.
JPN,Japan,2029,net_debt,Net debt,125.6050,projection,IMF WEO,https://data.imf.org/Datasets/WEO,April 2026 vintage; general government; percent of GDP; Fiscal Monitor used only where WEO is unavailable.
JPN,Japan,2030,overall_balance,Overall balance,-3.6950,projection,IMF WEO,https://data.imf.org/Datasets/WEO,April 2026 vintage; general government; percent of GDP; Fiscal Monitor used only where WEO is unavailable.
JPN,Japan,2030,primary_balance,Primary balance,-2.2050,projection,IMF WEO,https://data.imf.org/Datasets/WEO,April 2026 vintage; general government; percent of GDP; Fiscal Monitor used only where WEO is unavailable.
JPN,Japan,2030,revenue,Revenue,35.3840,projection,IMF WEO,https://data.imf.org/Datasets/WEO,April 2026 vintage; general government; percent of GDP; Fiscal Monitor used only where WEO is unavailable.
JPN,Japan,2030,primary_expenditure,Primary expenditure,37.5890,projection,IMF WEO / derived,https://data.imf.org/Datasets/WEO,Primary expenditure = revenue - primary balance.
JPN,Japan,2030,gross_debt,Gross debt,193.8830,projection,IMF WEO,https://data.imf.org/Datasets/WEO,April 2026 vintage; general government; percent of GDP; Fiscal Monitor used only where WEO is unavailable.
JPN,Japan,2030,net_debt,Net debt,123.8380,projection,IMF WEO,https://data.imf.org/Datasets/WEO,April 2026 vintage; general government; percent of GDP; Fiscal Monitor used only where WEO is unavailable.
JPN,Japan,2031,overall_balance,Overall balance,-4.0390,projection,IMF WEO,https://data.imf.org/Datasets/WEO,April 2026 vintage; general government; percent of GDP; Fiscal Monitor used only where WEO is unavailable.
JPN,Japan,2031,primary_balance,Primary balance,-2.3070,projection,IMF WEO,https://data.imf.org/Datasets/WEO,April 2026 vintage; general government; percent of GDP; Fiscal Monitor used only where WEO is unavailable.
JPN,Japan,2031,revenue,Revenue,35.3960,projection,IMF WEO,https://data.imf.org/Datasets/WEO,April 2026 vintage; general government; percent of GDP; Fiscal Monitor used only where WEO is unavailable.
JPN,Japan,2031,primary_expenditure,Primary expenditure,37.7030,projection,IMF WEO / derived,https://data.imf.org/Datasets/WEO,Primary expenditure = revenue - primary balance.
JPN,Japan,2031,gross_debt,Gross debt,192.8050,projection,IMF WEO,https://data.imf.org/Datasets/WEO,April 2026 vintage; general government; percent of GDP; Fiscal Monitor used only where WEO is unavailable.
JPN,Japan,2031,net_debt,Net debt,122.7590,projection,IMF WEO,https://data.imf.org/Datasets/WEO,April 2026 vintage; general government; percent of GDP; Fiscal Monitor used only where WEO is unavailable.
DEU,Germany,1991,overall_balance,Overall balance,-3.2100,actual,IMF WEO,https://data.imf.org/Datasets/WEO,April 2026 vintage; general government; percent of GDP; Fiscal Monitor used only where WEO is unavailable.
DEU,Germany,1991,primary_balance,Primary balance,-0.9860,actual,IMF WEO,https://data.imf.org/Datasets/WEO,April 2026 vintage; general government; percent of GDP; Fiscal Monitor used only where WEO is unavailable.
DEU,Germany,1991,revenue,Revenue,43.3280,actual,IMF WEO,https://data.imf.org/Datasets/WEO,April 2026 vintage; general government; percent of GDP; Fiscal Monitor used only where WEO is unavailable.
DEU,Germany,1991,primary_expenditure,Primary expenditure,44.3140,actual,IMF WEO / derived,https://data.imf.org/Datasets/WEO,Primary expenditure = revenue - primary balance.
DEU,Germany,1991,gross_debt,Gross debt,39.0150,actual,IMF WEO,https://data.imf.org/Datasets/WEO,April 2026 vintage; general government; percent of GDP; Fiscal Monitor used only where WEO is unavailable.
DEU,Germany,1992,overall_balance,Overall balance,-2.6320,actual,IMF WEO,https://data.imf.org/Datasets/WEO,April 2026 vintage; general government; percent of GDP; Fiscal Monitor used only where WEO is unavailable.
DEU,Germany,1992,primary_balance,Primary balance,-0.0210,actual,IMF WEO,https://data.imf.org/Datasets/WEO,April 2026 vintage; general government; percent of GDP; Fiscal Monitor used only where WEO is unavailable.
DEU,Germany,1992,revenue,Revenue,44.7210,actual,IMF WEO,https://data.imf.org/Datasets/WEO,April 2026 vintage; general government; percent of GDP; Fiscal Monitor used only where WEO is unavailable.
DEU,Germany,1992,primary_expenditure,Primary expenditure,44.7420,actual,IMF WEO / derived,https://data.imf.org/Datasets/WEO,Primary expenditure = revenue - primary balance.
DEU,Germany,1992,gross_debt,Gross debt,41.4250,actual,IMF WEO,https://data.imf.org/Datasets/WEO,April 2026 vintage; general government; percent of GDP; Fiscal Monitor used only where WEO is unavailable.
DEU,Germany,1993,overall_balance,Overall balance,-3.1100,actual,IMF WEO,https://data.imf.org/Datasets/WEO,April 2026 vintage; general government; percent of GDP; Fiscal Monitor used only where WEO is unavailable.
DEU,Germany,1993,primary_balance,Primary balance,-0.4030,actual,IMF WEO,https://data.imf.org/Datasets/WEO,April 2026 vintage; general government; percent of GDP; Fiscal Monitor used only where WEO is unavailable.
DEU,Germany,1993,revenue,Revenue,45.2110,actual,IMF WEO,https://data.imf.org/Datasets/WEO,April 2026 vintage; general government; percent of GDP; Fiscal Monitor used only where WEO is unavailable.
DEU,Germany,1993,primary_expenditure,Primary expenditure,45.6140,actual,IMF WEO / derived,https://data.imf.org/Datasets/WEO,Primary expenditure = revenue - primary balance.
DEU,Germany,1993,gross_debt,Gross debt,45.0860,actual,IMF WEO,https://data.imf.org/Datasets/WEO,April 2026 vintage; general government; percent of GDP; Fiscal Monitor used only where WEO is unavailable.
DEU,Germany,1994,overall_balance,Overall balance,-2.5420,actual,IMF WEO,https://data.imf.org/Datasets/WEO,April 2026 vintage; general government; percent of GDP; Fiscal Monitor used only where WEO is unavailable.
DEU,Germany,1994,primary_balance,Primary balance,0.3370,actual,IMF WEO,https://data.imf.org/Datasets/WEO,April 2026 vintage; general government; percent of GDP; Fiscal Monitor used only where WEO is unavailable.
DEU,Germany,1994,revenue,Revenue,45.7710,actual,IMF WEO,https://data.imf.org/Datasets/WEO,April 2026 vintage; general government; percent of GDP; Fiscal Monitor used only where WEO is unavailable.
DEU,Germany,1994,primary_expenditure,Primary expenditure,45.4340,actual,IMF WEO / derived,https://data.imf.org/Datasets/WEO,Primary expenditure = revenue - primary balance.
DEU,Germany,1994,gross_debt,Gross debt,47.4670,actual,IMF WEO,https://data.imf.org/Datasets/WEO,April 2026 vintage; general government; percent of GDP; Fiscal Monitor used only where WEO is unavailable.
DEU,Germany,1995,overall_balance,Overall balance,-9.4370,actual,IMF WEO,https://data.imf.org/Datasets/WEO,April 2026 vintage; general government; percent of GDP; Fiscal Monitor used only where WEO is unavailable.
DEU,Germany,1995,primary_balance,Primary balance,-6.3490,actual,IMF WEO,https://data.imf.org/Datasets/WEO,April 2026 vintage; general government; percent of GDP; Fiscal Monitor used only where WEO is unavailable.
DEU,Germany,1995,revenue,Revenue,45.8040,actual,IMF WEO,https://data.imf.org/Datasets/WEO,April 2026 vintage; general government; percent of GDP; Fiscal Monitor used only where WEO is unavailable.
DEU,Germany,1995,primary_expenditure,Primary expenditure,52.1530,actual,IMF WEO / derived,https://data.imf.org/Datasets/WEO,Primary expenditure = revenue - primary balance.
DEU,Germany,1995,gross_debt,Gross debt,54.8930,actual,IMF WEO,https://data.imf.org/Datasets/WEO,April 2026 vintage; general government; percent of GDP; Fiscal Monitor used only where WEO is unavailable.
DEU,Germany,1995,net_debt,Net debt,41.4350,actual,IMF WEO,https://data.imf.org/Datasets/WEO,April 2026 vintage; general government; percent of GDP; Fiscal Monitor used only where WEO is unavailable.
DEU,Germany,1996,overall_balance,Overall balance,-3.6380,actual,IMF WEO,https://data.imf.org/Datasets/WEO,April 2026 vintage; general government; percent of GDP; Fiscal Monitor used only where WEO is unavailable.
DEU,Germany,1996,primary_balance,Primary balance,-0.5850,actual,IMF WEO,https://data.imf.org/Datasets/WEO,April 2026 vintage; general government; percent of GDP; Fiscal Monitor used only where WEO is unavailable.
DEU,Germany,1996,revenue,Revenue,45.9180,actual,IMF WEO,https://data.imf.org/Datasets/WEO,April 2026 vintage; general government; percent of GDP; Fiscal Monitor used only where WEO is unavailable.
DEU,Germany,1996,primary_expenditure,Primary expenditure,46.5030,actual,IMF WEO / derived,https://data.imf.org/Datasets/WEO,Primary expenditure = revenue - primary balance.
DEU,Germany,1996,gross_debt,Gross debt,57.7210,actual,IMF WEO,https://data.imf.org/Datasets/WEO,April 2026 vintage; general government; percent of GDP; Fiscal Monitor used only where WEO is unavailable.
DEU,Germany,1996,net_debt,Net debt,44.3000,actual,IMF WEO,https://data.imf.org/Datasets/WEO,April 2026 vintage; general government; percent of GDP; Fiscal Monitor used only where WEO is unavailable.
DEU,Germany,1997,overall_balance,Overall balance,-3.0270,actual,IMF WEO,https://data.imf.org/Datasets/WEO,April 2026 vintage; general government; percent of GDP; Fiscal Monitor used only where WEO is unavailable.
DEU,Germany,1997,primary_balance,Primary balance,-0.0010,actual,IMF WEO,https://data.imf.org/Datasets/WEO,April 2026 vintage; general government; percent of GDP; Fiscal Monitor used only where WEO is unavailable.
DEU,Germany,1997,revenue,Revenue,45.7260,actual,IMF WEO,https://data.imf.org/Datasets/WEO,April 2026 vintage; general government; percent of GDP; Fiscal Monitor used only where WEO is unavailable.
DEU,Germany,1997,primary_expenditure,Primary expenditure,45.7270,actual,IMF WEO / derived,https://data.imf.org/Datasets/WEO,Primary expenditure = revenue - primary balance.
DEU,Germany,1997,gross_debt,Gross debt,58.8260,actual,IMF WEO,https://data.imf.org/Datasets/WEO,April 2026 vintage; general government; percent of GDP; Fiscal Monitor used only where WEO is unavailable.
DEU,Germany,1997,net_debt,Net debt,45.5440,actual,IMF WEO,https://data.imf.org/Datasets/WEO,April 2026 vintage; general government; percent of GDP; Fiscal Monitor used only where WEO is unavailable.
DEU,Germany,1998,overall_balance,Overall balance,-2.6500,actual,IMF WEO,https://data.imf.org/Datasets/WEO,April 2026 vintage; general government; percent of GDP; Fiscal Monitor used only where WEO is unavailable.
DEU,Germany,1998,primary_balance,Primary balance,0.3850,actual,IMF WEO,https://data.imf.org/Datasets/WEO,April 2026 vintage; general government; percent of GDP; Fiscal Monitor used only where WEO is unavailable.
DEU,Germany,1998,revenue,Revenue,45.6410,actual,IMF WEO,https://data.imf.org/Datasets/WEO,April 2026 vintage; general government; percent of GDP; Fiscal Monitor used only where WEO is unavailable.
DEU,Germany,1998,primary_expenditure,Primary expenditure,45.2560,actual,IMF WEO / derived,https://data.imf.org/Datasets/WEO,Primary expenditure = revenue - primary balance.
DEU,Germany,1998,gross_debt,Gross debt,59.4380,actual,IMF WEO,https://data.imf.org/Datasets/WEO,April 2026 vintage; general government; percent of GDP; Fiscal Monitor used only where WEO is unavailable.
DEU,Germany,1998,net_debt,Net debt,46.9280,actual,IMF WEO,https://data.imf.org/Datasets/WEO,April 2026 vintage; general government; percent of GDP; Fiscal Monitor used only where WEO is unavailable.
DEU,Germany,1999,overall_balance,Overall balance,-1.8660,actual,IMF WEO,https://data.imf.org/Datasets/WEO,April 2026 vintage; general government; percent of GDP; Fiscal Monitor used only where WEO is unavailable.
DEU,Germany,1999,primary_balance,Primary balance,0.9250,actual,IMF WEO,https://data.imf.org/Datasets/WEO,April 2026 vintage; general government; percent of GDP; Fiscal Monitor used only where WEO is unavailable.
DEU,Germany,1999,revenue,Revenue,46.6200,actual,IMF WEO,https://data.imf.org/Datasets/WEO,April 2026 vintage; general government; percent of GDP; Fiscal Monitor used only where WEO is unavailable.
DEU,Germany,1999,primary_expenditure,Primary expenditure,45.6950,actual,IMF WEO / derived,https://data.imf.org/Datasets/WEO,Primary expenditure = revenue - primary balance.
DEU,Germany,1999,gross_debt,Gross debt,60.3490,actual,IMF WEO,https://data.imf.org/Datasets/WEO,April 2026 vintage; general government; percent of GDP; Fiscal Monitor used only where WEO is unavailable.
DEU,Germany,1999,net_debt,Net debt,48.1540,actual,IMF WEO,https://data.imf.org/Datasets/WEO,April 2026 vintage; general government; percent of GDP; Fiscal Monitor used only where WEO is unavailable.
DEU,Germany,2000,overall_balance,Overall balance,-1.7140,actual,IMF WEO,https://data.imf.org/Datasets/WEO,April 2026 vintage; general government; percent of GDP; Fiscal Monitor used only where WEO is unavailable.
DEU,Germany,2000,primary_balance,Primary balance,1.0600,actual,IMF WEO,https://data.imf.org/Datasets/WEO,April 2026 vintage; general government; percent of GDP; Fiscal Monitor used only where WEO is unavailable.
DEU,Germany,2000,revenue,Revenue,46.3420,actual,IMF WEO,https://data.imf.org/Datasets/WEO,April 2026 vintage; general government; percent of GDP; Fiscal Monitor used only where WEO is unavailable.
DEU,Germany,2000,primary_expenditure,Primary expenditure,45.2820,actual,IMF WEO / derived,https://data.imf.org/Datasets/WEO,Primary expenditure = revenue - primary balance.
DEU,Germany,2000,gross_debt,Gross debt,59.2390,actual,IMF WEO,https://data.imf.org/Datasets/WEO,April 2026 vintage; general government; percent of GDP; Fiscal Monitor used only where WEO is unavailable.
DEU,Germany,2000,net_debt,Net debt,44.9970,actual,IMF WEO,https://data.imf.org/Datasets/WEO,April 2026 vintage; general government; percent of GDP; Fiscal Monitor used only where WEO is unavailable.
DEU,Germany,2001,overall_balance,Overall balance,-3.1250,actual,IMF WEO,https://data.imf.org/Datasets/WEO,April 2026 vintage; general government; percent of GDP; Fiscal Monitor used only where WEO is unavailable.
DEU,Germany,2001,primary_balance,Primary balance,-0.5240,actual,IMF WEO,https://data.imf.org/Datasets/WEO,April 2026 vintage; general government; percent of GDP; Fiscal Monitor used only where WEO is unavailable.
DEU,Germany,2001,revenue,Revenue,44.5280,actual,IMF WEO,https://data.imf.org/Datasets/WEO,April 2026 vintage; general government; percent of GDP; Fiscal Monitor used only where WEO is unavailable.
DEU,Germany,2001,primary_expenditure,Primary expenditure,45.0520,actual,IMF WEO / derived,https://data.imf.org/Datasets/WEO,Primary expenditure = revenue - primary balance.
DEU,Germany,2001,gross_debt,Gross debt,58.0620,actual,IMF WEO,https://data.imf.org/Datasets/WEO,April 2026 vintage; general government; percent of GDP; Fiscal Monitor used only where WEO is unavailable.
DEU,Germany,2001,net_debt,Net debt,46.1610,actual,IMF WEO,https://data.imf.org/Datasets/WEO,April 2026 vintage; general government; percent of GDP; Fiscal Monitor used only where WEO is unavailable.
DEU,Germany,2002,overall_balance,Overall balance,-4.0860,actual,IMF WEO,https://data.imf.org/Datasets/WEO,April 2026 vintage; general government; percent of GDP; Fiscal Monitor used only where WEO is unavailable.
DEU,Germany,2002,primary_balance,Primary balance,-1.4570,actual,IMF WEO,https://data.imf.org/Datasets/WEO,April 2026 vintage; general government; percent of GDP; Fiscal Monitor used only where WEO is unavailable.
DEU,Germany,2002,revenue,Revenue,44.1580,actual,IMF WEO,https://data.imf.org/Datasets/WEO,April 2026 vintage; general government; percent of GDP; Fiscal Monitor used only where WEO is unavailable.
DEU,Germany,2002,primary_expenditure,Primary expenditure,45.6150,actual,IMF WEO / derived,https://data.imf.org/Datasets/WEO,Primary expenditure = revenue - primary balance.
DEU,Germany,2002,gross_debt,Gross debt,59.8230,actual,IMF WEO,https://data.imf.org/Datasets/WEO,April 2026 vintage; general government; percent of GDP; Fiscal Monitor used only where WEO is unavailable.
DEU,Germany,2002,net_debt,Net debt,48.6840,actual,IMF WEO,https://data.imf.org/Datasets/WEO,April 2026 vintage; general government; percent of GDP; Fiscal Monitor used only where WEO is unavailable.
DEU,Germany,2003,overall_balance,Overall balance,-3.8300,actual,IMF WEO,https://data.imf.org/Datasets/WEO,April 2026 vintage; general government; percent of GDP; Fiscal Monitor used only where WEO is unavailable.
DEU,Germany,2003,primary_balance,Primary balance,-1.2110,actual,IMF WEO,https://data.imf.org/Datasets/WEO,April 2026 vintage; general government; percent of GDP; Fiscal Monitor used only where WEO is unavailable.
DEU,Germany,2003,revenue,Revenue,44.6840,actual,IMF WEO,https://data.imf.org/Datasets/WEO,April 2026 vintage; general government; percent of GDP; Fiscal Monitor used only where WEO is unavailable.
DEU,Germany,2003,primary_expenditure,Primary expenditure,45.8950,actual,IMF WEO / derived,https://data.imf.org/Datasets/WEO,Primary expenditure = revenue - primary balance.
DEU,Germany,2003,gross_debt,Gross debt,63.3440,actual,IMF WEO,https://data.imf.org/Datasets/WEO,April 2026 vintage; general government; percent of GDP; Fiscal Monitor used only where WEO is unavailable.
DEU,Germany,2003,net_debt,Net debt,52.4010,actual,IMF WEO,https://data.imf.org/Datasets/WEO,April 2026 vintage; general government; percent of GDP; Fiscal Monitor used only where WEO is unavailable.
DEU,Germany,2004,overall_balance,Overall balance,-3.4210,actual,IMF WEO,https://data.imf.org/Datasets/WEO,April 2026 vintage; general government; percent of GDP; Fiscal Monitor used only where WEO is unavailable.
DEU,Germany,2004,primary_balance,Primary balance,-0.9000,actual,IMF WEO,https://data.imf.org/Datasets/WEO,April 2026 vintage; general government; percent of GDP; Fiscal Monitor used only where WEO is unavailable.
DEU,Germany,2004,revenue,Revenue,43.5510,actual,IMF WEO,https://data.imf.org/Datasets/WEO,April 2026 vintage; general government; percent of GDP; Fiscal Monitor used only where WEO is unavailable.
DEU,Germany,2004,primary_expenditure,Primary expenditure,44.4510,actual,IMF WEO / derived,https://data.imf.org/Datasets/WEO,Primary expenditure = revenue - primary balance.
DEU,Germany,2004,gross_debt,Gross debt,64.9650,actual,IMF WEO,https://data.imf.org/Datasets/WEO,April 2026 vintage; general government; percent of GDP; Fiscal Monitor used only where WEO is unavailable.
DEU,Germany,2004,net_debt,Net debt,54.8460,actual,IMF WEO,https://data.imf.org/Datasets/WEO,April 2026 vintage; general government; percent of GDP; Fiscal Monitor used only where WEO is unavailable.
DEU,Germany,2005,overall_balance,Overall balance,-3.3710,actual,IMF WEO,https://data.imf.org/Datasets/WEO,April 2026 vintage; general government; percent of GDP; Fiscal Monitor used only where WEO is unavailable.
DEU,Germany,2005,primary_balance,Primary balance,-0.9290,actual,IMF WEO,https://data.imf.org/Datasets/WEO,April 2026 vintage; general government; percent of GDP; Fiscal Monitor used only where WEO is unavailable.
DEU,Germany,2005,revenue,Revenue,43.4960,actual,IMF WEO,https://data.imf.org/Datasets/WEO,April 2026 vintage; general government; percent of GDP; Fiscal Monitor used only where WEO is unavailable.
DEU,Germany,2005,primary_expenditure,Primary expenditure,44.4250,actual,IMF WEO / derived,https://data.imf.org/Datasets/WEO,Primary expenditure = revenue - primary balance.
DEU,Germany,2005,gross_debt,Gross debt,67.1200,actual,IMF WEO,https://data.imf.org/Datasets/WEO,April 2026 vintage; general government; percent of GDP; Fiscal Monitor used only where WEO is unavailable.
DEU,Germany,2005,net_debt,Net debt,57.2230,actual,IMF WEO,https://data.imf.org/Datasets/WEO,April 2026 vintage; general government; percent of GDP; Fiscal Monitor used only where WEO is unavailable.
DEU,Germany,2006,overall_balance,Overall balance,-1.7550,actual,IMF WEO,https://data.imf.org/Datasets/WEO,April 2026 vintage; general government; percent of GDP; Fiscal Monitor used only where WEO is unavailable.
DEU,Germany,2006,primary_balance,Primary balance,0.6280,actual,IMF WEO,https://data.imf.org/Datasets/WEO,April 2026 vintage; general government; percent of GDP; Fiscal Monitor used only where WEO is unavailable.
DEU,Germany,2006,revenue,Revenue,43.5540,actual,IMF WEO,https://data.imf.org/Datasets/WEO,April 2026 vintage; general government; percent of GDP; Fiscal Monitor used only where WEO is unavailable.
DEU,Germany,2006,primary_expenditure,Primary expenditure,42.9260,actual,IMF WEO / derived,https://data.imf.org/Datasets/WEO,Primary expenditure = revenue - primary balance.
DEU,Germany,2006,gross_debt,Gross debt,66.3970,actual,IMF WEO,https://data.imf.org/Datasets/WEO,April 2026 vintage; general government; percent of GDP; Fiscal Monitor used only where WEO is unavailable.
DEU,Germany,2006,net_debt,Net debt,55.9540,actual,IMF WEO,https://data.imf.org/Datasets/WEO,April 2026 vintage; general government; percent of GDP; Fiscal Monitor used only where WEO is unavailable.
DEU,Germany,2007,overall_balance,Overall balance,0.1550,actual,IMF WEO,https://data.imf.org/Datasets/WEO,April 2026 vintage; general government; percent of GDP; Fiscal Monitor used only where WEO is unavailable.
DEU,Germany,2007,primary_balance,Primary balance,2.5540,actual,IMF WEO,https://data.imf.org/Datasets/WEO,April 2026 vintage; general government; percent of GDP; Fiscal Monitor used only where WEO is unavailable.
DEU,Germany,2007,revenue,Revenue,43.6950,actual,IMF WEO,https://data.imf.org/Datasets/WEO,April 2026 vintage; general government; percent of GDP; Fiscal Monitor used only where WEO is unavailable.
DEU,Germany,2007,primary_expenditure,Primary expenditure,41.1410,actual,IMF WEO / derived,https://data.imf.org/Datasets/WEO,Primary expenditure = revenue - primary balance.
DEU,Germany,2007,gross_debt,Gross debt,63.6870,actual,IMF WEO,https://data.imf.org/Datasets/WEO,April 2026 vintage; general government; percent of GDP; Fiscal Monitor used only where WEO is unavailable.
DEU,Germany,2007,net_debt,Net debt,53.1160,actual,IMF WEO,https://data.imf.org/Datasets/WEO,April 2026 vintage; general government; percent of GDP; Fiscal Monitor used only where WEO is unavailable.
DEU,Germany,2008,overall_balance,Overall balance,-0.2630,actual,IMF WEO,https://data.imf.org/Datasets/WEO,April 2026 vintage; general government; percent of GDP; Fiscal Monitor used only where WEO is unavailable.
DEU,Germany,2008,primary_balance,Primary balance,2.0700,actual,IMF WEO,https://data.imf.org/Datasets/WEO,April 2026 vintage; general government; percent of GDP; Fiscal Monitor used only where WEO is unavailable.
DEU,Germany,2008,revenue,Revenue,44.1620,actual,IMF WEO,https://data.imf.org/Datasets/WEO,April 2026 vintage; general government; percent of GDP; Fiscal Monitor used only where WEO is unavailable.
DEU,Germany,2008,primary_expenditure,Primary expenditure,42.0920,actual,IMF WEO / derived,https://data.imf.org/Datasets/WEO,Primary expenditure = revenue - primary balance.
DEU,Germany,2008,gross_debt,Gross debt,65.1700,actual,IMF WEO,https://data.imf.org/Datasets/WEO,April 2026 vintage; general government; percent of GDP; Fiscal Monitor used only where WEO is unavailable.
DEU,Germany,2008,net_debt,Net debt,52.8400,actual,IMF WEO,https://data.imf.org/Datasets/WEO,April 2026 vintage; general government; percent of GDP; Fiscal Monitor used only where WEO is unavailable.
DEU,Germany,2009,overall_balance,Overall balance,-3.1760,actual,IMF WEO,https://data.imf.org/Datasets/WEO,April 2026 vintage; general government; percent of GDP; Fiscal Monitor used only where WEO is unavailable.
DEU,Germany,2009,primary_balance,Primary balance,-0.8310,actual,IMF WEO,https://data.imf.org/Datasets/WEO,April 2026 vintage; general government; percent of GDP; Fiscal Monitor used only where WEO is unavailable.
DEU,Germany,2009,revenue,Revenue,45.1330,actual,IMF WEO,https://data.imf.org/Datasets/WEO,April 2026 vintage; general government; percent of GDP; Fiscal Monitor used only where WEO is unavailable.
DEU,Germany,2009,primary_expenditure,Primary expenditure,45.9640,actual,IMF WEO / derived,https://data.imf.org/Datasets/WEO,Primary expenditure = revenue - primary balance.
DEU,Germany,2009,gross_debt,Gross debt,72.3620,actual,IMF WEO,https://data.imf.org/Datasets/WEO,April 2026 vintage; general government; percent of GDP; Fiscal Monitor used only where WEO is unavailable.
DEU,Germany,2009,net_debt,Net debt,59.4740,actual,IMF WEO,https://data.imf.org/Datasets/WEO,April 2026 vintage; general government; percent of GDP; Fiscal Monitor used only where WEO is unavailable.
DEU,Germany,2010,overall_balance,Overall balance,-4.4210,actual,IMF WEO,https://data.imf.org/Datasets/WEO,April 2026 vintage; general government; percent of GDP; Fiscal Monitor used only where WEO is unavailable.
DEU,Germany,2010,primary_balance,Primary balance,-2.2890,actual,IMF WEO,https://data.imf.org/Datasets/WEO,April 2026 vintage; general government; percent of GDP; Fiscal Monitor used only where WEO is unavailable.
DEU,Germany,2010,revenue,Revenue,43.7080,actual,IMF WEO,https://data.imf.org/Datasets/WEO,April 2026 vintage; general government; percent of GDP; Fiscal Monitor used only where WEO is unavailable.
DEU,Germany,2010,primary_expenditure,Primary expenditure,45.9970,actual,IMF WEO / derived,https://data.imf.org/Datasets/WEO,Primary expenditure = revenue - primary balance.
DEU,Germany,2010,gross_debt,Gross debt,81.0340,actual,IMF WEO,https://data.imf.org/Datasets/WEO,April 2026 vintage; general government; percent of GDP; Fiscal Monitor used only where WEO is unavailable.
DEU,Germany,2010,net_debt,Net debt,61.2750,actual,IMF WEO,https://data.imf.org/Datasets/WEO,April 2026 vintage; general government; percent of GDP; Fiscal Monitor used only where WEO is unavailable.
DEU,Germany,2011,overall_balance,Overall balance,-0.8400,actual,IMF WEO,https://data.imf.org/Datasets/WEO,April 2026 vintage; general government; percent of GDP; Fiscal Monitor used only where WEO is unavailable.
DEU,Germany,2011,primary_balance,Primary balance,1.1560,actual,IMF WEO,https://data.imf.org/Datasets/WEO,April 2026 vintage; general government; percent of GDP; Fiscal Monitor used only where WEO is unavailable.
DEU,Germany,2011,revenue,Revenue,44.4500,actual,IMF WEO,https://data.imf.org/Datasets/WEO,April 2026 vintage; general government; percent of GDP; Fiscal Monitor used only where WEO is unavailable.
DEU,Germany,2011,primary_expenditure,Primary expenditure,43.2940,actual,IMF WEO / derived,https://data.imf.org/Datasets/WEO,Primary expenditure = revenue - primary balance.
DEU,Germany,2011,gross_debt,Gross debt,78.4840,actual,IMF WEO,https://data.imf.org/Datasets/WEO,April 2026 vintage; general government; percent of GDP; Fiscal Monitor used only where WEO is unavailable.
DEU,Germany,2011,net_debt,Net debt,59.4900,actual,IMF WEO,https://data.imf.org/Datasets/WEO,April 2026 vintage; general government; percent of GDP; Fiscal Monitor used only where WEO is unavailable.
DEU,Germany,2012,overall_balance,Overall balance,-0.0540,actual,IMF WEO,https://data.imf.org/Datasets/WEO,April 2026 vintage; general government; percent of GDP; Fiscal Monitor used only where WEO is unavailable.
DEU,Germany,2012,primary_balance,Primary balance,1.7810,actual,IMF WEO,https://data.imf.org/Datasets/WEO,April 2026 vintage; general government; percent of GDP; Fiscal Monitor used only where WEO is unavailable.
DEU,Germany,2012,revenue,Revenue,45.0470,actual,IMF WEO,https://data.imf.org/Datasets/WEO,April 2026 vintage; general government; percent of GDP; Fiscal Monitor used only where WEO is unavailable.
DEU,Germany,2012,primary_expenditure,Primary expenditure,43.2660,actual,IMF WEO / derived,https://data.imf.org/Datasets/WEO,Primary expenditure = revenue - primary balance.
DEU,Germany,2012,gross_debt,Gross debt,79.8350,actual,IMF WEO,https://data.imf.org/Datasets/WEO,April 2026 vintage; general government; percent of GDP; Fiscal Monitor used only where WEO is unavailable.
DEU,Germany,2012,net_debt,Net debt,58.7830,actual,IMF WEO,https://data.imf.org/Datasets/WEO,April 2026 vintage; general government; percent of GDP; Fiscal Monitor used only where WEO is unavailable.
DEU,Germany,2013,overall_balance,Overall balance,0.1230,actual,IMF WEO,https://data.imf.org/Datasets/WEO,April 2026 vintage; general government; percent of GDP; Fiscal Monitor used only where WEO is unavailable.
DEU,Germany,2013,primary_balance,Primary balance,1.5550,actual,IMF WEO,https://data.imf.org/Datasets/WEO,April 2026 vintage; general government; percent of GDP; Fiscal Monitor used only where WEO is unavailable.
DEU,Germany,2013,revenue,Revenue,45.2860,actual,IMF WEO,https://data.imf.org/Datasets/WEO,April 2026 vintage; general government; percent of GDP; Fiscal Monitor used only where WEO is unavailable.
DEU,Germany,2013,primary_expenditure,Primary expenditure,43.7310,actual,IMF WEO / derived,https://data.imf.org/Datasets/WEO,Primary expenditure = revenue - primary balance.
DEU,Germany,2013,gross_debt,Gross debt,77.4570,actual,IMF WEO,https://data.imf.org/Datasets/WEO,April 2026 vintage; general government; percent of GDP; Fiscal Monitor used only where WEO is unavailable.
DEU,Germany,2013,net_debt,Net debt,57.8810,actual,IMF WEO,https://data.imf.org/Datasets/WEO,April 2026 vintage; general government; percent of GDP; Fiscal Monitor used only where WEO is unavailable.
DEU,Germany,2014,overall_balance,Overall balance,0.7320,actual,IMF WEO,https://data.imf.org/Datasets/WEO,April 2026 vintage; general government; percent of GDP; Fiscal Monitor used only where WEO is unavailable.
DEU,Germany,2014,primary_balance,Primary balance,1.9600,actual,IMF WEO,https://data.imf.org/Datasets/WEO,April 2026 vintage; general government; percent of GDP; Fiscal Monitor used only where WEO is unavailable.
DEU,Germany,2014,revenue,Revenue,45.2400,actual,IMF WEO,https://data.imf.org/Datasets/WEO,April 2026 vintage; general government; percent of GDP; Fiscal Monitor used only where WEO is unavailable.
DEU,Germany,2014,primary_expenditure,Primary expenditure,43.2800,actual,IMF WEO / derived,https://data.imf.org/Datasets/WEO,Primary expenditure = revenue - primary balance.
DEU,Germany,2014,gross_debt,Gross debt,74.5380,actual,IMF WEO,https://data.imf.org/Datasets/WEO,April 2026 vintage; general government; percent of GDP; Fiscal Monitor used only where WEO is unavailable.
DEU,Germany,2014,net_debt,Net debt,54.4570,actual,IMF WEO,https://data.imf.org/Datasets/WEO,April 2026 vintage; general government; percent of GDP; Fiscal Monitor used only where WEO is unavailable.
DEU,Germany,2015,overall_balance,Overall balance,0.9150,actual,IMF WEO,https://data.imf.org/Datasets/WEO,April 2026 vintage; general government; percent of GDP; Fiscal Monitor used only where WEO is unavailable.
DEU,Germany,2015,primary_balance,Primary balance,1.9960,actual,IMF WEO,https://data.imf.org/Datasets/WEO,April 2026 vintage; general government; percent of GDP; Fiscal Monitor used only where WEO is unavailable.
DEU,Germany,2015,revenue,Revenue,45.4010,actual,IMF WEO,https://data.imf.org/Datasets/WEO,April 2026 vintage; general government; percent of GDP; Fiscal Monitor used only where WEO is unavailable.
DEU,Germany,2015,primary_expenditure,Primary expenditure,43.4050,actual,IMF WEO / derived,https://data.imf.org/Datasets/WEO,Primary expenditure = revenue - primary balance.
DEU,Germany,2015,gross_debt,Gross debt,71.1840,actual,IMF WEO,https://data.imf.org/Datasets/WEO,April 2026 vintage; general government; percent of GDP; Fiscal Monitor used only where WEO is unavailable.
DEU,Germany,2015,net_debt,Net debt,51.7010,actual,IMF WEO,https://data.imf.org/Datasets/WEO,April 2026 vintage; general government; percent of GDP; Fiscal Monitor used only where WEO is unavailable.
DEU,Germany,2016,overall_balance,Overall balance,1.1340,actual,IMF WEO,https://data.imf.org/Datasets/WEO,April 2026 vintage; general government; percent of GDP; Fiscal Monitor used only where WEO is unavailable.
DEU,Germany,2016,primary_balance,Primary balance,2.0660,actual,IMF WEO,https://data.imf.org/Datasets/WEO,April 2026 vintage; general government; percent of GDP; Fiscal Monitor used only where WEO is unavailable.
DEU,Germany,2016,revenue,Revenue,45.8650,actual,IMF WEO,https://data.imf.org/Datasets/WEO,April 2026 vintage; general government; percent of GDP; Fiscal Monitor used only where WEO is unavailable.
DEU,Germany,2016,primary_expenditure,Primary expenditure,43.7990,actual,IMF WEO / derived,https://data.imf.org/Datasets/WEO,Primary expenditure = revenue - primary balance.
DEU,Germany,2016,gross_debt,Gross debt,68.3010,actual,IMF WEO,https://data.imf.org/Datasets/WEO,April 2026 vintage; general government; percent of GDP; Fiscal Monitor used only where WEO is unavailable.
DEU,Germany,2016,net_debt,Net debt,48.9140,actual,IMF WEO,https://data.imf.org/Datasets/WEO,April 2026 vintage; general government; percent of GDP; Fiscal Monitor used only where WEO is unavailable.
DEU,Germany,2017,overall_balance,Overall balance,1.3370,actual,IMF WEO,https://data.imf.org/Datasets/WEO,April 2026 vintage; general government; percent of GDP; Fiscal Monitor used only where WEO is unavailable.
DEU,Germany,2017,primary_balance,Primary balance,2.1700,actual,IMF WEO,https://data.imf.org/Datasets/WEO,April 2026 vintage; general government; percent of GDP; Fiscal Monitor used only where WEO is unavailable.
DEU,Germany,2017,revenue,Revenue,45.8770,actual,IMF WEO,https://data.imf.org/Datasets/WEO,April 2026 vintage; general government; percent of GDP; Fiscal Monitor used only where WEO is unavailable.
DEU,Germany,2017,primary_expenditure,Primary expenditure,43.7070,actual,IMF WEO / derived,https://data.imf.org/Datasets/WEO,Primary expenditure = revenue - primary balance.
DEU,Germany,2017,gross_debt,Gross debt,63.9880,actual,IMF WEO,https://data.imf.org/Datasets/WEO,April 2026 vintage; general government; percent of GDP; Fiscal Monitor used only where WEO is unavailable.
DEU,Germany,2017,net_debt,Net debt,44.7260,actual,IMF WEO,https://data.imf.org/Datasets/WEO,April 2026 vintage; general government; percent of GDP; Fiscal Monitor used only where WEO is unavailable.
DEU,Germany,2018,overall_balance,Overall balance,1.8830,actual,IMF WEO,https://data.imf.org/Datasets/WEO,April 2026 vintage; general government; percent of GDP; Fiscal Monitor used only where WEO is unavailable.
DEU,Germany,2018,primary_balance,Primary balance,2.6070,actual,IMF WEO,https://data.imf.org/Datasets/WEO,April 2026 vintage; general government; percent of GDP; Fiscal Monitor used only where WEO is unavailable.
DEU,Germany,2018,revenue,Revenue,46.5340,actual,IMF WEO,https://data.imf.org/Datasets/WEO,April 2026 vintage; general government; percent of GDP; Fiscal Monitor used only where WEO is unavailable.
DEU,Germany,2018,primary_expenditure,Primary expenditure,43.9270,actual,IMF WEO / derived,https://data.imf.org/Datasets/WEO,Primary expenditure = revenue - primary balance.
DEU,Germany,2018,gross_debt,Gross debt,60.7580,actual,IMF WEO,https://data.imf.org/Datasets/WEO,April 2026 vintage; general government; percent of GDP; Fiscal Monitor used only where WEO is unavailable.
DEU,Germany,2018,net_debt,Net debt,42.0790,actual,IMF WEO,https://data.imf.org/Datasets/WEO,April 2026 vintage; general government; percent of GDP; Fiscal Monitor used only where WEO is unavailable.
DEU,Germany,2019,overall_balance,Overall balance,1.3270,actual,IMF WEO,https://data.imf.org/Datasets/WEO,April 2026 vintage; general government; percent of GDP; Fiscal Monitor used only where WEO is unavailable.
DEU,Germany,2019,primary_balance,Primary balance,1.9180,actual,IMF WEO,https://data.imf.org/Datasets/WEO,April 2026 vintage; general government; percent of GDP; Fiscal Monitor used only where WEO is unavailable.
DEU,Germany,2019,revenue,Revenue,46.8600,actual,IMF WEO,https://data.imf.org/Datasets/WEO,April 2026 vintage; general government; percent of GDP; Fiscal Monitor used only where WEO is unavailable.
DEU,Germany,2019,primary_expenditure,Primary expenditure,44.9420,actual,IMF WEO / derived,https://data.imf.org/Datasets/WEO,Primary expenditure = revenue - primary balance.
DEU,Germany,2019,gross_debt,Gross debt,58.6840,actual,IMF WEO,https://data.imf.org/Datasets/WEO,April 2026 vintage; general government; percent of GDP; Fiscal Monitor used only where WEO is unavailable.
DEU,Germany,2019,net_debt,Net debt,39.8390,actual,IMF WEO,https://data.imf.org/Datasets/WEO,April 2026 vintage; general government; percent of GDP; Fiscal Monitor used only where WEO is unavailable.
DEU,Germany,2020,overall_balance,Overall balance,-4.3800,actual,IMF WEO,https://data.imf.org/Datasets/WEO,April 2026 vintage; general government; percent of GDP; Fiscal Monitor used only where WEO is unavailable.
DEU,Germany,2020,primary_balance,Primary balance,-3.9160,actual,IMF WEO,https://data.imf.org/Datasets/WEO,April 2026 vintage; general government; percent of GDP; Fiscal Monitor used only where WEO is unavailable.
DEU,Germany,2020,revenue,Revenue,46.7340,actual,IMF WEO,https://data.imf.org/Datasets/WEO,April 2026 vintage; general government; percent of GDP; Fiscal Monitor used only where WEO is unavailable.
DEU,Germany,2020,primary_expenditure,Primary expenditure,50.6500,actual,IMF WEO / derived,https://data.imf.org/Datasets/WEO,Primary expenditure = revenue - primary balance.
DEU,Germany,2020,gross_debt,Gross debt,68.0420,actual,IMF WEO,https://data.imf.org/Datasets/WEO,April 2026 vintage; general government; percent of GDP; Fiscal Monitor used only where WEO is unavailable.
DEU,Germany,2020,net_debt,Net debt,45.3350,actual,IMF WEO,https://data.imf.org/Datasets/WEO,April 2026 vintage; general government; percent of GDP; Fiscal Monitor used only where WEO is unavailable.
DEU,Germany,2021,overall_balance,Overall balance,-3.1670,actual,IMF WEO,https://data.imf.org/Datasets/WEO,April 2026 vintage; general government; percent of GDP; Fiscal Monitor used only where WEO is unavailable.
DEU,Germany,2021,primary_balance,Primary balance,-2.7030,actual,IMF WEO,https://data.imf.org/Datasets/WEO,April 2026 vintage; general government; percent of GDP; Fiscal Monitor used only where WEO is unavailable.
DEU,Germany,2021,revenue,Revenue,47.5020,actual,IMF WEO,https://data.imf.org/Datasets/WEO,April 2026 vintage; general government; percent of GDP; Fiscal Monitor used only where WEO is unavailable.
DEU,Germany,2021,primary_expenditure,Primary expenditure,50.2050,actual,IMF WEO / derived,https://data.imf.org/Datasets/WEO,Primary expenditure = revenue - primary balance.
DEU,Germany,2021,gross_debt,Gross debt,67.9380,actual,IMF WEO,https://data.imf.org/Datasets/WEO,April 2026 vintage; general government; percent of GDP; Fiscal Monitor used only where WEO is unavailable.
DEU,Germany,2021,net_debt,Net debt,46.1560,actual,IMF WEO,https://data.imf.org/Datasets/WEO,April 2026 vintage; general government; percent of GDP; Fiscal Monitor used only where WEO is unavailable.
DEU,Germany,2022,overall_balance,Overall balance,-1.9090,actual,IMF WEO,https://data.imf.org/Datasets/WEO,April 2026 vintage; general government; percent of GDP; Fiscal Monitor used only where WEO is unavailable.
DEU,Germany,2022,primary_balance,Primary balance,-1.3480,actual,IMF WEO,https://data.imf.org/Datasets/WEO,April 2026 vintage; general government; percent of GDP; Fiscal Monitor used only where WEO is unavailable.
DEU,Germany,2022,revenue,Revenue,46.7010,actual,IMF WEO,https://data.imf.org/Datasets/WEO,April 2026 vintage; general government; percent of GDP; Fiscal Monitor used only where WEO is unavailable.
DEU,Germany,2022,primary_expenditure,Primary expenditure,48.0490,actual,IMF WEO / derived,https://data.imf.org/Datasets/WEO,Primary expenditure = revenue - primary balance.
DEU,Germany,2022,gross_debt,Gross debt,64.3970,actual,IMF WEO,https://data.imf.org/Datasets/WEO,April 2026 vintage; general government; percent of GDP; Fiscal Monitor used only where WEO is unavailable.
DEU,Germany,2022,net_debt,Net debt,45.8310,actual,IMF WEO,https://data.imf.org/Datasets/WEO,April 2026 vintage; general government; percent of GDP; Fiscal Monitor used only where WEO is unavailable.
DEU,Germany,2023,overall_balance,Overall balance,-2.4940,actual,IMF WEO,https://data.imf.org/Datasets/WEO,April 2026 vintage; general government; percent of GDP; Fiscal Monitor used only where WEO is unavailable.
DEU,Germany,2023,primary_balance,Primary balance,-1.8580,actual,IMF WEO,https://data.imf.org/Datasets/WEO,April 2026 vintage; general government; percent of GDP; Fiscal Monitor used only where WEO is unavailable.
DEU,Germany,2023,revenue,Revenue,45.6520,actual,IMF WEO,https://data.imf.org/Datasets/WEO,April 2026 vintage; general government; percent of GDP; Fiscal Monitor used only where WEO is unavailable.
DEU,Germany,2023,primary_expenditure,Primary expenditure,47.5100,actual,IMF WEO / derived,https://data.imf.org/Datasets/WEO,Primary expenditure = revenue - primary balance.
DEU,Germany,2023,gross_debt,Gross debt,62.3460,actual,IMF WEO,https://data.imf.org/Datasets/WEO,April 2026 vintage; general government; percent of GDP; Fiscal Monitor used only where WEO is unavailable.
DEU,Germany,2023,net_debt,Net debt,45.6650,actual,IMF WEO,https://data.imf.org/Datasets/WEO,April 2026 vintage; general government; percent of GDP; Fiscal Monitor used only where WEO is unavailable.
DEU,Germany,2024,overall_balance,Overall balance,-2.6630,actual,IMF WEO,https://data.imf.org/Datasets/WEO,April 2026 vintage; general government; percent of GDP; Fiscal Monitor used only where WEO is unavailable.
DEU,Germany,2024,primary_balance,Primary balance,-1.8540,actual,IMF WEO,https://data.imf.org/Datasets/WEO,April 2026 vintage; general government; percent of GDP; Fiscal Monitor used only where WEO is unavailable.
DEU,Germany,2024,revenue,Revenue,46.7650,actual,IMF WEO,https://data.imf.org/Datasets/WEO,April 2026 vintage; general government; percent of GDP; Fiscal Monitor used only where WEO is unavailable.
DEU,Germany,2024,primary_expenditure,Primary expenditure,48.6190,actual,IMF WEO / derived,https://data.imf.org/Datasets/WEO,Primary expenditure = revenue - primary balance.
DEU,Germany,2024,gross_debt,Gross debt,62.2270,actual,IMF WEO,https://data.imf.org/Datasets/WEO,April 2026 vintage; general government; percent of GDP; Fiscal Monitor used only where WEO is unavailable.
DEU,Germany,2024,net_debt,Net debt,45.9680,actual,IMF WEO,https://data.imf.org/Datasets/WEO,April 2026 vintage; general government; percent of GDP; Fiscal Monitor used only where WEO is unavailable.
DEU,Germany,2025,overall_balance,Overall balance,-2.6660,actual,IMF WEO,https://data.imf.org/Datasets/WEO,April 2026 vintage; general government; percent of GDP; Fiscal Monitor used only where WEO is unavailable.
DEU,Germany,2025,primary_balance,Primary balance,-1.7850,actual,IMF WEO,https://data.imf.org/Datasets/WEO,April 2026 vintage; general government; percent of GDP; Fiscal Monitor used only where WEO is unavailable.
DEU,Germany,2025,revenue,Revenue,47.8800,actual,IMF WEO,https://data.imf.org/Datasets/WEO,April 2026 vintage; general government; percent of GDP; Fiscal Monitor used only where WEO is unavailable.
DEU,Germany,2025,primary_expenditure,Primary expenditure,49.6650,actual,IMF WEO / derived,https://data.imf.org/Datasets/WEO,Primary expenditure = revenue - primary balance.
DEU,Germany,2025,gross_debt,Gross debt,62.9300,actual,IMF WEO,https://data.imf.org/Datasets/WEO,April 2026 vintage; general government; percent of GDP; Fiscal Monitor used only where WEO is unavailable.
DEU,Germany,2025,net_debt,Net debt,47.1840,actual,IMF WEO,https://data.imf.org/Datasets/WEO,April 2026 vintage; general government; percent of GDP; Fiscal Monitor used only where WEO is unavailable.
DEU,Germany,2026,overall_balance,Overall balance,-3.7780,projection,IMF WEO,https://data.imf.org/Datasets/WEO,April 2026 vintage; general government; percent of GDP; Fiscal Monitor used only where WEO is unavailable.
DEU,Germany,2026,primary_balance,Primary balance,-2.8350,projection,IMF WEO,https://data.imf.org/Datasets/WEO,April 2026 vintage; general government; percent of GDP; Fiscal Monitor used only where WEO is unavailable.
DEU,Germany,2026,revenue,Revenue,47.8910,projection,IMF WEO,https://data.imf.org/Datasets/WEO,April 2026 vintage; general government; percent of GDP; Fiscal Monitor used only where WEO is unavailable.
DEU,Germany,2026,primary_expenditure,Primary expenditure,50.7260,projection,IMF WEO / derived,https://data.imf.org/Datasets/WEO,Primary expenditure = revenue - primary balance.
DEU,Germany,2026,gross_debt,Gross debt,64.6090,projection,IMF WEO,https://data.imf.org/Datasets/WEO,April 2026 vintage; general government; percent of GDP; Fiscal Monitor used only where WEO is unavailable.
DEU,Germany,2026,net_debt,Net debt,49.3880,projection,IMF WEO,https://data.imf.org/Datasets/WEO,April 2026 vintage; general government; percent of GDP; Fiscal Monitor used only where WEO is unavailable.
DEU,Germany,2027,overall_balance,Overall balance,-4.2290,projection,IMF WEO,https://data.imf.org/Datasets/WEO,April 2026 vintage; general government; percent of GDP; Fiscal Monitor used only where WEO is unavailable.
DEU,Germany,2027,primary_balance,Primary balance,-3.1520,projection,IMF WEO,https://data.imf.org/Datasets/WEO,April 2026 vintage; general government; percent of GDP; Fiscal Monitor used only where WEO is unavailable.
DEU,Germany,2027,revenue,Revenue,47.8440,projection,IMF WEO,https://data.imf.org/Datasets/WEO,April 2026 vintage; general government; percent of GDP; Fiscal Monitor used only where WEO is unavailable.
DEU,Germany,2027,primary_expenditure,Primary expenditure,50.9960,projection,IMF WEO / derived,https://data.imf.org/Datasets/WEO,Primary expenditure = revenue - primary balance.
DEU,Germany,2027,gross_debt,Gross debt,66.5270,projection,IMF WEO,https://data.imf.org/Datasets/WEO,April 2026 vintage; general government; percent of GDP; Fiscal Monitor used only where WEO is unavailable.
DEU,Germany,2027,net_debt,Net debt,51.8500,projection,IMF WEO,https://data.imf.org/Datasets/WEO,April 2026 vintage; general government; percent of GDP; Fiscal Monitor used only where WEO is unavailable.
DEU,Germany,2028,overall_balance,Overall balance,-4.0610,projection,IMF WEO,https://data.imf.org/Datasets/WEO,April 2026 vintage; general government; percent of GDP; Fiscal Monitor used only where WEO is unavailable.
DEU,Germany,2028,primary_balance,Primary balance,-2.8490,projection,IMF WEO,https://data.imf.org/Datasets/WEO,April 2026 vintage; general government; percent of GDP; Fiscal Monitor used only where WEO is unavailable.
DEU,Germany,2028,revenue,Revenue,47.7920,projection,IMF WEO,https://data.imf.org/Datasets/WEO,April 2026 vintage; general government; percent of GDP; Fiscal Monitor used only where WEO is unavailable.
DEU,Germany,2028,primary_expenditure,Primary expenditure,50.6410,projection,IMF WEO / derived,https://data.imf.org/Datasets/WEO,Primary expenditure = revenue - primary balance.
DEU,Germany,2028,gross_debt,Gross debt,68.3930,projection,IMF WEO,https://data.imf.org/Datasets/WEO,April 2026 vintage; general government; percent of GDP; Fiscal Monitor used only where WEO is unavailable.
DEU,Germany,2028,net_debt,Net debt,54.2010,projection,IMF WEO,https://data.imf.org/Datasets/WEO,April 2026 vintage; general government; percent of GDP; Fiscal Monitor used only where WEO is unavailable.
DEU,Germany,2029,overall_balance,Overall balance,-3.8980,projection,IMF WEO,https://data.imf.org/Datasets/WEO,April 2026 vintage; general government; percent of GDP; Fiscal Monitor used only where WEO is unavailable.
DEU,Germany,2029,primary_balance,Primary balance,-2.5550,projection,IMF WEO,https://data.imf.org/Datasets/WEO,April 2026 vintage; general government; percent of GDP; Fiscal Monitor used only where WEO is unavailable.
DEU,Germany,2029,revenue,Revenue,48.0230,projection,IMF WEO,https://data.imf.org/Datasets/WEO,April 2026 vintage; general government; percent of GDP; Fiscal Monitor used only where WEO is unavailable.
DEU,Germany,2029,primary_expenditure,Primary expenditure,50.5780,projection,IMF WEO / derived,https://data.imf.org/Datasets/WEO,Primary expenditure = revenue - primary balance.
DEU,Germany,2029,gross_debt,Gross debt,70.1570,projection,IMF WEO,https://data.imf.org/Datasets/WEO,April 2026 vintage; general government; percent of GDP; Fiscal Monitor used only where WEO is unavailable.
DEU,Germany,2029,net_debt,Net debt,56.4080,projection,IMF WEO,https://data.imf.org/Datasets/WEO,April 2026 vintage; general government; percent of GDP; Fiscal Monitor used only where WEO is unavailable.
DEU,Germany,2030,overall_balance,Overall balance,-3.8340,projection,IMF WEO,https://data.imf.org/Datasets/WEO,April 2026 vintage; general government; percent of GDP; Fiscal Monitor used only where WEO is unavailable.
DEU,Germany,2030,primary_balance,Primary balance,-2.3510,projection,IMF WEO,https://data.imf.org/Datasets/WEO,April 2026 vintage; general government; percent of GDP; Fiscal Monitor used only where WEO is unavailable.
DEU,Germany,2030,revenue,Revenue,47.9800,projection,IMF WEO,https://data.imf.org/Datasets/WEO,April 2026 vintage; general government; percent of GDP; Fiscal Monitor used only where WEO is unavailable.
DEU,Germany,2030,primary_expenditure,Primary expenditure,50.3310,projection,IMF WEO / derived,https://data.imf.org/Datasets/WEO,Primary expenditure = revenue - primary balance.
DEU,Germany,2030,gross_debt,Gross debt,71.9910,projection,IMF WEO,https://data.imf.org/Datasets/WEO,April 2026 vintage; general government; percent of GDP; Fiscal Monitor used only where WEO is unavailable.
DEU,Germany,2030,net_debt,Net debt,58.6330,projection,IMF WEO,https://data.imf.org/Datasets/WEO,April 2026 vintage; general government; percent of GDP; Fiscal Monitor used only where WEO is unavailable.
DEU,Germany,2031,overall_balance,Overall balance,-3.6600,projection,IMF WEO,https://data.imf.org/Datasets/WEO,April 2026 vintage; general government; percent of GDP; Fiscal Monitor used only where WEO is unavailable.
DEU,Germany,2031,primary_balance,Primary balance,-2.1440,projection,IMF WEO,https://data.imf.org/Datasets/WEO,April 2026 vintage; general government; percent of GDP; Fiscal Monitor used only where WEO is unavailable.
DEU,Germany,2031,revenue,Revenue,47.9820,projection,IMF WEO,https://data.imf.org/Datasets/WEO,April 2026 vintage; general government; percent of GDP; Fiscal Monitor used only where WEO is unavailable.
DEU,Germany,2031,primary_expenditure,Primary expenditure,50.1260,projection,IMF WEO / derived,https://data.imf.org/Datasets/WEO,Primary expenditure = revenue - primary balance.
DEU,Germany,2031,gross_debt,Gross debt,73.6710,projection,IMF WEO,https://data.imf.org/Datasets/WEO,April 2026 vintage; general government; percent of GDP; Fiscal Monitor used only where WEO is unavailable.
DEU,Germany,2031,net_debt,Net debt,60.6810,projection,IMF WEO,https://data.imf.org/Datasets/WEO,April 2026 vintage; general government; percent of GDP; Fiscal Monitor used only where WEO is unavailable.
FRA,France,1980,overall_balance,Overall balance,0.7570,actual,IMF WEO,https://data.imf.org/Datasets/WEO,April 2026 vintage; general government; percent of GDP; Fiscal Monitor used only where WEO is unavailable.
FRA,France,1980,primary_balance,Primary balance,1.3800,actual,IMF WEO,https://data.imf.org/Datasets/WEO,April 2026 vintage; general government; percent of GDP; Fiscal Monitor used only where WEO is unavailable.
FRA,France,1980,revenue,Revenue,47.6130,actual,IMF WEO,https://data.imf.org/Datasets/WEO,April 2026 vintage; general government; percent of GDP; Fiscal Monitor used only where WEO is unavailable.
FRA,France,1980,primary_expenditure,Primary expenditure,46.2330,actual,IMF WEO / derived,https://data.imf.org/Datasets/WEO,Primary expenditure = revenue - primary balance.
FRA,France,1980,gross_debt,Gross debt,21.3000,actual,IMF WEO,https://data.imf.org/Datasets/WEO,April 2026 vintage; general government; percent of GDP; Fiscal Monitor used only where WEO is unavailable.
FRA,France,1981,overall_balance,Overall balance,-1.2390,actual,IMF WEO,https://data.imf.org/Datasets/WEO,April 2026 vintage; general government; percent of GDP; Fiscal Monitor used only where WEO is unavailable.
FRA,France,1981,primary_balance,Primary balance,-0.2760,actual,IMF WEO,https://data.imf.org/Datasets/WEO,April 2026 vintage; general government; percent of GDP; Fiscal Monitor used only where WEO is unavailable.
FRA,France,1981,revenue,Revenue,48.2300,actual,IMF WEO,https://data.imf.org/Datasets/WEO,April 2026 vintage; general government; percent of GDP; Fiscal Monitor used only where WEO is unavailable.
FRA,France,1981,primary_expenditure,Primary expenditure,48.5060,actual,IMF WEO / derived,https://data.imf.org/Datasets/WEO,Primary expenditure = revenue - primary balance.
FRA,France,1981,gross_debt,Gross debt,22.6470,actual,IMF WEO,https://data.imf.org/Datasets/WEO,April 2026 vintage; general government; percent of GDP; Fiscal Monitor used only where WEO is unavailable.
FRA,France,1982,overall_balance,Overall balance,-1.6530,actual,IMF WEO,https://data.imf.org/Datasets/WEO,April 2026 vintage; general government; percent of GDP; Fiscal Monitor used only where WEO is unavailable.
FRA,France,1982,primary_balance,Primary balance,-0.6820,actual,IMF WEO,https://data.imf.org/Datasets/WEO,April 2026 vintage; general government; percent of GDP; Fiscal Monitor used only where WEO is unavailable.
FRA,France,1982,revenue,Revenue,49.1690,actual,IMF WEO,https://data.imf.org/Datasets/WEO,April 2026 vintage; general government; percent of GDP; Fiscal Monitor used only where WEO is unavailable.
FRA,France,1982,primary_expenditure,Primary expenditure,49.8510,actual,IMF WEO / derived,https://data.imf.org/Datasets/WEO,Primary expenditure = revenue - primary balance.
FRA,France,1982,gross_debt,Gross debt,26.2060,actual,IMF WEO,https://data.imf.org/Datasets/WEO,April 2026 vintage; general government; percent of GDP; Fiscal Monitor used only where WEO is unavailable.
FRA,France,1983,overall_balance,Overall balance,-2.5940,actual,IMF WEO,https://data.imf.org/Datasets/WEO,April 2026 vintage; general government; percent of GDP; Fiscal Monitor used only where WEO is unavailable.
FRA,France,1983,primary_balance,Primary balance,-1.1540,actual,IMF WEO,https://data.imf.org/Datasets/WEO,April 2026 vintage; general government; percent of GDP; Fiscal Monitor used only where WEO is unavailable.
FRA,France,1983,revenue,Revenue,50.0080,actual,IMF WEO,https://data.imf.org/Datasets/WEO,April 2026 vintage; general government; percent of GDP; Fiscal Monitor used only where WEO is unavailable.
FRA,France,1983,primary_expenditure,Primary expenditure,51.1620,actual,IMF WEO / derived,https://data.imf.org/Datasets/WEO,Primary expenditure = revenue - primary balance.
FRA,France,1983,gross_debt,Gross debt,27.7320,actual,IMF WEO,https://data.imf.org/Datasets/WEO,April 2026 vintage; general government; percent of GDP; Fiscal Monitor used only where WEO is unavailable.
FRA,France,1983,net_debt,Net debt,13.3530,actual,IMF WEO,https://data.imf.org/Datasets/WEO,April 2026 vintage; general government; percent of GDP; Fiscal Monitor used only where WEO is unavailable.
FRA,France,1984,overall_balance,Overall balance,-2.7750,actual,IMF WEO,https://data.imf.org/Datasets/WEO,April 2026 vintage; general government; percent of GDP; Fiscal Monitor used only where WEO is unavailable.
FRA,France,1984,primary_balance,Primary balance,-1.2040,actual,IMF WEO,https://data.imf.org/Datasets/WEO,April 2026 vintage; general government; percent of GDP; Fiscal Monitor used only where WEO is unavailable.
FRA,France,1984,revenue,Revenue,50.8060,actual,IMF WEO,https://data.imf.org/Datasets/WEO,April 2026 vintage; general government; percent of GDP; Fiscal Monitor used only where WEO is unavailable.
FRA,France,1984,primary_expenditure,Primary expenditure,52.0100,actual,IMF WEO / derived,https://data.imf.org/Datasets/WEO,Primary expenditure = revenue - primary balance.
FRA,France,1984,gross_debt,Gross debt,30.1930,actual,IMF WEO,https://data.imf.org/Datasets/WEO,April 2026 vintage; general government; percent of GDP; Fiscal Monitor used only where WEO is unavailable.
FRA,France,1984,net_debt,Net debt,15.3750,actual,IMF WEO,https://data.imf.org/Datasets/WEO,April 2026 vintage; general government; percent of GDP; Fiscal Monitor used only where WEO is unavailable.
FRA,France,1985,overall_balance,Overall balance,-2.9980,actual,IMF WEO,https://data.imf.org/Datasets/WEO,April 2026 vintage; general government; percent of GDP; Fiscal Monitor used only where WEO is unavailable.
FRA,France,1985,primary_balance,Primary balance,-1.2460,actual,IMF WEO,https://data.imf.org/Datasets/WEO,April 2026 vintage; general government; percent of GDP; Fiscal Monitor used only where WEO is unavailable.
FRA,France,1985,revenue,Revenue,51.1790,actual,IMF WEO,https://data.imf.org/Datasets/WEO,April 2026 vintage; general government; percent of GDP; Fiscal Monitor used only where WEO is unavailable.
FRA,France,1985,primary_expenditure,Primary expenditure,52.4250,actual,IMF WEO / derived,https://data.imf.org/Datasets/WEO,Primary expenditure = revenue - primary balance.
FRA,France,1985,gross_debt,Gross debt,31.8580,actual,IMF WEO,https://data.imf.org/Datasets/WEO,April 2026 vintage; general government; percent of GDP; Fiscal Monitor used only where WEO is unavailable.
FRA,France,1985,net_debt,Net debt,23.0230,actual,IMF WEO,https://data.imf.org/Datasets/WEO,April 2026 vintage; general government; percent of GDP; Fiscal Monitor used only where WEO is unavailable.
FRA,France,1986,overall_balance,Overall balance,-3.2340,actual,IMF WEO,https://data.imf.org/Datasets/WEO,April 2026 vintage; general government; percent of GDP; Fiscal Monitor used only where WEO is unavailable.
FRA,France,1986,primary_balance,Primary balance,-1.4000,actual,IMF WEO,https://data.imf.org/Datasets/WEO,April 2026 vintage; general government; percent of GDP; Fiscal Monitor used only where WEO is unavailable.
FRA,France,1986,revenue,Revenue,50.1770,actual,IMF WEO,https://data.imf.org/Datasets/WEO,April 2026 vintage; general government; percent of GDP; Fiscal Monitor used only where WEO is unavailable.
FRA,France,1986,primary_expenditure,Primary expenditure,51.5770,actual,IMF WEO / derived,https://data.imf.org/Datasets/WEO,Primary expenditure = revenue - primary balance.
FRA,France,1986,gross_debt,Gross debt,32.4000,actual,IMF WEO,https://data.imf.org/Datasets/WEO,April 2026 vintage; general government; percent of GDP; Fiscal Monitor used only where WEO is unavailable.
FRA,France,1986,net_debt,Net debt,25.7670,actual,IMF WEO,https://data.imf.org/Datasets/WEO,April 2026 vintage; general government; percent of GDP; Fiscal Monitor used only where WEO is unavailable.
FRA,France,1987,overall_balance,Overall balance,-2.0280,actual,IMF WEO,https://data.imf.org/Datasets/WEO,April 2026 vintage; general government; percent of GDP; Fiscal Monitor used only where WEO is unavailable.
FRA,France,1987,primary_balance,Primary balance,-0.1440,actual,IMF WEO,https://data.imf.org/Datasets/WEO,April 2026 vintage; general government; percent of GDP; Fiscal Monitor used only where WEO is unavailable.
FRA,France,1987,revenue,Revenue,50.7640,actual,IMF WEO,https://data.imf.org/Datasets/WEO,April 2026 vintage; general government; percent of GDP; Fiscal Monitor used only where WEO is unavailable.
FRA,France,1987,primary_expenditure,Primary expenditure,50.9080,actual,IMF WEO / derived,https://data.imf.org/Datasets/WEO,Primary expenditure = revenue - primary balance.
FRA,France,1987,gross_debt,Gross debt,34.7550,actual,IMF WEO,https://data.imf.org/Datasets/WEO,April 2026 vintage; general government; percent of GDP; Fiscal Monitor used only where WEO is unavailable.
FRA,France,1987,net_debt,Net debt,24.9820,actual,IMF WEO,https://data.imf.org/Datasets/WEO,April 2026 vintage; general government; percent of GDP; Fiscal Monitor used only where WEO is unavailable.
FRA,France,1988,overall_balance,Overall balance,-2.5720,actual,IMF WEO,https://data.imf.org/Datasets/WEO,April 2026 vintage; general government; percent of GDP; Fiscal Monitor used only where WEO is unavailable.
FRA,France,1988,primary_balance,Primary balance,-0.7170,actual,IMF WEO,https://data.imf.org/Datasets/WEO,April 2026 vintage; general government; percent of GDP; Fiscal Monitor used only where WEO is unavailable.
FRA,France,1988,revenue,Revenue,49.4470,actual,IMF WEO,https://data.imf.org/Datasets/WEO,April 2026 vintage; general government; percent of GDP; Fiscal Monitor used only where WEO is unavailable.
FRA,France,1988,primary_expenditure,Primary expenditure,50.1640,actual,IMF WEO / derived,https://data.imf.org/Datasets/WEO,Primary expenditure = revenue - primary balance.
FRA,France,1988,gross_debt,Gross debt,34.6650,actual,IMF WEO,https://data.imf.org/Datasets/WEO,April 2026 vintage; general government; percent of GDP; Fiscal Monitor used only where WEO is unavailable.
FRA,France,1988,net_debt,Net debt,25.1340,actual,IMF WEO,https://data.imf.org/Datasets/WEO,April 2026 vintage; general government; percent of GDP; Fiscal Monitor used only where WEO is unavailable.
FRA,France,1989,overall_balance,Overall balance,-1.8020,actual,IMF WEO,https://data.imf.org/Datasets/WEO,April 2026 vintage; general government; percent of GDP; Fiscal Monitor used only where WEO is unavailable.
FRA,France,1989,primary_balance,Primary balance,0.1670,actual,IMF WEO,https://data.imf.org/Datasets/WEO,April 2026 vintage; general government; percent of GDP; Fiscal Monitor used only where WEO is unavailable.
FRA,France,1989,revenue,Revenue,49.0840,actual,IMF WEO,https://data.imf.org/Datasets/WEO,April 2026 vintage; general government; percent of GDP; Fiscal Monitor used only where WEO is unavailable.
FRA,France,1989,primary_expenditure,Primary expenditure,48.9170,actual,IMF WEO / derived,https://data.imf.org/Datasets/WEO,Primary expenditure = revenue - primary balance.
FRA,France,1989,gross_debt,Gross debt,35.5250,actual,IMF WEO,https://data.imf.org/Datasets/WEO,April 2026 vintage; general government; percent of GDP; Fiscal Monitor used only where WEO is unavailable.
FRA,France,1989,net_debt,Net debt,25.2560,actual,IMF WEO,https://data.imf.org/Datasets/WEO,April 2026 vintage; general government; percent of GDP; Fiscal Monitor used only where WEO is unavailable.
FRA,France,1990,overall_balance,Overall balance,-2.4540,actual,IMF WEO,https://data.imf.org/Datasets/WEO,April 2026 vintage; general government; percent of GDP; Fiscal Monitor used only where WEO is unavailable.
FRA,France,1990,primary_balance,Primary balance,-0.2620,actual,IMF WEO,https://data.imf.org/Datasets/WEO,April 2026 vintage; general government; percent of GDP; Fiscal Monitor used only where WEO is unavailable.
FRA,France,1990,revenue,Revenue,49.1560,actual,IMF WEO,https://data.imf.org/Datasets/WEO,April 2026 vintage; general government; percent of GDP; Fiscal Monitor used only where WEO is unavailable.
FRA,France,1990,primary_expenditure,Primary expenditure,49.4180,actual,IMF WEO / derived,https://data.imf.org/Datasets/WEO,Primary expenditure = revenue - primary balance.
FRA,France,1990,gross_debt,Gross debt,36.7920,actual,IMF WEO,https://data.imf.org/Datasets/WEO,April 2026 vintage; general government; percent of GDP; Fiscal Monitor used only where WEO is unavailable.
FRA,France,1990,net_debt,Net debt,26.0510,actual,IMF WEO,https://data.imf.org/Datasets/WEO,April 2026 vintage; general government; percent of GDP; Fiscal Monitor used only where WEO is unavailable.
FRA,France,1991,overall_balance,Overall balance,-2.8870,actual,IMF WEO,https://data.imf.org/Datasets/WEO,April 2026 vintage; general government; percent of GDP; Fiscal Monitor used only where WEO is unavailable.
FRA,France,1991,primary_balance,Primary balance,-0.5790,actual,IMF WEO,https://data.imf.org/Datasets/WEO,April 2026 vintage; general government; percent of GDP; Fiscal Monitor used only where WEO is unavailable.
FRA,France,1991,revenue,Revenue,49.8360,actual,IMF WEO,https://data.imf.org/Datasets/WEO,April 2026 vintage; general government; percent of GDP; Fiscal Monitor used only where WEO is unavailable.
FRA,France,1991,primary_expenditure,Primary expenditure,50.4150,actual,IMF WEO / derived,https://data.imf.org/Datasets/WEO,Primary expenditure = revenue - primary balance.
FRA,France,1991,gross_debt,Gross debt,37.7710,actual,IMF WEO,https://data.imf.org/Datasets/WEO,April 2026 vintage; general government; percent of GDP; Fiscal Monitor used only where WEO is unavailable.
FRA,France,1991,net_debt,Net debt,28.6220,actual,IMF WEO,https://data.imf.org/Datasets/WEO,April 2026 vintage; general government; percent of GDP; Fiscal Monitor used only where WEO is unavailable.
FRA,France,1992,overall_balance,Overall balance,-4.6420,actual,IMF WEO,https://data.imf.org/Datasets/WEO,April 2026 vintage; general government; percent of GDP; Fiscal Monitor used only where WEO is unavailable.
FRA,France,1992,primary_balance,Primary balance,-2.1680,actual,IMF WEO,https://data.imf.org/Datasets/WEO,April 2026 vintage; general government; percent of GDP; Fiscal Monitor used only where WEO is unavailable.
FRA,France,1992,revenue,Revenue,49.3680,actual,IMF WEO,https://data.imf.org/Datasets/WEO,April 2026 vintage; general government; percent of GDP; Fiscal Monitor used only where WEO is unavailable.
FRA,France,1992,primary_expenditure,Primary expenditure,51.5360,actual,IMF WEO / derived,https://data.imf.org/Datasets/WEO,Primary expenditure = revenue - primary balance.
FRA,France,1992,gross_debt,Gross debt,41.7050,actual,IMF WEO,https://data.imf.org/Datasets/WEO,April 2026 vintage; general government; percent of GDP; Fiscal Monitor used only where WEO is unavailable.
FRA,France,1992,net_debt,Net debt,31.6100,actual,IMF WEO,https://data.imf.org/Datasets/WEO,April 2026 vintage; general government; percent of GDP; Fiscal Monitor used only where WEO is unavailable.
FRA,France,1993,overall_balance,Overall balance,-6.3970,actual,IMF WEO,https://data.imf.org/Datasets/WEO,April 2026 vintage; general government; percent of GDP; Fiscal Monitor used only where WEO is unavailable.
FRA,France,1993,primary_balance,Primary balance,-3.7280,actual,IMF WEO,https://data.imf.org/Datasets/WEO,April 2026 vintage; general government; percent of GDP; Fiscal Monitor used only where WEO is unavailable.
FRA,France,1993,revenue,Revenue,50.1400,actual,IMF WEO,https://data.imf.org/Datasets/WEO,April 2026 vintage; general government; percent of GDP; Fiscal Monitor used only where WEO is unavailable.
FRA,France,1993,primary_expenditure,Primary expenditure,53.8680,actual,IMF WEO / derived,https://data.imf.org/Datasets/WEO,Primary expenditure = revenue - primary balance.
FRA,France,1993,gross_debt,Gross debt,48.1570,actual,IMF WEO,https://data.imf.org/Datasets/WEO,April 2026 vintage; general government; percent of GDP; Fiscal Monitor used only where WEO is unavailable.
FRA,France,1993,net_debt,Net debt,36.1890,actual,IMF WEO,https://data.imf.org/Datasets/WEO,April 2026 vintage; general government; percent of GDP; Fiscal Monitor used only where WEO is unavailable.
FRA,France,1994,overall_balance,Overall balance,-5.4610,actual,IMF WEO,https://data.imf.org/Datasets/WEO,April 2026 vintage; general government; percent of GDP; Fiscal Monitor used only where WEO is unavailable.
FRA,France,1994,primary_balance,Primary balance,-2.6610,actual,IMF WEO,https://data.imf.org/Datasets/WEO,April 2026 vintage; general government; percent of GDP; Fiscal Monitor used only where WEO is unavailable.
FRA,France,1994,revenue,Revenue,50.4240,actual,IMF WEO,https://data.imf.org/Datasets/WEO,April 2026 vintage; general government; percent of GDP; Fiscal Monitor used only where WEO is unavailable.
FRA,France,1994,primary_expenditure,Primary expenditure,53.0850,actual,IMF WEO / derived,https://data.imf.org/Datasets/WEO,Primary expenditure = revenue - primary balance.
FRA,France,1994,gross_debt,Gross debt,51.5790,actual,IMF WEO,https://data.imf.org/Datasets/WEO,April 2026 vintage; general government; percent of GDP; Fiscal Monitor used only where WEO is unavailable.
FRA,France,1994,net_debt,Net debt,42.1260,actual,IMF WEO,https://data.imf.org/Datasets/WEO,April 2026 vintage; general government; percent of GDP; Fiscal Monitor used only where WEO is unavailable.
FRA,France,1995,overall_balance,Overall balance,-5.1050,actual,IMF WEO,https://data.imf.org/Datasets/WEO,April 2026 vintage; general government; percent of GDP; Fiscal Monitor used only where WEO is unavailable.
FRA,France,1995,primary_balance,Primary balance,-2.2210,actual,IMF WEO,https://data.imf.org/Datasets/WEO,April 2026 vintage; general government; percent of GDP; Fiscal Monitor used only where WEO is unavailable.
FRA,France,1995,revenue,Revenue,50.9420,actual,IMF WEO,https://data.imf.org/Datasets/WEO,April 2026 vintage; general government; percent of GDP; Fiscal Monitor used only where WEO is unavailable.
FRA,France,1995,primary_expenditure,Primary expenditure,53.1630,actual,IMF WEO / derived,https://data.imf.org/Datasets/WEO,Primary expenditure = revenue - primary balance.
FRA,France,1995,gross_debt,Gross debt,57.8020,actual,IMF WEO,https://data.imf.org/Datasets/WEO,April 2026 vintage; general government; percent of GDP; Fiscal Monitor used only where WEO is unavailable.
FRA,France,1995,net_debt,Net debt,46.7790,actual,IMF WEO,https://data.imf.org/Datasets/WEO,April 2026 vintage; general government; percent of GDP; Fiscal Monitor used only where WEO is unavailable.
FRA,France,1996,overall_balance,Overall balance,-3.8940,actual,IMF WEO,https://data.imf.org/Datasets/WEO,April 2026 vintage; general government; percent of GDP; Fiscal Monitor used only where WEO is unavailable.
FRA,France,1996,primary_balance,Primary balance,-0.7810,actual,IMF WEO,https://data.imf.org/Datasets/WEO,April 2026 vintage; general government; percent of GDP; Fiscal Monitor used only where WEO is unavailable.
FRA,France,1996,revenue,Revenue,52.1210,actual,IMF WEO,https://data.imf.org/Datasets/WEO,April 2026 vintage; general government; percent of GDP; Fiscal Monitor used only where WEO is unavailable.
FRA,France,1996,primary_expenditure,Primary expenditure,52.9020,actual,IMF WEO / derived,https://data.imf.org/Datasets/WEO,Primary expenditure = revenue - primary balance.
FRA,France,1996,gross_debt,Gross debt,60.5950,actual,IMF WEO,https://data.imf.org/Datasets/WEO,April 2026 vintage; general government; percent of GDP; Fiscal Monitor used only where WEO is unavailable.
FRA,France,1996,net_debt,Net debt,50.1450,actual,IMF WEO,https://data.imf.org/Datasets/WEO,April 2026 vintage; general government; percent of GDP; Fiscal Monitor used only where WEO is unavailable.
FRA,France,1997,overall_balance,Overall balance,-3.7080,actual,IMF WEO,https://data.imf.org/Datasets/WEO,April 2026 vintage; general government; percent of GDP; Fiscal Monitor used only where WEO is unavailable.
FRA,France,1997,primary_balance,Primary balance,-0.6860,actual,IMF WEO,https://data.imf.org/Datasets/WEO,April 2026 vintage; general government; percent of GDP; Fiscal Monitor used only where WEO is unavailable.
FRA,France,1997,revenue,Revenue,51.8570,actual,IMF WEO,https://data.imf.org/Datasets/WEO,April 2026 vintage; general government; percent of GDP; Fiscal Monitor used only where WEO is unavailable.
FRA,France,1997,primary_expenditure,Primary expenditure,52.5430,actual,IMF WEO / derived,https://data.imf.org/Datasets/WEO,Primary expenditure = revenue - primary balance.
FRA,France,1997,gross_debt,Gross debt,61.9850,actual,IMF WEO,https://data.imf.org/Datasets/WEO,April 2026 vintage; general government; percent of GDP; Fiscal Monitor used only where WEO is unavailable.
FRA,France,1997,net_debt,Net debt,51.1600,actual,IMF WEO,https://data.imf.org/Datasets/WEO,April 2026 vintage; general government; percent of GDP; Fiscal Monitor used only where WEO is unavailable.
FRA,France,1998,overall_balance,Overall balance,-2.3900,actual,IMF WEO,https://data.imf.org/Datasets/WEO,April 2026 vintage; general government; percent of GDP; Fiscal Monitor used only where WEO is unavailable.
FRA,France,1998,primary_balance,Primary balance,0.5000,actual,IMF WEO,https://data.imf.org/Datasets/WEO,April 2026 vintage; general government; percent of GDP; Fiscal Monitor used only where WEO is unavailable.
FRA,France,1998,revenue,Revenue,51.5870,actual,IMF WEO,https://data.imf.org/Datasets/WEO,April 2026 vintage; general government; percent of GDP; Fiscal Monitor used only where WEO is unavailable.
FRA,France,1998,primary_expenditure,Primary expenditure,51.0870,actual,IMF WEO / derived,https://data.imf.org/Datasets/WEO,Primary expenditure = revenue - primary balance.
FRA,France,1998,gross_debt,Gross debt,62.1030,actual,IMF WEO,https://data.imf.org/Datasets/WEO,April 2026 vintage; general government; percent of GDP; Fiscal Monitor used only where WEO is unavailable.
FRA,France,1998,net_debt,Net debt,51.6070,actual,IMF WEO,https://data.imf.org/Datasets/WEO,April 2026 vintage; general government; percent of GDP; Fiscal Monitor used only where WEO is unavailable.
FRA,France,1999,overall_balance,Overall balance,-1.5450,actual,IMF WEO,https://data.imf.org/Datasets/WEO,April 2026 vintage; general government; percent of GDP; Fiscal Monitor used only where WEO is unavailable.
FRA,France,1999,primary_balance,Primary balance,1.1250,actual,IMF WEO,https://data.imf.org/Datasets/WEO,April 2026 vintage; general government; percent of GDP; Fiscal Monitor used only where WEO is unavailable.
FRA,France,1999,revenue,Revenue,52.1120,actual,IMF WEO,https://data.imf.org/Datasets/WEO,April 2026 vintage; general government; percent of GDP; Fiscal Monitor used only where WEO is unavailable.
FRA,France,1999,primary_expenditure,Primary expenditure,50.9870,actual,IMF WEO / derived,https://data.imf.org/Datasets/WEO,Primary expenditure = revenue - primary balance.
FRA,France,1999,gross_debt,Gross debt,61.4200,actual,IMF WEO,https://data.imf.org/Datasets/WEO,April 2026 vintage; general government; percent of GDP; Fiscal Monitor used only where WEO is unavailable.
FRA,France,1999,net_debt,Net debt,51.5720,actual,IMF WEO,https://data.imf.org/Datasets/WEO,April 2026 vintage; general government; percent of GDP; Fiscal Monitor used only where WEO is unavailable.
FRA,France,2000,overall_balance,Overall balance,-1.3160,actual,IMF WEO,https://data.imf.org/Datasets/WEO,April 2026 vintage; general government; percent of GDP; Fiscal Monitor used only where WEO is unavailable.
FRA,France,2000,primary_balance,Primary balance,1.2690,actual,IMF WEO,https://data.imf.org/Datasets/WEO,April 2026 vintage; general government; percent of GDP; Fiscal Monitor used only where WEO is unavailable.
FRA,France,2000,revenue,Revenue,51.3060,actual,IMF WEO,https://data.imf.org/Datasets/WEO,April 2026 vintage; general government; percent of GDP; Fiscal Monitor used only where WEO is unavailable.
FRA,France,2000,primary_expenditure,Primary expenditure,50.0370,actual,IMF WEO / derived,https://data.imf.org/Datasets/WEO,Primary expenditure = revenue - primary balance.
FRA,France,2000,gross_debt,Gross debt,59.7210,actual,IMF WEO,https://data.imf.org/Datasets/WEO,April 2026 vintage; general government; percent of GDP; Fiscal Monitor used only where WEO is unavailable.
FRA,France,2000,net_debt,Net debt,50.6540,actual,IMF WEO,https://data.imf.org/Datasets/WEO,April 2026 vintage; general government; percent of GDP; Fiscal Monitor used only where WEO is unavailable.
FRA,France,2001,overall_balance,Overall balance,-1.4160,actual,IMF WEO,https://data.imf.org/Datasets/WEO,April 2026 vintage; general government; percent of GDP; Fiscal Monitor used only where WEO is unavailable.
FRA,France,2001,primary_balance,Primary balance,1.2000,actual,IMF WEO,https://data.imf.org/Datasets/WEO,April 2026 vintage; general government; percent of GDP; Fiscal Monitor used only where WEO is unavailable.
FRA,France,2001,revenue,Revenue,51.4050,actual,IMF WEO,https://data.imf.org/Datasets/WEO,April 2026 vintage; general government; percent of GDP; Fiscal Monitor used only where WEO is unavailable.
FRA,France,2001,primary_expenditure,Primary expenditure,50.2050,actual,IMF WEO / derived,https://data.imf.org/Datasets/WEO,Primary expenditure = revenue - primary balance.
FRA,France,2001,gross_debt,Gross debt,59.3240,actual,IMF WEO,https://data.imf.org/Datasets/WEO,April 2026 vintage; general government; percent of GDP; Fiscal Monitor used only where WEO is unavailable.
FRA,France,2001,net_debt,Net debt,50.6250,actual,IMF WEO,https://data.imf.org/Datasets/WEO,April 2026 vintage; general government; percent of GDP; Fiscal Monitor used only where WEO is unavailable.
FRA,France,2002,overall_balance,Overall balance,-3.1750,actual,IMF WEO,https://data.imf.org/Datasets/WEO,April 2026 vintage; general government; percent of GDP; Fiscal Monitor used only where WEO is unavailable.
FRA,France,2002,primary_balance,Primary balance,-0.5360,actual,IMF WEO,https://data.imf.org/Datasets/WEO,April 2026 vintage; general government; percent of GDP; Fiscal Monitor used only where WEO is unavailable.
FRA,France,2002,revenue,Revenue,50.7490,actual,IMF WEO,https://data.imf.org/Datasets/WEO,April 2026 vintage; general government; percent of GDP; Fiscal Monitor used only where WEO is unavailable.
FRA,France,2002,primary_expenditure,Primary expenditure,51.2850,actual,IMF WEO / derived,https://data.imf.org/Datasets/WEO,Primary expenditure = revenue - primary balance.
FRA,France,2002,gross_debt,Gross debt,61.2550,actual,IMF WEO,https://data.imf.org/Datasets/WEO,April 2026 vintage; general government; percent of GDP; Fiscal Monitor used only where WEO is unavailable.
FRA,France,2002,net_debt,Net debt,52.3210,actual,IMF WEO,https://data.imf.org/Datasets/WEO,April 2026 vintage; general government; percent of GDP; Fiscal Monitor used only where WEO is unavailable.
FRA,France,2003,overall_balance,Overall balance,-4.0950,actual,IMF WEO,https://data.imf.org/Datasets/WEO,April 2026 vintage; general government; percent of GDP; Fiscal Monitor used only where WEO is unavailable.
FRA,France,2003,primary_balance,Primary balance,-1.5640,actual,IMF WEO,https://data.imf.org/Datasets/WEO,April 2026 vintage; general government; percent of GDP; Fiscal Monitor used only where WEO is unavailable.
FRA,France,2003,revenue,Revenue,50.2660,actual,IMF WEO,https://data.imf.org/Datasets/WEO,April 2026 vintage; general government; percent of GDP; Fiscal Monitor used only where WEO is unavailable.
FRA,France,2003,primary_expenditure,Primary expenditure,51.8300,actual,IMF WEO / derived,https://data.imf.org/Datasets/WEO,Primary expenditure = revenue - primary balance.
FRA,France,2003,gross_debt,Gross debt,65.3630,actual,IMF WEO,https://data.imf.org/Datasets/WEO,April 2026 vintage; general government; percent of GDP; Fiscal Monitor used only where WEO is unavailable.
FRA,France,2003,net_debt,Net debt,56.1360,actual,IMF WEO,https://data.imf.org/Datasets/WEO,April 2026 vintage; general government; percent of GDP; Fiscal Monitor used only where WEO is unavailable.
FRA,France,2004,overall_balance,Overall balance,-3.5550,actual,IMF WEO,https://data.imf.org/Datasets/WEO,April 2026 vintage; general government; percent of GDP; Fiscal Monitor used only where WEO is unavailable.
FRA,France,2004,primary_balance,Primary balance,-1.0410,actual,IMF WEO,https://data.imf.org/Datasets/WEO,April 2026 vintage; general government; percent of GDP; Fiscal Monitor used only where WEO is unavailable.
FRA,France,2004,revenue,Revenue,50.4450,actual,IMF WEO,https://data.imf.org/Datasets/WEO,April 2026 vintage; general government; percent of GDP; Fiscal Monitor used only where WEO is unavailable.
FRA,France,2004,primary_expenditure,Primary expenditure,51.4860,actual,IMF WEO / derived,https://data.imf.org/Datasets/WEO,Primary expenditure = revenue - primary balance.
FRA,France,2004,gross_debt,Gross debt,66.8770,actual,IMF WEO,https://data.imf.org/Datasets/WEO,April 2026 vintage; general government; percent of GDP; Fiscal Monitor used only where WEO is unavailable.
FRA,France,2004,net_debt,Net debt,57.7440,actual,IMF WEO,https://data.imf.org/Datasets/WEO,April 2026 vintage; general government; percent of GDP; Fiscal Monitor used only where WEO is unavailable.
FRA,France,2005,overall_balance,Overall balance,-3.5050,actual,IMF WEO,https://data.imf.org/Datasets/WEO,April 2026 vintage; general government; percent of GDP; Fiscal Monitor used only where WEO is unavailable.
FRA,France,2005,primary_balance,Primary balance,-1.0660,actual,IMF WEO,https://data.imf.org/Datasets/WEO,April 2026 vintage; general government; percent of GDP; Fiscal Monitor used only where WEO is unavailable.
FRA,France,2005,revenue,Revenue,50.7560,actual,IMF WEO,https://data.imf.org/Datasets/WEO,April 2026 vintage; general government; percent of GDP; Fiscal Monitor used only where WEO is unavailable.
FRA,France,2005,primary_expenditure,Primary expenditure,51.8220,actual,IMF WEO / derived,https://data.imf.org/Datasets/WEO,Primary expenditure = revenue - primary balance.
FRA,France,2005,gross_debt,Gross debt,68.1880,actual,IMF WEO,https://data.imf.org/Datasets/WEO,April 2026 vintage; general government; percent of GDP; Fiscal Monitor used only where WEO is unavailable.
FRA,France,2005,net_debt,Net debt,59.8280,actual,IMF WEO,https://data.imf.org/Datasets/WEO,April 2026 vintage; general government; percent of GDP; Fiscal Monitor used only where WEO is unavailable.
FRA,France,2006,overall_balance,Overall balance,-2.6560,actual,IMF WEO,https://data.imf.org/Datasets/WEO,April 2026 vintage; general government; percent of GDP; Fiscal Monitor used only where WEO is unavailable.
FRA,France,2006,primary_balance,Primary balance,-0.2820,actual,IMF WEO,https://data.imf.org/Datasets/WEO,April 2026 vintage; general government; percent of GDP; Fiscal Monitor used only where WEO is unavailable.
FRA,France,2006,revenue,Revenue,51.0920,actual,IMF WEO,https://data.imf.org/Datasets/WEO,April 2026 vintage; general government; percent of GDP; Fiscal Monitor used only where WEO is unavailable.
FRA,France,2006,primary_expenditure,Primary expenditure,51.3740,actual,IMF WEO / derived,https://data.imf.org/Datasets/WEO,Primary expenditure = revenue - primary balance.
FRA,France,2006,gross_debt,Gross debt,65.4000,actual,IMF WEO,https://data.imf.org/Datasets/WEO,April 2026 vintage; general government; percent of GDP; Fiscal Monitor used only where WEO is unavailable.
FRA,France,2006,net_debt,Net debt,58.9000,actual,IMF WEO,https://data.imf.org/Datasets/WEO,April 2026 vintage; general government; percent of GDP; Fiscal Monitor used only where WEO is unavailable.
FRA,France,2007,overall_balance,Overall balance,-2.9900,actual,IMF WEO,https://data.imf.org/Datasets/WEO,April 2026 vintage; general government; percent of GDP; Fiscal Monitor used only where WEO is unavailable.
FRA,France,2007,primary_balance,Primary balance,-0.5210,actual,IMF WEO,https://data.imf.org/Datasets/WEO,April 2026 vintage; general government; percent of GDP; Fiscal Monitor used only where WEO is unavailable.
FRA,France,2007,revenue,Revenue,50.6410,actual,IMF WEO,https://data.imf.org/Datasets/WEO,April 2026 vintage; general government; percent of GDP; Fiscal Monitor used only where WEO is unavailable.
FRA,France,2007,primary_expenditure,Primary expenditure,51.1620,actual,IMF WEO / derived,https://data.imf.org/Datasets/WEO,Primary expenditure = revenue - primary balance.
FRA,France,2007,gross_debt,Gross debt,65.4790,actual,IMF WEO,https://data.imf.org/Datasets/WEO,April 2026 vintage; general government; percent of GDP; Fiscal Monitor used only where WEO is unavailable.
FRA,France,2007,net_debt,Net debt,59.0540,actual,IMF WEO,https://data.imf.org/Datasets/WEO,April 2026 vintage; general government; percent of GDP; Fiscal Monitor used only where WEO is unavailable.
FRA,France,2008,overall_balance,Overall balance,-3.5010,actual,IMF WEO,https://data.imf.org/Datasets/WEO,April 2026 vintage; general government; percent of GDP; Fiscal Monitor used only where WEO is unavailable.
FRA,France,2008,primary_balance,Primary balance,-0.8660,actual,IMF WEO,https://data.imf.org/Datasets/WEO,April 2026 vintage; general government; percent of GDP; Fiscal Monitor used only where WEO is unavailable.
FRA,France,2008,revenue,Revenue,50.7800,actual,IMF WEO,https://data.imf.org/Datasets/WEO,April 2026 vintage; general government; percent of GDP; Fiscal Monitor used only where WEO is unavailable.
FRA,France,2008,primary_expenditure,Primary expenditure,51.6460,actual,IMF WEO / derived,https://data.imf.org/Datasets/WEO,Primary expenditure = revenue - primary balance.
FRA,France,2008,gross_debt,Gross debt,69.8190,actual,IMF WEO,https://data.imf.org/Datasets/WEO,April 2026 vintage; general government; percent of GDP; Fiscal Monitor used only where WEO is unavailable.
FRA,France,2008,net_debt,Net debt,61.5080,actual,IMF WEO,https://data.imf.org/Datasets/WEO,April 2026 vintage; general government; percent of GDP; Fiscal Monitor used only where WEO is unavailable.
FRA,France,2009,overall_balance,Overall balance,-7.3830,actual,IMF WEO,https://data.imf.org/Datasets/WEO,April 2026 vintage; general government; percent of GDP; Fiscal Monitor used only where WEO is unavailable.
FRA,France,2009,primary_balance,Primary balance,-5.1420,actual,IMF WEO,https://data.imf.org/Datasets/WEO,April 2026 vintage; general government; percent of GDP; Fiscal Monitor used only where WEO is unavailable.
FRA,France,2009,revenue,Revenue,50.6120,actual,IMF WEO,https://data.imf.org/Datasets/WEO,April 2026 vintage; general government; percent of GDP; Fiscal Monitor used only where WEO is unavailable.
FRA,France,2009,primary_expenditure,Primary expenditure,55.7540,actual,IMF WEO / derived,https://data.imf.org/Datasets/WEO,Primary expenditure = revenue - primary balance.
FRA,France,2009,gross_debt,Gross debt,84.0570,actual,IMF WEO,https://data.imf.org/Datasets/WEO,April 2026 vintage; general government; percent of GDP; Fiscal Monitor used only where WEO is unavailable.
FRA,France,2009,net_debt,Net debt,71.4830,actual,IMF WEO,https://data.imf.org/Datasets/WEO,April 2026 vintage; general government; percent of GDP; Fiscal Monitor used only where WEO is unavailable.
FRA,France,2010,overall_balance,Overall balance,-7.1590,actual,IMF WEO,https://data.imf.org/Datasets/WEO,April 2026 vintage; general government; percent of GDP; Fiscal Monitor used only where WEO is unavailable.
FRA,France,2010,primary_balance,Primary balance,-4.8660,actual,IMF WEO,https://data.imf.org/Datasets/WEO,April 2026 vintage; general government; percent of GDP; Fiscal Monitor used only where WEO is unavailable.
FRA,France,2010,revenue,Revenue,50.5590,actual,IMF WEO,https://data.imf.org/Datasets/WEO,April 2026 vintage; general government; percent of GDP; Fiscal Monitor used only where WEO is unavailable.
FRA,France,2010,primary_expenditure,Primary expenditure,55.4250,actual,IMF WEO / derived,https://data.imf.org/Datasets/WEO,Primary expenditure = revenue - primary balance.
FRA,France,2010,gross_debt,Gross debt,86.2790,actual,IMF WEO,https://data.imf.org/Datasets/WEO,April 2026 vintage; general government; percent of GDP; Fiscal Monitor used only where WEO is unavailable.
FRA,France,2010,net_debt,Net debt,75.3530,actual,IMF WEO,https://data.imf.org/Datasets/WEO,April 2026 vintage; general government; percent of GDP; Fiscal Monitor used only where WEO is unavailable.
FRA,France,2011,overall_balance,Overall balance,-5.2990,actual,IMF WEO,https://data.imf.org/Datasets/WEO,April 2026 vintage; general government; percent of GDP; Fiscal Monitor used only where WEO is unavailable.
FRA,France,2011,primary_balance,Primary balance,-2.8140,actual,IMF WEO,https://data.imf.org/Datasets/WEO,April 2026 vintage; general government; percent of GDP; Fiscal Monitor used only where WEO is unavailable.
FRA,France,2011,revenue,Revenue,51.7090,actual,IMF WEO,https://data.imf.org/Datasets/WEO,April 2026 vintage; general government; percent of GDP; Fiscal Monitor used only where WEO is unavailable.
FRA,France,2011,primary_expenditure,Primary expenditure,54.5230,actual,IMF WEO / derived,https://data.imf.org/Datasets/WEO,Primary expenditure = revenue - primary balance.
FRA,France,2011,gross_debt,Gross debt,88.7480,actual,IMF WEO,https://data.imf.org/Datasets/WEO,April 2026 vintage; general government; percent of GDP; Fiscal Monitor used only where WEO is unavailable.
FRA,France,2011,net_debt,Net debt,78.1470,actual,IMF WEO,https://data.imf.org/Datasets/WEO,April 2026 vintage; general government; percent of GDP; Fiscal Monitor used only where WEO is unavailable.
FRA,France,2012,overall_balance,Overall balance,-5.1690,actual,IMF WEO,https://data.imf.org/Datasets/WEO,April 2026 vintage; general government; percent of GDP; Fiscal Monitor used only where WEO is unavailable.
FRA,France,2012,primary_balance,Primary balance,-2.7060,actual,IMF WEO,https://data.imf.org/Datasets/WEO,April 2026 vintage; general government; percent of GDP; Fiscal Monitor used only where WEO is unavailable.
FRA,France,2012,revenue,Revenue,52.7210,actual,IMF WEO,https://data.imf.org/Datasets/WEO,April 2026 vintage; general government; percent of GDP; Fiscal Monitor used only where WEO is unavailable.
FRA,France,2012,primary_expenditure,Primary expenditure,55.4270,actual,IMF WEO / derived,https://data.imf.org/Datasets/WEO,Primary expenditure = revenue - primary balance.
FRA,France,2012,gross_debt,Gross debt,91.7400,actual,IMF WEO,https://data.imf.org/Datasets/WEO,April 2026 vintage; general government; percent of GDP; Fiscal Monitor used only where WEO is unavailable.
FRA,France,2012,net_debt,Net debt,82.0100,actual,IMF WEO,https://data.imf.org/Datasets/WEO,April 2026 vintage; general government; percent of GDP; Fiscal Monitor used only where WEO is unavailable.
FRA,France,2013,overall_balance,Overall balance,-4.9360,actual,IMF WEO,https://data.imf.org/Datasets/WEO,April 2026 vintage; general government; percent of GDP; Fiscal Monitor used only where WEO is unavailable.
FRA,France,2013,primary_balance,Primary balance,-2.7330,actual,IMF WEO,https://data.imf.org/Datasets/WEO,April 2026 vintage; general government; percent of GDP; Fiscal Monitor used only where WEO is unavailable.
FRA,France,2013,revenue,Revenue,53.6540,actual,IMF WEO,https://data.imf.org/Datasets/WEO,April 2026 vintage; general government; percent of GDP; Fiscal Monitor used only where WEO is unavailable.
FRA,France,2013,primary_expenditure,Primary expenditure,56.3870,actual,IMF WEO / derived,https://data.imf.org/Datasets/WEO,Primary expenditure = revenue - primary balance.
FRA,France,2013,gross_debt,Gross debt,94.5600,actual,IMF WEO,https://data.imf.org/Datasets/WEO,April 2026 vintage; general government; percent of GDP; Fiscal Monitor used only where WEO is unavailable.
FRA,France,2013,net_debt,Net debt,85.0140,actual,IMF WEO,https://data.imf.org/Datasets/WEO,April 2026 vintage; general government; percent of GDP; Fiscal Monitor used only where WEO is unavailable.
FRA,France,2014,overall_balance,Overall balance,-4.5710,actual,IMF WEO,https://data.imf.org/Datasets/WEO,April 2026 vintage; general government; percent of GDP; Fiscal Monitor used only where WEO is unavailable.
FRA,France,2014,primary_balance,Primary balance,-2.4680,actual,IMF WEO,https://data.imf.org/Datasets/WEO,April 2026 vintage; general government; percent of GDP; Fiscal Monitor used only where WEO is unavailable.
FRA,France,2014,revenue,Revenue,53.8200,actual,IMF WEO,https://data.imf.org/Datasets/WEO,April 2026 vintage; general government; percent of GDP; Fiscal Monitor used only where WEO is unavailable.
FRA,France,2014,primary_expenditure,Primary expenditure,56.2880,actual,IMF WEO / derived,https://data.imf.org/Datasets/WEO,Primary expenditure = revenue - primary balance.
FRA,France,2014,gross_debt,Gross debt,96.1630,actual,IMF WEO,https://data.imf.org/Datasets/WEO,April 2026 vintage; general government; percent of GDP; Fiscal Monitor used only where WEO is unavailable.
FRA,France,2014,net_debt,Net debt,87.6660,actual,IMF WEO,https://data.imf.org/Datasets/WEO,April 2026 vintage; general government; percent of GDP; Fiscal Monitor used only where WEO is unavailable.
FRA,France,2015,overall_balance,Overall balance,-3.8870,actual,IMF WEO,https://data.imf.org/Datasets/WEO,April 2026 vintage; general government; percent of GDP; Fiscal Monitor used only where WEO is unavailable.
FRA,France,2015,primary_balance,Primary balance,-1.9540,actual,IMF WEO,https://data.imf.org/Datasets/WEO,April 2026 vintage; general government; percent of GDP; Fiscal Monitor used only where WEO is unavailable.
FRA,France,2015,revenue,Revenue,53.7080,actual,IMF WEO,https://data.imf.org/Datasets/WEO,April 2026 vintage; general government; percent of GDP; Fiscal Monitor used only where WEO is unavailable.
FRA,France,2015,primary_expenditure,Primary expenditure,55.6620,actual,IMF WEO / derived,https://data.imf.org/Datasets/WEO,Primary expenditure = revenue - primary balance.
FRA,France,2015,gross_debt,Gross debt,96.9790,actual,IMF WEO,https://data.imf.org/Datasets/WEO,April 2026 vintage; general government; percent of GDP; Fiscal Monitor used only where WEO is unavailable.
FRA,France,2015,net_debt,Net debt,88.6210,actual,IMF WEO,https://data.imf.org/Datasets/WEO,April 2026 vintage; general government; percent of GDP; Fiscal Monitor used only where WEO is unavailable.
FRA,France,2016,overall_balance,Overall balance,-3.7630,actual,IMF WEO,https://data.imf.org/Datasets/WEO,April 2026 vintage; general government; percent of GDP; Fiscal Monitor used only where WEO is unavailable.
FRA,France,2016,primary_balance,Primary balance,-1.9290,actual,IMF WEO,https://data.imf.org/Datasets/WEO,April 2026 vintage; general government; percent of GDP; Fiscal Monitor used only where WEO is unavailable.
FRA,France,2016,revenue,Revenue,53.6160,actual,IMF WEO,https://data.imf.org/Datasets/WEO,April 2026 vintage; general government; percent of GDP; Fiscal Monitor used only where WEO is unavailable.
FRA,France,2016,primary_expenditure,Primary expenditure,55.5450,actual,IMF WEO / derived,https://data.imf.org/Datasets/WEO,Primary expenditure = revenue - primary balance.
FRA,France,2016,gross_debt,Gross debt,98.1490,actual,IMF WEO,https://data.imf.org/Datasets/WEO,April 2026 vintage; general government; percent of GDP; Fiscal Monitor used only where WEO is unavailable.
FRA,France,2016,net_debt,Net debt,89.8730,actual,IMF WEO,https://data.imf.org/Datasets/WEO,April 2026 vintage; general government; percent of GDP; Fiscal Monitor used only where WEO is unavailable.
FRA,France,2017,overall_balance,Overall balance,-3.3650,actual,IMF WEO,https://data.imf.org/Datasets/WEO,April 2026 vintage; general government; percent of GDP; Fiscal Monitor used only where WEO is unavailable.
FRA,France,2017,primary_balance,Primary balance,-1.6350,actual,IMF WEO,https://data.imf.org/Datasets/WEO,April 2026 vintage; general government; percent of GDP; Fiscal Monitor used only where WEO is unavailable.
FRA,France,2017,revenue,Revenue,54.3000,actual,IMF WEO,https://data.imf.org/Datasets/WEO,April 2026 vintage; general government; percent of GDP; Fiscal Monitor used only where WEO is unavailable.
FRA,France,2017,primary_expenditure,Primary expenditure,55.9350,actual,IMF WEO / derived,https://data.imf.org/Datasets/WEO,Primary expenditure = revenue - primary balance.
FRA,France,2017,gross_debt,Gross debt,98.7620,actual,IMF WEO,https://data.imf.org/Datasets/WEO,April 2026 vintage; general government; percent of GDP; Fiscal Monitor used only where WEO is unavailable.
FRA,France,2017,net_debt,Net debt,89.4580,actual,IMF WEO,https://data.imf.org/Datasets/WEO,April 2026 vintage; general government; percent of GDP; Fiscal Monitor used only where WEO is unavailable.
FRA,France,2018,overall_balance,Overall balance,-2.3220,actual,IMF WEO,https://data.imf.org/Datasets/WEO,April 2026 vintage; general government; percent of GDP; Fiscal Monitor used only where WEO is unavailable.
FRA,France,2018,primary_balance,Primary balance,-0.8960,actual,IMF WEO,https://data.imf.org/Datasets/WEO,April 2026 vintage; general government; percent of GDP; Fiscal Monitor used only where WEO is unavailable.
FRA,France,2018,revenue,Revenue,54.0480,actual,IMF WEO,https://data.imf.org/Datasets/WEO,April 2026 vintage; general government; percent of GDP; Fiscal Monitor used only where WEO is unavailable.
FRA,France,2018,primary_expenditure,Primary expenditure,54.9440,actual,IMF WEO / derived,https://data.imf.org/Datasets/WEO,Primary expenditure = revenue - primary balance.
FRA,France,2018,gross_debt,Gross debt,98.5280,actual,IMF WEO,https://data.imf.org/Datasets/WEO,April 2026 vintage; general government; percent of GDP; Fiscal Monitor used only where WEO is unavailable.
FRA,France,2018,net_debt,Net debt,89.4210,actual,IMF WEO,https://data.imf.org/Datasets/WEO,April 2026 vintage; general government; percent of GDP; Fiscal Monitor used only where WEO is unavailable.
FRA,France,2019,overall_balance,Overall balance,-2.3920,actual,IMF WEO,https://data.imf.org/Datasets/WEO,April 2026 vintage; general government; percent of GDP; Fiscal Monitor used only where WEO is unavailable.
FRA,France,2019,primary_balance,Primary balance,-0.9180,actual,IMF WEO,https://data.imf.org/Datasets/WEO,April 2026 vintage; general government; percent of GDP; Fiscal Monitor used only where WEO is unavailable.
FRA,France,2019,revenue,Revenue,52.9530,actual,IMF WEO,https://data.imf.org/Datasets/WEO,April 2026 vintage; general government; percent of GDP; Fiscal Monitor used only where WEO is unavailable.
FRA,France,2019,primary_expenditure,Primary expenditure,53.8710,actual,IMF WEO / derived,https://data.imf.org/Datasets/WEO,Primary expenditure = revenue - primary balance.
FRA,France,2019,gross_debt,Gross debt,98.1580,actual,IMF WEO,https://data.imf.org/Datasets/WEO,April 2026 vintage; general government; percent of GDP; Fiscal Monitor used only where WEO is unavailable.
FRA,France,2019,net_debt,Net debt,88.9890,actual,IMF WEO,https://data.imf.org/Datasets/WEO,April 2026 vintage; general government; percent of GDP; Fiscal Monitor used only where WEO is unavailable.
FRA,France,2020,overall_balance,Overall balance,-8.9300,actual,IMF WEO,https://data.imf.org/Datasets/WEO,April 2026 vintage; general government; percent of GDP; Fiscal Monitor used only where WEO is unavailable.
FRA,France,2020,primary_balance,Primary balance,-7.6650,actual,IMF WEO,https://data.imf.org/Datasets/WEO,April 2026 vintage; general government; percent of GDP; Fiscal Monitor used only where WEO is unavailable.
FRA,France,2020,revenue,Revenue,52.7660,actual,IMF WEO,https://data.imf.org/Datasets/WEO,April 2026 vintage; general government; percent of GDP; Fiscal Monitor used only where WEO is unavailable.
FRA,France,2020,primary_expenditure,Primary expenditure,60.4310,actual,IMF WEO / derived,https://data.imf.org/Datasets/WEO,Primary expenditure = revenue - primary balance.
FRA,France,2020,gross_debt,Gross debt,114.9090,actual,IMF WEO,https://data.imf.org/Datasets/WEO,April 2026 vintage; general government; percent of GDP; Fiscal Monitor used only where WEO is unavailable.
FRA,France,2020,net_debt,Net debt,101.6060,actual,IMF WEO,https://data.imf.org/Datasets/WEO,April 2026 vintage; general government; percent of GDP; Fiscal Monitor used only where WEO is unavailable.
FRA,France,2021,overall_balance,Overall balance,-6.5840,actual,IMF WEO,https://data.imf.org/Datasets/WEO,April 2026 vintage; general government; percent of GDP; Fiscal Monitor used only where WEO is unavailable.
FRA,France,2021,primary_balance,Primary balance,-5.2170,actual,IMF WEO,https://data.imf.org/Datasets/WEO,April 2026 vintage; general government; percent of GDP; Fiscal Monitor used only where WEO is unavailable.
FRA,France,2021,revenue,Revenue,52.8800,actual,IMF WEO,https://data.imf.org/Datasets/WEO,April 2026 vintage; general government; percent of GDP; Fiscal Monitor used only where WEO is unavailable.
FRA,France,2021,primary_expenditure,Primary expenditure,58.0970,actual,IMF WEO / derived,https://data.imf.org/Datasets/WEO,Primary expenditure = revenue - primary balance.
FRA,France,2021,gross_debt,Gross debt,112.7860,actual,IMF WEO,https://data.imf.org/Datasets/WEO,April 2026 vintage; general government; percent of GDP; Fiscal Monitor used only where WEO is unavailable.
FRA,France,2021,net_debt,Net debt,100.5340,actual,IMF WEO,https://data.imf.org/Datasets/WEO,April 2026 vintage; general government; percent of GDP; Fiscal Monitor used only where WEO is unavailable.
FRA,France,2022,overall_balance,Overall balance,-4.7370,actual,IMF WEO,https://data.imf.org/Datasets/WEO,April 2026 vintage; general government; percent of GDP; Fiscal Monitor used only where WEO is unavailable.
FRA,France,2022,primary_balance,Primary balance,-2.8610,actual,IMF WEO,https://data.imf.org/Datasets/WEO,April 2026 vintage; general government; percent of GDP; Fiscal Monitor used only where WEO is unavailable.
FRA,France,2022,revenue,Revenue,53.6910,actual,IMF WEO,https://data.imf.org/Datasets/WEO,April 2026 vintage; general government; percent of GDP; Fiscal Monitor used only where WEO is unavailable.
FRA,France,2022,primary_expenditure,Primary expenditure,56.5520,actual,IMF WEO / derived,https://data.imf.org/Datasets/WEO,Primary expenditure = revenue - primary balance.
FRA,France,2022,gross_debt,Gross debt,111.3640,actual,IMF WEO,https://data.imf.org/Datasets/WEO,April 2026 vintage; general government; percent of GDP; Fiscal Monitor used only where WEO is unavailable.
FRA,France,2022,net_debt,Net debt,101.0780,actual,IMF WEO,https://data.imf.org/Datasets/WEO,April 2026 vintage; general government; percent of GDP; Fiscal Monitor used only where WEO is unavailable.
FRA,France,2023,overall_balance,Overall balance,-5.4400,actual,IMF WEO,https://data.imf.org/Datasets/WEO,April 2026 vintage; general government; percent of GDP; Fiscal Monitor used only where WEO is unavailable.
FRA,France,2023,primary_balance,Primary balance,-3.7400,actual,IMF WEO,https://data.imf.org/Datasets/WEO,April 2026 vintage; general government; percent of GDP; Fiscal Monitor used only where WEO is unavailable.
FRA,France,2023,revenue,Revenue,51.3940,actual,IMF WEO,https://data.imf.org/Datasets/WEO,April 2026 vintage; general government; percent of GDP; Fiscal Monitor used only where WEO is unavailable.
FRA,France,2023,primary_expenditure,Primary expenditure,55.1340,actual,IMF WEO / derived,https://data.imf.org/Datasets/WEO,Primary expenditure = revenue - primary balance.
FRA,France,2023,gross_debt,Gross debt,109.6460,actual,IMF WEO,https://data.imf.org/Datasets/WEO,April 2026 vintage; general government; percent of GDP; Fiscal Monitor used only where WEO is unavailable.
FRA,France,2023,net_debt,Net debt,101.5400,actual,IMF WEO,https://data.imf.org/Datasets/WEO,April 2026 vintage; general government; percent of GDP; Fiscal Monitor used only where WEO is unavailable.
FRA,France,2024,overall_balance,Overall balance,-5.7880,actual,IMF WEO,https://data.imf.org/Datasets/WEO,April 2026 vintage; general government; percent of GDP; Fiscal Monitor used only where WEO is unavailable.
FRA,France,2024,primary_balance,Primary balance,-3.9870,actual,IMF WEO,https://data.imf.org/Datasets/WEO,April 2026 vintage; general government; percent of GDP; Fiscal Monitor used only where WEO is unavailable.
FRA,France,2024,revenue,Revenue,51.4700,actual,IMF WEO,https://data.imf.org/Datasets/WEO,April 2026 vintage; general government; percent of GDP; Fiscal Monitor used only where WEO is unavailable.
FRA,France,2024,primary_expenditure,Primary expenditure,55.4570,actual,IMF WEO / derived,https://data.imf.org/Datasets/WEO,Primary expenditure = revenue - primary balance.
FRA,France,2024,gross_debt,Gross debt,113.1710,actual,IMF WEO,https://data.imf.org/Datasets/WEO,April 2026 vintage; general government; percent of GDP; Fiscal Monitor used only where WEO is unavailable.
FRA,France,2024,net_debt,Net debt,105.0140,actual,IMF WEO,https://data.imf.org/Datasets/WEO,April 2026 vintage; general government; percent of GDP; Fiscal Monitor used only where WEO is unavailable.
FRA,France,2025,overall_balance,Overall balance,-5.1130,estimate,IMF WEO,https://data.imf.org/Datasets/WEO,April 2026 vintage; general government; percent of GDP; Fiscal Monitor used only where WEO is unavailable.
FRA,France,2025,primary_balance,Primary balance,-3.1280,estimate,IMF WEO,https://data.imf.org/Datasets/WEO,April 2026 vintage; general government; percent of GDP; Fiscal Monitor used only where WEO is unavailable.
FRA,France,2025,revenue,Revenue,52.3500,estimate,IMF WEO,https://data.imf.org/Datasets/WEO,April 2026 vintage; general government; percent of GDP; Fiscal Monitor used only where WEO is unavailable.
FRA,France,2025,primary_expenditure,Primary expenditure,55.4780,estimate,IMF WEO / derived,https://data.imf.org/Datasets/WEO,Primary expenditure = revenue - primary balance.
FRA,France,2025,gross_debt,Gross debt,115.9920,estimate,IMF WEO,https://data.imf.org/Datasets/WEO,April 2026 vintage; general government; percent of GDP; Fiscal Monitor used only where WEO is unavailable.
FRA,France,2025,net_debt,Net debt,108.7970,estimate,IMF WEO,https://data.imf.org/Datasets/WEO,April 2026 vintage; general government; percent of GDP; Fiscal Monitor used only where WEO is unavailable.
FRA,France,2026,overall_balance,Overall balance,-4.9410,projection,IMF WEO,https://data.imf.org/Datasets/WEO,April 2026 vintage; general government; percent of GDP; Fiscal Monitor used only where WEO is unavailable.
FRA,France,2026,primary_balance,Primary balance,-2.7110,projection,IMF WEO,https://data.imf.org/Datasets/WEO,April 2026 vintage; general government; percent of GDP; Fiscal Monitor used only where WEO is unavailable.
FRA,France,2026,revenue,Revenue,52.4230,projection,IMF WEO,https://data.imf.org/Datasets/WEO,April 2026 vintage; general government; percent of GDP; Fiscal Monitor used only where WEO is unavailable.
FRA,France,2026,primary_expenditure,Primary expenditure,55.1340,projection,IMF WEO / derived,https://data.imf.org/Datasets/WEO,Primary expenditure = revenue - primary balance.
FRA,France,2026,gross_debt,Gross debt,118.4040,projection,IMF WEO,https://data.imf.org/Datasets/WEO,April 2026 vintage; general government; percent of GDP; Fiscal Monitor used only where WEO is unavailable.
FRA,France,2026,net_debt,Net debt,110.2470,projection,IMF WEO,https://data.imf.org/Datasets/WEO,April 2026 vintage; general government; percent of GDP; Fiscal Monitor used only where WEO is unavailable.
FRA,France,2027,overall_balance,Overall balance,-4.7890,projection,IMF WEO,https://data.imf.org/Datasets/WEO,April 2026 vintage; general government; percent of GDP; Fiscal Monitor used only where WEO is unavailable.
FRA,France,2027,primary_balance,Primary balance,-2.3080,projection,IMF WEO,https://data.imf.org/Datasets/WEO,April 2026 vintage; general government; percent of GDP; Fiscal Monitor used only where WEO is unavailable.
FRA,France,2027,revenue,Revenue,52.6130,projection,IMF WEO,https://data.imf.org/Datasets/WEO,April 2026 vintage; general government; percent of GDP; Fiscal Monitor used only where WEO is unavailable.
FRA,France,2027,primary_expenditure,Primary expenditure,54.9210,projection,IMF WEO / derived,https://data.imf.org/Datasets/WEO,Primary expenditure = revenue - primary balance.
FRA,France,2027,gross_debt,Gross debt,120.4760,projection,IMF WEO,https://data.imf.org/Datasets/WEO,April 2026 vintage; general government; percent of GDP; Fiscal Monitor used only where WEO is unavailable.
FRA,France,2027,net_debt,Net debt,112.3190,projection,IMF WEO,https://data.imf.org/Datasets/WEO,April 2026 vintage; general government; percent of GDP; Fiscal Monitor used only where WEO is unavailable.
FRA,France,2028,overall_balance,Overall balance,-4.2600,projection,IMF WEO,https://data.imf.org/Datasets/WEO,April 2026 vintage; general government; percent of GDP; Fiscal Monitor used only where WEO is unavailable.
FRA,France,2028,primary_balance,Primary balance,-1.5760,projection,IMF WEO,https://data.imf.org/Datasets/WEO,April 2026 vintage; general government; percent of GDP; Fiscal Monitor used only where WEO is unavailable.
FRA,France,2028,revenue,Revenue,52.8030,projection,IMF WEO,https://data.imf.org/Datasets/WEO,April 2026 vintage; general government; percent of GDP; Fiscal Monitor used only where WEO is unavailable.
FRA,France,2028,primary_expenditure,Primary expenditure,54.3790,projection,IMF WEO / derived,https://data.imf.org/Datasets/WEO,Primary expenditure = revenue - primary balance.
FRA,France,2028,gross_debt,Gross debt,121.1130,projection,IMF WEO,https://data.imf.org/Datasets/WEO,April 2026 vintage; general government; percent of GDP; Fiscal Monitor used only where WEO is unavailable.
FRA,France,2028,net_debt,Net debt,112.9560,projection,IMF WEO,https://data.imf.org/Datasets/WEO,April 2026 vintage; general government; percent of GDP; Fiscal Monitor used only where WEO is unavailable.
FRA,France,2029,overall_balance,Overall balance,-3.8090,projection,IMF WEO,https://data.imf.org/Datasets/WEO,April 2026 vintage; general government; percent of GDP; Fiscal Monitor used only where WEO is unavailable.
FRA,France,2029,primary_balance,Primary balance,-0.9980,projection,IMF WEO,https://data.imf.org/Datasets/WEO,April 2026 vintage; general government; percent of GDP; Fiscal Monitor used only where WEO is unavailable.
FRA,France,2029,revenue,Revenue,52.9680,projection,IMF WEO,https://data.imf.org/Datasets/WEO,April 2026 vintage; general government; percent of GDP; Fiscal Monitor used only where WEO is unavailable.
FRA,France,2029,primary_expenditure,Primary expenditure,53.9660,projection,IMF WEO / derived,https://data.imf.org/Datasets/WEO,Primary expenditure = revenue - primary balance.
FRA,France,2029,gross_debt,Gross debt,121.3420,projection,IMF WEO,https://data.imf.org/Datasets/WEO,April 2026 vintage; general government; percent of GDP; Fiscal Monitor used only where WEO is unavailable.
FRA,France,2029,net_debt,Net debt,113.1850,projection,IMF WEO,https://data.imf.org/Datasets/WEO,April 2026 vintage; general government; percent of GDP; Fiscal Monitor used only where WEO is unavailable.
FRA,France,2030,overall_balance,Overall balance,-3.3560,projection,IMF WEO,https://data.imf.org/Datasets/WEO,April 2026 vintage; general government; percent of GDP; Fiscal Monitor used only where WEO is unavailable.
FRA,France,2030,primary_balance,Primary balance,-0.3130,projection,IMF WEO,https://data.imf.org/Datasets/WEO,April 2026 vintage; general government; percent of GDP; Fiscal Monitor used only where WEO is unavailable.
FRA,France,2030,revenue,Revenue,53.0780,projection,IMF WEO,https://data.imf.org/Datasets/WEO,April 2026 vintage; general government; percent of GDP; Fiscal Monitor used only where WEO is unavailable.
FRA,France,2030,primary_expenditure,Primary expenditure,53.3910,projection,IMF WEO / derived,https://data.imf.org/Datasets/WEO,Primary expenditure = revenue - primary balance.
FRA,France,2030,gross_debt,Gross debt,121.1800,projection,IMF WEO,https://data.imf.org/Datasets/WEO,April 2026 vintage; general government; percent of GDP; Fiscal Monitor used only where WEO is unavailable.
FRA,France,2030,net_debt,Net debt,113.0230,projection,IMF WEO,https://data.imf.org/Datasets/WEO,April 2026 vintage; general government; percent of GDP; Fiscal Monitor used only where WEO is unavailable.
FRA,France,2031,overall_balance,Overall balance,-2.8950,projection,IMF WEO,https://data.imf.org/Datasets/WEO,April 2026 vintage; general government; percent of GDP; Fiscal Monitor used only where WEO is unavailable.
FRA,France,2031,primary_balance,Primary balance,0.3880,projection,IMF WEO,https://data.imf.org/Datasets/WEO,April 2026 vintage; general government; percent of GDP; Fiscal Monitor used only where WEO is unavailable.
FRA,France,2031,revenue,Revenue,53.1890,projection,IMF WEO,https://data.imf.org/Datasets/WEO,April 2026 vintage; general government; percent of GDP; Fiscal Monitor used only where WEO is unavailable.
FRA,France,2031,primary_expenditure,Primary expenditure,52.8010,projection,IMF WEO / derived,https://data.imf.org/Datasets/WEO,Primary expenditure = revenue - primary balance.
FRA,France,2031,gross_debt,Gross debt,120.7360,projection,IMF WEO,https://data.imf.org/Datasets/WEO,April 2026 vintage; general government; percent of GDP; Fiscal Monitor used only where WEO is unavailable.
FRA,France,2031,net_debt,Net debt,112.5790,projection,IMF WEO,https://data.imf.org/Datasets/WEO,April 2026 vintage; general government; percent of GDP; Fiscal Monitor used only where WEO is unavailable.
GBR,United Kingdom,1980,overall_balance,Overall balance,-2.8360,actual,IMF WEO,https://data.imf.org/Datasets/WEO,April 2026 vintage; general government; percent of GDP; Fiscal Monitor used only where WEO is unavailable.
GBR,United Kingdom,1980,primary_balance,Primary balance,-0.6670,actual,IMF WEO,https://data.imf.org/Datasets/WEO,April 2026 vintage; general government; percent of GDP; Fiscal Monitor used only where WEO is unavailable.
GBR,United Kingdom,1980,revenue,Revenue,36.2050,actual,IMF WEO,https://data.imf.org/Datasets/WEO,April 2026 vintage; general government; percent of GDP; Fiscal Monitor used only where WEO is unavailable.
GBR,United Kingdom,1980,primary_expenditure,Primary expenditure,36.8720,actual,IMF WEO / derived,https://data.imf.org/Datasets/WEO,Primary expenditure = revenue - primary balance.
GBR,United Kingdom,1980,gross_debt,Gross debt,42.5200,actual,IMF WEO,https://data.imf.org/Datasets/WEO,April 2026 vintage; general government; percent of GDP; Fiscal Monitor used only where WEO is unavailable.
GBR,United Kingdom,1980,net_debt,Net debt,41.8230,actual,IMF WEO,https://data.imf.org/Datasets/WEO,April 2026 vintage; general government; percent of GDP; Fiscal Monitor used only where WEO is unavailable.
GBR,United Kingdom,1981,overall_balance,Overall balance,-3.7640,actual,IMF WEO,https://data.imf.org/Datasets/WEO,April 2026 vintage; general government; percent of GDP; Fiscal Monitor used only where WEO is unavailable.
GBR,United Kingdom,1981,primary_balance,Primary balance,-1.7610,actual,IMF WEO,https://data.imf.org/Datasets/WEO,April 2026 vintage; general government; percent of GDP; Fiscal Monitor used only where WEO is unavailable.
GBR,United Kingdom,1981,revenue,Revenue,37.5760,actual,IMF WEO,https://data.imf.org/Datasets/WEO,April 2026 vintage; general government; percent of GDP; Fiscal Monitor used only where WEO is unavailable.
GBR,United Kingdom,1981,primary_expenditure,Primary expenditure,39.3370,actual,IMF WEO / derived,https://data.imf.org/Datasets/WEO,Primary expenditure = revenue - primary balance.
GBR,United Kingdom,1981,gross_debt,Gross debt,44.6680,actual,IMF WEO,https://data.imf.org/Datasets/WEO,April 2026 vintage; general government; percent of GDP; Fiscal Monitor used only where WEO is unavailable.
GBR,United Kingdom,1981,net_debt,Net debt,44.0260,actual,IMF WEO,https://data.imf.org/Datasets/WEO,April 2026 vintage; general government; percent of GDP; Fiscal Monitor used only where WEO is unavailable.
GBR,United Kingdom,1982,overall_balance,Overall balance,-2.2680,actual,IMF WEO,https://data.imf.org/Datasets/WEO,April 2026 vintage; general government; percent of GDP; Fiscal Monitor used only where WEO is unavailable.
GBR,United Kingdom,1982,primary_balance,Primary balance,-0.5470,actual,IMF WEO,https://data.imf.org/Datasets/WEO,April 2026 vintage; general government; percent of GDP; Fiscal Monitor used only where WEO is unavailable.
GBR,United Kingdom,1982,revenue,Revenue,38.5450,actual,IMF WEO,https://data.imf.org/Datasets/WEO,April 2026 vintage; general government; percent of GDP; Fiscal Monitor used only where WEO is unavailable.
GBR,United Kingdom,1982,primary_expenditure,Primary expenditure,39.0920,actual,IMF WEO / derived,https://data.imf.org/Datasets/WEO,Primary expenditure = revenue - primary balance.
GBR,United Kingdom,1982,gross_debt,Gross debt,42.9420,actual,IMF WEO,https://data.imf.org/Datasets/WEO,April 2026 vintage; general government; percent of GDP; Fiscal Monitor used only where WEO is unavailable.
GBR,United Kingdom,1982,net_debt,Net debt,43.8000,actual,IMF WEO,https://data.imf.org/Datasets/WEO,April 2026 vintage; general government; percent of GDP; Fiscal Monitor used only where WEO is unavailable.
GBR,United Kingdom,1983,overall_balance,Overall balance,-2.8660,actual,IMF WEO,https://data.imf.org/Datasets/WEO,April 2026 vintage; general government; percent of GDP; Fiscal Monitor used only where WEO is unavailable.
GBR,United Kingdom,1983,primary_balance,Primary balance,-0.7520,actual,IMF WEO,https://data.imf.org/Datasets/WEO,April 2026 vintage; general government; percent of GDP; Fiscal Monitor used only where WEO is unavailable.
GBR,United Kingdom,1983,revenue,Revenue,37.1900,actual,IMF WEO,https://data.imf.org/Datasets/WEO,April 2026 vintage; general government; percent of GDP; Fiscal Monitor used only where WEO is unavailable.
GBR,United Kingdom,1983,primary_expenditure,Primary expenditure,37.9420,actual,IMF WEO / derived,https://data.imf.org/Datasets/WEO,Primary expenditure = revenue - primary balance.
GBR,United Kingdom,1983,gross_debt,Gross debt,41.7510,actual,IMF WEO,https://data.imf.org/Datasets/WEO,April 2026 vintage; general government; percent of GDP; Fiscal Monitor used only where WEO is unavailable.
GBR,United Kingdom,1983,net_debt,Net debt,42.3420,actual,IMF WEO,https://data.imf.org/Datasets/WEO,April 2026 vintage; general government; percent of GDP; Fiscal Monitor used only where WEO is unavailable.
GBR,United Kingdom,1984,overall_balance,Overall balance,-3.1550,actual,IMF WEO,https://data.imf.org/Datasets/WEO,April 2026 vintage; general government; percent of GDP; Fiscal Monitor used only where WEO is unavailable.
GBR,United Kingdom,1984,primary_balance,Primary balance,-0.5130,actual,IMF WEO,https://data.imf.org/Datasets/WEO,April 2026 vintage; general government; percent of GDP; Fiscal Monitor used only where WEO is unavailable.
GBR,United Kingdom,1984,revenue,Revenue,37.0600,actual,IMF WEO,https://data.imf.org/Datasets/WEO,April 2026 vintage; general government; percent of GDP; Fiscal Monitor used only where WEO is unavailable.
GBR,United Kingdom,1984,primary_expenditure,Primary expenditure,37.5730,actual,IMF WEO / derived,https://data.imf.org/Datasets/WEO,Primary expenditure = revenue - primary balance.
GBR,United Kingdom,1984,gross_debt,Gross debt,42.1350,actual,IMF WEO,https://data.imf.org/Datasets/WEO,April 2026 vintage; general government; percent of GDP; Fiscal Monitor used only where WEO is unavailable.
GBR,United Kingdom,1984,net_debt,Net debt,42.8480,actual,IMF WEO,https://data.imf.org/Datasets/WEO,April 2026 vintage; general government; percent of GDP; Fiscal Monitor used only where WEO is unavailable.
GBR,United Kingdom,1985,overall_balance,Overall balance,-2.4730,actual,IMF WEO,https://data.imf.org/Datasets/WEO,April 2026 vintage; general government; percent of GDP; Fiscal Monitor used only where WEO is unavailable.
GBR,United Kingdom,1985,primary_balance,Primary balance,-0.1290,actual,IMF WEO,https://data.imf.org/Datasets/WEO,April 2026 vintage; general government; percent of GDP; Fiscal Monitor used only where WEO is unavailable.
GBR,United Kingdom,1985,revenue,Revenue,36.8780,actual,IMF WEO,https://data.imf.org/Datasets/WEO,April 2026 vintage; general government; percent of GDP; Fiscal Monitor used only where WEO is unavailable.
GBR,United Kingdom,1985,primary_expenditure,Primary expenditure,37.0070,actual,IMF WEO / derived,https://data.imf.org/Datasets/WEO,Primary expenditure = revenue - primary balance.
GBR,United Kingdom,1985,gross_debt,Gross debt,41.2030,actual,IMF WEO,https://data.imf.org/Datasets/WEO,April 2026 vintage; general government; percent of GDP; Fiscal Monitor used only where WEO is unavailable.
GBR,United Kingdom,1985,net_debt,Net debt,42.5080,actual,IMF WEO,https://data.imf.org/Datasets/WEO,April 2026 vintage; general government; percent of GDP; Fiscal Monitor used only where WEO is unavailable.
GBR,United Kingdom,1986,overall_balance,Overall balance,-2.3300,actual,IMF WEO,https://data.imf.org/Datasets/WEO,April 2026 vintage; general government; percent of GDP; Fiscal Monitor used only where WEO is unavailable.
GBR,United Kingdom,1986,primary_balance,Primary balance,0.0340,actual,IMF WEO,https://data.imf.org/Datasets/WEO,April 2026 vintage; general government; percent of GDP; Fiscal Monitor used only where WEO is unavailable.
GBR,United Kingdom,1986,revenue,Revenue,35.9040,actual,IMF WEO,https://data.imf.org/Datasets/WEO,April 2026 vintage; general government; percent of GDP; Fiscal Monitor used only where WEO is unavailable.
GBR,United Kingdom,1986,primary_expenditure,Primary expenditure,35.8700,actual,IMF WEO / derived,https://data.imf.org/Datasets/WEO,Primary expenditure = revenue - primary balance.
GBR,United Kingdom,1986,gross_debt,Gross debt,41.1880,actual,IMF WEO,https://data.imf.org/Datasets/WEO,April 2026 vintage; general government; percent of GDP; Fiscal Monitor used only where WEO is unavailable.
GBR,United Kingdom,1986,net_debt,Net debt,41.4160,actual,IMF WEO,https://data.imf.org/Datasets/WEO,April 2026 vintage; general government; percent of GDP; Fiscal Monitor used only where WEO is unavailable.
GBR,United Kingdom,1987,overall_balance,Overall balance,-1.6670,actual,IMF WEO,https://data.imf.org/Datasets/WEO,April 2026 vintage; general government; percent of GDP; Fiscal Monitor used only where WEO is unavailable.
GBR,United Kingdom,1987,primary_balance,Primary balance,0.6050,actual,IMF WEO,https://data.imf.org/Datasets/WEO,April 2026 vintage; general government; percent of GDP; Fiscal Monitor used only where WEO is unavailable.
GBR,United Kingdom,1987,revenue,Revenue,34.7070,actual,IMF WEO,https://data.imf.org/Datasets/WEO,April 2026 vintage; general government; percent of GDP; Fiscal Monitor used only where WEO is unavailable.
GBR,United Kingdom,1987,primary_expenditure,Primary expenditure,34.1020,actual,IMF WEO / derived,https://data.imf.org/Datasets/WEO,Primary expenditure = revenue - primary balance.
GBR,United Kingdom,1987,gross_debt,Gross debt,39.1850,actual,IMF WEO,https://data.imf.org/Datasets/WEO,April 2026 vintage; general government; percent of GDP; Fiscal Monitor used only where WEO is unavailable.
GBR,United Kingdom,1987,net_debt,Net debt,38.5380,actual,IMF WEO,https://data.imf.org/Datasets/WEO,April 2026 vintage; general government; percent of GDP; Fiscal Monitor used only where WEO is unavailable.
GBR,United Kingdom,1988,overall_balance,Overall balance,0.2470,actual,IMF WEO,https://data.imf.org/Datasets/WEO,April 2026 vintage; general government; percent of GDP; Fiscal Monitor used only where WEO is unavailable.
GBR,United Kingdom,1988,primary_balance,Primary balance,2.0970,actual,IMF WEO,https://data.imf.org/Datasets/WEO,April 2026 vintage; general government; percent of GDP; Fiscal Monitor used only where WEO is unavailable.
GBR,United Kingdom,1988,revenue,Revenue,34.4280,actual,IMF WEO,https://data.imf.org/Datasets/WEO,April 2026 vintage; general government; percent of GDP; Fiscal Monitor used only where WEO is unavailable.
GBR,United Kingdom,1988,primary_expenditure,Primary expenditure,32.3310,actual,IMF WEO / derived,https://data.imf.org/Datasets/WEO,Primary expenditure = revenue - primary balance.
GBR,United Kingdom,1988,gross_debt,Gross debt,36.9690,actual,IMF WEO,https://data.imf.org/Datasets/WEO,April 2026 vintage; general government; percent of GDP; Fiscal Monitor used only where WEO is unavailable.
GBR,United Kingdom,1988,net_debt,Net debt,34.7330,actual,IMF WEO,https://data.imf.org/Datasets/WEO,April 2026 vintage; general government; percent of GDP; Fiscal Monitor used only where WEO is unavailable.
GBR,United Kingdom,1989,overall_balance,Overall balance,0.4760,actual,IMF WEO,https://data.imf.org/Datasets/WEO,April 2026 vintage; general government; percent of GDP; Fiscal Monitor used only where WEO is unavailable.
GBR,United Kingdom,1989,primary_balance,Primary balance,2.1350,actual,IMF WEO,https://data.imf.org/Datasets/WEO,April 2026 vintage; general government; percent of GDP; Fiscal Monitor used only where WEO is unavailable.
GBR,United Kingdom,1989,revenue,Revenue,34.1030,actual,IMF WEO,https://data.imf.org/Datasets/WEO,April 2026 vintage; general government; percent of GDP; Fiscal Monitor used only where WEO is unavailable.
GBR,United Kingdom,1989,primary_expenditure,Primary expenditure,31.9680,actual,IMF WEO / derived,https://data.imf.org/Datasets/WEO,Primary expenditure = revenue - primary balance.
GBR,United Kingdom,1989,gross_debt,Gross debt,32.4300,actual,IMF WEO,https://data.imf.org/Datasets/WEO,April 2026 vintage; general government; percent of GDP; Fiscal Monitor used only where WEO is unavailable.
GBR,United Kingdom,1989,net_debt,Net debt,29.2710,actual,IMF WEO,https://data.imf.org/Datasets/WEO,April 2026 vintage; general government; percent of GDP; Fiscal Monitor used only where WEO is unavailable.
GBR,United Kingdom,1990,overall_balance,Overall balance,-1.5300,actual,IMF WEO,https://data.imf.org/Datasets/WEO,April 2026 vintage; general government; percent of GDP; Fiscal Monitor used only where WEO is unavailable.
GBR,United Kingdom,1990,primary_balance,Primary balance,0.1590,actual,IMF WEO,https://data.imf.org/Datasets/WEO,April 2026 vintage; general government; percent of GDP; Fiscal Monitor used only where WEO is unavailable.
GBR,United Kingdom,1990,revenue,Revenue,33.3660,actual,IMF WEO,https://data.imf.org/Datasets/WEO,April 2026 vintage; general government; percent of GDP; Fiscal Monitor used only where WEO is unavailable.
GBR,United Kingdom,1990,primary_expenditure,Primary expenditure,33.2070,actual,IMF WEO / derived,https://data.imf.org/Datasets/WEO,Primary expenditure = revenue - primary balance.
GBR,United Kingdom,1990,gross_debt,Gross debt,28.3870,actual,IMF WEO,https://data.imf.org/Datasets/WEO,April 2026 vintage; general government; percent of GDP; Fiscal Monitor used only where WEO is unavailable.
GBR,United Kingdom,1990,net_debt,Net debt,26.0520,actual,IMF WEO,https://data.imf.org/Datasets/WEO,April 2026 vintage; general government; percent of GDP; Fiscal Monitor used only where WEO is unavailable.
GBR,United Kingdom,1991,overall_balance,Overall balance,-2.7570,actual,IMF WEO,https://data.imf.org/Datasets/WEO,April 2026 vintage; general government; percent of GDP; Fiscal Monitor used only where WEO is unavailable.
GBR,United Kingdom,1991,primary_balance,Primary balance,-1.4310,actual,IMF WEO,https://data.imf.org/Datasets/WEO,April 2026 vintage; general government; percent of GDP; Fiscal Monitor used only where WEO is unavailable.
GBR,United Kingdom,1991,revenue,Revenue,32.9920,actual,IMF WEO,https://data.imf.org/Datasets/WEO,April 2026 vintage; general government; percent of GDP; Fiscal Monitor used only where WEO is unavailable.
GBR,United Kingdom,1991,primary_expenditure,Primary expenditure,34.4230,actual,IMF WEO / derived,https://data.imf.org/Datasets/WEO,Primary expenditure = revenue - primary balance.
GBR,United Kingdom,1991,gross_debt,Gross debt,28.3930,actual,IMF WEO,https://data.imf.org/Datasets/WEO,April 2026 vintage; general government; percent of GDP; Fiscal Monitor used only where WEO is unavailable.
GBR,United Kingdom,1991,net_debt,Net debt,25.1470,actual,IMF WEO,https://data.imf.org/Datasets/WEO,April 2026 vintage; general government; percent of GDP; Fiscal Monitor used only where WEO is unavailable.
GBR,United Kingdom,1992,overall_balance,Overall balance,-5.3900,actual,IMF WEO,https://data.imf.org/Datasets/WEO,April 2026 vintage; general government; percent of GDP; Fiscal Monitor used only where WEO is unavailable.
GBR,United Kingdom,1992,primary_balance,Primary balance,-4.0170,actual,IMF WEO,https://data.imf.org/Datasets/WEO,April 2026 vintage; general government; percent of GDP; Fiscal Monitor used only where WEO is unavailable.
GBR,United Kingdom,1992,revenue,Revenue,32.2820,actual,IMF WEO,https://data.imf.org/Datasets/WEO,April 2026 vintage; general government; percent of GDP; Fiscal Monitor used only where WEO is unavailable.
GBR,United Kingdom,1992,primary_expenditure,Primary expenditure,36.2990,actual,IMF WEO / derived,https://data.imf.org/Datasets/WEO,Primary expenditure = revenue - primary balance.
GBR,United Kingdom,1992,gross_debt,Gross debt,33.1210,actual,IMF WEO,https://data.imf.org/Datasets/WEO,April 2026 vintage; general government; percent of GDP; Fiscal Monitor used only where WEO is unavailable.
GBR,United Kingdom,1992,net_debt,Net debt,26.6310,actual,IMF WEO,https://data.imf.org/Datasets/WEO,April 2026 vintage; general government; percent of GDP; Fiscal Monitor used only where WEO is unavailable.
GBR,United Kingdom,1993,overall_balance,Overall balance,-6.6020,actual,IMF WEO,https://data.imf.org/Datasets/WEO,April 2026 vintage; general government; percent of GDP; Fiscal Monitor used only where WEO is unavailable.
GBR,United Kingdom,1993,primary_balance,Primary balance,-5.1540,actual,IMF WEO,https://data.imf.org/Datasets/WEO,April 2026 vintage; general government; percent of GDP; Fiscal Monitor used only where WEO is unavailable.
GBR,United Kingdom,1993,revenue,Revenue,31.0440,actual,IMF WEO,https://data.imf.org/Datasets/WEO,April 2026 vintage; general government; percent of GDP; Fiscal Monitor used only where WEO is unavailable.
GBR,United Kingdom,1993,primary_expenditure,Primary expenditure,36.1980,actual,IMF WEO / derived,https://data.imf.org/Datasets/WEO,Primary expenditure = revenue - primary balance.
GBR,United Kingdom,1993,gross_debt,Gross debt,37.8350,actual,IMF WEO,https://data.imf.org/Datasets/WEO,April 2026 vintage; general government; percent of GDP; Fiscal Monitor used only where WEO is unavailable.
GBR,United Kingdom,1993,net_debt,Net debt,30.9840,actual,IMF WEO,https://data.imf.org/Datasets/WEO,April 2026 vintage; general government; percent of GDP; Fiscal Monitor used only where WEO is unavailable.
GBR,United Kingdom,1994,overall_balance,Overall balance,-5.7220,actual,IMF WEO,https://data.imf.org/Datasets/WEO,April 2026 vintage; general government; percent of GDP; Fiscal Monitor used only where WEO is unavailable.
GBR,United Kingdom,1994,primary_balance,Primary balance,-4.0140,actual,IMF WEO,https://data.imf.org/Datasets/WEO,April 2026 vintage; general government; percent of GDP; Fiscal Monitor used only where WEO is unavailable.
GBR,United Kingdom,1994,revenue,Revenue,31.6320,actual,IMF WEO,https://data.imf.org/Datasets/WEO,April 2026 vintage; general government; percent of GDP; Fiscal Monitor used only where WEO is unavailable.
GBR,United Kingdom,1994,primary_expenditure,Primary expenditure,35.6460,actual,IMF WEO / derived,https://data.imf.org/Datasets/WEO,Primary expenditure = revenue - primary balance.
GBR,United Kingdom,1994,gross_debt,Gross debt,40.5870,actual,IMF WEO,https://data.imf.org/Datasets/WEO,April 2026 vintage; general government; percent of GDP; Fiscal Monitor used only where WEO is unavailable.
GBR,United Kingdom,1994,net_debt,Net debt,36.1090,actual,IMF WEO,https://data.imf.org/Datasets/WEO,April 2026 vintage; general government; percent of GDP; Fiscal Monitor used only where WEO is unavailable.
GBR,United Kingdom,1995,overall_balance,Overall balance,-4.9700,actual,IMF WEO,https://data.imf.org/Datasets/WEO,April 2026 vintage; general government; percent of GDP; Fiscal Monitor used only where WEO is unavailable.
GBR,United Kingdom,1995,primary_balance,Primary balance,-2.9410,actual,IMF WEO,https://data.imf.org/Datasets/WEO,April 2026 vintage; general government; percent of GDP; Fiscal Monitor used only where WEO is unavailable.
GBR,United Kingdom,1995,revenue,Revenue,32.5020,actual,IMF WEO,https://data.imf.org/Datasets/WEO,April 2026 vintage; general government; percent of GDP; Fiscal Monitor used only where WEO is unavailable.
GBR,United Kingdom,1995,primary_expenditure,Primary expenditure,35.4430,actual,IMF WEO / derived,https://data.imf.org/Datasets/WEO,Primary expenditure = revenue - primary balance.
GBR,United Kingdom,1995,gross_debt,Gross debt,43.4950,actual,IMF WEO,https://data.imf.org/Datasets/WEO,April 2026 vintage; general government; percent of GDP; Fiscal Monitor used only where WEO is unavailable.
GBR,United Kingdom,1995,net_debt,Net debt,40.0670,actual,IMF WEO,https://data.imf.org/Datasets/WEO,April 2026 vintage; general government; percent of GDP; Fiscal Monitor used only where WEO is unavailable.
GBR,United Kingdom,1996,overall_balance,Overall balance,-3.6330,actual,IMF WEO,https://data.imf.org/Datasets/WEO,April 2026 vintage; general government; percent of GDP; Fiscal Monitor used only where WEO is unavailable.
GBR,United Kingdom,1996,primary_balance,Primary balance,-1.6170,actual,IMF WEO,https://data.imf.org/Datasets/WEO,April 2026 vintage; general government; percent of GDP; Fiscal Monitor used only where WEO is unavailable.
GBR,United Kingdom,1996,revenue,Revenue,31.9200,actual,IMF WEO,https://data.imf.org/Datasets/WEO,April 2026 vintage; general government; percent of GDP; Fiscal Monitor used only where WEO is unavailable.
GBR,United Kingdom,1996,primary_expenditure,Primary expenditure,33.5370,actual,IMF WEO / derived,https://data.imf.org/Datasets/WEO,Primary expenditure = revenue - primary balance.
GBR,United Kingdom,1996,gross_debt,Gross debt,43.5410,actual,IMF WEO,https://data.imf.org/Datasets/WEO,April 2026 vintage; general government; percent of GDP; Fiscal Monitor used only where WEO is unavailable.
GBR,United Kingdom,1996,net_debt,Net debt,43.0620,actual,IMF WEO,https://data.imf.org/Datasets/WEO,April 2026 vintage; general government; percent of GDP; Fiscal Monitor used only where WEO is unavailable.
GBR,United Kingdom,1997,overall_balance,Overall balance,-1.9950,actual,IMF WEO,https://data.imf.org/Datasets/WEO,April 2026 vintage; general government; percent of GDP; Fiscal Monitor used only where WEO is unavailable.
GBR,United Kingdom,1997,primary_balance,Primary balance,0.1210,actual,IMF WEO,https://data.imf.org/Datasets/WEO,April 2026 vintage; general government; percent of GDP; Fiscal Monitor used only where WEO is unavailable.
GBR,United Kingdom,1997,revenue,Revenue,32.6850,actual,IMF WEO,https://data.imf.org/Datasets/WEO,April 2026 vintage; general government; percent of GDP; Fiscal Monitor used only where WEO is unavailable.
GBR,United Kingdom,1997,primary_expenditure,Primary expenditure,32.5640,actual,IMF WEO / derived,https://data.imf.org/Datasets/WEO,Primary expenditure = revenue - primary balance.
GBR,United Kingdom,1997,gross_debt,Gross debt,43.8960,actual,IMF WEO,https://data.imf.org/Datasets/WEO,April 2026 vintage; general government; percent of GDP; Fiscal Monitor used only where WEO is unavailable.
GBR,United Kingdom,1997,net_debt,Net debt,40.0570,actual,IMF WEO,https://data.imf.org/Datasets/WEO,April 2026 vintage; general government; percent of GDP; Fiscal Monitor used only where WEO is unavailable.
GBR,United Kingdom,1998,overall_balance,Overall balance,-0.2080,actual,IMF WEO,https://data.imf.org/Datasets/WEO,April 2026 vintage; general government; percent of GDP; Fiscal Monitor used only where WEO is unavailable.
GBR,United Kingdom,1998,primary_balance,Primary balance,1.7600,actual,IMF WEO,https://data.imf.org/Datasets/WEO,April 2026 vintage; general government; percent of GDP; Fiscal Monitor used only where WEO is unavailable.
GBR,United Kingdom,1998,revenue,Revenue,34.0520,actual,IMF WEO,https://data.imf.org/Datasets/WEO,April 2026 vintage; general government; percent of GDP; Fiscal Monitor used only where WEO is unavailable.
GBR,United Kingdom,1998,primary_expenditure,Primary expenditure,32.2920,actual,IMF WEO / derived,https://data.imf.org/Datasets/WEO,Primary expenditure = revenue - primary balance.
GBR,United Kingdom,1998,gross_debt,Gross debt,41.7890,actual,IMF WEO,https://data.imf.org/Datasets/WEO,April 2026 vintage; general government; percent of GDP; Fiscal Monitor used only where WEO is unavailable.
GBR,United Kingdom,1998,net_debt,Net debt,38.1470,actual,IMF WEO,https://data.imf.org/Datasets/WEO,April 2026 vintage; general government; percent of GDP; Fiscal Monitor used only where WEO is unavailable.
GBR,United Kingdom,1999,overall_balance,Overall balance,0.7620,actual,IMF WEO,https://data.imf.org/Datasets/WEO,April 2026 vintage; general government; percent of GDP; Fiscal Monitor used only where WEO is unavailable.
GBR,United Kingdom,1999,primary_balance,Primary balance,2.4580,actual,IMF WEO,https://data.imf.org/Datasets/WEO,April 2026 vintage; general government; percent of GDP; Fiscal Monitor used only where WEO is unavailable.
GBR,United Kingdom,1999,revenue,Revenue,34.4990,actual,IMF WEO,https://data.imf.org/Datasets/WEO,April 2026 vintage; general government; percent of GDP; Fiscal Monitor used only where WEO is unavailable.
GBR,United Kingdom,1999,primary_expenditure,Primary expenditure,32.0410,actual,IMF WEO / derived,https://data.imf.org/Datasets/WEO,Primary expenditure = revenue - primary balance.
GBR,United Kingdom,1999,gross_debt,Gross debt,40.2750,actual,IMF WEO,https://data.imf.org/Datasets/WEO,April 2026 vintage; general government; percent of GDP; Fiscal Monitor used only where WEO is unavailable.
GBR,United Kingdom,1999,net_debt,Net debt,36.9450,actual,IMF WEO,https://data.imf.org/Datasets/WEO,April 2026 vintage; general government; percent of GDP; Fiscal Monitor used only where WEO is unavailable.
GBR,United Kingdom,2000,overall_balance,Overall balance,1.3960,actual,IMF WEO,https://data.imf.org/Datasets/WEO,April 2026 vintage; general government; percent of GDP; Fiscal Monitor used only where WEO is unavailable.
GBR,United Kingdom,2000,primary_balance,Primary balance,3.0490,actual,IMF WEO,https://data.imf.org/Datasets/WEO,April 2026 vintage; general government; percent of GDP; Fiscal Monitor used only where WEO is unavailable.
GBR,United Kingdom,2000,revenue,Revenue,35.1530,actual,IMF WEO,https://data.imf.org/Datasets/WEO,April 2026 vintage; general government; percent of GDP; Fiscal Monitor used only where WEO is unavailable.
GBR,United Kingdom,2000,primary_expenditure,Primary expenditure,32.1040,actual,IMF WEO / derived,https://data.imf.org/Datasets/WEO,Primary expenditure = revenue - primary balance.
GBR,United Kingdom,2000,gross_debt,Gross debt,37.5490,actual,IMF WEO,https://data.imf.org/Datasets/WEO,April 2026 vintage; general government; percent of GDP; Fiscal Monitor used only where WEO is unavailable.
GBR,United Kingdom,2000,net_debt,Net debt,31.6400,actual,IMF WEO,https://data.imf.org/Datasets/WEO,April 2026 vintage; general government; percent of GDP; Fiscal Monitor used only where WEO is unavailable.
GBR,United Kingdom,2001,overall_balance,Overall balance,0.3390,actual,IMF WEO,https://data.imf.org/Datasets/WEO,April 2026 vintage; general government; percent of GDP; Fiscal Monitor used only where WEO is unavailable.
GBR,United Kingdom,2001,primary_balance,Primary balance,1.8180,actual,IMF WEO,https://data.imf.org/Datasets/WEO,April 2026 vintage; general government; percent of GDP; Fiscal Monitor used only where WEO is unavailable.
GBR,United Kingdom,2001,revenue,Revenue,34.8170,actual,IMF WEO,https://data.imf.org/Datasets/WEO,April 2026 vintage; general government; percent of GDP; Fiscal Monitor used only where WEO is unavailable.
GBR,United Kingdom,2001,primary_expenditure,Primary expenditure,32.9990,actual,IMF WEO / derived,https://data.imf.org/Datasets/WEO,Primary expenditure = revenue - primary balance.
GBR,United Kingdom,2001,gross_debt,Gross debt,34.8240,actual,IMF WEO,https://data.imf.org/Datasets/WEO,April 2026 vintage; general government; percent of GDP; Fiscal Monitor used only where WEO is unavailable.
GBR,United Kingdom,2001,net_debt,Net debt,30.4270,actual,IMF WEO,https://data.imf.org/Datasets/WEO,April 2026 vintage; general government; percent of GDP; Fiscal Monitor used only where WEO is unavailable.
GBR,United Kingdom,2002,overall_balance,Overall balance,-1.9460,actual,IMF WEO,https://data.imf.org/Datasets/WEO,April 2026 vintage; general government; percent of GDP; Fiscal Monitor used only where WEO is unavailable.
GBR,United Kingdom,2002,primary_balance,Primary balance,-0.5770,actual,IMF WEO,https://data.imf.org/Datasets/WEO,April 2026 vintage; general government; percent of GDP; Fiscal Monitor used only where WEO is unavailable.
GBR,United Kingdom,2002,revenue,Revenue,33.8560,actual,IMF WEO,https://data.imf.org/Datasets/WEO,April 2026 vintage; general government; percent of GDP; Fiscal Monitor used only where WEO is unavailable.
GBR,United Kingdom,2002,primary_expenditure,Primary expenditure,34.4330,actual,IMF WEO / derived,https://data.imf.org/Datasets/WEO,Primary expenditure = revenue - primary balance.
GBR,United Kingdom,2002,gross_debt,Gross debt,35.3390,actual,IMF WEO,https://data.imf.org/Datasets/WEO,April 2026 vintage; general government; percent of GDP; Fiscal Monitor used only where WEO is unavailable.
GBR,United Kingdom,2002,net_debt,Net debt,31.2330,actual,IMF WEO,https://data.imf.org/Datasets/WEO,April 2026 vintage; general government; percent of GDP; Fiscal Monitor used only where WEO is unavailable.
GBR,United Kingdom,2003,overall_balance,Overall balance,-3.1940,actual,IMF WEO,https://data.imf.org/Datasets/WEO,April 2026 vintage; general government; percent of GDP; Fiscal Monitor used only where WEO is unavailable.
GBR,United Kingdom,2003,primary_balance,Primary balance,-1.7890,actual,IMF WEO,https://data.imf.org/Datasets/WEO,April 2026 vintage; general government; percent of GDP; Fiscal Monitor used only where WEO is unavailable.
GBR,United Kingdom,2003,revenue,Revenue,33.8120,actual,IMF WEO,https://data.imf.org/Datasets/WEO,April 2026 vintage; general government; percent of GDP; Fiscal Monitor used only where WEO is unavailable.
GBR,United Kingdom,2003,primary_expenditure,Primary expenditure,35.6010,actual,IMF WEO / derived,https://data.imf.org/Datasets/WEO,Primary expenditure = revenue - primary balance.
GBR,United Kingdom,2003,gross_debt,Gross debt,36.6420,actual,IMF WEO,https://data.imf.org/Datasets/WEO,April 2026 vintage; general government; percent of GDP; Fiscal Monitor used only where WEO is unavailable.
GBR,United Kingdom,2003,net_debt,Net debt,32.8520,actual,IMF WEO,https://data.imf.org/Datasets/WEO,April 2026 vintage; general government; percent of GDP; Fiscal Monitor used only where WEO is unavailable.
GBR,United Kingdom,2004,overall_balance,Overall balance,-3.1430,actual,IMF WEO,https://data.imf.org/Datasets/WEO,April 2026 vintage; general government; percent of GDP; Fiscal Monitor used only where WEO is unavailable.
GBR,United Kingdom,2004,primary_balance,Primary balance,-1.6810,actual,IMF WEO,https://data.imf.org/Datasets/WEO,April 2026 vintage; general government; percent of GDP; Fiscal Monitor used only where WEO is unavailable.
GBR,United Kingdom,2004,revenue,Revenue,34.7150,actual,IMF WEO,https://data.imf.org/Datasets/WEO,April 2026 vintage; general government; percent of GDP; Fiscal Monitor used only where WEO is unavailable.
GBR,United Kingdom,2004,primary_expenditure,Primary expenditure,36.3960,actual,IMF WEO / derived,https://data.imf.org/Datasets/WEO,Primary expenditure = revenue - primary balance.
GBR,United Kingdom,2004,gross_debt,Gross debt,39.6660,actual,IMF WEO,https://data.imf.org/Datasets/WEO,April 2026 vintage; general government; percent of GDP; Fiscal Monitor used only where WEO is unavailable.
GBR,United Kingdom,2004,net_debt,Net debt,35.7800,actual,IMF WEO,https://data.imf.org/Datasets/WEO,April 2026 vintage; general government; percent of GDP; Fiscal Monitor used only where WEO is unavailable.
GBR,United Kingdom,2005,overall_balance,Overall balance,-3.1310,actual,IMF WEO,https://data.imf.org/Datasets/WEO,April 2026 vintage; general government; percent of GDP; Fiscal Monitor used only where WEO is unavailable.
GBR,United Kingdom,2005,primary_balance,Primary balance,-1.5380,actual,IMF WEO,https://data.imf.org/Datasets/WEO,April 2026 vintage; general government; percent of GDP; Fiscal Monitor used only where WEO is unavailable.
GBR,United Kingdom,2005,revenue,Revenue,35.1220,actual,IMF WEO,https://data.imf.org/Datasets/WEO,April 2026 vintage; general government; percent of GDP; Fiscal Monitor used only where WEO is unavailable.
GBR,United Kingdom,2005,primary_expenditure,Primary expenditure,36.6600,actual,IMF WEO / derived,https://data.imf.org/Datasets/WEO,Primary expenditure = revenue - primary balance.
GBR,United Kingdom,2005,gross_debt,Gross debt,40.8690,actual,IMF WEO,https://data.imf.org/Datasets/WEO,April 2026 vintage; general government; percent of GDP; Fiscal Monitor used only where WEO is unavailable.
GBR,United Kingdom,2005,net_debt,Net debt,36.9640,actual,IMF WEO,https://data.imf.org/Datasets/WEO,April 2026 vintage; general government; percent of GDP; Fiscal Monitor used only where WEO is unavailable.
GBR,United Kingdom,2006,overall_balance,Overall balance,-2.7380,actual,IMF WEO,https://data.imf.org/Datasets/WEO,April 2026 vintage; general government; percent of GDP; Fiscal Monitor used only where WEO is unavailable.
GBR,United Kingdom,2006,primary_balance,Primary balance,-1.1320,actual,IMF WEO,https://data.imf.org/Datasets/WEO,April 2026 vintage; general government; percent of GDP; Fiscal Monitor used only where WEO is unavailable.
GBR,United Kingdom,2006,revenue,Revenue,35.4490,actual,IMF WEO,https://data.imf.org/Datasets/WEO,April 2026 vintage; general government; percent of GDP; Fiscal Monitor used only where WEO is unavailable.
GBR,United Kingdom,2006,primary_expenditure,Primary expenditure,36.5810,actual,IMF WEO / derived,https://data.imf.org/Datasets/WEO,Primary expenditure = revenue - primary balance.
GBR,United Kingdom,2006,gross_debt,Gross debt,41.8860,actual,IMF WEO,https://data.imf.org/Datasets/WEO,April 2026 vintage; general government; percent of GDP; Fiscal Monitor used only where WEO is unavailable.
GBR,United Kingdom,2006,net_debt,Net debt,37.5240,actual,IMF WEO,https://data.imf.org/Datasets/WEO,April 2026 vintage; general government; percent of GDP; Fiscal Monitor used only where WEO is unavailable.
GBR,United Kingdom,2007,overall_balance,Overall balance,-2.6320,actual,IMF WEO,https://data.imf.org/Datasets/WEO,April 2026 vintage; general government; percent of GDP; Fiscal Monitor used only where WEO is unavailable.
GBR,United Kingdom,2007,primary_balance,Primary balance,-0.9480,actual,IMF WEO,https://data.imf.org/Datasets/WEO,April 2026 vintage; general government; percent of GDP; Fiscal Monitor used only where WEO is unavailable.
GBR,United Kingdom,2007,revenue,Revenue,35.7520,actual,IMF WEO,https://data.imf.org/Datasets/WEO,April 2026 vintage; general government; percent of GDP; Fiscal Monitor used only where WEO is unavailable.
GBR,United Kingdom,2007,primary_expenditure,Primary expenditure,36.7000,actual,IMF WEO / derived,https://data.imf.org/Datasets/WEO,Primary expenditure = revenue - primary balance.
GBR,United Kingdom,2007,gross_debt,Gross debt,42.9770,actual,IMF WEO,https://data.imf.org/Datasets/WEO,April 2026 vintage; general government; percent of GDP; Fiscal Monitor used only where WEO is unavailable.
GBR,United Kingdom,2007,net_debt,Net debt,37.9050,actual,IMF WEO,https://data.imf.org/Datasets/WEO,April 2026 vintage; general government; percent of GDP; Fiscal Monitor used only where WEO is unavailable.
GBR,United Kingdom,2008,overall_balance,Overall balance,-5.0480,actual,IMF WEO,https://data.imf.org/Datasets/WEO,April 2026 vintage; general government; percent of GDP; Fiscal Monitor used only where WEO is unavailable.
GBR,United Kingdom,2008,primary_balance,Primary balance,-3.5050,actual,IMF WEO,https://data.imf.org/Datasets/WEO,April 2026 vintage; general government; percent of GDP; Fiscal Monitor used only where WEO is unavailable.
GBR,United Kingdom,2008,revenue,Revenue,35.5660,actual,IMF WEO,https://data.imf.org/Datasets/WEO,April 2026 vintage; general government; percent of GDP; Fiscal Monitor used only where WEO is unavailable.
GBR,United Kingdom,2008,primary_expenditure,Primary expenditure,39.0710,actual,IMF WEO / derived,https://data.imf.org/Datasets/WEO,Primary expenditure = revenue - primary balance.
GBR,United Kingdom,2008,gross_debt,Gross debt,50.5540,actual,IMF WEO,https://data.imf.org/Datasets/WEO,April 2026 vintage; general government; percent of GDP; Fiscal Monitor used only where WEO is unavailable.
GBR,United Kingdom,2008,net_debt,Net debt,44.7800,actual,IMF WEO,https://data.imf.org/Datasets/WEO,April 2026 vintage; general government; percent of GDP; Fiscal Monitor used only where WEO is unavailable.
GBR,United Kingdom,2009,overall_balance,Overall balance,-9.9720,actual,IMF WEO,https://data.imf.org/Datasets/WEO,April 2026 vintage; general government; percent of GDP; Fiscal Monitor used only where WEO is unavailable.
GBR,United Kingdom,2009,primary_balance,Primary balance,-8.5090,actual,IMF WEO,https://data.imf.org/Datasets/WEO,April 2026 vintage; general government; percent of GDP; Fiscal Monitor used only where WEO is unavailable.
GBR,United Kingdom,2009,revenue,Revenue,34.2060,actual,IMF WEO,https://data.imf.org/Datasets/WEO,April 2026 vintage; general government; percent of GDP; Fiscal Monitor used only where WEO is unavailable.
GBR,United Kingdom,2009,primary_expenditure,Primary expenditure,42.7150,actual,IMF WEO / derived,https://data.imf.org/Datasets/WEO,Primary expenditure = revenue - primary balance.
GBR,United Kingdom,2009,gross_debt,Gross debt,64.4740,actual,IMF WEO,https://data.imf.org/Datasets/WEO,April 2026 vintage; general government; percent of GDP; Fiscal Monitor used only where WEO is unavailable.
GBR,United Kingdom,2009,net_debt,Net debt,57.8270,actual,IMF WEO,https://data.imf.org/Datasets/WEO,April 2026 vintage; general government; percent of GDP; Fiscal Monitor used only where WEO is unavailable.
GBR,United Kingdom,2010,overall_balance,Overall balance,-9.2470,actual,IMF WEO,https://data.imf.org/Datasets/WEO,April 2026 vintage; general government; percent of GDP; Fiscal Monitor used only where WEO is unavailable.
GBR,United Kingdom,2010,primary_balance,Primary balance,-6.7210,actual,IMF WEO,https://data.imf.org/Datasets/WEO,April 2026 vintage; general government; percent of GDP; Fiscal Monitor used only where WEO is unavailable.
GBR,United Kingdom,2010,revenue,Revenue,35.2280,actual,IMF WEO,https://data.imf.org/Datasets/WEO,April 2026 vintage; general government; percent of GDP; Fiscal Monitor used only where WEO is unavailable.
GBR,United Kingdom,2010,primary_expenditure,Primary expenditure,41.9490,actual,IMF WEO / derived,https://data.imf.org/Datasets/WEO,Primary expenditure = revenue - primary balance.
GBR,United Kingdom,2010,gross_debt,Gross debt,75.5180,actual,IMF WEO,https://data.imf.org/Datasets/WEO,April 2026 vintage; general government; percent of GDP; Fiscal Monitor used only where WEO is unavailable.
GBR,United Kingdom,2010,net_debt,Net debt,68.4570,actual,IMF WEO,https://data.imf.org/Datasets/WEO,April 2026 vintage; general government; percent of GDP; Fiscal Monitor used only where WEO is unavailable.
GBR,United Kingdom,2011,overall_balance,Overall balance,-7.4250,actual,IMF WEO,https://data.imf.org/Datasets/WEO,April 2026 vintage; general government; percent of GDP; Fiscal Monitor used only where WEO is unavailable.
GBR,United Kingdom,2011,primary_balance,Primary balance,-4.6290,actual,IMF WEO,https://data.imf.org/Datasets/WEO,April 2026 vintage; general government; percent of GDP; Fiscal Monitor used only where WEO is unavailable.
GBR,United Kingdom,2011,revenue,Revenue,35.8860,actual,IMF WEO,https://data.imf.org/Datasets/WEO,April 2026 vintage; general government; percent of GDP; Fiscal Monitor used only where WEO is unavailable.
GBR,United Kingdom,2011,primary_expenditure,Primary expenditure,40.5150,actual,IMF WEO / derived,https://data.imf.org/Datasets/WEO,Primary expenditure = revenue - primary balance.
GBR,United Kingdom,2011,gross_debt,Gross debt,81.0660,actual,IMF WEO,https://data.imf.org/Datasets/WEO,April 2026 vintage; general government; percent of GDP; Fiscal Monitor used only where WEO is unavailable.
GBR,United Kingdom,2011,net_debt,Net debt,72.8830,actual,IMF WEO,https://data.imf.org/Datasets/WEO,April 2026 vintage; general government; percent of GDP; Fiscal Monitor used only where WEO is unavailable.
GBR,United Kingdom,2012,overall_balance,Overall balance,-7.9590,actual,IMF WEO,https://data.imf.org/Datasets/WEO,April 2026 vintage; general government; percent of GDP; Fiscal Monitor used only where WEO is unavailable.
GBR,United Kingdom,2012,primary_balance,Primary balance,-5.6160,actual,IMF WEO,https://data.imf.org/Datasets/WEO,April 2026 vintage; general government; percent of GDP; Fiscal Monitor used only where WEO is unavailable.
GBR,United Kingdom,2012,revenue,Revenue,35.3760,actual,IMF WEO,https://data.imf.org/Datasets/WEO,April 2026 vintage; general government; percent of GDP; Fiscal Monitor used only where WEO is unavailable.
GBR,United Kingdom,2012,primary_expenditure,Primary expenditure,40.9920,actual,IMF WEO / derived,https://data.imf.org/Datasets/WEO,Primary expenditure = revenue - primary balance.
GBR,United Kingdom,2012,gross_debt,Gross debt,84.0900,actual,IMF WEO,https://data.imf.org/Datasets/WEO,April 2026 vintage; general government; percent of GDP; Fiscal Monitor used only where WEO is unavailable.
GBR,United Kingdom,2012,net_debt,Net debt,75.6770,actual,IMF WEO,https://data.imf.org/Datasets/WEO,April 2026 vintage; general government; percent of GDP; Fiscal Monitor used only where WEO is unavailable.
GBR,United Kingdom,2013,overall_balance,Overall balance,-5.2940,actual,IMF WEO,https://data.imf.org/Datasets/WEO,April 2026 vintage; general government; percent of GDP; Fiscal Monitor used only where WEO is unavailable.
GBR,United Kingdom,2013,primary_balance,Primary balance,-3.9030,actual,IMF WEO,https://data.imf.org/Datasets/WEO,April 2026 vintage; general government; percent of GDP; Fiscal Monitor used only where WEO is unavailable.
GBR,United Kingdom,2013,revenue,Revenue,36.2910,actual,IMF WEO,https://data.imf.org/Datasets/WEO,April 2026 vintage; general government; percent of GDP; Fiscal Monitor used only where WEO is unavailable.
GBR,United Kingdom,2013,primary_expenditure,Primary expenditure,40.1940,actual,IMF WEO / derived,https://data.imf.org/Datasets/WEO,Primary expenditure = revenue - primary balance.
GBR,United Kingdom,2013,gross_debt,Gross debt,84.9480,actual,IMF WEO,https://data.imf.org/Datasets/WEO,April 2026 vintage; general government; percent of GDP; Fiscal Monitor used only where WEO is unavailable.
GBR,United Kingdom,2013,net_debt,Net debt,76.7440,actual,IMF WEO,https://data.imf.org/Datasets/WEO,April 2026 vintage; general government; percent of GDP; Fiscal Monitor used only where WEO is unavailable.
GBR,United Kingdom,2014,overall_balance,Overall balance,-5.4670,actual,IMF WEO,https://data.imf.org/Datasets/WEO,April 2026 vintage; general government; percent of GDP; Fiscal Monitor used only where WEO is unavailable.
GBR,United Kingdom,2014,primary_balance,Primary balance,-3.6470,actual,IMF WEO,https://data.imf.org/Datasets/WEO,April 2026 vintage; general government; percent of GDP; Fiscal Monitor used only where WEO is unavailable.
GBR,United Kingdom,2014,revenue,Revenue,35.3580,actual,IMF WEO,https://data.imf.org/Datasets/WEO,April 2026 vintage; general government; percent of GDP; Fiscal Monitor used only where WEO is unavailable.
GBR,United Kingdom,2014,primary_expenditure,Primary expenditure,39.0050,actual,IMF WEO / derived,https://data.imf.org/Datasets/WEO,Primary expenditure = revenue - primary balance.
GBR,United Kingdom,2014,gross_debt,Gross debt,86.5110,actual,IMF WEO,https://data.imf.org/Datasets/WEO,April 2026 vintage; general government; percent of GDP; Fiscal Monitor used only where WEO is unavailable.
GBR,United Kingdom,2014,net_debt,Net debt,78.3720,actual,IMF WEO,https://data.imf.org/Datasets/WEO,April 2026 vintage; general government; percent of GDP; Fiscal Monitor used only where WEO is unavailable.
GBR,United Kingdom,2015,overall_balance,Overall balance,-4.5350,actual,IMF WEO,https://data.imf.org/Datasets/WEO,April 2026 vintage; general government; percent of GDP; Fiscal Monitor used only where WEO is unavailable.
GBR,United Kingdom,2015,primary_balance,Primary balance,-3.0300,actual,IMF WEO,https://data.imf.org/Datasets/WEO,April 2026 vintage; general government; percent of GDP; Fiscal Monitor used only where WEO is unavailable.
GBR,United Kingdom,2015,revenue,Revenue,35.5520,actual,IMF WEO,https://data.imf.org/Datasets/WEO,April 2026 vintage; general government; percent of GDP; Fiscal Monitor used only where WEO is unavailable.
GBR,United Kingdom,2015,primary_expenditure,Primary expenditure,38.5820,actual,IMF WEO / derived,https://data.imf.org/Datasets/WEO,Primary expenditure = revenue - primary balance.
GBR,United Kingdom,2015,gross_debt,Gross debt,87.3400,actual,IMF WEO,https://data.imf.org/Datasets/WEO,April 2026 vintage; general government; percent of GDP; Fiscal Monitor used only where WEO is unavailable.
GBR,United Kingdom,2015,net_debt,Net debt,78.8700,actual,IMF WEO,https://data.imf.org/Datasets/WEO,April 2026 vintage; general government; percent of GDP; Fiscal Monitor used only where WEO is unavailable.
GBR,United Kingdom,2016,overall_balance,Overall balance,-3.2800,actual,IMF WEO,https://data.imf.org/Datasets/WEO,April 2026 vintage; general government; percent of GDP; Fiscal Monitor used only where WEO is unavailable.
GBR,United Kingdom,2016,primary_balance,Primary balance,-1.6680,actual,IMF WEO,https://data.imf.org/Datasets/WEO,April 2026 vintage; general government; percent of GDP; Fiscal Monitor used only where WEO is unavailable.
GBR,United Kingdom,2016,revenue,Revenue,36.0190,actual,IMF WEO,https://data.imf.org/Datasets/WEO,April 2026 vintage; general government; percent of GDP; Fiscal Monitor used only where WEO is unavailable.
GBR,United Kingdom,2016,primary_expenditure,Primary expenditure,37.6870,actual,IMF WEO / derived,https://data.imf.org/Datasets/WEO,Primary expenditure = revenue - primary balance.
GBR,United Kingdom,2016,gross_debt,Gross debt,87.2510,actual,IMF WEO,https://data.imf.org/Datasets/WEO,April 2026 vintage; general government; percent of GDP; Fiscal Monitor used only where WEO is unavailable.
GBR,United Kingdom,2016,net_debt,Net debt,78.3110,actual,IMF WEO,https://data.imf.org/Datasets/WEO,April 2026 vintage; general government; percent of GDP; Fiscal Monitor used only where WEO is unavailable.
GBR,United Kingdom,2017,overall_balance,Overall balance,-2.4830,actual,IMF WEO,https://data.imf.org/Datasets/WEO,April 2026 vintage; general government; percent of GDP; Fiscal Monitor used only where WEO is unavailable.
GBR,United Kingdom,2017,primary_balance,Primary balance,-0.6770,actual,IMF WEO,https://data.imf.org/Datasets/WEO,April 2026 vintage; general government; percent of GDP; Fiscal Monitor used only where WEO is unavailable.
GBR,United Kingdom,2017,revenue,Revenue,36.3550,actual,IMF WEO,https://data.imf.org/Datasets/WEO,April 2026 vintage; general government; percent of GDP; Fiscal Monitor used only where WEO is unavailable.
GBR,United Kingdom,2017,primary_expenditure,Primary expenditure,37.0320,actual,IMF WEO / derived,https://data.imf.org/Datasets/WEO,Primary expenditure = revenue - primary balance.
GBR,United Kingdom,2017,gross_debt,Gross debt,86.1170,actual,IMF WEO,https://data.imf.org/Datasets/WEO,April 2026 vintage; general government; percent of GDP; Fiscal Monitor used only where WEO is unavailable.
GBR,United Kingdom,2017,net_debt,Net debt,76.6860,actual,IMF WEO,https://data.imf.org/Datasets/WEO,April 2026 vintage; general government; percent of GDP; Fiscal Monitor used only where WEO is unavailable.
GBR,United Kingdom,2018,overall_balance,Overall balance,-2.2320,actual,IMF WEO,https://data.imf.org/Datasets/WEO,April 2026 vintage; general government; percent of GDP; Fiscal Monitor used only where WEO is unavailable.
GBR,United Kingdom,2018,primary_balance,Primary balance,-0.5630,actual,IMF WEO,https://data.imf.org/Datasets/WEO,April 2026 vintage; general government; percent of GDP; Fiscal Monitor used only where WEO is unavailable.
GBR,United Kingdom,2018,revenue,Revenue,36.2310,actual,IMF WEO,https://data.imf.org/Datasets/WEO,April 2026 vintage; general government; percent of GDP; Fiscal Monitor used only where WEO is unavailable.
GBR,United Kingdom,2018,primary_expenditure,Primary expenditure,36.7940,actual,IMF WEO / derived,https://data.imf.org/Datasets/WEO,Primary expenditure = revenue - primary balance.
GBR,United Kingdom,2018,gross_debt,Gross debt,85.5840,actual,IMF WEO,https://data.imf.org/Datasets/WEO,April 2026 vintage; general government; percent of GDP; Fiscal Monitor used only where WEO is unavailable.
GBR,United Kingdom,2018,net_debt,Net debt,75.8900,actual,IMF WEO,https://data.imf.org/Datasets/WEO,April 2026 vintage; general government; percent of GDP; Fiscal Monitor used only where WEO is unavailable.
GBR,United Kingdom,2019,overall_balance,Overall balance,-2.3800,actual,IMF WEO,https://data.imf.org/Datasets/WEO,April 2026 vintage; general government; percent of GDP; Fiscal Monitor used only where WEO is unavailable.
GBR,United Kingdom,2019,primary_balance,Primary balance,-0.9520,actual,IMF WEO,https://data.imf.org/Datasets/WEO,April 2026 vintage; general government; percent of GDP; Fiscal Monitor used only where WEO is unavailable.
GBR,United Kingdom,2019,revenue,Revenue,35.9450,actual,IMF WEO,https://data.imf.org/Datasets/WEO,April 2026 vintage; general government; percent of GDP; Fiscal Monitor used only where WEO is unavailable.
GBR,United Kingdom,2019,primary_expenditure,Primary expenditure,36.8970,actual,IMF WEO / derived,https://data.imf.org/Datasets/WEO,Primary expenditure = revenue - primary balance.
GBR,United Kingdom,2019,gross_debt,Gross debt,84.9370,actual,IMF WEO,https://data.imf.org/Datasets/WEO,April 2026 vintage; general government; percent of GDP; Fiscal Monitor used only where WEO is unavailable.
GBR,United Kingdom,2019,net_debt,Net debt,75.1340,actual,IMF WEO,https://data.imf.org/Datasets/WEO,April 2026 vintage; general government; percent of GDP; Fiscal Monitor used only where WEO is unavailable.
GBR,United Kingdom,2020,overall_balance,Overall balance,-12.9130,actual,IMF WEO,https://data.imf.org/Datasets/WEO,April 2026 vintage; general government; percent of GDP; Fiscal Monitor used only where WEO is unavailable.
GBR,United Kingdom,2020,primary_balance,Primary balance,-11.7860,actual,IMF WEO,https://data.imf.org/Datasets/WEO,April 2026 vintage; general government; percent of GDP; Fiscal Monitor used only where WEO is unavailable.
GBR,United Kingdom,2020,revenue,Revenue,36.3900,actual,IMF WEO,https://data.imf.org/Datasets/WEO,April 2026 vintage; general government; percent of GDP; Fiscal Monitor used only where WEO is unavailable.
GBR,United Kingdom,2020,primary_expenditure,Primary expenditure,48.1760,actual,IMF WEO / derived,https://data.imf.org/Datasets/WEO,Primary expenditure = revenue - primary balance.
GBR,United Kingdom,2020,gross_debt,Gross debt,104.7870,actual,IMF WEO,https://data.imf.org/Datasets/WEO,April 2026 vintage; general government; percent of GDP; Fiscal Monitor used only where WEO is unavailable.
GBR,United Kingdom,2020,net_debt,Net debt,92.1970,actual,IMF WEO,https://data.imf.org/Datasets/WEO,April 2026 vintage; general government; percent of GDP; Fiscal Monitor used only where WEO is unavailable.
GBR,United Kingdom,2021,overall_balance,Overall balance,-7.5370,actual,IMF WEO,https://data.imf.org/Datasets/WEO,April 2026 vintage; general government; percent of GDP; Fiscal Monitor used only where WEO is unavailable.
GBR,United Kingdom,2021,primary_balance,Primary balance,-5.4300,actual,IMF WEO,https://data.imf.org/Datasets/WEO,April 2026 vintage; general government; percent of GDP; Fiscal Monitor used only where WEO is unavailable.
GBR,United Kingdom,2021,revenue,Revenue,37.3670,actual,IMF WEO,https://data.imf.org/Datasets/WEO,April 2026 vintage; general government; percent of GDP; Fiscal Monitor used only where WEO is unavailable.
GBR,United Kingdom,2021,primary_expenditure,Primary expenditure,42.7970,actual,IMF WEO / derived,https://data.imf.org/Datasets/WEO,Primary expenditure = revenue - primary balance.
GBR,United Kingdom,2021,gross_debt,Gross debt,103.4470,actual,IMF WEO,https://data.imf.org/Datasets/WEO,April 2026 vintage; general government; percent of GDP; Fiscal Monitor used only where WEO is unavailable.
GBR,United Kingdom,2021,net_debt,Net debt,90.1820,actual,IMF WEO,https://data.imf.org/Datasets/WEO,April 2026 vintage; general government; percent of GDP; Fiscal Monitor used only where WEO is unavailable.
GBR,United Kingdom,2022,overall_balance,Overall balance,-4.5990,actual,IMF WEO,https://data.imf.org/Datasets/WEO,April 2026 vintage; general government; percent of GDP; Fiscal Monitor used only where WEO is unavailable.
GBR,United Kingdom,2022,primary_balance,Primary balance,-1.0400,actual,IMF WEO,https://data.imf.org/Datasets/WEO,April 2026 vintage; general government; percent of GDP; Fiscal Monitor used only where WEO is unavailable.
GBR,United Kingdom,2022,revenue,Revenue,38.6460,actual,IMF WEO,https://data.imf.org/Datasets/WEO,April 2026 vintage; general government; percent of GDP; Fiscal Monitor used only where WEO is unavailable.
GBR,United Kingdom,2022,primary_expenditure,Primary expenditure,39.6860,actual,IMF WEO / derived,https://data.imf.org/Datasets/WEO,Primary expenditure = revenue - primary balance.
GBR,United Kingdom,2022,gross_debt,Gross debt,97.5110,actual,IMF WEO,https://data.imf.org/Datasets/WEO,April 2026 vintage; general government; percent of GDP; Fiscal Monitor used only where WEO is unavailable.
GBR,United Kingdom,2022,net_debt,Net debt,87.9140,actual,IMF WEO,https://data.imf.org/Datasets/WEO,April 2026 vintage; general government; percent of GDP; Fiscal Monitor used only where WEO is unavailable.
GBR,United Kingdom,2023,overall_balance,Overall balance,-6.0460,actual,IMF WEO,https://data.imf.org/Datasets/WEO,April 2026 vintage; general government; percent of GDP; Fiscal Monitor used only where WEO is unavailable.
GBR,United Kingdom,2023,primary_balance,Primary balance,-3.6860,actual,IMF WEO,https://data.imf.org/Datasets/WEO,April 2026 vintage; general government; percent of GDP; Fiscal Monitor used only where WEO is unavailable.
GBR,United Kingdom,2023,revenue,Revenue,38.1490,actual,IMF WEO,https://data.imf.org/Datasets/WEO,April 2026 vintage; general government; percent of GDP; Fiscal Monitor used only where WEO is unavailable.
GBR,United Kingdom,2023,primary_expenditure,Primary expenditure,41.8350,actual,IMF WEO / derived,https://data.imf.org/Datasets/WEO,Primary expenditure = revenue - primary balance.
GBR,United Kingdom,2023,gross_debt,Gross debt,98.8690,actual,IMF WEO,https://data.imf.org/Datasets/WEO,April 2026 vintage; general government; percent of GDP; Fiscal Monitor used only where WEO is unavailable.
GBR,United Kingdom,2023,net_debt,Net debt,90.4240,actual,IMF WEO,https://data.imf.org/Datasets/WEO,April 2026 vintage; general government; percent of GDP; Fiscal Monitor used only where WEO is unavailable.
GBR,United Kingdom,2024,overall_balance,Overall balance,-6.0560,actual,IMF WEO,https://data.imf.org/Datasets/WEO,April 2026 vintage; general government; percent of GDP; Fiscal Monitor used only where WEO is unavailable.
GBR,United Kingdom,2024,primary_balance,Primary balance,-4.0230,actual,IMF WEO,https://data.imf.org/Datasets/WEO,April 2026 vintage; general government; percent of GDP; Fiscal Monitor used only where WEO is unavailable.
GBR,United Kingdom,2024,revenue,Revenue,37.6260,actual,IMF WEO,https://data.imf.org/Datasets/WEO,April 2026 vintage; general government; percent of GDP; Fiscal Monitor used only where WEO is unavailable.
GBR,United Kingdom,2024,primary_expenditure,Primary expenditure,41.6490,actual,IMF WEO / derived,https://data.imf.org/Datasets/WEO,Primary expenditure = revenue - primary balance.
GBR,United Kingdom,2024,gross_debt,Gross debt,99.9010,actual,IMF WEO,https://data.imf.org/Datasets/WEO,April 2026 vintage; general government; percent of GDP; Fiscal Monitor used only where WEO is unavailable.
GBR,United Kingdom,2024,net_debt,Net debt,92.4440,actual,IMF WEO,https://data.imf.org/Datasets/WEO,April 2026 vintage; general government; percent of GDP; Fiscal Monitor used only where WEO is unavailable.
GBR,United Kingdom,2025,overall_balance,Overall balance,-5.3770,actual,IMF WEO,https://data.imf.org/Datasets/WEO,April 2026 vintage; general government; percent of GDP; Fiscal Monitor used only where WEO is unavailable.
GBR,United Kingdom,2025,primary_balance,Primary balance,-2.7650,actual,IMF WEO,https://data.imf.org/Datasets/WEO,April 2026 vintage; general government; percent of GDP; Fiscal Monitor used only where WEO is unavailable.
GBR,United Kingdom,2025,revenue,Revenue,38.2670,actual,IMF WEO,https://data.imf.org/Datasets/WEO,April 2026 vintage; general government; percent of GDP; Fiscal Monitor used only where WEO is unavailable.
GBR,United Kingdom,2025,primary_expenditure,Primary expenditure,41.0320,actual,IMF WEO / derived,https://data.imf.org/Datasets/WEO,Primary expenditure = revenue - primary balance.
GBR,United Kingdom,2025,gross_debt,Gross debt,102.3160,actual,IMF WEO,https://data.imf.org/Datasets/WEO,April 2026 vintage; general government; percent of GDP; Fiscal Monitor used only where WEO is unavailable.
GBR,United Kingdom,2025,net_debt,Net debt,93.8150,actual,IMF WEO,https://data.imf.org/Datasets/WEO,April 2026 vintage; general government; percent of GDP; Fiscal Monitor used only where WEO is unavailable.
GBR,United Kingdom,2026,overall_balance,Overall balance,-3.9050,projection,IMF WEO,https://data.imf.org/Datasets/WEO,April 2026 vintage; general government; percent of GDP; Fiscal Monitor used only where WEO is unavailable.
GBR,United Kingdom,2026,primary_balance,Primary balance,-1.2310,projection,IMF WEO,https://data.imf.org/Datasets/WEO,April 2026 vintage; general government; percent of GDP; Fiscal Monitor used only where WEO is unavailable.
GBR,United Kingdom,2026,revenue,Revenue,39.9510,projection,IMF WEO,https://data.imf.org/Datasets/WEO,April 2026 vintage; general government; percent of GDP; Fiscal Monitor used only where WEO is unavailable.
GBR,United Kingdom,2026,primary_expenditure,Primary expenditure,41.1820,projection,IMF WEO / derived,https://data.imf.org/Datasets/WEO,Primary expenditure = revenue - primary balance.
GBR,United Kingdom,2026,gross_debt,Gross debt,103.5650,projection,IMF WEO,https://data.imf.org/Datasets/WEO,April 2026 vintage; general government; percent of GDP; Fiscal Monitor used only where WEO is unavailable.
GBR,United Kingdom,2026,net_debt,Net debt,95.4700,projection,IMF WEO,https://data.imf.org/Datasets/WEO,April 2026 vintage; general government; percent of GDP; Fiscal Monitor used only where WEO is unavailable.
GBR,United Kingdom,2027,overall_balance,Overall balance,-3.1210,projection,IMF WEO,https://data.imf.org/Datasets/WEO,April 2026 vintage; general government; percent of GDP; Fiscal Monitor used only where WEO is unavailable.
GBR,United Kingdom,2027,primary_balance,Primary balance,-0.3930,projection,IMF WEO,https://data.imf.org/Datasets/WEO,April 2026 vintage; general government; percent of GDP; Fiscal Monitor used only where WEO is unavailable.
GBR,United Kingdom,2027,revenue,Revenue,40.9360,projection,IMF WEO,https://data.imf.org/Datasets/WEO,April 2026 vintage; general government; percent of GDP; Fiscal Monitor used only where WEO is unavailable.
GBR,United Kingdom,2027,primary_expenditure,Primary expenditure,41.3290,projection,IMF WEO / derived,https://data.imf.org/Datasets/WEO,Primary expenditure = revenue - primary balance.
GBR,United Kingdom,2027,gross_debt,Gross debt,104.0780,projection,IMF WEO,https://data.imf.org/Datasets/WEO,April 2026 vintage; general government; percent of GDP; Fiscal Monitor used only where WEO is unavailable.
GBR,United Kingdom,2027,net_debt,Net debt,95.9440,projection,IMF WEO,https://data.imf.org/Datasets/WEO,April 2026 vintage; general government; percent of GDP; Fiscal Monitor used only where WEO is unavailable.
GBR,United Kingdom,2028,overall_balance,Overall balance,-2.6240,projection,IMF WEO,https://data.imf.org/Datasets/WEO,April 2026 vintage; general government; percent of GDP; Fiscal Monitor used only where WEO is unavailable.
GBR,United Kingdom,2028,primary_balance,Primary balance,0.2410,projection,IMF WEO,https://data.imf.org/Datasets/WEO,April 2026 vintage; general government; percent of GDP; Fiscal Monitor used only where WEO is unavailable.
GBR,United Kingdom,2028,revenue,Revenue,41.2190,projection,IMF WEO,https://data.imf.org/Datasets/WEO,April 2026 vintage; general government; percent of GDP; Fiscal Monitor used only where WEO is unavailable.
GBR,United Kingdom,2028,primary_expenditure,Primary expenditure,40.9780,projection,IMF WEO / derived,https://data.imf.org/Datasets/WEO,Primary expenditure = revenue - primary balance.
GBR,United Kingdom,2028,gross_debt,Gross debt,103.9180,projection,IMF WEO,https://data.imf.org/Datasets/WEO,April 2026 vintage; general government; percent of GDP; Fiscal Monitor used only where WEO is unavailable.
GBR,United Kingdom,2028,net_debt,Net debt,95.7960,projection,IMF WEO,https://data.imf.org/Datasets/WEO,April 2026 vintage; general government; percent of GDP; Fiscal Monitor used only where WEO is unavailable.
GBR,United Kingdom,2029,overall_balance,Overall balance,-1.9660,projection,IMF WEO,https://data.imf.org/Datasets/WEO,April 2026 vintage; general government; percent of GDP; Fiscal Monitor used only where WEO is unavailable.
GBR,United Kingdom,2029,primary_balance,Primary balance,1.0410,projection,IMF WEO,https://data.imf.org/Datasets/WEO,April 2026 vintage; general government; percent of GDP; Fiscal Monitor used only where WEO is unavailable.
GBR,United Kingdom,2029,revenue,Revenue,41.5950,projection,IMF WEO,https://data.imf.org/Datasets/WEO,April 2026 vintage; general government; percent of GDP; Fiscal Monitor used only where WEO is unavailable.
GBR,United Kingdom,2029,primary_expenditure,Primary expenditure,40.5540,projection,IMF WEO / derived,https://data.imf.org/Datasets/WEO,Primary expenditure = revenue - primary balance.
GBR,United Kingdom,2029,gross_debt,Gross debt,103.4990,projection,IMF WEO,https://data.imf.org/Datasets/WEO,April 2026 vintage; general government; percent of GDP; Fiscal Monitor used only where WEO is unavailable.
GBR,United Kingdom,2029,net_debt,Net debt,95.4100,projection,IMF WEO,https://data.imf.org/Datasets/WEO,April 2026 vintage; general government; percent of GDP; Fiscal Monitor used only where WEO is unavailable.
GBR,United Kingdom,2030,overall_balance,Overall balance,-1.7020,projection,IMF WEO,https://data.imf.org/Datasets/WEO,April 2026 vintage; general government; percent of GDP; Fiscal Monitor used only where WEO is unavailable.
GBR,United Kingdom,2030,primary_balance,Primary balance,1.3440,projection,IMF WEO,https://data.imf.org/Datasets/WEO,April 2026 vintage; general government; percent of GDP; Fiscal Monitor used only where WEO is unavailable.
GBR,United Kingdom,2030,revenue,Revenue,41.9090,projection,IMF WEO,https://data.imf.org/Datasets/WEO,April 2026 vintage; general government; percent of GDP; Fiscal Monitor used only where WEO is unavailable.
GBR,United Kingdom,2030,primary_expenditure,Primary expenditure,40.5650,projection,IMF WEO / derived,https://data.imf.org/Datasets/WEO,Primary expenditure = revenue - primary balance.
GBR,United Kingdom,2030,gross_debt,Gross debt,102.9350,projection,IMF WEO,https://data.imf.org/Datasets/WEO,April 2026 vintage; general government; percent of GDP; Fiscal Monitor used only where WEO is unavailable.
GBR,United Kingdom,2030,net_debt,Net debt,94.8900,projection,IMF WEO,https://data.imf.org/Datasets/WEO,April 2026 vintage; general government; percent of GDP; Fiscal Monitor used only where WEO is unavailable.
GBR,United Kingdom,2031,overall_balance,Overall balance,-1.6050,projection,IMF WEO,https://data.imf.org/Datasets/WEO,April 2026 vintage; general government; percent of GDP; Fiscal Monitor used only where WEO is unavailable.
GBR,United Kingdom,2031,primary_balance,Primary balance,1.3560,projection,IMF WEO,https://data.imf.org/Datasets/WEO,April 2026 vintage; general government; percent of GDP; Fiscal Monitor used only where WEO is unavailable.
GBR,United Kingdom,2031,revenue,Revenue,42.1120,projection,IMF WEO,https://data.imf.org/Datasets/WEO,April 2026 vintage; general government; percent of GDP; Fiscal Monitor used only where WEO is unavailable.
GBR,United Kingdom,2031,primary_expenditure,Primary expenditure,40.7560,projection,IMF WEO / derived,https://data.imf.org/Datasets/WEO,Primary expenditure = revenue - primary balance.
GBR,United Kingdom,2031,gross_debt,Gross debt,102.5520,projection,IMF WEO,https://data.imf.org/Datasets/WEO,April 2026 vintage; general government; percent of GDP; Fiscal Monitor used only where WEO is unavailable.
GBR,United Kingdom,2031,net_debt,Net debt,94.5370,projection,IMF WEO,https://data.imf.org/Datasets/WEO,April 2026 vintage; general government; percent of GDP; Fiscal Monitor used only where WEO is unavailable.
ITA,Italy,1988,overall_balance,Overall balance,-10.5830,actual,IMF WEO,https://data.imf.org/Datasets/WEO,April 2026 vintage; general government; percent of GDP; Fiscal Monitor used only where WEO is unavailable.
ITA,Italy,1988,primary_balance,Primary balance,-3.0670,actual,IMF WEO,https://data.imf.org/Datasets/WEO,April 2026 vintage; general government; percent of GDP; Fiscal Monitor used only where WEO is unavailable.
ITA,Italy,1988,revenue,Revenue,37.7050,actual,IMF WEO,https://data.imf.org/Datasets/WEO,April 2026 vintage; general government; percent of GDP; Fiscal Monitor used only where WEO is unavailable.
ITA,Italy,1988,primary_expenditure,Primary expenditure,40.7720,actual,IMF WEO / derived,https://data.imf.org/Datasets/WEO,Primary expenditure = revenue - primary balance.
ITA,Italy,1988,gross_debt,Gross debt,95.7220,actual,IMF WEO,https://data.imf.org/Datasets/WEO,April 2026 vintage; general government; percent of GDP; Fiscal Monitor used only where WEO is unavailable.
ITA,Italy,1988,net_debt,Net debt,95.2990,actual,IMF WEO,https://data.imf.org/Datasets/WEO,April 2026 vintage; general government; percent of GDP; Fiscal Monitor used only where WEO is unavailable.
ITA,Italy,1989,overall_balance,Overall balance,-10.9500,actual,IMF WEO,https://data.imf.org/Datasets/WEO,April 2026 vintage; general government; percent of GDP; Fiscal Monitor used only where WEO is unavailable.
ITA,Italy,1989,primary_balance,Primary balance,-2.6080,actual,IMF WEO,https://data.imf.org/Datasets/WEO,April 2026 vintage; general government; percent of GDP; Fiscal Monitor used only where WEO is unavailable.
ITA,Italy,1989,revenue,Revenue,38.4990,actual,IMF WEO,https://data.imf.org/Datasets/WEO,April 2026 vintage; general government; percent of GDP; Fiscal Monitor used only where WEO is unavailable.
ITA,Italy,1989,primary_expenditure,Primary expenditure,41.1070,actual,IMF WEO / derived,https://data.imf.org/Datasets/WEO,Primary expenditure = revenue - primary balance.
ITA,Italy,1989,gross_debt,Gross debt,98.4000,actual,IMF WEO,https://data.imf.org/Datasets/WEO,April 2026 vintage; general government; percent of GDP; Fiscal Monitor used only where WEO is unavailable.
ITA,Italy,1989,net_debt,Net debt,97.9040,actual,IMF WEO,https://data.imf.org/Datasets/WEO,April 2026 vintage; general government; percent of GDP; Fiscal Monitor used only where WEO is unavailable.
ITA,Italy,1990,overall_balance,Overall balance,-11.1410,actual,IMF WEO,https://data.imf.org/Datasets/WEO,April 2026 vintage; general government; percent of GDP; Fiscal Monitor used only where WEO is unavailable.
ITA,Italy,1990,primary_balance,Primary balance,-1.7710,actual,IMF WEO,https://data.imf.org/Datasets/WEO,April 2026 vintage; general government; percent of GDP; Fiscal Monitor used only where WEO is unavailable.
ITA,Italy,1990,revenue,Revenue,43.0270,actual,IMF WEO,https://data.imf.org/Datasets/WEO,April 2026 vintage; general government; percent of GDP; Fiscal Monitor used only where WEO is unavailable.
ITA,Italy,1990,primary_expenditure,Primary expenditure,44.7980,actual,IMF WEO / derived,https://data.imf.org/Datasets/WEO,Primary expenditure = revenue - primary balance.
ITA,Italy,1990,gross_debt,Gross debt,101.7100,actual,IMF WEO,https://data.imf.org/Datasets/WEO,April 2026 vintage; general government; percent of GDP; Fiscal Monitor used only where WEO is unavailable.
ITA,Italy,1990,net_debt,Net debt,101.1870,actual,IMF WEO,https://data.imf.org/Datasets/WEO,April 2026 vintage; general government; percent of GDP; Fiscal Monitor used only where WEO is unavailable.
ITA,Italy,1991,overall_balance,Overall balance,-11.0830,actual,IMF WEO,https://data.imf.org/Datasets/WEO,April 2026 vintage; general government; percent of GDP; Fiscal Monitor used only where WEO is unavailable.
ITA,Italy,1991,primary_balance,Primary balance,-0.4630,actual,IMF WEO,https://data.imf.org/Datasets/WEO,April 2026 vintage; general government; percent of GDP; Fiscal Monitor used only where WEO is unavailable.
ITA,Italy,1991,revenue,Revenue,44.2350,actual,IMF WEO,https://data.imf.org/Datasets/WEO,April 2026 vintage; general government; percent of GDP; Fiscal Monitor used only where WEO is unavailable.
ITA,Italy,1991,primary_expenditure,Primary expenditure,44.6980,actual,IMF WEO / derived,https://data.imf.org/Datasets/WEO,Primary expenditure = revenue - primary balance.
ITA,Italy,1991,gross_debt,Gross debt,105.3090,actual,IMF WEO,https://data.imf.org/Datasets/WEO,April 2026 vintage; general government; percent of GDP; Fiscal Monitor used only where WEO is unavailable.
ITA,Italy,1991,net_debt,Net debt,104.4990,actual,IMF WEO,https://data.imf.org/Datasets/WEO,April 2026 vintage; general government; percent of GDP; Fiscal Monitor used only where WEO is unavailable.
ITA,Italy,1992,overall_balance,Overall balance,-10.0900,actual,IMF WEO,https://data.imf.org/Datasets/WEO,April 2026 vintage; general government; percent of GDP; Fiscal Monitor used only where WEO is unavailable.
ITA,Italy,1992,primary_balance,Primary balance,1.3130,actual,IMF WEO,https://data.imf.org/Datasets/WEO,April 2026 vintage; general government; percent of GDP; Fiscal Monitor used only where WEO is unavailable.
ITA,Italy,1992,revenue,Revenue,46.6900,actual,IMF WEO,https://data.imf.org/Datasets/WEO,April 2026 vintage; general government; percent of GDP; Fiscal Monitor used only where WEO is unavailable.
ITA,Italy,1992,primary_expenditure,Primary expenditure,45.3770,actual,IMF WEO / derived,https://data.imf.org/Datasets/WEO,Primary expenditure = revenue - primary balance.
ITA,Italy,1992,gross_debt,Gross debt,112.9670,actual,IMF WEO,https://data.imf.org/Datasets/WEO,April 2026 vintage; general government; percent of GDP; Fiscal Monitor used only where WEO is unavailable.
ITA,Italy,1992,net_debt,Net debt,111.9780,actual,IMF WEO,https://data.imf.org/Datasets/WEO,April 2026 vintage; general government; percent of GDP; Fiscal Monitor used only where WEO is unavailable.
ITA,Italy,1993,overall_balance,Overall balance,-9.7560,actual,IMF WEO,https://data.imf.org/Datasets/WEO,April 2026 vintage; general government; percent of GDP; Fiscal Monitor used only where WEO is unavailable.
ITA,Italy,1993,primary_balance,Primary balance,2.0710,actual,IMF WEO,https://data.imf.org/Datasets/WEO,April 2026 vintage; general government; percent of GDP; Fiscal Monitor used only where WEO is unavailable.
ITA,Italy,1993,revenue,Revenue,48.0110,actual,IMF WEO,https://data.imf.org/Datasets/WEO,April 2026 vintage; general government; percent of GDP; Fiscal Monitor used only where WEO is unavailable.
ITA,Italy,1993,primary_expenditure,Primary expenditure,45.9400,actual,IMF WEO / derived,https://data.imf.org/Datasets/WEO,Primary expenditure = revenue - primary balance.
ITA,Italy,1993,gross_debt,Gross debt,124.1070,actual,IMF WEO,https://data.imf.org/Datasets/WEO,April 2026 vintage; general government; percent of GDP; Fiscal Monitor used only where WEO is unavailable.
ITA,Italy,1993,net_debt,Net debt,122.9900,actual,IMF WEO,https://data.imf.org/Datasets/WEO,April 2026 vintage; general government; percent of GDP; Fiscal Monitor used only where WEO is unavailable.
ITA,Italy,1994,overall_balance,Overall balance,-8.8350,actual,IMF WEO,https://data.imf.org/Datasets/WEO,April 2026 vintage; general government; percent of GDP; Fiscal Monitor used only where WEO is unavailable.
ITA,Italy,1994,primary_balance,Primary balance,1.5230,actual,IMF WEO,https://data.imf.org/Datasets/WEO,April 2026 vintage; general government; percent of GDP; Fiscal Monitor used only where WEO is unavailable.
ITA,Italy,1994,revenue,Revenue,46.2240,actual,IMF WEO,https://data.imf.org/Datasets/WEO,April 2026 vintage; general government; percent of GDP; Fiscal Monitor used only where WEO is unavailable.
ITA,Italy,1994,primary_expenditure,Primary expenditure,44.7010,actual,IMF WEO / derived,https://data.imf.org/Datasets/WEO,Primary expenditure = revenue - primary balance.
ITA,Italy,1994,gross_debt,Gross debt,130.8310,actual,IMF WEO,https://data.imf.org/Datasets/WEO,April 2026 vintage; general government; percent of GDP; Fiscal Monitor used only where WEO is unavailable.
ITA,Italy,1994,net_debt,Net debt,129.3280,actual,IMF WEO,https://data.imf.org/Datasets/WEO,April 2026 vintage; general government; percent of GDP; Fiscal Monitor used only where WEO is unavailable.
ITA,Italy,1995,overall_balance,Overall balance,-7.1990,actual,IMF WEO,https://data.imf.org/Datasets/WEO,April 2026 vintage; general government; percent of GDP; Fiscal Monitor used only where WEO is unavailable.
ITA,Italy,1995,primary_balance,Primary balance,3.0800,actual,IMF WEO,https://data.imf.org/Datasets/WEO,April 2026 vintage; general government; percent of GDP; Fiscal Monitor used only where WEO is unavailable.
ITA,Italy,1995,revenue,Revenue,44.2480,actual,IMF WEO,https://data.imf.org/Datasets/WEO,April 2026 vintage; general government; percent of GDP; Fiscal Monitor used only where WEO is unavailable.
ITA,Italy,1995,primary_expenditure,Primary expenditure,41.1680,actual,IMF WEO / derived,https://data.imf.org/Datasets/WEO,Primary expenditure = revenue - primary balance.
ITA,Italy,1995,gross_debt,Gross debt,119.0880,actual,IMF WEO,https://data.imf.org/Datasets/WEO,April 2026 vintage; general government; percent of GDP; Fiscal Monitor used only where WEO is unavailable.
ITA,Italy,1995,net_debt,Net debt,109.9340,actual,IMF WEO,https://data.imf.org/Datasets/WEO,April 2026 vintage; general government; percent of GDP; Fiscal Monitor used only where WEO is unavailable.
ITA,Italy,1996,overall_balance,Overall balance,-6.6080,actual,IMF WEO,https://data.imf.org/Datasets/WEO,April 2026 vintage; general government; percent of GDP; Fiscal Monitor used only where WEO is unavailable.
ITA,Italy,1996,primary_balance,Primary balance,3.7330,actual,IMF WEO,https://data.imf.org/Datasets/WEO,April 2026 vintage; general government; percent of GDP; Fiscal Monitor used only where WEO is unavailable.
ITA,Italy,1996,revenue,Revenue,44.7410,actual,IMF WEO,https://data.imf.org/Datasets/WEO,April 2026 vintage; general government; percent of GDP; Fiscal Monitor used only where WEO is unavailable.
ITA,Italy,1996,primary_expenditure,Primary expenditure,41.0080,actual,IMF WEO / derived,https://data.imf.org/Datasets/WEO,Primary expenditure = revenue - primary balance.
ITA,Italy,1996,gross_debt,Gross debt,118.8960,actual,IMF WEO,https://data.imf.org/Datasets/WEO,April 2026 vintage; general government; percent of GDP; Fiscal Monitor used only where WEO is unavailable.
ITA,Italy,1996,net_debt,Net debt,110.6760,actual,IMF WEO,https://data.imf.org/Datasets/WEO,April 2026 vintage; general government; percent of GDP; Fiscal Monitor used only where WEO is unavailable.
ITA,Italy,1997,overall_balance,Overall balance,-2.9800,actual,IMF WEO,https://data.imf.org/Datasets/WEO,April 2026 vintage; general government; percent of GDP; Fiscal Monitor used only where WEO is unavailable.
ITA,Italy,1997,primary_balance,Primary balance,5.6480,actual,IMF WEO,https://data.imf.org/Datasets/WEO,April 2026 vintage; general government; percent of GDP; Fiscal Monitor used only where WEO is unavailable.
ITA,Italy,1997,revenue,Revenue,46.3440,actual,IMF WEO,https://data.imf.org/Datasets/WEO,April 2026 vintage; general government; percent of GDP; Fiscal Monitor used only where WEO is unavailable.
ITA,Italy,1997,primary_expenditure,Primary expenditure,40.6960,actual,IMF WEO / derived,https://data.imf.org/Datasets/WEO,Primary expenditure = revenue - primary balance.
ITA,Italy,1997,gross_debt,Gross debt,116.4900,actual,IMF WEO,https://data.imf.org/Datasets/WEO,April 2026 vintage; general government; percent of GDP; Fiscal Monitor used only where WEO is unavailable.
ITA,Italy,1997,net_debt,Net debt,108.2690,actual,IMF WEO,https://data.imf.org/Datasets/WEO,April 2026 vintage; general government; percent of GDP; Fiscal Monitor used only where WEO is unavailable.
ITA,Italy,1998,overall_balance,Overall balance,-2.9860,actual,IMF WEO,https://data.imf.org/Datasets/WEO,April 2026 vintage; general government; percent of GDP; Fiscal Monitor used only where WEO is unavailable.
ITA,Italy,1998,primary_balance,Primary balance,4.4840,actual,IMF WEO,https://data.imf.org/Datasets/WEO,April 2026 vintage; general government; percent of GDP; Fiscal Monitor used only where WEO is unavailable.
ITA,Italy,1998,revenue,Revenue,45.0180,actual,IMF WEO,https://data.imf.org/Datasets/WEO,April 2026 vintage; general government; percent of GDP; Fiscal Monitor used only where WEO is unavailable.
ITA,Italy,1998,primary_expenditure,Primary expenditure,40.5340,actual,IMF WEO / derived,https://data.imf.org/Datasets/WEO,Primary expenditure = revenue - primary balance.
ITA,Italy,1998,gross_debt,Gross debt,113.8870,actual,IMF WEO,https://data.imf.org/Datasets/WEO,April 2026 vintage; general government; percent of GDP; Fiscal Monitor used only where WEO is unavailable.
ITA,Italy,1998,net_debt,Net debt,106.0360,actual,IMF WEO,https://data.imf.org/Datasets/WEO,April 2026 vintage; general government; percent of GDP; Fiscal Monitor used only where WEO is unavailable.
ITA,Italy,1999,overall_balance,Overall balance,-1.7750,actual,IMF WEO,https://data.imf.org/Datasets/WEO,April 2026 vintage; general government; percent of GDP; Fiscal Monitor used only where WEO is unavailable.
ITA,Italy,1999,primary_balance,Primary balance,4.3270,actual,IMF WEO,https://data.imf.org/Datasets/WEO,April 2026 vintage; general government; percent of GDP; Fiscal Monitor used only where WEO is unavailable.
ITA,Italy,1999,revenue,Revenue,45.3020,actual,IMF WEO,https://data.imf.org/Datasets/WEO,April 2026 vintage; general government; percent of GDP; Fiscal Monitor used only where WEO is unavailable.
ITA,Italy,1999,primary_expenditure,Primary expenditure,40.9750,actual,IMF WEO / derived,https://data.imf.org/Datasets/WEO,Primary expenditure = revenue - primary balance.
ITA,Italy,1999,gross_debt,Gross debt,113.0590,actual,IMF WEO,https://data.imf.org/Datasets/WEO,April 2026 vintage; general government; percent of GDP; Fiscal Monitor used only where WEO is unavailable.
ITA,Italy,1999,net_debt,Net debt,104.1460,actual,IMF WEO,https://data.imf.org/Datasets/WEO,April 2026 vintage; general government; percent of GDP; Fiscal Monitor used only where WEO is unavailable.
ITA,Italy,2000,overall_balance,Overall balance,-2.4200,actual,IMF WEO,https://data.imf.org/Datasets/WEO,April 2026 vintage; general government; percent of GDP; Fiscal Monitor used only where WEO is unavailable.
ITA,Italy,2000,primary_balance,Primary balance,3.4100,actual,IMF WEO,https://data.imf.org/Datasets/WEO,April 2026 vintage; general government; percent of GDP; Fiscal Monitor used only where WEO is unavailable.
ITA,Italy,2000,revenue,Revenue,43.9480,actual,IMF WEO,https://data.imf.org/Datasets/WEO,April 2026 vintage; general government; percent of GDP; Fiscal Monitor used only where WEO is unavailable.
ITA,Italy,2000,primary_expenditure,Primary expenditure,40.5380,actual,IMF WEO / derived,https://data.imf.org/Datasets/WEO,Primary expenditure = revenue - primary balance.
ITA,Italy,2000,gross_debt,Gross debt,108.7430,actual,IMF WEO,https://data.imf.org/Datasets/WEO,April 2026 vintage; general government; percent of GDP; Fiscal Monitor used only where WEO is unavailable.
ITA,Italy,2000,net_debt,Net debt,100.1840,actual,IMF WEO,https://data.imf.org/Datasets/WEO,April 2026 vintage; general government; percent of GDP; Fiscal Monitor used only where WEO is unavailable.
ITA,Italy,2001,overall_balance,Overall balance,-3.1810,actual,IMF WEO,https://data.imf.org/Datasets/WEO,April 2026 vintage; general government; percent of GDP; Fiscal Monitor used only where WEO is unavailable.
ITA,Italy,2001,primary_balance,Primary balance,2.5600,actual,IMF WEO,https://data.imf.org/Datasets/WEO,April 2026 vintage; general government; percent of GDP; Fiscal Monitor used only where WEO is unavailable.
ITA,Italy,2001,revenue,Revenue,43.9510,actual,IMF WEO,https://data.imf.org/Datasets/WEO,April 2026 vintage; general government; percent of GDP; Fiscal Monitor used only where WEO is unavailable.
ITA,Italy,2001,primary_expenditure,Primary expenditure,41.3910,actual,IMF WEO / derived,https://data.imf.org/Datasets/WEO,Primary expenditure = revenue - primary balance.
ITA,Italy,2001,gross_debt,Gross debt,108.5130,actual,IMF WEO,https://data.imf.org/Datasets/WEO,April 2026 vintage; general government; percent of GDP; Fiscal Monitor used only where WEO is unavailable.
ITA,Italy,2001,net_debt,Net debt,100.2680,actual,IMF WEO,https://data.imf.org/Datasets/WEO,April 2026 vintage; general government; percent of GDP; Fiscal Monitor used only where WEO is unavailable.
ITA,Italy,2002,overall_balance,Overall balance,-2.8800,actual,IMF WEO,https://data.imf.org/Datasets/WEO,April 2026 vintage; general government; percent of GDP; Fiscal Monitor used only where WEO is unavailable.
ITA,Italy,2002,primary_balance,Primary balance,2.2970,actual,IMF WEO,https://data.imf.org/Datasets/WEO,April 2026 vintage; general government; percent of GDP; Fiscal Monitor used only where WEO is unavailable.
ITA,Italy,2002,revenue,Revenue,43.6130,actual,IMF WEO,https://data.imf.org/Datasets/WEO,April 2026 vintage; general government; percent of GDP; Fiscal Monitor used only where WEO is unavailable.
ITA,Italy,2002,primary_expenditure,Primary expenditure,41.3160,actual,IMF WEO / derived,https://data.imf.org/Datasets/WEO,Primary expenditure = revenue - primary balance.
ITA,Italy,2002,gross_debt,Gross debt,105.9480,actual,IMF WEO,https://data.imf.org/Datasets/WEO,April 2026 vintage; general government; percent of GDP; Fiscal Monitor used only where WEO is unavailable.
ITA,Italy,2002,net_debt,Net debt,98.1300,actual,IMF WEO,https://data.imf.org/Datasets/WEO,April 2026 vintage; general government; percent of GDP; Fiscal Monitor used only where WEO is unavailable.
ITA,Italy,2003,overall_balance,Overall balance,-3.2260,actual,IMF WEO,https://data.imf.org/Datasets/WEO,April 2026 vintage; general government; percent of GDP; Fiscal Monitor used only where WEO is unavailable.
ITA,Italy,2003,primary_balance,Primary balance,1.4950,actual,IMF WEO,https://data.imf.org/Datasets/WEO,April 2026 vintage; general government; percent of GDP; Fiscal Monitor used only where WEO is unavailable.
ITA,Italy,2003,revenue,Revenue,43.7420,actual,IMF WEO,https://data.imf.org/Datasets/WEO,April 2026 vintage; general government; percent of GDP; Fiscal Monitor used only where WEO is unavailable.
ITA,Italy,2003,primary_expenditure,Primary expenditure,42.2470,actual,IMF WEO / derived,https://data.imf.org/Datasets/WEO,Primary expenditure = revenue - primary balance.
ITA,Italy,2003,gross_debt,Gross debt,105.1140,actual,IMF WEO,https://data.imf.org/Datasets/WEO,April 2026 vintage; general government; percent of GDP; Fiscal Monitor used only where WEO is unavailable.
ITA,Italy,2003,net_debt,Net debt,98.5510,actual,IMF WEO,https://data.imf.org/Datasets/WEO,April 2026 vintage; general government; percent of GDP; Fiscal Monitor used only where WEO is unavailable.
ITA,Italy,2004,overall_balance,Overall balance,-3.4610,actual,IMF WEO,https://data.imf.org/Datasets/WEO,April 2026 vintage; general government; percent of GDP; Fiscal Monitor used only where WEO is unavailable.
ITA,Italy,2004,primary_balance,Primary balance,0.9620,actual,IMF WEO,https://data.imf.org/Datasets/WEO,April 2026 vintage; general government; percent of GDP; Fiscal Monitor used only where WEO is unavailable.
ITA,Italy,2004,revenue,Revenue,43.2060,actual,IMF WEO,https://data.imf.org/Datasets/WEO,April 2026 vintage; general government; percent of GDP; Fiscal Monitor used only where WEO is unavailable.
ITA,Italy,2004,primary_expenditure,Primary expenditure,42.2440,actual,IMF WEO / derived,https://data.imf.org/Datasets/WEO,Primary expenditure = revenue - primary balance.
ITA,Italy,2004,gross_debt,Gross debt,104.7420,actual,IMF WEO,https://data.imf.org/Datasets/WEO,April 2026 vintage; general government; percent of GDP; Fiscal Monitor used only where WEO is unavailable.
ITA,Italy,2004,net_debt,Net debt,98.0130,actual,IMF WEO,https://data.imf.org/Datasets/WEO,April 2026 vintage; general government; percent of GDP; Fiscal Monitor used only where WEO is unavailable.
ITA,Italy,2005,overall_balance,Overall balance,-4.0990,actual,IMF WEO,https://data.imf.org/Datasets/WEO,April 2026 vintage; general government; percent of GDP; Fiscal Monitor used only where WEO is unavailable.
ITA,Italy,2005,primary_balance,Primary balance,0.1980,actual,IMF WEO,https://data.imf.org/Datasets/WEO,April 2026 vintage; general government; percent of GDP; Fiscal Monitor used only where WEO is unavailable.
ITA,Italy,2005,revenue,Revenue,42.9550,actual,IMF WEO,https://data.imf.org/Datasets/WEO,April 2026 vintage; general government; percent of GDP; Fiscal Monitor used only where WEO is unavailable.
ITA,Italy,2005,primary_expenditure,Primary expenditure,42.7570,actual,IMF WEO / derived,https://data.imf.org/Datasets/WEO,Primary expenditure = revenue - primary balance.
ITA,Italy,2005,gross_debt,Gross debt,106.1770,actual,IMF WEO,https://data.imf.org/Datasets/WEO,April 2026 vintage; general government; percent of GDP; Fiscal Monitor used only where WEO is unavailable.
ITA,Italy,2005,net_debt,Net debt,98.4120,actual,IMF WEO,https://data.imf.org/Datasets/WEO,April 2026 vintage; general government; percent of GDP; Fiscal Monitor used only where WEO is unavailable.
ITA,Italy,2006,overall_balance,Overall balance,-3.6050,actual,IMF WEO,https://data.imf.org/Datasets/WEO,April 2026 vintage; general government; percent of GDP; Fiscal Monitor used only where WEO is unavailable.
ITA,Italy,2006,primary_balance,Primary balance,0.5960,actual,IMF WEO,https://data.imf.org/Datasets/WEO,April 2026 vintage; general government; percent of GDP; Fiscal Monitor used only where WEO is unavailable.
ITA,Italy,2006,revenue,Revenue,43.9540,actual,IMF WEO,https://data.imf.org/Datasets/WEO,April 2026 vintage; general government; percent of GDP; Fiscal Monitor used only where WEO is unavailable.
ITA,Italy,2006,primary_expenditure,Primary expenditure,43.3580,actual,IMF WEO / derived,https://data.imf.org/Datasets/WEO,Primary expenditure = revenue - primary balance.
ITA,Italy,2006,gross_debt,Gross debt,106.2570,actual,IMF WEO,https://data.imf.org/Datasets/WEO,April 2026 vintage; general government; percent of GDP; Fiscal Monitor used only where WEO is unavailable.
ITA,Italy,2006,net_debt,Net debt,98.6380,actual,IMF WEO,https://data.imf.org/Datasets/WEO,April 2026 vintage; general government; percent of GDP; Fiscal Monitor used only where WEO is unavailable.
ITA,Italy,2007,overall_balance,Overall balance,-1.3260,actual,IMF WEO,https://data.imf.org/Datasets/WEO,April 2026 vintage; general government; percent of GDP; Fiscal Monitor used only where WEO is unavailable.
ITA,Italy,2007,primary_balance,Primary balance,3.1690,actual,IMF WEO,https://data.imf.org/Datasets/WEO,April 2026 vintage; general government; percent of GDP; Fiscal Monitor used only where WEO is unavailable.
ITA,Italy,2007,revenue,Revenue,45.2740,actual,IMF WEO,https://data.imf.org/Datasets/WEO,April 2026 vintage; general government; percent of GDP; Fiscal Monitor used only where WEO is unavailable.
ITA,Italy,2007,primary_expenditure,Primary expenditure,42.1050,actual,IMF WEO / derived,https://data.imf.org/Datasets/WEO,Primary expenditure = revenue - primary balance.
ITA,Italy,2007,gross_debt,Gross debt,103.4640,actual,IMF WEO,https://data.imf.org/Datasets/WEO,April 2026 vintage; general government; percent of GDP; Fiscal Monitor used only where WEO is unavailable.
ITA,Italy,2007,net_debt,Net debt,96.3420,actual,IMF WEO,https://data.imf.org/Datasets/WEO,April 2026 vintage; general government; percent of GDP; Fiscal Monitor used only where WEO is unavailable.
ITA,Italy,2008,overall_balance,Overall balance,-2.5840,actual,IMF WEO,https://data.imf.org/Datasets/WEO,April 2026 vintage; general government; percent of GDP; Fiscal Monitor used only where WEO is unavailable.
ITA,Italy,2008,primary_balance,Primary balance,2.0750,actual,IMF WEO,https://data.imf.org/Datasets/WEO,April 2026 vintage; general government; percent of GDP; Fiscal Monitor used only where WEO is unavailable.
ITA,Italy,2008,revenue,Revenue,45.1670,actual,IMF WEO,https://data.imf.org/Datasets/WEO,April 2026 vintage; general government; percent of GDP; Fiscal Monitor used only where WEO is unavailable.
ITA,Italy,2008,primary_expenditure,Primary expenditure,43.0920,actual,IMF WEO / derived,https://data.imf.org/Datasets/WEO,Primary expenditure = revenue - primary balance.
ITA,Italy,2008,gross_debt,Gross debt,105.8030,actual,IMF WEO,https://data.imf.org/Datasets/WEO,April 2026 vintage; general government; percent of GDP; Fiscal Monitor used only where WEO is unavailable.
ITA,Italy,2008,net_debt,Net debt,97.9380,actual,IMF WEO,https://data.imf.org/Datasets/WEO,April 2026 vintage; general government; percent of GDP; Fiscal Monitor used only where WEO is unavailable.
ITA,Italy,2009,overall_balance,Overall balance,-5.0570,actual,IMF WEO,https://data.imf.org/Datasets/WEO,April 2026 vintage; general government; percent of GDP; Fiscal Monitor used only where WEO is unavailable.
ITA,Italy,2009,primary_balance,Primary balance,-0.8730,actual,IMF WEO,https://data.imf.org/Datasets/WEO,April 2026 vintage; general government; percent of GDP; Fiscal Monitor used only where WEO is unavailable.
ITA,Italy,2009,revenue,Revenue,45.9960,actual,IMF WEO,https://data.imf.org/Datasets/WEO,April 2026 vintage; general government; percent of GDP; Fiscal Monitor used only where WEO is unavailable.
ITA,Italy,2009,primary_expenditure,Primary expenditure,46.8690,actual,IMF WEO / derived,https://data.imf.org/Datasets/WEO,Primary expenditure = revenue - primary balance.
ITA,Italy,2009,gross_debt,Gross debt,116.1410,actual,IMF WEO,https://data.imf.org/Datasets/WEO,April 2026 vintage; general government; percent of GDP; Fiscal Monitor used only where WEO is unavailable.
ITA,Italy,2009,net_debt,Net debt,107.0190,actual,IMF WEO,https://data.imf.org/Datasets/WEO,April 2026 vintage; general government; percent of GDP; Fiscal Monitor used only where WEO is unavailable.
ITA,Italy,2010,overall_balance,Overall balance,-4.1610,actual,IMF WEO,https://data.imf.org/Datasets/WEO,April 2026 vintage; general government; percent of GDP; Fiscal Monitor used only where WEO is unavailable.
ITA,Italy,2010,primary_balance,Primary balance,-0.0700,actual,IMF WEO,https://data.imf.org/Datasets/WEO,April 2026 vintage; general government; percent of GDP; Fiscal Monitor used only where WEO is unavailable.
ITA,Italy,2010,revenue,Revenue,45.6370,actual,IMF WEO,https://data.imf.org/Datasets/WEO,April 2026 vintage; general government; percent of GDP; Fiscal Monitor used only where WEO is unavailable.
ITA,Italy,2010,primary_expenditure,Primary expenditure,45.7070,actual,IMF WEO / derived,https://data.imf.org/Datasets/WEO,Primary expenditure = revenue - primary balance.
ITA,Italy,2010,gross_debt,Gross debt,118.7580,actual,IMF WEO,https://data.imf.org/Datasets/WEO,April 2026 vintage; general government; percent of GDP; Fiscal Monitor used only where WEO is unavailable.
ITA,Italy,2010,net_debt,Net debt,108.8550,actual,IMF WEO,https://data.imf.org/Datasets/WEO,April 2026 vintage; general government; percent of GDP; Fiscal Monitor used only where WEO is unavailable.
ITA,Italy,2011,overall_balance,Overall balance,-3.5240,actual,IMF WEO,https://data.imf.org/Datasets/WEO,April 2026 vintage; general government; percent of GDP; Fiscal Monitor used only where WEO is unavailable.
ITA,Italy,2011,primary_balance,Primary balance,0.8900,actual,IMF WEO,https://data.imf.org/Datasets/WEO,April 2026 vintage; general government; percent of GDP; Fiscal Monitor used only where WEO is unavailable.
ITA,Italy,2011,revenue,Revenue,45.5020,actual,IMF WEO,https://data.imf.org/Datasets/WEO,April 2026 vintage; general government; percent of GDP; Fiscal Monitor used only where WEO is unavailable.
ITA,Italy,2011,primary_expenditure,Primary expenditure,44.6120,actual,IMF WEO / derived,https://data.imf.org/Datasets/WEO,Primary expenditure = revenue - primary balance.
ITA,Italy,2011,gross_debt,Gross debt,119.1290,actual,IMF WEO,https://data.imf.org/Datasets/WEO,April 2026 vintage; general government; percent of GDP; Fiscal Monitor used only where WEO is unavailable.
ITA,Italy,2011,net_debt,Net debt,109.9630,actual,IMF WEO,https://data.imf.org/Datasets/WEO,April 2026 vintage; general government; percent of GDP; Fiscal Monitor used only where WEO is unavailable.
ITA,Italy,2012,overall_balance,Overall balance,-2.9850,actual,IMF WEO,https://data.imf.org/Datasets/WEO,April 2026 vintage; general government; percent of GDP; Fiscal Monitor used only where WEO is unavailable.
ITA,Italy,2012,primary_balance,Primary balance,1.9660,actual,IMF WEO,https://data.imf.org/Datasets/WEO,April 2026 vintage; general government; percent of GDP; Fiscal Monitor used only where WEO is unavailable.
ITA,Italy,2012,revenue,Revenue,47.4950,actual,IMF WEO,https://data.imf.org/Datasets/WEO,April 2026 vintage; general government; percent of GDP; Fiscal Monitor used only where WEO is unavailable.
ITA,Italy,2012,primary_expenditure,Primary expenditure,45.5290,actual,IMF WEO / derived,https://data.imf.org/Datasets/WEO,Primary expenditure = revenue - primary balance.
ITA,Italy,2012,gross_debt,Gross debt,125.9010,actual,IMF WEO,https://data.imf.org/Datasets/WEO,April 2026 vintage; general government; percent of GDP; Fiscal Monitor used only where WEO is unavailable.
ITA,Italy,2012,net_debt,Net debt,115.1610,actual,IMF WEO,https://data.imf.org/Datasets/WEO,April 2026 vintage; general government; percent of GDP; Fiscal Monitor used only where WEO is unavailable.
ITA,Italy,2013,overall_balance,Overall balance,-2.8750,actual,IMF WEO,https://data.imf.org/Datasets/WEO,April 2026 vintage; general government; percent of GDP; Fiscal Monitor used only where WEO is unavailable.
ITA,Italy,2013,primary_balance,Primary balance,1.7460,actual,IMF WEO,https://data.imf.org/Datasets/WEO,April 2026 vintage; general government; percent of GDP; Fiscal Monitor used only where WEO is unavailable.
ITA,Italy,2013,revenue,Revenue,48.0260,actual,IMF WEO,https://data.imf.org/Datasets/WEO,April 2026 vintage; general government; percent of GDP; Fiscal Monitor used only where WEO is unavailable.
ITA,Italy,2013,primary_expenditure,Primary expenditure,46.2800,actual,IMF WEO / derived,https://data.imf.org/Datasets/WEO,Primary expenditure = revenue - primary balance.
ITA,Italy,2013,gross_debt,Gross debt,131.8540,actual,IMF WEO,https://data.imf.org/Datasets/WEO,April 2026 vintage; general government; percent of GDP; Fiscal Monitor used only where WEO is unavailable.
ITA,Italy,2013,net_debt,Net debt,120.6710,actual,IMF WEO,https://data.imf.org/Datasets/WEO,April 2026 vintage; general government; percent of GDP; Fiscal Monitor used only where WEO is unavailable.
ITA,Italy,2014,overall_balance,Overall balance,-2.8180,actual,IMF WEO,https://data.imf.org/Datasets/WEO,April 2026 vintage; general government; percent of GDP; Fiscal Monitor used only where WEO is unavailable.
ITA,Italy,2014,primary_balance,Primary balance,1.5600,actual,IMF WEO,https://data.imf.org/Datasets/WEO,April 2026 vintage; general government; percent of GDP; Fiscal Monitor used only where WEO is unavailable.
ITA,Italy,2014,revenue,Revenue,47.8970,actual,IMF WEO,https://data.imf.org/Datasets/WEO,April 2026 vintage; general government; percent of GDP; Fiscal Monitor used only where WEO is unavailable.
ITA,Italy,2014,primary_expenditure,Primary expenditure,46.3370,actual,IMF WEO / derived,https://data.imf.org/Datasets/WEO,Primary expenditure = revenue - primary balance.
ITA,Italy,2014,gross_debt,Gross debt,134.7970,actual,IMF WEO,https://data.imf.org/Datasets/WEO,April 2026 vintage; general government; percent of GDP; Fiscal Monitor used only where WEO is unavailable.
ITA,Italy,2014,net_debt,Net debt,122.9320,actual,IMF WEO,https://data.imf.org/Datasets/WEO,April 2026 vintage; general government; percent of GDP; Fiscal Monitor used only where WEO is unavailable.
ITA,Italy,2015,overall_balance,Overall balance,-2.4590,actual,IMF WEO,https://data.imf.org/Datasets/WEO,April 2026 vintage; general government; percent of GDP; Fiscal Monitor used only where WEO is unavailable.
ITA,Italy,2015,primary_balance,Primary balance,1.4790,actual,IMF WEO,https://data.imf.org/Datasets/WEO,April 2026 vintage; general government; percent of GDP; Fiscal Monitor used only where WEO is unavailable.
ITA,Italy,2015,revenue,Revenue,47.7850,actual,IMF WEO,https://data.imf.org/Datasets/WEO,April 2026 vintage; general government; percent of GDP; Fiscal Monitor used only where WEO is unavailable.
ITA,Italy,2015,primary_expenditure,Primary expenditure,46.3060,actual,IMF WEO / derived,https://data.imf.org/Datasets/WEO,Primary expenditure = revenue - primary balance.
ITA,Italy,2015,gross_debt,Gross debt,134.7900,actual,IMF WEO,https://data.imf.org/Datasets/WEO,April 2026 vintage; general government; percent of GDP; Fiscal Monitor used only where WEO is unavailable.
ITA,Italy,2015,net_debt,Net debt,123.7480,actual,IMF WEO,https://data.imf.org/Datasets/WEO,April 2026 vintage; general government; percent of GDP; Fiscal Monitor used only where WEO is unavailable.
ITA,Italy,2016,overall_balance,Overall balance,-2.4050,actual,IMF WEO,https://data.imf.org/Datasets/WEO,April 2026 vintage; general government; percent of GDP; Fiscal Monitor used only where WEO is unavailable.
ITA,Italy,2016,primary_balance,Primary balance,1.3380,actual,IMF WEO,https://data.imf.org/Datasets/WEO,April 2026 vintage; general government; percent of GDP; Fiscal Monitor used only where WEO is unavailable.
ITA,Italy,2016,revenue,Revenue,46.5750,actual,IMF WEO,https://data.imf.org/Datasets/WEO,April 2026 vintage; general government; percent of GDP; Fiscal Monitor used only where WEO is unavailable.
ITA,Italy,2016,primary_expenditure,Primary expenditure,45.2370,actual,IMF WEO / derived,https://data.imf.org/Datasets/WEO,Primary expenditure = revenue - primary balance.
ITA,Italy,2016,gross_debt,Gross debt,134.2410,actual,IMF WEO,https://data.imf.org/Datasets/WEO,April 2026 vintage; general government; percent of GDP; Fiscal Monitor used only where WEO is unavailable.
ITA,Italy,2016,net_debt,Net debt,123.0670,actual,IMF WEO,https://data.imf.org/Datasets/WEO,April 2026 vintage; general government; percent of GDP; Fiscal Monitor used only where WEO is unavailable.
ITA,Italy,2017,overall_balance,Overall balance,-2.5090,actual,IMF WEO,https://data.imf.org/Datasets/WEO,April 2026 vintage; general government; percent of GDP; Fiscal Monitor used only where WEO is unavailable.
ITA,Italy,2017,primary_balance,Primary balance,1.0960,actual,IMF WEO,https://data.imf.org/Datasets/WEO,April 2026 vintage; general government; percent of GDP; Fiscal Monitor used only where WEO is unavailable.
ITA,Italy,2017,revenue,Revenue,46.2740,actual,IMF WEO,https://data.imf.org/Datasets/WEO,April 2026 vintage; general government; percent of GDP; Fiscal Monitor used only where WEO is unavailable.
ITA,Italy,2017,primary_expenditure,Primary expenditure,45.1780,actual,IMF WEO / derived,https://data.imf.org/Datasets/WEO,Primary expenditure = revenue - primary balance.
ITA,Italy,2017,gross_debt,Gross debt,133.7420,actual,IMF WEO,https://data.imf.org/Datasets/WEO,April 2026 vintage; general government; percent of GDP; Fiscal Monitor used only where WEO is unavailable.
ITA,Italy,2017,net_debt,Net debt,123.0040,actual,IMF WEO,https://data.imf.org/Datasets/WEO,April 2026 vintage; general government; percent of GDP; Fiscal Monitor used only where WEO is unavailable.
ITA,Italy,2018,overall_balance,Overall balance,-2.1920,actual,IMF WEO,https://data.imf.org/Datasets/WEO,April 2026 vintage; general government; percent of GDP; Fiscal Monitor used only where WEO is unavailable.
ITA,Italy,2018,primary_balance,Primary balance,1.2900,actual,IMF WEO,https://data.imf.org/Datasets/WEO,April 2026 vintage; general government; percent of GDP; Fiscal Monitor used only where WEO is unavailable.
ITA,Italy,2018,revenue,Revenue,46.1290,actual,IMF WEO,https://data.imf.org/Datasets/WEO,April 2026 vintage; general government; percent of GDP; Fiscal Monitor used only where WEO is unavailable.
ITA,Italy,2018,primary_expenditure,Primary expenditure,44.8390,actual,IMF WEO / derived,https://data.imf.org/Datasets/WEO,Primary expenditure = revenue - primary balance.
ITA,Italy,2018,gross_debt,Gross debt,134.2000,actual,IMF WEO,https://data.imf.org/Datasets/WEO,April 2026 vintage; general government; percent of GDP; Fiscal Monitor used only where WEO is unavailable.
ITA,Italy,2018,net_debt,Net debt,123.3840,actual,IMF WEO,https://data.imf.org/Datasets/WEO,April 2026 vintage; general government; percent of GDP; Fiscal Monitor used only where WEO is unavailable.
ITA,Italy,2019,overall_balance,Overall balance,-1.4500,actual,IMF WEO,https://data.imf.org/Datasets/WEO,April 2026 vintage; general government; percent of GDP; Fiscal Monitor used only where WEO is unavailable.
ITA,Italy,2019,primary_balance,Primary balance,1.7380,actual,IMF WEO,https://data.imf.org/Datasets/WEO,April 2026 vintage; general government; percent of GDP; Fiscal Monitor used only where WEO is unavailable.
ITA,Italy,2019,revenue,Revenue,46.9740,actual,IMF WEO,https://data.imf.org/Datasets/WEO,April 2026 vintage; general government; percent of GDP; Fiscal Monitor used only where WEO is unavailable.
ITA,Italy,2019,primary_expenditure,Primary expenditure,45.2360,actual,IMF WEO / derived,https://data.imf.org/Datasets/WEO,Primary expenditure = revenue - primary balance.
ITA,Italy,2019,gross_debt,Gross debt,133.9000,actual,IMF WEO,https://data.imf.org/Datasets/WEO,April 2026 vintage; general government; percent of GDP; Fiscal Monitor used only where WEO is unavailable.
ITA,Italy,2019,net_debt,Net debt,122.9580,actual,IMF WEO,https://data.imf.org/Datasets/WEO,April 2026 vintage; general government; percent of GDP; Fiscal Monitor used only where WEO is unavailable.
ITA,Italy,2020,overall_balance,Overall balance,-9.3790,actual,IMF WEO,https://data.imf.org/Datasets/WEO,April 2026 vintage; general government; percent of GDP; Fiscal Monitor used only where WEO is unavailable.
ITA,Italy,2020,primary_balance,Primary balance,-6.1010,actual,IMF WEO,https://data.imf.org/Datasets/WEO,April 2026 vintage; general government; percent of GDP; Fiscal Monitor used only where WEO is unavailable.
ITA,Italy,2020,revenue,Revenue,47.4050,actual,IMF WEO,https://data.imf.org/Datasets/WEO,April 2026 vintage; general government; percent of GDP; Fiscal Monitor used only where WEO is unavailable.
ITA,Italy,2020,primary_expenditure,Primary expenditure,53.5060,actual,IMF WEO / derived,https://data.imf.org/Datasets/WEO,Primary expenditure = revenue - primary balance.
ITA,Italy,2020,gross_debt,Gross debt,154.3800,actual,IMF WEO,https://data.imf.org/Datasets/WEO,April 2026 vintage; general government; percent of GDP; Fiscal Monitor used only where WEO is unavailable.
ITA,Italy,2020,net_debt,Net debt,141.4200,actual,IMF WEO,https://data.imf.org/Datasets/WEO,April 2026 vintage; general government; percent of GDP; Fiscal Monitor used only where WEO is unavailable.
ITA,Italy,2021,overall_balance,Overall balance,-8.8760,actual,IMF WEO,https://data.imf.org/Datasets/WEO,April 2026 vintage; general government; percent of GDP; Fiscal Monitor used only where WEO is unavailable.
ITA,Italy,2021,primary_balance,Primary balance,-5.5920,actual,IMF WEO,https://data.imf.org/Datasets/WEO,April 2026 vintage; general government; percent of GDP; Fiscal Monitor used only where WEO is unavailable.
ITA,Italy,2021,revenue,Revenue,47.1640,actual,IMF WEO,https://data.imf.org/Datasets/WEO,April 2026 vintage; general government; percent of GDP; Fiscal Monitor used only where WEO is unavailable.
ITA,Italy,2021,primary_expenditure,Primary expenditure,52.7560,actual,IMF WEO / derived,https://data.imf.org/Datasets/WEO,Primary expenditure = revenue - primary balance.
ITA,Italy,2021,gross_debt,Gross debt,145.8190,actual,IMF WEO,https://data.imf.org/Datasets/WEO,April 2026 vintage; general government; percent of GDP; Fiscal Monitor used only where WEO is unavailable.
ITA,Italy,2021,net_debt,Net debt,133.9840,actual,IMF WEO,https://data.imf.org/Datasets/WEO,April 2026 vintage; general government; percent of GDP; Fiscal Monitor used only where WEO is unavailable.
ITA,Italy,2022,overall_balance,Overall balance,-8.1010,actual,IMF WEO,https://data.imf.org/Datasets/WEO,April 2026 vintage; general government; percent of GDP; Fiscal Monitor used only where WEO is unavailable.
ITA,Italy,2022,primary_balance,Primary balance,-4.1660,actual,IMF WEO,https://data.imf.org/Datasets/WEO,April 2026 vintage; general government; percent of GDP; Fiscal Monitor used only where WEO is unavailable.
ITA,Italy,2022,revenue,Revenue,46.8330,actual,IMF WEO,https://data.imf.org/Datasets/WEO,April 2026 vintage; general government; percent of GDP; Fiscal Monitor used only where WEO is unavailable.
ITA,Italy,2022,primary_expenditure,Primary expenditure,50.9990,actual,IMF WEO / derived,https://data.imf.org/Datasets/WEO,Primary expenditure = revenue - primary balance.
ITA,Italy,2022,gross_debt,Gross debt,138.3560,actual,IMF WEO,https://data.imf.org/Datasets/WEO,April 2026 vintage; general government; percent of GDP; Fiscal Monitor used only where WEO is unavailable.
ITA,Italy,2022,net_debt,Net debt,127.8770,actual,IMF WEO,https://data.imf.org/Datasets/WEO,April 2026 vintage; general government; percent of GDP; Fiscal Monitor used only where WEO is unavailable.
ITA,Italy,2023,overall_balance,Overall balance,-7.1340,actual,IMF WEO,https://data.imf.org/Datasets/WEO,April 2026 vintage; general government; percent of GDP; Fiscal Monitor used only where WEO is unavailable.
ITA,Italy,2023,primary_balance,Primary balance,-3.7410,actual,IMF WEO,https://data.imf.org/Datasets/WEO,April 2026 vintage; general government; percent of GDP; Fiscal Monitor used only where WEO is unavailable.
ITA,Italy,2023,revenue,Revenue,46.4930,actual,IMF WEO,https://data.imf.org/Datasets/WEO,April 2026 vintage; general government; percent of GDP; Fiscal Monitor used only where WEO is unavailable.
ITA,Italy,2023,primary_expenditure,Primary expenditure,50.2340,actual,IMF WEO / derived,https://data.imf.org/Datasets/WEO,Primary expenditure = revenue - primary balance.
ITA,Italy,2023,gross_debt,Gross debt,133.9380,actual,IMF WEO,https://data.imf.org/Datasets/WEO,April 2026 vintage; general government; percent of GDP; Fiscal Monitor used only where WEO is unavailable.
ITA,Italy,2023,net_debt,Net debt,123.8800,actual,IMF WEO,https://data.imf.org/Datasets/WEO,April 2026 vintage; general government; percent of GDP; Fiscal Monitor used only where WEO is unavailable.
ITA,Italy,2024,overall_balance,Overall balance,-3.3500,actual,IMF WEO,https://data.imf.org/Datasets/WEO,April 2026 vintage; general government; percent of GDP; Fiscal Monitor used only where WEO is unavailable.
ITA,Italy,2024,primary_balance,Primary balance,0.2620,actual,IMF WEO,https://data.imf.org/Datasets/WEO,April 2026 vintage; general government; percent of GDP; Fiscal Monitor used only where WEO is unavailable.
ITA,Italy,2024,revenue,Revenue,47.0490,actual,IMF WEO,https://data.imf.org/Datasets/WEO,April 2026 vintage; general government; percent of GDP; Fiscal Monitor used only where WEO is unavailable.
ITA,Italy,2024,primary_expenditure,Primary expenditure,46.7870,actual,IMF WEO / derived,https://data.imf.org/Datasets/WEO,Primary expenditure = revenue - primary balance.
ITA,Italy,2024,gross_debt,Gross debt,134.7350,actual,IMF WEO,https://data.imf.org/Datasets/WEO,April 2026 vintage; general government; percent of GDP; Fiscal Monitor used only where WEO is unavailable.
ITA,Italy,2024,net_debt,Net debt,125.3350,actual,IMF WEO,https://data.imf.org/Datasets/WEO,April 2026 vintage; general government; percent of GDP; Fiscal Monitor used only where WEO is unavailable.
ITA,Italy,2025,overall_balance,Overall balance,-3.1130,actual,IMF WEO,https://data.imf.org/Datasets/WEO,April 2026 vintage; general government; percent of GDP; Fiscal Monitor used only where WEO is unavailable.
ITA,Italy,2025,primary_balance,Primary balance,0.4970,actual,IMF WEO,https://data.imf.org/Datasets/WEO,April 2026 vintage; general government; percent of GDP; Fiscal Monitor used only where WEO is unavailable.
ITA,Italy,2025,revenue,Revenue,47.9430,actual,IMF WEO,https://data.imf.org/Datasets/WEO,April 2026 vintage; general government; percent of GDP; Fiscal Monitor used only where WEO is unavailable.
ITA,Italy,2025,primary_expenditure,Primary expenditure,47.4460,actual,IMF WEO / derived,https://data.imf.org/Datasets/WEO,Primary expenditure = revenue - primary balance.
ITA,Italy,2025,gross_debt,Gross debt,137.0880,actual,IMF WEO,https://data.imf.org/Datasets/WEO,April 2026 vintage; general government; percent of GDP; Fiscal Monitor used only where WEO is unavailable.
ITA,Italy,2025,net_debt,Net debt,127.6880,actual,IMF WEO,https://data.imf.org/Datasets/WEO,April 2026 vintage; general government; percent of GDP; Fiscal Monitor used only where WEO is unavailable.
ITA,Italy,2026,overall_balance,Overall balance,-2.8220,projection,IMF WEO,https://data.imf.org/Datasets/WEO,April 2026 vintage; general government; percent of GDP; Fiscal Monitor used only where WEO is unavailable.
ITA,Italy,2026,primary_balance,Primary balance,0.7870,projection,IMF WEO,https://data.imf.org/Datasets/WEO,April 2026 vintage; general government; percent of GDP; Fiscal Monitor used only where WEO is unavailable.
ITA,Italy,2026,revenue,Revenue,47.7860,projection,IMF WEO,https://data.imf.org/Datasets/WEO,April 2026 vintage; general government; percent of GDP; Fiscal Monitor used only where WEO is unavailable.
ITA,Italy,2026,primary_expenditure,Primary expenditure,46.9990,projection,IMF WEO / derived,https://data.imf.org/Datasets/WEO,Primary expenditure = revenue - primary balance.
ITA,Italy,2026,gross_debt,Gross debt,138.3840,projection,IMF WEO,https://data.imf.org/Datasets/WEO,April 2026 vintage; general government; percent of GDP; Fiscal Monitor used only where WEO is unavailable.
ITA,Italy,2026,net_debt,Net debt,128.9830,projection,IMF WEO,https://data.imf.org/Datasets/WEO,April 2026 vintage; general government; percent of GDP; Fiscal Monitor used only where WEO is unavailable.
ITA,Italy,2027,overall_balance,Overall balance,-2.5770,projection,IMF WEO,https://data.imf.org/Datasets/WEO,April 2026 vintage; general government; percent of GDP; Fiscal Monitor used only where WEO is unavailable.
ITA,Italy,2027,primary_balance,Primary balance,1.2440,projection,IMF WEO,https://data.imf.org/Datasets/WEO,April 2026 vintage; general government; percent of GDP; Fiscal Monitor used only where WEO is unavailable.
ITA,Italy,2027,revenue,Revenue,47.8060,projection,IMF WEO,https://data.imf.org/Datasets/WEO,April 2026 vintage; general government; percent of GDP; Fiscal Monitor used only where WEO is unavailable.
ITA,Italy,2027,primary_expenditure,Primary expenditure,46.5620,projection,IMF WEO / derived,https://data.imf.org/Datasets/WEO,Primary expenditure = revenue - primary balance.
ITA,Italy,2027,gross_debt,Gross debt,138.8090,projection,IMF WEO,https://data.imf.org/Datasets/WEO,April 2026 vintage; general government; percent of GDP; Fiscal Monitor used only where WEO is unavailable.
ITA,Italy,2027,net_debt,Net debt,129.4080,projection,IMF WEO,https://data.imf.org/Datasets/WEO,April 2026 vintage; general government; percent of GDP; Fiscal Monitor used only where WEO is unavailable.
ITA,Italy,2028,overall_balance,Overall balance,-2.3830,projection,IMF WEO,https://data.imf.org/Datasets/WEO,April 2026 vintage; general government; percent of GDP; Fiscal Monitor used only where WEO is unavailable.
ITA,Italy,2028,primary_balance,Primary balance,1.6260,projection,IMF WEO,https://data.imf.org/Datasets/WEO,April 2026 vintage; general government; percent of GDP; Fiscal Monitor used only where WEO is unavailable.
ITA,Italy,2028,revenue,Revenue,47.7440,projection,IMF WEO,https://data.imf.org/Datasets/WEO,April 2026 vintage; general government; percent of GDP; Fiscal Monitor used only where WEO is unavailable.
ITA,Italy,2028,primary_expenditure,Primary expenditure,46.1180,projection,IMF WEO / derived,https://data.imf.org/Datasets/WEO,Primary expenditure = revenue - primary balance.
ITA,Italy,2028,gross_debt,Gross debt,137.6110,projection,IMF WEO,https://data.imf.org/Datasets/WEO,April 2026 vintage; general government; percent of GDP; Fiscal Monitor used only where WEO is unavailable.
ITA,Italy,2028,net_debt,Net debt,128.2100,projection,IMF WEO,https://data.imf.org/Datasets/WEO,April 2026 vintage; general government; percent of GDP; Fiscal Monitor used only where WEO is unavailable.
ITA,Italy,2029,overall_balance,Overall balance,-2.5150,projection,IMF WEO,https://data.imf.org/Datasets/WEO,April 2026 vintage; general government; percent of GDP; Fiscal Monitor used only where WEO is unavailable.
ITA,Italy,2029,primary_balance,Primary balance,1.6310,projection,IMF WEO,https://data.imf.org/Datasets/WEO,April 2026 vintage; general government; percent of GDP; Fiscal Monitor used only where WEO is unavailable.
ITA,Italy,2029,revenue,Revenue,47.7030,projection,IMF WEO,https://data.imf.org/Datasets/WEO,April 2026 vintage; general government; percent of GDP; Fiscal Monitor used only where WEO is unavailable.
ITA,Italy,2029,primary_expenditure,Primary expenditure,46.0720,projection,IMF WEO / derived,https://data.imf.org/Datasets/WEO,Primary expenditure = revenue - primary balance.
ITA,Italy,2029,gross_debt,Gross debt,137.1380,projection,IMF WEO,https://data.imf.org/Datasets/WEO,April 2026 vintage; general government; percent of GDP; Fiscal Monitor used only where WEO is unavailable.
ITA,Italy,2029,net_debt,Net debt,127.7380,projection,IMF WEO,https://data.imf.org/Datasets/WEO,April 2026 vintage; general government; percent of GDP; Fiscal Monitor used only where WEO is unavailable.
ITA,Italy,2030,overall_balance,Overall balance,-2.4890,projection,IMF WEO,https://data.imf.org/Datasets/WEO,April 2026 vintage; general government; percent of GDP; Fiscal Monitor used only where WEO is unavailable.
ITA,Italy,2030,primary_balance,Primary balance,1.6590,projection,IMF WEO,https://data.imf.org/Datasets/WEO,April 2026 vintage; general government; percent of GDP; Fiscal Monitor used only where WEO is unavailable.
ITA,Italy,2030,revenue,Revenue,47.6490,projection,IMF WEO,https://data.imf.org/Datasets/WEO,April 2026 vintage; general government; percent of GDP; Fiscal Monitor used only where WEO is unavailable.
ITA,Italy,2030,primary_expenditure,Primary expenditure,45.9900,projection,IMF WEO / derived,https://data.imf.org/Datasets/WEO,Primary expenditure = revenue - primary balance.
ITA,Italy,2030,gross_debt,Gross debt,136.4900,projection,IMF WEO,https://data.imf.org/Datasets/WEO,April 2026 vintage; general government; percent of GDP; Fiscal Monitor used only where WEO is unavailable.
ITA,Italy,2030,net_debt,Net debt,127.0890,projection,IMF WEO,https://data.imf.org/Datasets/WEO,April 2026 vintage; general government; percent of GDP; Fiscal Monitor used only where WEO is unavailable.
ITA,Italy,2031,overall_balance,Overall balance,-2.7120,projection,IMF WEO,https://data.imf.org/Datasets/WEO,April 2026 vintage; general government; percent of GDP; Fiscal Monitor used only where WEO is unavailable.
ITA,Italy,2031,primary_balance,Primary balance,1.6150,projection,IMF WEO,https://data.imf.org/Datasets/WEO,April 2026 vintage; general government; percent of GDP; Fiscal Monitor used only where WEO is unavailable.
ITA,Italy,2031,revenue,Revenue,47.5620,projection,IMF WEO,https://data.imf.org/Datasets/WEO,April 2026 vintage; general government; percent of GDP; Fiscal Monitor used only where WEO is unavailable.
ITA,Italy,2031,primary_expenditure,Primary expenditure,45.9470,projection,IMF WEO / derived,https://data.imf.org/Datasets/WEO,Primary expenditure = revenue - primary balance.
ITA,Italy,2031,gross_debt,Gross debt,136.1000,projection,IMF WEO,https://data.imf.org/Datasets/WEO,April 2026 vintage; general government; percent of GDP; Fiscal Monitor used only where WEO is unavailable.
ITA,Italy,2031,net_debt,Net debt,126.7000,projection,IMF WEO,https://data.imf.org/Datasets/WEO,April 2026 vintage; general government; percent of GDP; Fiscal Monitor used only where WEO is unavailable.
CAN,Canada,1980,overall_balance,Overall balance,-4.0430,actual,IMF WEO,https://data.imf.org/Datasets/WEO,April 2026 vintage; general government; percent of GDP; Fiscal Monitor used only where WEO is unavailable.
CAN,Canada,1980,primary_balance,Primary balance,-2.6700,actual,IMF WEO,https://data.imf.org/Datasets/WEO,April 2026 vintage; general government; percent of GDP; Fiscal Monitor used only where WEO is unavailable.
CAN,Canada,1980,revenue,Revenue,36.9030,actual,IMF WEO,https://data.imf.org/Datasets/WEO,April 2026 vintage; general government; percent of GDP; Fiscal Monitor used only where WEO is unavailable.
CAN,Canada,1980,primary_expenditure,Primary expenditure,39.5730,actual,IMF WEO / derived,https://data.imf.org/Datasets/WEO,Primary expenditure = revenue - primary balance.
CAN,Canada,1980,gross_debt,Gross debt,44.5900,actual,IMF WEO,https://data.imf.org/Datasets/WEO,April 2026 vintage; general government; percent of GDP; Fiscal Monitor used only where WEO is unavailable.
CAN,Canada,1980,net_debt,Net debt,14.4810,actual,IMF WEO,https://data.imf.org/Datasets/WEO,April 2026 vintage; general government; percent of GDP; Fiscal Monitor used only where WEO is unavailable.
CAN,Canada,1981,overall_balance,Overall balance,-2.8920,actual,IMF WEO,https://data.imf.org/Datasets/WEO,April 2026 vintage; general government; percent of GDP; Fiscal Monitor used only where WEO is unavailable.
CAN,Canada,1981,primary_balance,Primary balance,-2.2080,actual,IMF WEO,https://data.imf.org/Datasets/WEO,April 2026 vintage; general government; percent of GDP; Fiscal Monitor used only where WEO is unavailable.
CAN,Canada,1981,revenue,Revenue,38.9400,actual,IMF WEO,https://data.imf.org/Datasets/WEO,April 2026 vintage; general government; percent of GDP; Fiscal Monitor used only where WEO is unavailable.
CAN,Canada,1981,primary_expenditure,Primary expenditure,41.1480,actual,IMF WEO / derived,https://data.imf.org/Datasets/WEO,Primary expenditure = revenue - primary balance.
CAN,Canada,1981,gross_debt,Gross debt,46.0770,actual,IMF WEO,https://data.imf.org/Datasets/WEO,April 2026 vintage; general government; percent of GDP; Fiscal Monitor used only where WEO is unavailable.
CAN,Canada,1981,net_debt,Net debt,13.5690,actual,IMF WEO,https://data.imf.org/Datasets/WEO,April 2026 vintage; general government; percent of GDP; Fiscal Monitor used only where WEO is unavailable.
CAN,Canada,1982,overall_balance,Overall balance,-6.8980,actual,IMF WEO,https://data.imf.org/Datasets/WEO,April 2026 vintage; general government; percent of GDP; Fiscal Monitor used only where WEO is unavailable.
CAN,Canada,1982,primary_balance,Primary balance,-5.2440,actual,IMF WEO,https://data.imf.org/Datasets/WEO,April 2026 vintage; general government; percent of GDP; Fiscal Monitor used only where WEO is unavailable.
CAN,Canada,1982,revenue,Revenue,39.5010,actual,IMF WEO,https://data.imf.org/Datasets/WEO,April 2026 vintage; general government; percent of GDP; Fiscal Monitor used only where WEO is unavailable.
CAN,Canada,1982,primary_expenditure,Primary expenditure,44.7450,actual,IMF WEO / derived,https://data.imf.org/Datasets/WEO,Primary expenditure = revenue - primary balance.
CAN,Canada,1982,gross_debt,Gross debt,51.7070,actual,IMF WEO,https://data.imf.org/Datasets/WEO,April 2026 vintage; general government; percent of GDP; Fiscal Monitor used only where WEO is unavailable.
CAN,Canada,1982,net_debt,Net debt,19.2440,actual,IMF WEO,https://data.imf.org/Datasets/WEO,April 2026 vintage; general government; percent of GDP; Fiscal Monitor used only where WEO is unavailable.
CAN,Canada,1983,overall_balance,Overall balance,-7.9980,actual,IMF WEO,https://data.imf.org/Datasets/WEO,April 2026 vintage; general government; percent of GDP; Fiscal Monitor used only where WEO is unavailable.
CAN,Canada,1983,primary_balance,Primary balance,-6.2430,actual,IMF WEO,https://data.imf.org/Datasets/WEO,April 2026 vintage; general government; percent of GDP; Fiscal Monitor used only where WEO is unavailable.
CAN,Canada,1983,revenue,Revenue,38.9720,actual,IMF WEO,https://data.imf.org/Datasets/WEO,April 2026 vintage; general government; percent of GDP; Fiscal Monitor used only where WEO is unavailable.
CAN,Canada,1983,primary_expenditure,Primary expenditure,45.2150,actual,IMF WEO / derived,https://data.imf.org/Datasets/WEO,Primary expenditure = revenue - primary balance.
CAN,Canada,1983,gross_debt,Gross debt,57.2110,actual,IMF WEO,https://data.imf.org/Datasets/WEO,April 2026 vintage; general government; percent of GDP; Fiscal Monitor used only where WEO is unavailable.
CAN,Canada,1983,net_debt,Net debt,25.6700,actual,IMF WEO,https://data.imf.org/Datasets/WEO,April 2026 vintage; general government; percent of GDP; Fiscal Monitor used only where WEO is unavailable.
CAN,Canada,1984,overall_balance,Overall balance,-7.9400,actual,IMF WEO,https://data.imf.org/Datasets/WEO,April 2026 vintage; general government; percent of GDP; Fiscal Monitor used only where WEO is unavailable.
CAN,Canada,1984,primary_balance,Primary balance,-5.6140,actual,IMF WEO,https://data.imf.org/Datasets/WEO,April 2026 vintage; general government; percent of GDP; Fiscal Monitor used only where WEO is unavailable.
CAN,Canada,1984,revenue,Revenue,38.8190,actual,IMF WEO,https://data.imf.org/Datasets/WEO,April 2026 vintage; general government; percent of GDP; Fiscal Monitor used only where WEO is unavailable.
CAN,Canada,1984,primary_expenditure,Primary expenditure,44.4330,actual,IMF WEO / derived,https://data.imf.org/Datasets/WEO,Primary expenditure = revenue - primary balance.
CAN,Canada,1984,gross_debt,Gross debt,60.2130,actual,IMF WEO,https://data.imf.org/Datasets/WEO,April 2026 vintage; general government; percent of GDP; Fiscal Monitor used only where WEO is unavailable.
CAN,Canada,1984,net_debt,Net debt,29.6000,actual,IMF WEO,https://data.imf.org/Datasets/WEO,April 2026 vintage; general government; percent of GDP; Fiscal Monitor used only where WEO is unavailable.
CAN,Canada,1985,overall_balance,Overall balance,-8.7570,actual,IMF WEO,https://data.imf.org/Datasets/WEO,April 2026 vintage; general government; percent of GDP; Fiscal Monitor used only where WEO is unavailable.
CAN,Canada,1985,primary_balance,Primary balance,-5.7220,actual,IMF WEO,https://data.imf.org/Datasets/WEO,April 2026 vintage; general government; percent of GDP; Fiscal Monitor used only where WEO is unavailable.
CAN,Canada,1985,revenue,Revenue,38.7120,actual,IMF WEO,https://data.imf.org/Datasets/WEO,April 2026 vintage; general government; percent of GDP; Fiscal Monitor used only where WEO is unavailable.
CAN,Canada,1985,primary_expenditure,Primary expenditure,44.4340,actual,IMF WEO / derived,https://data.imf.org/Datasets/WEO,Primary expenditure = revenue - primary balance.
CAN,Canada,1985,gross_debt,Gross debt,65.1660,actual,IMF WEO,https://data.imf.org/Datasets/WEO,April 2026 vintage; general government; percent of GDP; Fiscal Monitor used only where WEO is unavailable.
CAN,Canada,1985,net_debt,Net debt,35.2520,actual,IMF WEO,https://data.imf.org/Datasets/WEO,April 2026 vintage; general government; percent of GDP; Fiscal Monitor used only where WEO is unavailable.
CAN,Canada,1986,overall_balance,Overall balance,-7.3220,actual,IMF WEO,https://data.imf.org/Datasets/WEO,April 2026 vintage; general government; percent of GDP; Fiscal Monitor used only where WEO is unavailable.
CAN,Canada,1986,primary_balance,Primary balance,-3.4690,actual,IMF WEO,https://data.imf.org/Datasets/WEO,April 2026 vintage; general government; percent of GDP; Fiscal Monitor used only where WEO is unavailable.
CAN,Canada,1986,revenue,Revenue,39.4850,actual,IMF WEO,https://data.imf.org/Datasets/WEO,April 2026 vintage; general government; percent of GDP; Fiscal Monitor used only where WEO is unavailable.
CAN,Canada,1986,primary_expenditure,Primary expenditure,42.9540,actual,IMF WEO / derived,https://data.imf.org/Datasets/WEO,Primary expenditure = revenue - primary balance.
CAN,Canada,1986,gross_debt,Gross debt,69.3230,actual,IMF WEO,https://data.imf.org/Datasets/WEO,April 2026 vintage; general government; percent of GDP; Fiscal Monitor used only where WEO is unavailable.
CAN,Canada,1986,net_debt,Net debt,39.6460,actual,IMF WEO,https://data.imf.org/Datasets/WEO,April 2026 vintage; general government; percent of GDP; Fiscal Monitor used only where WEO is unavailable.
CAN,Canada,1987,overall_balance,Overall balance,-5.7460,actual,IMF WEO,https://data.imf.org/Datasets/WEO,April 2026 vintage; general government; percent of GDP; Fiscal Monitor used only where WEO is unavailable.
CAN,Canada,1987,primary_balance,Primary balance,-1.6610,actual,IMF WEO,https://data.imf.org/Datasets/WEO,April 2026 vintage; general government; percent of GDP; Fiscal Monitor used only where WEO is unavailable.
CAN,Canada,1987,revenue,Revenue,39.6820,actual,IMF WEO,https://data.imf.org/Datasets/WEO,April 2026 vintage; general government; percent of GDP; Fiscal Monitor used only where WEO is unavailable.
CAN,Canada,1987,primary_expenditure,Primary expenditure,41.3430,actual,IMF WEO / derived,https://data.imf.org/Datasets/WEO,Primary expenditure = revenue - primary balance.
CAN,Canada,1987,gross_debt,Gross debt,69.7610,actual,IMF WEO,https://data.imf.org/Datasets/WEO,April 2026 vintage; general government; percent of GDP; Fiscal Monitor used only where WEO is unavailable.
CAN,Canada,1987,net_debt,Net debt,39.2670,actual,IMF WEO,https://data.imf.org/Datasets/WEO,April 2026 vintage; general government; percent of GDP; Fiscal Monitor used only where WEO is unavailable.
CAN,Canada,1988,overall_balance,Overall balance,-4.5110,actual,IMF WEO,https://data.imf.org/Datasets/WEO,April 2026 vintage; general government; percent of GDP; Fiscal Monitor used only where WEO is unavailable.
CAN,Canada,1988,primary_balance,Primary balance,-0.4180,actual,IMF WEO,https://data.imf.org/Datasets/WEO,April 2026 vintage; general government; percent of GDP; Fiscal Monitor used only where WEO is unavailable.
CAN,Canada,1988,revenue,Revenue,40.2510,actual,IMF WEO,https://data.imf.org/Datasets/WEO,April 2026 vintage; general government; percent of GDP; Fiscal Monitor used only where WEO is unavailable.
CAN,Canada,1988,primary_expenditure,Primary expenditure,40.6690,actual,IMF WEO / derived,https://data.imf.org/Datasets/WEO,Primary expenditure = revenue - primary balance.
CAN,Canada,1988,gross_debt,Gross debt,69.7450,actual,IMF WEO,https://data.imf.org/Datasets/WEO,April 2026 vintage; general government; percent of GDP; Fiscal Monitor used only where WEO is unavailable.
CAN,Canada,1988,net_debt,Net debt,38.3440,actual,IMF WEO,https://data.imf.org/Datasets/WEO,April 2026 vintage; general government; percent of GDP; Fiscal Monitor used only where WEO is unavailable.
CAN,Canada,1989,overall_balance,Overall balance,-4.7180,actual,IMF WEO,https://data.imf.org/Datasets/WEO,April 2026 vintage; general government; percent of GDP; Fiscal Monitor used only where WEO is unavailable.
CAN,Canada,1989,primary_balance,Primary balance,-0.2180,actual,IMF WEO,https://data.imf.org/Datasets/WEO,April 2026 vintage; general government; percent of GDP; Fiscal Monitor used only where WEO is unavailable.
CAN,Canada,1989,revenue,Revenue,40.5350,actual,IMF WEO,https://data.imf.org/Datasets/WEO,April 2026 vintage; general government; percent of GDP; Fiscal Monitor used only where WEO is unavailable.
CAN,Canada,1989,primary_expenditure,Primary expenditure,40.7530,actual,IMF WEO / derived,https://data.imf.org/Datasets/WEO,Primary expenditure = revenue - primary balance.
CAN,Canada,1989,gross_debt,Gross debt,70.9870,actual,IMF WEO,https://data.imf.org/Datasets/WEO,April 2026 vintage; general government; percent of GDP; Fiscal Monitor used only where WEO is unavailable.
CAN,Canada,1989,net_debt,Net debt,41.3740,actual,IMF WEO,https://data.imf.org/Datasets/WEO,April 2026 vintage; general government; percent of GDP; Fiscal Monitor used only where WEO is unavailable.
CAN,Canada,1990,overall_balance,Overall balance,-5.9110,actual,IMF WEO,https://data.imf.org/Datasets/WEO,April 2026 vintage; general government; percent of GDP; Fiscal Monitor used only where WEO is unavailable.
CAN,Canada,1990,primary_balance,Primary balance,-0.8580,actual,IMF WEO,https://data.imf.org/Datasets/WEO,April 2026 vintage; general government; percent of GDP; Fiscal Monitor used only where WEO is unavailable.
CAN,Canada,1990,revenue,Revenue,42.1790,actual,IMF WEO,https://data.imf.org/Datasets/WEO,April 2026 vintage; general government; percent of GDP; Fiscal Monitor used only where WEO is unavailable.
CAN,Canada,1990,primary_expenditure,Primary expenditure,43.0370,actual,IMF WEO / derived,https://data.imf.org/Datasets/WEO,Primary expenditure = revenue - primary balance.
CAN,Canada,1990,gross_debt,Gross debt,73.7440,actual,IMF WEO,https://data.imf.org/Datasets/WEO,April 2026 vintage; general government; percent of GDP; Fiscal Monitor used only where WEO is unavailable.
CAN,Canada,1990,net_debt,Net debt,43.9270,actual,IMF WEO,https://data.imf.org/Datasets/WEO,April 2026 vintage; general government; percent of GDP; Fiscal Monitor used only where WEO is unavailable.
CAN,Canada,1991,overall_balance,Overall balance,-8.3590,actual,IMF WEO,https://data.imf.org/Datasets/WEO,April 2026 vintage; general government; percent of GDP; Fiscal Monitor used only where WEO is unavailable.
CAN,Canada,1991,primary_balance,Primary balance,-3.1660,actual,IMF WEO,https://data.imf.org/Datasets/WEO,April 2026 vintage; general government; percent of GDP; Fiscal Monitor used only where WEO is unavailable.
CAN,Canada,1991,revenue,Revenue,43.0780,actual,IMF WEO,https://data.imf.org/Datasets/WEO,April 2026 vintage; general government; percent of GDP; Fiscal Monitor used only where WEO is unavailable.
CAN,Canada,1991,primary_expenditure,Primary expenditure,46.2440,actual,IMF WEO / derived,https://data.imf.org/Datasets/WEO,Primary expenditure = revenue - primary balance.
CAN,Canada,1991,gross_debt,Gross debt,81.6580,actual,IMF WEO,https://data.imf.org/Datasets/WEO,April 2026 vintage; general government; percent of GDP; Fiscal Monitor used only where WEO is unavailable.
CAN,Canada,1991,net_debt,Net debt,50.3030,actual,IMF WEO,https://data.imf.org/Datasets/WEO,April 2026 vintage; general government; percent of GDP; Fiscal Monitor used only where WEO is unavailable.
CAN,Canada,1992,overall_balance,Overall balance,-9.1990,actual,IMF WEO,https://data.imf.org/Datasets/WEO,April 2026 vintage; general government; percent of GDP; Fiscal Monitor used only where WEO is unavailable.
CAN,Canada,1992,primary_balance,Primary balance,-3.9730,actual,IMF WEO,https://data.imf.org/Datasets/WEO,April 2026 vintage; general government; percent of GDP; Fiscal Monitor used only where WEO is unavailable.
CAN,Canada,1992,revenue,Revenue,43.3080,actual,IMF WEO,https://data.imf.org/Datasets/WEO,April 2026 vintage; general government; percent of GDP; Fiscal Monitor used only where WEO is unavailable.
CAN,Canada,1992,primary_expenditure,Primary expenditure,47.2810,actual,IMF WEO / derived,https://data.imf.org/Datasets/WEO,Primary expenditure = revenue - primary balance.
CAN,Canada,1992,gross_debt,Gross debt,88.2300,actual,IMF WEO,https://data.imf.org/Datasets/WEO,April 2026 vintage; general government; percent of GDP; Fiscal Monitor used only where WEO is unavailable.
CAN,Canada,1992,net_debt,Net debt,56.7180,actual,IMF WEO,https://data.imf.org/Datasets/WEO,April 2026 vintage; general government; percent of GDP; Fiscal Monitor used only where WEO is unavailable.
CAN,Canada,1993,overall_balance,Overall balance,-8.9350,actual,IMF WEO,https://data.imf.org/Datasets/WEO,April 2026 vintage; general government; percent of GDP; Fiscal Monitor used only where WEO is unavailable.
CAN,Canada,1993,primary_balance,Primary balance,-3.7260,actual,IMF WEO,https://data.imf.org/Datasets/WEO,April 2026 vintage; general government; percent of GDP; Fiscal Monitor used only where WEO is unavailable.
CAN,Canada,1993,revenue,Revenue,42.5430,actual,IMF WEO,https://data.imf.org/Datasets/WEO,April 2026 vintage; general government; percent of GDP; Fiscal Monitor used only where WEO is unavailable.
CAN,Canada,1993,primary_expenditure,Primary expenditure,46.2690,actual,IMF WEO / derived,https://data.imf.org/Datasets/WEO,Primary expenditure = revenue - primary balance.
CAN,Canada,1993,gross_debt,Gross debt,94.7300,actual,IMF WEO,https://data.imf.org/Datasets/WEO,April 2026 vintage; general government; percent of GDP; Fiscal Monitor used only where WEO is unavailable.
CAN,Canada,1993,net_debt,Net debt,62.0960,actual,IMF WEO,https://data.imf.org/Datasets/WEO,April 2026 vintage; general government; percent of GDP; Fiscal Monitor used only where WEO is unavailable.
CAN,Canada,1994,overall_balance,Overall balance,-6.9360,actual,IMF WEO,https://data.imf.org/Datasets/WEO,April 2026 vintage; general government; percent of GDP; Fiscal Monitor used only where WEO is unavailable.
CAN,Canada,1994,primary_balance,Primary balance,-1.8670,actual,IMF WEO,https://data.imf.org/Datasets/WEO,April 2026 vintage; general government; percent of GDP; Fiscal Monitor used only where WEO is unavailable.
CAN,Canada,1994,revenue,Revenue,42.0760,actual,IMF WEO,https://data.imf.org/Datasets/WEO,April 2026 vintage; general government; percent of GDP; Fiscal Monitor used only where WEO is unavailable.
CAN,Canada,1994,primary_expenditure,Primary expenditure,43.9430,actual,IMF WEO / derived,https://data.imf.org/Datasets/WEO,Primary expenditure = revenue - primary balance.
CAN,Canada,1994,gross_debt,Gross debt,97.4800,actual,IMF WEO,https://data.imf.org/Datasets/WEO,April 2026 vintage; general government; percent of GDP; Fiscal Monitor used only where WEO is unavailable.
CAN,Canada,1994,net_debt,Net debt,66.1560,actual,IMF WEO,https://data.imf.org/Datasets/WEO,April 2026 vintage; general government; percent of GDP; Fiscal Monitor used only where WEO is unavailable.
CAN,Canada,1995,overall_balance,Overall balance,-5.4900,actual,IMF WEO,https://data.imf.org/Datasets/WEO,April 2026 vintage; general government; percent of GDP; Fiscal Monitor used only where WEO is unavailable.
CAN,Canada,1995,primary_balance,Primary balance,0.0850,actual,IMF WEO,https://data.imf.org/Datasets/WEO,April 2026 vintage; general government; percent of GDP; Fiscal Monitor used only where WEO is unavailable.
CAN,Canada,1995,revenue,Revenue,42.2450,actual,IMF WEO,https://data.imf.org/Datasets/WEO,April 2026 vintage; general government; percent of GDP; Fiscal Monitor used only where WEO is unavailable.
CAN,Canada,1995,primary_expenditure,Primary expenditure,42.1600,actual,IMF WEO / derived,https://data.imf.org/Datasets/WEO,Primary expenditure = revenue - primary balance.
CAN,Canada,1995,gross_debt,Gross debt,100.0840,actual,IMF WEO,https://data.imf.org/Datasets/WEO,April 2026 vintage; general government; percent of GDP; Fiscal Monitor used only where WEO is unavailable.
CAN,Canada,1995,net_debt,Net debt,66.6820,actual,IMF WEO,https://data.imf.org/Datasets/WEO,April 2026 vintage; general government; percent of GDP; Fiscal Monitor used only where WEO is unavailable.
CAN,Canada,1996,overall_balance,Overall balance,-3.0530,actual,IMF WEO,https://data.imf.org/Datasets/WEO,April 2026 vintage; general government; percent of GDP; Fiscal Monitor used only where WEO is unavailable.
CAN,Canada,1996,primary_balance,Primary balance,2.1410,actual,IMF WEO,https://data.imf.org/Datasets/WEO,April 2026 vintage; general government; percent of GDP; Fiscal Monitor used only where WEO is unavailable.
CAN,Canada,1996,revenue,Revenue,42.8110,actual,IMF WEO,https://data.imf.org/Datasets/WEO,April 2026 vintage; general government; percent of GDP; Fiscal Monitor used only where WEO is unavailable.
CAN,Canada,1996,primary_expenditure,Primary expenditure,40.6700,actual,IMF WEO / derived,https://data.imf.org/Datasets/WEO,Primary expenditure = revenue - primary balance.
CAN,Canada,1996,gross_debt,Gross debt,100.2440,actual,IMF WEO,https://data.imf.org/Datasets/WEO,April 2026 vintage; general government; percent of GDP; Fiscal Monitor used only where WEO is unavailable.
CAN,Canada,1996,net_debt,Net debt,65.8780,actual,IMF WEO,https://data.imf.org/Datasets/WEO,April 2026 vintage; general government; percent of GDP; Fiscal Monitor used only where WEO is unavailable.
CAN,Canada,1997,overall_balance,Overall balance,0.0390,actual,IMF WEO,https://data.imf.org/Datasets/WEO,April 2026 vintage; general government; percent of GDP; Fiscal Monitor used only where WEO is unavailable.
CAN,Canada,1997,primary_balance,Primary balance,4.7200,actual,IMF WEO,https://data.imf.org/Datasets/WEO,April 2026 vintage; general government; percent of GDP; Fiscal Monitor used only where WEO is unavailable.
CAN,Canada,1997,revenue,Revenue,43.5020,actual,IMF WEO,https://data.imf.org/Datasets/WEO,April 2026 vintage; general government; percent of GDP; Fiscal Monitor used only where WEO is unavailable.
CAN,Canada,1997,primary_expenditure,Primary expenditure,38.7820,actual,IMF WEO / derived,https://data.imf.org/Datasets/WEO,Primary expenditure = revenue - primary balance.
CAN,Canada,1997,gross_debt,Gross debt,95.2720,actual,IMF WEO,https://data.imf.org/Datasets/WEO,April 2026 vintage; general government; percent of GDP; Fiscal Monitor used only where WEO is unavailable.
CAN,Canada,1997,net_debt,Net debt,61.5230,actual,IMF WEO,https://data.imf.org/Datasets/WEO,April 2026 vintage; general government; percent of GDP; Fiscal Monitor used only where WEO is unavailable.
CAN,Canada,1998,overall_balance,Overall balance,0.1430,actual,IMF WEO,https://data.imf.org/Datasets/WEO,April 2026 vintage; general government; percent of GDP; Fiscal Monitor used only where WEO is unavailable.
CAN,Canada,1998,primary_balance,Primary balance,4.7980,actual,IMF WEO,https://data.imf.org/Datasets/WEO,April 2026 vintage; general government; percent of GDP; Fiscal Monitor used only where WEO is unavailable.
CAN,Canada,1998,revenue,Revenue,43.5490,actual,IMF WEO,https://data.imf.org/Datasets/WEO,April 2026 vintage; general government; percent of GDP; Fiscal Monitor used only where WEO is unavailable.
CAN,Canada,1998,primary_expenditure,Primary expenditure,38.7510,actual,IMF WEO / derived,https://data.imf.org/Datasets/WEO,Primary expenditure = revenue - primary balance.
CAN,Canada,1998,gross_debt,Gross debt,93.2900,actual,IMF WEO,https://data.imf.org/Datasets/WEO,April 2026 vintage; general government; percent of GDP; Fiscal Monitor used only where WEO is unavailable.
CAN,Canada,1998,net_debt,Net debt,57.4630,actual,IMF WEO,https://data.imf.org/Datasets/WEO,April 2026 vintage; general government; percent of GDP; Fiscal Monitor used only where WEO is unavailable.
CAN,Canada,1999,overall_balance,Overall balance,1.6560,actual,IMF WEO,https://data.imf.org/Datasets/WEO,April 2026 vintage; general government; percent of GDP; Fiscal Monitor used only where WEO is unavailable.
CAN,Canada,1999,primary_balance,Primary balance,5.7610,actual,IMF WEO,https://data.imf.org/Datasets/WEO,April 2026 vintage; general government; percent of GDP; Fiscal Monitor used only where WEO is unavailable.
CAN,Canada,1999,revenue,Revenue,43.4290,actual,IMF WEO,https://data.imf.org/Datasets/WEO,April 2026 vintage; general government; percent of GDP; Fiscal Monitor used only where WEO is unavailable.
CAN,Canada,1999,primary_expenditure,Primary expenditure,37.6680,actual,IMF WEO / derived,https://data.imf.org/Datasets/WEO,Primary expenditure = revenue - primary balance.
CAN,Canada,1999,gross_debt,Gross debt,88.9660,actual,IMF WEO,https://data.imf.org/Datasets/WEO,April 2026 vintage; general government; percent of GDP; Fiscal Monitor used only where WEO is unavailable.
CAN,Canada,1999,net_debt,Net debt,50.5080,actual,IMF WEO,https://data.imf.org/Datasets/WEO,April 2026 vintage; general government; percent of GDP; Fiscal Monitor used only where WEO is unavailable.
CAN,Canada,2000,overall_balance,Overall balance,2.6400,actual,IMF WEO,https://data.imf.org/Datasets/WEO,April 2026 vintage; general government; percent of GDP; Fiscal Monitor used only where WEO is unavailable.
CAN,Canada,2000,primary_balance,Primary balance,5.6590,actual,IMF WEO,https://data.imf.org/Datasets/WEO,April 2026 vintage; general government; percent of GDP; Fiscal Monitor used only where WEO is unavailable.
CAN,Canada,2000,revenue,Revenue,43.1970,actual,IMF WEO,https://data.imf.org/Datasets/WEO,April 2026 vintage; general government; percent of GDP; Fiscal Monitor used only where WEO is unavailable.
CAN,Canada,2000,primary_expenditure,Primary expenditure,37.5380,actual,IMF WEO / derived,https://data.imf.org/Datasets/WEO,Primary expenditure = revenue - primary balance.
CAN,Canada,2000,gross_debt,Gross debt,80.4370,actual,IMF WEO,https://data.imf.org/Datasets/WEO,April 2026 vintage; general government; percent of GDP; Fiscal Monitor used only where WEO is unavailable.
CAN,Canada,2000,net_debt,Net debt,41.9890,actual,IMF WEO,https://data.imf.org/Datasets/WEO,April 2026 vintage; general government; percent of GDP; Fiscal Monitor used only where WEO is unavailable.
CAN,Canada,2001,overall_balance,Overall balance,0.5290,actual,IMF WEO,https://data.imf.org/Datasets/WEO,April 2026 vintage; general government; percent of GDP; Fiscal Monitor used only where WEO is unavailable.
CAN,Canada,2001,primary_balance,Primary balance,3.3800,actual,IMF WEO,https://data.imf.org/Datasets/WEO,April 2026 vintage; general government; percent of GDP; Fiscal Monitor used only where WEO is unavailable.
CAN,Canada,2001,revenue,Revenue,41.6320,actual,IMF WEO,https://data.imf.org/Datasets/WEO,April 2026 vintage; general government; percent of GDP; Fiscal Monitor used only where WEO is unavailable.
CAN,Canada,2001,primary_expenditure,Primary expenditure,38.2520,actual,IMF WEO / derived,https://data.imf.org/Datasets/WEO,Primary expenditure = revenue - primary balance.
CAN,Canada,2001,gross_debt,Gross debt,81.4620,actual,IMF WEO,https://data.imf.org/Datasets/WEO,April 2026 vintage; general government; percent of GDP; Fiscal Monitor used only where WEO is unavailable.
CAN,Canada,2001,net_debt,Net debt,40.2890,actual,IMF WEO,https://data.imf.org/Datasets/WEO,April 2026 vintage; general government; percent of GDP; Fiscal Monitor used only where WEO is unavailable.
CAN,Canada,2002,overall_balance,Overall balance,-0.2340,actual,IMF WEO,https://data.imf.org/Datasets/WEO,April 2026 vintage; general government; percent of GDP; Fiscal Monitor used only where WEO is unavailable.
CAN,Canada,2002,primary_balance,Primary balance,2.2560,actual,IMF WEO,https://data.imf.org/Datasets/WEO,April 2026 vintage; general government; percent of GDP; Fiscal Monitor used only where WEO is unavailable.
CAN,Canada,2002,revenue,Revenue,40.1600,actual,IMF WEO,https://data.imf.org/Datasets/WEO,April 2026 vintage; general government; percent of GDP; Fiscal Monitor used only where WEO is unavailable.
CAN,Canada,2002,primary_expenditure,Primary expenditure,37.9040,actual,IMF WEO / derived,https://data.imf.org/Datasets/WEO,Primary expenditure = revenue - primary balance.
CAN,Canada,2002,gross_debt,Gross debt,79.6040,actual,IMF WEO,https://data.imf.org/Datasets/WEO,April 2026 vintage; general government; percent of GDP; Fiscal Monitor used only where WEO is unavailable.
CAN,Canada,2002,net_debt,Net debt,38.9440,actual,IMF WEO,https://data.imf.org/Datasets/WEO,April 2026 vintage; general government; percent of GDP; Fiscal Monitor used only where WEO is unavailable.
CAN,Canada,2003,overall_balance,Overall balance,-0.1270,actual,IMF WEO,https://data.imf.org/Datasets/WEO,April 2026 vintage; general government; percent of GDP; Fiscal Monitor used only where WEO is unavailable.
CAN,Canada,2003,primary_balance,Primary balance,1.6450,actual,IMF WEO,https://data.imf.org/Datasets/WEO,April 2026 vintage; general government; percent of GDP; Fiscal Monitor used only where WEO is unavailable.
CAN,Canada,2003,revenue,Revenue,40.1490,actual,IMF WEO,https://data.imf.org/Datasets/WEO,April 2026 vintage; general government; percent of GDP; Fiscal Monitor used only where WEO is unavailable.
CAN,Canada,2003,primary_expenditure,Primary expenditure,38.5040,actual,IMF WEO / derived,https://data.imf.org/Datasets/WEO,Primary expenditure = revenue - primary balance.
CAN,Canada,2003,gross_debt,Gross debt,75.9120,actual,IMF WEO,https://data.imf.org/Datasets/WEO,April 2026 vintage; general government; percent of GDP; Fiscal Monitor used only where WEO is unavailable.
CAN,Canada,2003,net_debt,Net debt,35.4330,actual,IMF WEO,https://data.imf.org/Datasets/WEO,April 2026 vintage; general government; percent of GDP; Fiscal Monitor used only where WEO is unavailable.
CAN,Canada,2004,overall_balance,Overall balance,0.7680,actual,IMF WEO,https://data.imf.org/Datasets/WEO,April 2026 vintage; general government; percent of GDP; Fiscal Monitor used only where WEO is unavailable.
CAN,Canada,2004,primary_balance,Primary balance,2.2580,actual,IMF WEO,https://data.imf.org/Datasets/WEO,April 2026 vintage; general government; percent of GDP; Fiscal Monitor used only where WEO is unavailable.
CAN,Canada,2004,revenue,Revenue,39.9020,actual,IMF WEO,https://data.imf.org/Datasets/WEO,April 2026 vintage; general government; percent of GDP; Fiscal Monitor used only where WEO is unavailable.
CAN,Canada,2004,primary_expenditure,Primary expenditure,37.6440,actual,IMF WEO / derived,https://data.imf.org/Datasets/WEO,Primary expenditure = revenue - primary balance.
CAN,Canada,2004,gross_debt,Gross debt,71.8890,actual,IMF WEO,https://data.imf.org/Datasets/WEO,April 2026 vintage; general government; percent of GDP; Fiscal Monitor used only where WEO is unavailable.
CAN,Canada,2004,net_debt,Net debt,34.6190,actual,IMF WEO,https://data.imf.org/Datasets/WEO,April 2026 vintage; general government; percent of GDP; Fiscal Monitor used only where WEO is unavailable.
CAN,Canada,2005,overall_balance,Overall balance,1.5530,actual,IMF WEO,https://data.imf.org/Datasets/WEO,April 2026 vintage; general government; percent of GDP; Fiscal Monitor used only where WEO is unavailable.
CAN,Canada,2005,primary_balance,Primary balance,2.5320,actual,IMF WEO,https://data.imf.org/Datasets/WEO,April 2026 vintage; general government; percent of GDP; Fiscal Monitor used only where WEO is unavailable.
CAN,Canada,2005,revenue,Revenue,40.0740,actual,IMF WEO,https://data.imf.org/Datasets/WEO,April 2026 vintage; general government; percent of GDP; Fiscal Monitor used only where WEO is unavailable.
CAN,Canada,2005,primary_expenditure,Primary expenditure,37.5420,actual,IMF WEO / derived,https://data.imf.org/Datasets/WEO,Primary expenditure = revenue - primary balance.
CAN,Canada,2005,gross_debt,Gross debt,70.6400,actual,IMF WEO,https://data.imf.org/Datasets/WEO,April 2026 vintage; general government; percent of GDP; Fiscal Monitor used only where WEO is unavailable.
CAN,Canada,2005,net_debt,Net debt,29.3150,actual,IMF WEO,https://data.imf.org/Datasets/WEO,April 2026 vintage; general government; percent of GDP; Fiscal Monitor used only where WEO is unavailable.
CAN,Canada,2006,overall_balance,Overall balance,1.8280,actual,IMF WEO,https://data.imf.org/Datasets/WEO,April 2026 vintage; general government; percent of GDP; Fiscal Monitor used only where WEO is unavailable.
CAN,Canada,2006,primary_balance,Primary balance,2.4110,actual,IMF WEO,https://data.imf.org/Datasets/WEO,April 2026 vintage; general government; percent of GDP; Fiscal Monitor used only where WEO is unavailable.
CAN,Canada,2006,revenue,Revenue,40.4880,actual,IMF WEO,https://data.imf.org/Datasets/WEO,April 2026 vintage; general government; percent of GDP; Fiscal Monitor used only where WEO is unavailable.
CAN,Canada,2006,primary_expenditure,Primary expenditure,38.0770,actual,IMF WEO / derived,https://data.imf.org/Datasets/WEO,Primary expenditure = revenue - primary balance.
CAN,Canada,2006,gross_debt,Gross debt,69.9200,actual,IMF WEO,https://data.imf.org/Datasets/WEO,April 2026 vintage; general government; percent of GDP; Fiscal Monitor used only where WEO is unavailable.
CAN,Canada,2006,net_debt,Net debt,24.9790,actual,IMF WEO,https://data.imf.org/Datasets/WEO,April 2026 vintage; general government; percent of GDP; Fiscal Monitor used only where WEO is unavailable.
CAN,Canada,2007,overall_balance,Overall balance,1.8200,actual,IMF WEO,https://data.imf.org/Datasets/WEO,April 2026 vintage; general government; percent of GDP; Fiscal Monitor used only where WEO is unavailable.
CAN,Canada,2007,primary_balance,Primary balance,2.3680,actual,IMF WEO,https://data.imf.org/Datasets/WEO,April 2026 vintage; general government; percent of GDP; Fiscal Monitor used only where WEO is unavailable.
CAN,Canada,2007,revenue,Revenue,40.3390,actual,IMF WEO,https://data.imf.org/Datasets/WEO,April 2026 vintage; general government; percent of GDP; Fiscal Monitor used only where WEO is unavailable.
CAN,Canada,2007,primary_expenditure,Primary expenditure,37.9710,actual,IMF WEO / derived,https://data.imf.org/Datasets/WEO,Primary expenditure = revenue - primary balance.
CAN,Canada,2007,gross_debt,Gross debt,67.1810,actual,IMF WEO,https://data.imf.org/Datasets/WEO,April 2026 vintage; general government; percent of GDP; Fiscal Monitor used only where WEO is unavailable.
CAN,Canada,2007,net_debt,Net debt,22.1080,actual,IMF WEO,https://data.imf.org/Datasets/WEO,April 2026 vintage; general government; percent of GDP; Fiscal Monitor used only where WEO is unavailable.
CAN,Canada,2008,overall_balance,Overall balance,0.1840,actual,IMF WEO,https://data.imf.org/Datasets/WEO,April 2026 vintage; general government; percent of GDP; Fiscal Monitor used only where WEO is unavailable.
CAN,Canada,2008,primary_balance,Primary balance,0.4660,actual,IMF WEO,https://data.imf.org/Datasets/WEO,April 2026 vintage; general government; percent of GDP; Fiscal Monitor used only where WEO is unavailable.
CAN,Canada,2008,revenue,Revenue,38.9600,actual,IMF WEO,https://data.imf.org/Datasets/WEO,April 2026 vintage; general government; percent of GDP; Fiscal Monitor used only where WEO is unavailable.
CAN,Canada,2008,primary_expenditure,Primary expenditure,38.4940,actual,IMF WEO / derived,https://data.imf.org/Datasets/WEO,Primary expenditure = revenue - primary balance.
CAN,Canada,2008,gross_debt,Gross debt,70.3560,actual,IMF WEO,https://data.imf.org/Datasets/WEO,April 2026 vintage; general government; percent of GDP; Fiscal Monitor used only where WEO is unavailable.
CAN,Canada,2008,net_debt,Net debt,22.7730,actual,IMF WEO,https://data.imf.org/Datasets/WEO,April 2026 vintage; general government; percent of GDP; Fiscal Monitor used only where WEO is unavailable.
CAN,Canada,2009,overall_balance,Overall balance,-3.8810,actual,IMF WEO,https://data.imf.org/Datasets/WEO,April 2026 vintage; general government; percent of GDP; Fiscal Monitor used only where WEO is unavailable.
CAN,Canada,2009,primary_balance,Primary balance,-2.7760,actual,IMF WEO,https://data.imf.org/Datasets/WEO,April 2026 vintage; general government; percent of GDP; Fiscal Monitor used only where WEO is unavailable.
CAN,Canada,2009,revenue,Revenue,39.5390,actual,IMF WEO,https://data.imf.org/Datasets/WEO,April 2026 vintage; general government; percent of GDP; Fiscal Monitor used only where WEO is unavailable.
CAN,Canada,2009,primary_expenditure,Primary expenditure,42.3150,actual,IMF WEO / derived,https://data.imf.org/Datasets/WEO,Primary expenditure = revenue - primary balance.
CAN,Canada,2009,gross_debt,Gross debt,81.8030,actual,IMF WEO,https://data.imf.org/Datasets/WEO,April 2026 vintage; general government; percent of GDP; Fiscal Monitor used only where WEO is unavailable.
CAN,Canada,2009,net_debt,Net debt,26.8690,actual,IMF WEO,https://data.imf.org/Datasets/WEO,April 2026 vintage; general government; percent of GDP; Fiscal Monitor used only where WEO is unavailable.
CAN,Canada,2010,overall_balance,Overall balance,-4.7380,actual,IMF WEO,https://data.imf.org/Datasets/WEO,April 2026 vintage; general government; percent of GDP; Fiscal Monitor used only where WEO is unavailable.
CAN,Canada,2010,primary_balance,Primary balance,-3.9000,actual,IMF WEO,https://data.imf.org/Datasets/WEO,April 2026 vintage; general government; percent of GDP; Fiscal Monitor used only where WEO is unavailable.
CAN,Canada,2010,revenue,Revenue,38.3260,actual,IMF WEO,https://data.imf.org/Datasets/WEO,April 2026 vintage; general government; percent of GDP; Fiscal Monitor used only where WEO is unavailable.
CAN,Canada,2010,primary_expenditure,Primary expenditure,42.2260,actual,IMF WEO / derived,https://data.imf.org/Datasets/WEO,Primary expenditure = revenue - primary balance.
CAN,Canada,2010,gross_debt,Gross debt,83.9750,actual,IMF WEO,https://data.imf.org/Datasets/WEO,April 2026 vintage; general government; percent of GDP; Fiscal Monitor used only where WEO is unavailable.
CAN,Canada,2010,net_debt,Net debt,28.3770,actual,IMF WEO,https://data.imf.org/Datasets/WEO,April 2026 vintage; general government; percent of GDP; Fiscal Monitor used only where WEO is unavailable.
CAN,Canada,2011,overall_balance,Overall balance,-3.3090,actual,IMF WEO,https://data.imf.org/Datasets/WEO,April 2026 vintage; general government; percent of GDP; Fiscal Monitor used only where WEO is unavailable.
CAN,Canada,2011,primary_balance,Primary balance,-2.7010,actual,IMF WEO,https://data.imf.org/Datasets/WEO,April 2026 vintage; general government; percent of GDP; Fiscal Monitor used only where WEO is unavailable.
CAN,Canada,2011,revenue,Revenue,38.2670,actual,IMF WEO,https://data.imf.org/Datasets/WEO,April 2026 vintage; general government; percent of GDP; Fiscal Monitor used only where WEO is unavailable.
CAN,Canada,2011,primary_expenditure,Primary expenditure,40.9680,actual,IMF WEO / derived,https://data.imf.org/Datasets/WEO,Primary expenditure = revenue - primary balance.
CAN,Canada,2011,gross_debt,Gross debt,84.2840,actual,IMF WEO,https://data.imf.org/Datasets/WEO,April 2026 vintage; general government; percent of GDP; Fiscal Monitor used only where WEO is unavailable.
CAN,Canada,2011,net_debt,Net debt,29.0460,actual,IMF WEO,https://data.imf.org/Datasets/WEO,April 2026 vintage; general government; percent of GDP; Fiscal Monitor used only where WEO is unavailable.
CAN,Canada,2012,overall_balance,Overall balance,-2.5250,actual,IMF WEO,https://data.imf.org/Datasets/WEO,April 2026 vintage; general government; percent of GDP; Fiscal Monitor used only where WEO is unavailable.
CAN,Canada,2012,primary_balance,Primary balance,-1.8220,actual,IMF WEO,https://data.imf.org/Datasets/WEO,April 2026 vintage; general government; percent of GDP; Fiscal Monitor used only where WEO is unavailable.
CAN,Canada,2012,revenue,Revenue,38.4020,actual,IMF WEO,https://data.imf.org/Datasets/WEO,April 2026 vintage; general government; percent of GDP; Fiscal Monitor used only where WEO is unavailable.
CAN,Canada,2012,primary_expenditure,Primary expenditure,40.2240,actual,IMF WEO / derived,https://data.imf.org/Datasets/WEO,Primary expenditure = revenue - primary balance.
CAN,Canada,2012,gross_debt,Gross debt,87.0150,actual,IMF WEO,https://data.imf.org/Datasets/WEO,April 2026 vintage; general government; percent of GDP; Fiscal Monitor used only where WEO is unavailable.
CAN,Canada,2012,net_debt,Net debt,28.6140,actual,IMF WEO,https://data.imf.org/Datasets/WEO,April 2026 vintage; general government; percent of GDP; Fiscal Monitor used only where WEO is unavailable.
CAN,Canada,2013,overall_balance,Overall balance,-1.4950,actual,IMF WEO,https://data.imf.org/Datasets/WEO,April 2026 vintage; general government; percent of GDP; Fiscal Monitor used only where WEO is unavailable.
CAN,Canada,2013,primary_balance,Primary balance,-0.9940,actual,IMF WEO,https://data.imf.org/Datasets/WEO,April 2026 vintage; general government; percent of GDP; Fiscal Monitor used only where WEO is unavailable.
CAN,Canada,2013,revenue,Revenue,38.4660,actual,IMF WEO,https://data.imf.org/Datasets/WEO,April 2026 vintage; general government; percent of GDP; Fiscal Monitor used only where WEO is unavailable.
CAN,Canada,2013,primary_expenditure,Primary expenditure,39.4600,actual,IMF WEO / derived,https://data.imf.org/Datasets/WEO,Primary expenditure = revenue - primary balance.
CAN,Canada,2013,gross_debt,Gross debt,87.7030,actual,IMF WEO,https://data.imf.org/Datasets/WEO,April 2026 vintage; general government; percent of GDP; Fiscal Monitor used only where WEO is unavailable.
CAN,Canada,2013,net_debt,Net debt,27.0160,actual,IMF WEO,https://data.imf.org/Datasets/WEO,April 2026 vintage; general government; percent of GDP; Fiscal Monitor used only where WEO is unavailable.
CAN,Canada,2014,overall_balance,Overall balance,0.1750,actual,IMF WEO,https://data.imf.org/Datasets/WEO,April 2026 vintage; general government; percent of GDP; Fiscal Monitor used only where WEO is unavailable.
CAN,Canada,2014,primary_balance,Primary balance,0.4510,actual,IMF WEO,https://data.imf.org/Datasets/WEO,April 2026 vintage; general government; percent of GDP; Fiscal Monitor used only where WEO is unavailable.
CAN,Canada,2014,revenue,Revenue,38.5450,actual,IMF WEO,https://data.imf.org/Datasets/WEO,April 2026 vintage; general government; percent of GDP; Fiscal Monitor used only where WEO is unavailable.
CAN,Canada,2014,primary_expenditure,Primary expenditure,38.0940,actual,IMF WEO / derived,https://data.imf.org/Datasets/WEO,Primary expenditure = revenue - primary balance.
CAN,Canada,2014,gross_debt,Gross debt,85.7550,actual,IMF WEO,https://data.imf.org/Datasets/WEO,April 2026 vintage; general government; percent of GDP; Fiscal Monitor used only where WEO is unavailable.
CAN,Canada,2014,net_debt,Net debt,22.0820,actual,IMF WEO,https://data.imf.org/Datasets/WEO,April 2026 vintage; general government; percent of GDP; Fiscal Monitor used only where WEO is unavailable.
CAN,Canada,2015,overall_balance,Overall balance,-0.0620,actual,IMF WEO,https://data.imf.org/Datasets/WEO,April 2026 vintage; general government; percent of GDP; Fiscal Monitor used only where WEO is unavailable.
CAN,Canada,2015,primary_balance,Primary balance,0.5880,actual,IMF WEO,https://data.imf.org/Datasets/WEO,April 2026 vintage; general government; percent of GDP; Fiscal Monitor used only where WEO is unavailable.
CAN,Canada,2015,revenue,Revenue,39.9570,actual,IMF WEO,https://data.imf.org/Datasets/WEO,April 2026 vintage; general government; percent of GDP; Fiscal Monitor used only where WEO is unavailable.
CAN,Canada,2015,primary_expenditure,Primary expenditure,39.3690,actual,IMF WEO / derived,https://data.imf.org/Datasets/WEO,Primary expenditure = revenue - primary balance.
CAN,Canada,2015,gross_debt,Gross debt,92.2830,actual,IMF WEO,https://data.imf.org/Datasets/WEO,April 2026 vintage; general government; percent of GDP; Fiscal Monitor used only where WEO is unavailable.
CAN,Canada,2015,net_debt,Net debt,18.9440,actual,IMF WEO,https://data.imf.org/Datasets/WEO,April 2026 vintage; general government; percent of GDP; Fiscal Monitor used only where WEO is unavailable.
CAN,Canada,2016,overall_balance,Overall balance,-0.4530,actual,IMF WEO,https://data.imf.org/Datasets/WEO,April 2026 vintage; general government; percent of GDP; Fiscal Monitor used only where WEO is unavailable.
CAN,Canada,2016,primary_balance,Primary balance,0.1310,actual,IMF WEO,https://data.imf.org/Datasets/WEO,April 2026 vintage; general government; percent of GDP; Fiscal Monitor used only where WEO is unavailable.
CAN,Canada,2016,revenue,Revenue,40.3000,actual,IMF WEO,https://data.imf.org/Datasets/WEO,April 2026 vintage; general government; percent of GDP; Fiscal Monitor used only where WEO is unavailable.
CAN,Canada,2016,primary_expenditure,Primary expenditure,40.1690,actual,IMF WEO / derived,https://data.imf.org/Datasets/WEO,Primary expenditure = revenue - primary balance.
CAN,Canada,2016,gross_debt,Gross debt,92.4780,actual,IMF WEO,https://data.imf.org/Datasets/WEO,April 2026 vintage; general government; percent of GDP; Fiscal Monitor used only where WEO is unavailable.
CAN,Canada,2016,net_debt,Net debt,18.2060,actual,IMF WEO,https://data.imf.org/Datasets/WEO,April 2026 vintage; general government; percent of GDP; Fiscal Monitor used only where WEO is unavailable.
CAN,Canada,2017,overall_balance,Overall balance,-0.1120,actual,IMF WEO,https://data.imf.org/Datasets/WEO,April 2026 vintage; general government; percent of GDP; Fiscal Monitor used only where WEO is unavailable.
CAN,Canada,2017,primary_balance,Primary balance,0.0890,actual,IMF WEO,https://data.imf.org/Datasets/WEO,April 2026 vintage; general government; percent of GDP; Fiscal Monitor used only where WEO is unavailable.
CAN,Canada,2017,revenue,Revenue,40.3430,actual,IMF WEO,https://data.imf.org/Datasets/WEO,April 2026 vintage; general government; percent of GDP; Fiscal Monitor used only where WEO is unavailable.
CAN,Canada,2017,primary_expenditure,Primary expenditure,40.2540,actual,IMF WEO / derived,https://data.imf.org/Datasets/WEO,Primary expenditure = revenue - primary balance.
CAN,Canada,2017,gross_debt,Gross debt,90.9890,actual,IMF WEO,https://data.imf.org/Datasets/WEO,April 2026 vintage; general government; percent of GDP; Fiscal Monitor used only where WEO is unavailable.
CAN,Canada,2017,net_debt,Net debt,12.8160,actual,IMF WEO,https://data.imf.org/Datasets/WEO,April 2026 vintage; general government; percent of GDP; Fiscal Monitor used only where WEO is unavailable.
CAN,Canada,2018,overall_balance,Overall balance,0.3600,actual,IMF WEO,https://data.imf.org/Datasets/WEO,April 2026 vintage; general government; percent of GDP; Fiscal Monitor used only where WEO is unavailable.
CAN,Canada,2018,primary_balance,Primary balance,0.4620,actual,IMF WEO,https://data.imf.org/Datasets/WEO,April 2026 vintage; general government; percent of GDP; Fiscal Monitor used only where WEO is unavailable.
CAN,Canada,2018,revenue,Revenue,41.0220,actual,IMF WEO,https://data.imf.org/Datasets/WEO,April 2026 vintage; general government; percent of GDP; Fiscal Monitor used only where WEO is unavailable.
CAN,Canada,2018,primary_expenditure,Primary expenditure,40.5600,actual,IMF WEO / derived,https://data.imf.org/Datasets/WEO,Primary expenditure = revenue - primary balance.
CAN,Canada,2018,gross_debt,Gross debt,90.7560,actual,IMF WEO,https://data.imf.org/Datasets/WEO,April 2026 vintage; general government; percent of GDP; Fiscal Monitor used only where WEO is unavailable.
CAN,Canada,2018,net_debt,Net debt,11.8430,actual,IMF WEO,https://data.imf.org/Datasets/WEO,April 2026 vintage; general government; percent of GDP; Fiscal Monitor used only where WEO is unavailable.
CAN,Canada,2019,overall_balance,Overall balance,-0.0170,actual,IMF WEO,https://data.imf.org/Datasets/WEO,April 2026 vintage; general government; percent of GDP; Fiscal Monitor used only where WEO is unavailable.
CAN,Canada,2019,primary_balance,Primary balance,0.1040,actual,IMF WEO,https://data.imf.org/Datasets/WEO,April 2026 vintage; general government; percent of GDP; Fiscal Monitor used only where WEO is unavailable.
CAN,Canada,2019,revenue,Revenue,40.5720,actual,IMF WEO,https://data.imf.org/Datasets/WEO,April 2026 vintage; general government; percent of GDP; Fiscal Monitor used only where WEO is unavailable.
CAN,Canada,2019,primary_expenditure,Primary expenditure,40.4680,actual,IMF WEO / derived,https://data.imf.org/Datasets/WEO,Primary expenditure = revenue - primary balance.
CAN,Canada,2019,gross_debt,Gross debt,90.1100,actual,IMF WEO,https://data.imf.org/Datasets/WEO,April 2026 vintage; general government; percent of GDP; Fiscal Monitor used only where WEO is unavailable.
CAN,Canada,2019,net_debt,Net debt,8.7270,actual,IMF WEO,https://data.imf.org/Datasets/WEO,April 2026 vintage; general government; percent of GDP; Fiscal Monitor used only where WEO is unavailable.
CAN,Canada,2020,overall_balance,Overall balance,-10.9490,actual,IMF WEO,https://data.imf.org/Datasets/WEO,April 2026 vintage; general government; percent of GDP; Fiscal Monitor used only where WEO is unavailable.
CAN,Canada,2020,primary_balance,Primary balance,-10.4550,actual,IMF WEO,https://data.imf.org/Datasets/WEO,April 2026 vintage; general government; percent of GDP; Fiscal Monitor used only where WEO is unavailable.
CAN,Canada,2020,revenue,Revenue,41.4130,actual,IMF WEO,https://data.imf.org/Datasets/WEO,April 2026 vintage; general government; percent of GDP; Fiscal Monitor used only where WEO is unavailable.
CAN,Canada,2020,primary_expenditure,Primary expenditure,51.8680,actual,IMF WEO / derived,https://data.imf.org/Datasets/WEO,Primary expenditure = revenue - primary balance.
CAN,Canada,2020,gross_debt,Gross debt,118.0640,actual,IMF WEO,https://data.imf.org/Datasets/WEO,April 2026 vintage; general government; percent of GDP; Fiscal Monitor used only where WEO is unavailable.
CAN,Canada,2020,net_debt,Net debt,16.2390,actual,IMF WEO,https://data.imf.org/Datasets/WEO,April 2026 vintage; general government; percent of GDP; Fiscal Monitor used only where WEO is unavailable.
CAN,Canada,2021,overall_balance,Overall balance,-3.0570,actual,IMF WEO,https://data.imf.org/Datasets/WEO,April 2026 vintage; general government; percent of GDP; Fiscal Monitor used only where WEO is unavailable.
CAN,Canada,2021,primary_balance,Primary balance,-3.7000,actual,IMF WEO,https://data.imf.org/Datasets/WEO,April 2026 vintage; general government; percent of GDP; Fiscal Monitor used only where WEO is unavailable.
CAN,Canada,2021,revenue,Revenue,42.4140,actual,IMF WEO,https://data.imf.org/Datasets/WEO,April 2026 vintage; general government; percent of GDP; Fiscal Monitor used only where WEO is unavailable.
CAN,Canada,2021,primary_expenditure,Primary expenditure,46.1140,actual,IMF WEO / derived,https://data.imf.org/Datasets/WEO,Primary expenditure = revenue - primary balance.
CAN,Canada,2021,gross_debt,Gross debt,112.6060,actual,IMF WEO,https://data.imf.org/Datasets/WEO,April 2026 vintage; general government; percent of GDP; Fiscal Monitor used only where WEO is unavailable.
CAN,Canada,2021,net_debt,Net debt,14.1090,actual,IMF WEO,https://data.imf.org/Datasets/WEO,April 2026 vintage; general government; percent of GDP; Fiscal Monitor used only where WEO is unavailable.
CAN,Canada,2022,overall_balance,Overall balance,0.6170,actual,IMF WEO,https://data.imf.org/Datasets/WEO,April 2026 vintage; general government; percent of GDP; Fiscal Monitor used only where WEO is unavailable.
CAN,Canada,2022,primary_balance,Primary balance,0.2070,actual,IMF WEO,https://data.imf.org/Datasets/WEO,April 2026 vintage; general government; percent of GDP; Fiscal Monitor used only where WEO is unavailable.
CAN,Canada,2022,revenue,Revenue,41.0300,actual,IMF WEO,https://data.imf.org/Datasets/WEO,April 2026 vintage; general government; percent of GDP; Fiscal Monitor used only where WEO is unavailable.
CAN,Canada,2022,primary_expenditure,Primary expenditure,40.8230,actual,IMF WEO / derived,https://data.imf.org/Datasets/WEO,Primary expenditure = revenue - primary balance.
CAN,Canada,2022,gross_debt,Gross debt,103.5410,actual,IMF WEO,https://data.imf.org/Datasets/WEO,April 2026 vintage; general government; percent of GDP; Fiscal Monitor used only where WEO is unavailable.
CAN,Canada,2022,net_debt,Net debt,13.3280,actual,IMF WEO,https://data.imf.org/Datasets/WEO,April 2026 vintage; general government; percent of GDP; Fiscal Monitor used only where WEO is unavailable.
CAN,Canada,2023,overall_balance,Overall balance,-0.1620,actual,IMF WEO,https://data.imf.org/Datasets/WEO,April 2026 vintage; general government; percent of GDP; Fiscal Monitor used only where WEO is unavailable.
CAN,Canada,2023,primary_balance,Primary balance,-0.0380,actual,IMF WEO,https://data.imf.org/Datasets/WEO,April 2026 vintage; general government; percent of GDP; Fiscal Monitor used only where WEO is unavailable.
CAN,Canada,2023,revenue,Revenue,41.6450,actual,IMF WEO,https://data.imf.org/Datasets/WEO,April 2026 vintage; general government; percent of GDP; Fiscal Monitor used only where WEO is unavailable.
CAN,Canada,2023,primary_expenditure,Primary expenditure,41.6830,actual,IMF WEO / derived,https://data.imf.org/Datasets/WEO,Primary expenditure = revenue - primary balance.
CAN,Canada,2023,gross_debt,Gross debt,105.0710,actual,IMF WEO,https://data.imf.org/Datasets/WEO,April 2026 vintage; general government; percent of GDP; Fiscal Monitor used only where WEO is unavailable.
CAN,Canada,2023,net_debt,Net debt,12.7420,actual,IMF WEO,https://data.imf.org/Datasets/WEO,April 2026 vintage; general government; percent of GDP; Fiscal Monitor used only where WEO is unavailable.
CAN,Canada,2024,overall_balance,Overall balance,-2.1220,actual,IMF WEO,https://data.imf.org/Datasets/WEO,April 2026 vintage; general government; percent of GDP; Fiscal Monitor used only where WEO is unavailable.
CAN,Canada,2024,primary_balance,Primary balance,-2.1160,actual,IMF WEO,https://data.imf.org/Datasets/WEO,April 2026 vintage; general government; percent of GDP; Fiscal Monitor used only where WEO is unavailable.
CAN,Canada,2024,revenue,Revenue,42.2210,actual,IMF WEO,https://data.imf.org/Datasets/WEO,April 2026 vintage; general government; percent of GDP; Fiscal Monitor used only where WEO is unavailable.
CAN,Canada,2024,primary_expenditure,Primary expenditure,44.3370,actual,IMF WEO / derived,https://data.imf.org/Datasets/WEO,Primary expenditure = revenue - primary balance.
CAN,Canada,2024,gross_debt,Gross debt,110.0190,actual,IMF WEO,https://data.imf.org/Datasets/WEO,April 2026 vintage; general government; percent of GDP; Fiscal Monitor used only where WEO is unavailable.
CAN,Canada,2024,net_debt,Net debt,10.8340,actual,IMF WEO,https://data.imf.org/Datasets/WEO,April 2026 vintage; general government; percent of GDP; Fiscal Monitor used only where WEO is unavailable.
CAN,Canada,2025,overall_balance,Overall balance,-1.7650,estimate,IMF WEO,https://data.imf.org/Datasets/WEO,April 2026 vintage; general government; percent of GDP; Fiscal Monitor used only where WEO is unavailable.
CAN,Canada,2025,primary_balance,Primary balance,-2.0940,estimate,IMF WEO,https://data.imf.org/Datasets/WEO,April 2026 vintage; general government; percent of GDP; Fiscal Monitor used only where WEO is unavailable.
CAN,Canada,2025,revenue,Revenue,42.1860,estimate,IMF WEO,https://data.imf.org/Datasets/WEO,April 2026 vintage; general government; percent of GDP; Fiscal Monitor used only where WEO is unavailable.
CAN,Canada,2025,primary_expenditure,Primary expenditure,44.2800,estimate,IMF WEO / derived,https://data.imf.org/Datasets/WEO,Primary expenditure = revenue - primary balance.
CAN,Canada,2025,gross_debt,Gross debt,113.5060,estimate,IMF WEO,https://data.imf.org/Datasets/WEO,April 2026 vintage; general government; percent of GDP; Fiscal Monitor used only where WEO is unavailable.
CAN,Canada,2025,net_debt,Net debt,10.1920,estimate,IMF WEO,https://data.imf.org/Datasets/WEO,April 2026 vintage; general government; percent of GDP; Fiscal Monitor used only where WEO is unavailable.
CAN,Canada,2026,overall_balance,Overall balance,-2.6720,projection,IMF WEO,https://data.imf.org/Datasets/WEO,April 2026 vintage; general government; percent of GDP; Fiscal Monitor used only where WEO is unavailable.
CAN,Canada,2026,primary_balance,Primary balance,-2.4310,projection,IMF WEO,https://data.imf.org/Datasets/WEO,April 2026 vintage; general government; percent of GDP; Fiscal Monitor used only where WEO is unavailable.
CAN,Canada,2026,revenue,Revenue,41.8970,projection,IMF WEO,https://data.imf.org/Datasets/WEO,April 2026 vintage; general government; percent of GDP; Fiscal Monitor used only where WEO is unavailable.
CAN,Canada,2026,primary_expenditure,Primary expenditure,44.3280,projection,IMF WEO / derived,https://data.imf.org/Datasets/WEO,Primary expenditure = revenue - primary balance.
CAN,Canada,2026,gross_debt,Gross debt,110.7330,projection,IMF WEO,https://data.imf.org/Datasets/WEO,April 2026 vintage; general government; percent of GDP; Fiscal Monitor used only where WEO is unavailable.
CAN,Canada,2026,net_debt,Net debt,10.3420,projection,IMF WEO,https://data.imf.org/Datasets/WEO,April 2026 vintage; general government; percent of GDP; Fiscal Monitor used only where WEO is unavailable.
CAN,Canada,2027,overall_balance,Overall balance,-2.4890,projection,IMF WEO,https://data.imf.org/Datasets/WEO,April 2026 vintage; general government; percent of GDP; Fiscal Monitor used only where WEO is unavailable.
CAN,Canada,2027,primary_balance,Primary balance,-2.0120,projection,IMF WEO,https://data.imf.org/Datasets/WEO,April 2026 vintage; general government; percent of GDP; Fiscal Monitor used only where WEO is unavailable.
CAN,Canada,2027,revenue,Revenue,41.7170,projection,IMF WEO,https://data.imf.org/Datasets/WEO,April 2026 vintage; general government; percent of GDP; Fiscal Monitor used only where WEO is unavailable.
CAN,Canada,2027,primary_expenditure,Primary expenditure,43.7290,projection,IMF WEO / derived,https://data.imf.org/Datasets/WEO,Primary expenditure = revenue - primary balance.
CAN,Canada,2027,gross_debt,Gross debt,109.4540,projection,IMF WEO,https://data.imf.org/Datasets/WEO,April 2026 vintage; general government; percent of GDP; Fiscal Monitor used only where WEO is unavailable.
CAN,Canada,2027,net_debt,Net debt,10.6800,projection,IMF WEO,https://data.imf.org/Datasets/WEO,April 2026 vintage; general government; percent of GDP; Fiscal Monitor used only where WEO is unavailable.
CAN,Canada,2028,overall_balance,Overall balance,-2.2110,projection,IMF WEO,https://data.imf.org/Datasets/WEO,April 2026 vintage; general government; percent of GDP; Fiscal Monitor used only where WEO is unavailable.
CAN,Canada,2028,primary_balance,Primary balance,-1.5680,projection,IMF WEO,https://data.imf.org/Datasets/WEO,April 2026 vintage; general government; percent of GDP; Fiscal Monitor used only where WEO is unavailable.
CAN,Canada,2028,revenue,Revenue,41.5880,projection,IMF WEO,https://data.imf.org/Datasets/WEO,April 2026 vintage; general government; percent of GDP; Fiscal Monitor used only where WEO is unavailable.
CAN,Canada,2028,primary_expenditure,Primary expenditure,43.1560,projection,IMF WEO / derived,https://data.imf.org/Datasets/WEO,Primary expenditure = revenue - primary balance.
CAN,Canada,2028,gross_debt,Gross debt,108.0880,projection,IMF WEO,https://data.imf.org/Datasets/WEO,April 2026 vintage; general government; percent of GDP; Fiscal Monitor used only where WEO is unavailable.
CAN,Canada,2028,net_debt,Net debt,10.6990,projection,IMF WEO,https://data.imf.org/Datasets/WEO,April 2026 vintage; general government; percent of GDP; Fiscal Monitor used only where WEO is unavailable.
CAN,Canada,2029,overall_balance,Overall balance,-1.9850,projection,IMF WEO,https://data.imf.org/Datasets/WEO,April 2026 vintage; general government; percent of GDP; Fiscal Monitor used only where WEO is unavailable.
CAN,Canada,2029,primary_balance,Primary balance,-1.2770,projection,IMF WEO,https://data.imf.org/Datasets/WEO,April 2026 vintage; general government; percent of GDP; Fiscal Monitor used only where WEO is unavailable.
CAN,Canada,2029,revenue,Revenue,41.5770,projection,IMF WEO,https://data.imf.org/Datasets/WEO,April 2026 vintage; general government; percent of GDP; Fiscal Monitor used only where WEO is unavailable.
CAN,Canada,2029,primary_expenditure,Primary expenditure,42.8540,projection,IMF WEO / derived,https://data.imf.org/Datasets/WEO,Primary expenditure = revenue - primary balance.
CAN,Canada,2029,gross_debt,Gross debt,106.6850,projection,IMF WEO,https://data.imf.org/Datasets/WEO,April 2026 vintage; general government; percent of GDP; Fiscal Monitor used only where WEO is unavailable.
CAN,Canada,2029,net_debt,Net debt,10.6970,projection,IMF WEO,https://data.imf.org/Datasets/WEO,April 2026 vintage; general government; percent of GDP; Fiscal Monitor used only where WEO is unavailable.
CAN,Canada,2030,overall_balance,Overall balance,-1.7310,projection,IMF WEO,https://data.imf.org/Datasets/WEO,April 2026 vintage; general government; percent of GDP; Fiscal Monitor used only where WEO is unavailable.
CAN,Canada,2030,primary_balance,Primary balance,-0.9830,projection,IMF WEO,https://data.imf.org/Datasets/WEO,April 2026 vintage; general government; percent of GDP; Fiscal Monitor used only where WEO is unavailable.
CAN,Canada,2030,revenue,Revenue,41.6200,projection,IMF WEO,https://data.imf.org/Datasets/WEO,April 2026 vintage; general government; percent of GDP; Fiscal Monitor used only where WEO is unavailable.
CAN,Canada,2030,primary_expenditure,Primary expenditure,42.6030,projection,IMF WEO / derived,https://data.imf.org/Datasets/WEO,Primary expenditure = revenue - primary balance.
CAN,Canada,2030,gross_debt,Gross debt,105.1670,projection,IMF WEO,https://data.imf.org/Datasets/WEO,April 2026 vintage; general government; percent of GDP; Fiscal Monitor used only where WEO is unavailable.
CAN,Canada,2030,net_debt,Net debt,10.5480,projection,IMF WEO,https://data.imf.org/Datasets/WEO,April 2026 vintage; general government; percent of GDP; Fiscal Monitor used only where WEO is unavailable.
CAN,Canada,2031,overall_balance,Overall balance,-1.5240,projection,IMF WEO,https://data.imf.org/Datasets/WEO,April 2026 vintage; general government; percent of GDP; Fiscal Monitor used only where WEO is unavailable.
CAN,Canada,2031,primary_balance,Primary balance,-0.8470,projection,IMF WEO,https://data.imf.org/Datasets/WEO,April 2026 vintage; general government; percent of GDP; Fiscal Monitor used only where WEO is unavailable.
CAN,Canada,2031,revenue,Revenue,41.7280,projection,IMF WEO,https://data.imf.org/Datasets/WEO,April 2026 vintage; general government; percent of GDP; Fiscal Monitor used only where WEO is unavailable.
CAN,Canada,2031,primary_expenditure,Primary expenditure,42.5750,projection,IMF WEO / derived,https://data.imf.org/Datasets/WEO,Primary expenditure = revenue - primary balance.
CAN,Canada,2031,gross_debt,Gross debt,103.5250,projection,IMF WEO,https://data.imf.org/Datasets/WEO,April 2026 vintage; general government; percent of GDP; Fiscal Monitor used only where WEO is unavailable.
CAN,Canada,2031,net_debt,Net debt,10.3980,projection,IMF WEO,https://data.imf.org/Datasets/WEO,April 2026 vintage; general government; percent of GDP; Fiscal Monitor used only where WEO is unavailable.
