KEY,FREQ,REF_AREA,ADJUSTMENT,ICP_ITEM,DATA_PROVIDER,ICP_SUFFIX,TIME_PERIOD,OBS_VALUE,EMBARGO_TIME,COMMENT_OBS,PRE_BREAK_VALUE,CONF_STATUS,OBS_STATUS,TRANSFORMATION,COMMENT_TS,TIME_PER_COLLECT,ADJU_DETAIL,UPDATE_STATUS,TIME_FORMAT,BREAKS,COMPILING_ORG,DATA_COMP,DISS_ORG,DOM_SER_IDS,UNIT_INDEX_BASE,COVERAGE,DECIMALS,SOURCE_AGENCY,TITLE,TITLE_COMPL,UNIT,UNIT_MULT,COMMENT_DSET
HICP.M.U2.Y.XEF000.4F0.INX,M,U2,Y,XEF000,4F0,INX,1997-01,64.16,,,,F,A,,,A,,,P1M,,4F0,,,,2025 = 100,,2,,"HICP Inflation rate - Total excluding energy, food, alcohol and tobacco - Index","Euro area (Member States and Institutions of the Euro Area) changing composition - HICP - Total excluding energy, food, alcohol and tobacco, Index, European Central Bank (ECB), Working day and seasonally adjusted",IX,0,
HICP.M.U2.Y.XEF000.4F0.INX,M,U2,Y,XEF000,4F0,INX,1997-02,64.23,,,,F,A,,,A,,,P1M,,4F0,,,,2025 = 100,,2,,"HICP Inflation rate - Total excluding energy, food, alcohol and tobacco - Index","Euro area (Member States and Institutions of the Euro Area) changing composition - HICP - Total excluding energy, food, alcohol and tobacco, Index, European Central Bank (ECB), Working day and seasonally adjusted",IX,0,
HICP.M.U2.Y.XEF000.4F0.INX,M,U2,Y,XEF000,4F0,INX,1997-03,64.23,,,,F,A,,,A,,,P1M,,4F0,,,,2025 = 100,,2,,"HICP Inflation rate - Total excluding energy, food, alcohol and tobacco - Index","Euro area (Member States and Institutions of the Euro Area) changing composition - HICP - Total excluding energy, food, alcohol and tobacco, Index, European Central Bank (ECB), Working day and seasonally adjusted",IX,0,
HICP.M.U2.Y.XEF000.4F0.INX,M,U2,Y,XEF000,4F0,INX,1997-04,64.22,,,,F,A,,,A,,,P1M,,4F0,,,,2025 = 100,,2,,"HICP Inflation rate - Total excluding energy, food, alcohol and tobacco - Index","Euro area (Member States and Institutions of the Euro Area) changing composition - HICP - Total excluding energy, food, alcohol and tobacco, Index, European Central Bank (ECB), Working day and seasonally adjusted",IX,0,
HICP.M.U2.Y.XEF000.4F0.INX,M,U2,Y,XEF000,4F0,INX,1997-05,64.26,,,,F,A,,,A,,,P1M,,4F0,,,,2025 = 100,,2,,"HICP Inflation rate - Total excluding energy, food, alcohol and tobacco - Index","Euro area (Member States and Institutions of the Euro Area) changing composition - HICP - Total excluding energy, food, alcohol and tobacco, Index, European Central Bank (ECB), Working day and seasonally adjusted",IX,0,
HICP.M.U2.Y.XEF000.4F0.INX,M,U2,Y,XEF000,4F0,INX,1997-06,64.3,,,,F,A,,,A,,,P1M,,4F0,,,,2025 = 100,,2,,"HICP Inflation rate - Total excluding energy, food, alcohol and tobacco - Index","Euro area (Member States and Institutions of the Euro Area) changing composition - HICP - Total excluding energy, food, alcohol and tobacco, Index, European Central Bank (ECB), Working day and seasonally adjusted",IX,0,
HICP.M.U2.Y.XEF000.4F0.INX,M,U2,Y,XEF000,4F0,INX,1997-07,64.37,,,,F,A,,,A,,,P1M,,4F0,,,,2025 = 100,,2,,"HICP Inflation rate - Total excluding energy, food, alcohol and tobacco - Index","Euro area (Member States and Institutions of the Euro Area) changing composition - HICP - Total excluding energy, food, alcohol and tobacco, Index, European Central Bank (ECB), Working day and seasonally adjusted",IX,0,
HICP.M.U2.Y.XEF000.4F0.INX,M,U2,Y,XEF000,4F0,INX,1997-08,64.44,,,,F,A,,,A,,,P1M,,4F0,,,,2025 = 100,,2,,"HICP Inflation rate - Total excluding energy, food, alcohol and tobacco - Index","Euro area (Member States and Institutions of the Euro Area) changing composition - HICP - Total excluding energy, food, alcohol and tobacco, Index, European Central Bank (ECB), Working day and seasonally adjusted",IX,0,
HICP.M.U2.Y.XEF000.4F0.INX,M,U2,Y,XEF000,4F0,INX,1997-09,64.43,,,,F,A,,,A,,,P1M,,4F0,,,,2025 = 100,,2,,"HICP Inflation rate - Total excluding energy, food, alcohol and tobacco - Index","Euro area (Member States and Institutions of the Euro Area) changing composition - HICP - Total excluding energy, food, alcohol and tobacco, Index, European Central Bank (ECB), Working day and seasonally adjusted",IX,0,
HICP.M.U2.Y.XEF000.4F0.INX,M,U2,Y,XEF000,4F0,INX,1997-10,64.38,,,,F,A,,,A,,,P1M,,4F0,,,,2025 = 100,,2,,"HICP Inflation rate - Total excluding energy, food, alcohol and tobacco - Index","Euro area (Member States and Institutions of the Euro Area) changing composition - HICP - Total excluding energy, food, alcohol and tobacco, Index, European Central Bank (ECB), Working day and seasonally adjusted",IX,0,
HICP.M.U2.Y.XEF000.4F0.INX,M,U2,Y,XEF000,4F0,INX,1997-11,64.44,,,,F,A,,,A,,,P1M,,4F0,,,,2025 = 100,,2,,"HICP Inflation rate - Total excluding energy, food, alcohol and tobacco - Index","Euro area (Member States and Institutions of the Euro Area) changing composition - HICP - Total excluding energy, food, alcohol and tobacco, Index, European Central Bank (ECB), Working day and seasonally adjusted",IX,0,
HICP.M.U2.Y.XEF000.4F0.INX,M,U2,Y,XEF000,4F0,INX,1997-12,64.53,,,,F,A,,,A,,,P1M,,4F0,,,,2025 = 100,,2,,"HICP Inflation rate - Total excluding energy, food, alcohol and tobacco - Index","Euro area (Member States and Institutions of the Euro Area) changing composition - HICP - Total excluding energy, food, alcohol and tobacco, Index, European Central Bank (ECB), Working day and seasonally adjusted",IX,0,
HICP.M.U2.Y.XEF000.4F0.INX,M,U2,Y,XEF000,4F0,INX,1998-01,64.54,,Introduction of harmonised treatment of price reductions in Portugal as of Jan98,,F,A,,,A,,,P1M,,4F0,,,,2025 = 100,,2,,"HICP Inflation rate - Total excluding energy, food, alcohol and tobacco - Index","Euro area (Member States and Institutions of the Euro Area) changing composition - HICP - Total excluding energy, food, alcohol and tobacco, Index, European Central Bank (ECB), Working day and seasonally adjusted",IX,0,
HICP.M.U2.Y.XEF000.4F0.INX,M,U2,Y,XEF000,4F0,INX,1998-02,64.64,,,,F,A,,,A,,,P1M,,4F0,,,,2025 = 100,,2,,"HICP Inflation rate - Total excluding energy, food, alcohol and tobacco - Index","Euro area (Member States and Institutions of the Euro Area) changing composition - HICP - Total excluding energy, food, alcohol and tobacco, Index, European Central Bank (ECB), Working day and seasonally adjusted",IX,0,
HICP.M.U2.Y.XEF000.4F0.INX,M,U2,Y,XEF000,4F0,INX,1998-03,64.64,,,,F,A,,,A,,,P1M,,4F0,,,,2025 = 100,,2,,"HICP Inflation rate - Total excluding energy, food, alcohol and tobacco - Index","Euro area (Member States and Institutions of the Euro Area) changing composition - HICP - Total excluding energy, food, alcohol and tobacco, Index, European Central Bank (ECB), Working day and seasonally adjusted",IX,0,
HICP.M.U2.Y.XEF000.4F0.INX,M,U2,Y,XEF000,4F0,INX,1998-04,64.7,,,,F,A,,,A,,,P1M,,4F0,,,,2025 = 100,,2,,"HICP Inflation rate - Total excluding energy, food, alcohol and tobacco - Index","Euro area (Member States and Institutions of the Euro Area) changing composition - HICP - Total excluding energy, food, alcohol and tobacco, Index, European Central Bank (ECB), Working day and seasonally adjusted",IX,0,
HICP.M.U2.Y.XEF000.4F0.INX,M,U2,Y,XEF000,4F0,INX,1998-05,64.83,,,,F,A,,,A,,,P1M,,4F0,,,,2025 = 100,,2,,"HICP Inflation rate - Total excluding energy, food, alcohol and tobacco - Index","Euro area (Member States and Institutions of the Euro Area) changing composition - HICP - Total excluding energy, food, alcohol and tobacco, Index, European Central Bank (ECB), Working day and seasonally adjusted",IX,0,
HICP.M.U2.Y.XEF000.4F0.INX,M,U2,Y,XEF000,4F0,INX,1998-06,64.91,,,,F,A,,,A,,,P1M,,4F0,,,,2025 = 100,,2,,"HICP Inflation rate - Total excluding energy, food, alcohol and tobacco - Index","Euro area (Member States and Institutions of the Euro Area) changing composition - HICP - Total excluding energy, food, alcohol and tobacco, Index, European Central Bank (ECB), Working day and seasonally adjusted",IX,0,
HICP.M.U2.Y.XEF000.4F0.INX,M,U2,Y,XEF000,4F0,INX,1998-07,64.94,,,,F,A,,,A,,,P1M,,4F0,,,,2025 = 100,,2,,"HICP Inflation rate - Total excluding energy, food, alcohol and tobacco - Index","Euro area (Member States and Institutions of the Euro Area) changing composition - HICP - Total excluding energy, food, alcohol and tobacco, Index, European Central Bank (ECB), Working day and seasonally adjusted",IX,0,
HICP.M.U2.Y.XEF000.4F0.INX,M,U2,Y,XEF000,4F0,INX,1998-08,65.03,,,,F,A,,,A,,,P1M,,4F0,,,,2025 = 100,,2,,"HICP Inflation rate - Total excluding energy, food, alcohol and tobacco - Index","Euro area (Member States and Institutions of the Euro Area) changing composition - HICP - Total excluding energy, food, alcohol and tobacco, Index, European Central Bank (ECB), Working day and seasonally adjusted",IX,0,
HICP.M.U2.Y.XEF000.4F0.INX,M,U2,Y,XEF000,4F0,INX,1998-09,65.05,,,,F,A,,,A,,,P1M,,4F0,,,,2025 = 100,,2,,"HICP Inflation rate - Total excluding energy, food, alcohol and tobacco - Index","Euro area (Member States and Institutions of the Euro Area) changing composition - HICP - Total excluding energy, food, alcohol and tobacco, Index, European Central Bank (ECB), Working day and seasonally adjusted",IX,0,
HICP.M.U2.Y.XEF000.4F0.INX,M,U2,Y,XEF000,4F0,INX,1998-10,65.06,,,,F,A,,,A,,,P1M,,4F0,,,,2025 = 100,,2,,"HICP Inflation rate - Total excluding energy, food, alcohol and tobacco - Index","Euro area (Member States and Institutions of the Euro Area) changing composition - HICP - Total excluding energy, food, alcohol and tobacco, Index, European Central Bank (ECB), Working day and seasonally adjusted",IX,0,
HICP.M.U2.Y.XEF000.4F0.INX,M,U2,Y,XEF000,4F0,INX,1998-11,65.07,,,,F,A,,,A,,,P1M,,4F0,,,,2025 = 100,,2,,"HICP Inflation rate - Total excluding energy, food, alcohol and tobacco - Index","Euro area (Member States and Institutions of the Euro Area) changing composition - HICP - Total excluding energy, food, alcohol and tobacco, Index, European Central Bank (ECB), Working day and seasonally adjusted",IX,0,
HICP.M.U2.Y.XEF000.4F0.INX,M,U2,Y,XEF000,4F0,INX,1998-12,65.1,,,,F,A,,,A,,,P1M,,4F0,,,,2025 = 100,,2,,"HICP Inflation rate - Total excluding energy, food, alcohol and tobacco - Index","Euro area (Member States and Institutions of the Euro Area) changing composition - HICP - Total excluding energy, food, alcohol and tobacco, Index, European Central Bank (ECB), Working day and seasonally adjusted",IX,0,
HICP.M.U2.Y.XEF000.4F0.INX,M,U2,Y,XEF000,4F0,INX,1999-01,65.07,,Introduction of harmonised treatment of price reductions in Luxembourg as of Jan99,,F,A,,,A,,,P1M,,4F0,,,,2025 = 100,,2,,"HICP Inflation rate - Total excluding energy, food, alcohol and tobacco - Index","Euro area (Member States and Institutions of the Euro Area) changing composition - HICP - Total excluding energy, food, alcohol and tobacco, Index, European Central Bank (ECB), Working day and seasonally adjusted",IX,0,
HICP.M.U2.Y.XEF000.4F0.INX,M,U2,Y,XEF000,4F0,INX,1999-02,65.09,,,,F,A,,,A,,,P1M,,4F0,,,,2025 = 100,,2,,"HICP Inflation rate - Total excluding energy, food, alcohol and tobacco - Index","Euro area (Member States and Institutions of the Euro Area) changing composition - HICP - Total excluding energy, food, alcohol and tobacco, Index, European Central Bank (ECB), Working day and seasonally adjusted",IX,0,
HICP.M.U2.Y.XEF000.4F0.INX,M,U2,Y,XEF000,4F0,INX,1999-03,65.13,,,,F,A,,,A,,,P1M,,4F0,,,,2025 = 100,,2,,"HICP Inflation rate - Total excluding energy, food, alcohol and tobacco - Index","Euro area (Member States and Institutions of the Euro Area) changing composition - HICP - Total excluding energy, food, alcohol and tobacco, Index, European Central Bank (ECB), Working day and seasonally adjusted",IX,0,
HICP.M.U2.Y.XEF000.4F0.INX,M,U2,Y,XEF000,4F0,INX,1999-04,65.16,,,,F,A,,,A,,,P1M,,4F0,,,,2025 = 100,,2,,"HICP Inflation rate - Total excluding energy, food, alcohol and tobacco - Index","Euro area (Member States and Institutions of the Euro Area) changing composition - HICP - Total excluding energy, food, alcohol and tobacco, Index, European Central Bank (ECB), Working day and seasonally adjusted",IX,0,
HICP.M.U2.Y.XEF000.4F0.INX,M,U2,Y,XEF000,4F0,INX,1999-05,65.16,,,,F,A,,,A,,,P1M,,4F0,,,,2025 = 100,,2,,"HICP Inflation rate - Total excluding energy, food, alcohol and tobacco - Index","Euro area (Member States and Institutions of the Euro Area) changing composition - HICP - Total excluding energy, food, alcohol and tobacco, Index, European Central Bank (ECB), Working day and seasonally adjusted",IX,0,
HICP.M.U2.Y.XEF000.4F0.INX,M,U2,Y,XEF000,4F0,INX,1999-06,65.21,,,,F,A,,,A,,,P1M,,4F0,,,,2025 = 100,,2,,"HICP Inflation rate - Total excluding energy, food, alcohol and tobacco - Index","Euro area (Member States and Institutions of the Euro Area) changing composition - HICP - Total excluding energy, food, alcohol and tobacco, Index, European Central Bank (ECB), Working day and seasonally adjusted",IX,0,
HICP.M.U2.Y.XEF000.4F0.INX,M,U2,Y,XEF000,4F0,INX,1999-07,65.3,,,,F,A,,,A,,,P1M,,4F0,,,,2025 = 100,,2,,"HICP Inflation rate - Total excluding energy, food, alcohol and tobacco - Index","Euro area (Member States and Institutions of the Euro Area) changing composition - HICP - Total excluding energy, food, alcohol and tobacco, Index, European Central Bank (ECB), Working day and seasonally adjusted",IX,0,
HICP.M.U2.Y.XEF000.4F0.INX,M,U2,Y,XEF000,4F0,INX,1999-08,65.33,,,,F,A,,,A,,,P1M,,4F0,,,,2025 = 100,,2,,"HICP Inflation rate - Total excluding energy, food, alcohol and tobacco - Index","Euro area (Member States and Institutions of the Euro Area) changing composition - HICP - Total excluding energy, food, alcohol and tobacco, Index, European Central Bank (ECB), Working day and seasonally adjusted",IX,0,
HICP.M.U2.Y.XEF000.4F0.INX,M,U2,Y,XEF000,4F0,INX,1999-09,65.28,,,,F,A,,,A,,,P1M,,4F0,,,,2025 = 100,,2,,"HICP Inflation rate - Total excluding energy, food, alcohol and tobacco - Index","Euro area (Member States and Institutions of the Euro Area) changing composition - HICP - Total excluding energy, food, alcohol and tobacco, Index, European Central Bank (ECB), Working day and seasonally adjusted",IX,0,
HICP.M.U2.Y.XEF000.4F0.INX,M,U2,Y,XEF000,4F0,INX,1999-10,65.27,,,,F,A,,,A,,,P1M,,4F0,,,,2025 = 100,,2,,"HICP Inflation rate - Total excluding energy, food, alcohol and tobacco - Index","Euro area (Member States and Institutions of the Euro Area) changing composition - HICP - Total excluding energy, food, alcohol and tobacco, Index, European Central Bank (ECB), Working day and seasonally adjusted",IX,0,
HICP.M.U2.Y.XEF000.4F0.INX,M,U2,Y,XEF000,4F0,INX,1999-11,65.36,,,,F,A,,,A,,,P1M,,4F0,,,,2025 = 100,,2,,"HICP Inflation rate - Total excluding energy, food, alcohol and tobacco - Index","Euro area (Member States and Institutions of the Euro Area) changing composition - HICP - Total excluding energy, food, alcohol and tobacco, Index, European Central Bank (ECB), Working day and seasonally adjusted",IX,0,
HICP.M.U2.Y.XEF000.4F0.INX,M,U2,Y,XEF000,4F0,INX,1999-12,65.4,,,,F,A,,,A,,,P1M,,4F0,,,,2025 = 100,,2,,"HICP Inflation rate - Total excluding energy, food, alcohol and tobacco - Index","Euro area (Member States and Institutions of the Euro Area) changing composition - HICP - Total excluding energy, food, alcohol and tobacco, Index, European Central Bank (ECB), Working day and seasonally adjusted",IX,0,
HICP.M.U2.Y.XEF000.4F0.INX,M,U2,Y,XEF000,4F0,INX,2000-01,65.43,,Introduction of harmonised treatment of price reductions in Belgium as of Jan00,,F,A,,,A,,,P1M,,4F0,,,,2025 = 100,,2,,"HICP Inflation rate - Total excluding energy, food, alcohol and tobacco - Index","Euro area (Member States and Institutions of the Euro Area) changing composition - HICP - Total excluding energy, food, alcohol and tobacco, Index, European Central Bank (ECB), Working day and seasonally adjusted",IX,0,
HICP.M.U2.Y.XEF000.4F0.INX,M,U2,Y,XEF000,4F0,INX,2000-02,65.4,,,,F,A,,,A,,,P1M,,4F0,,,,2025 = 100,,2,,"HICP Inflation rate - Total excluding energy, food, alcohol and tobacco - Index","Euro area (Member States and Institutions of the Euro Area) changing composition - HICP - Total excluding energy, food, alcohol and tobacco, Index, European Central Bank (ECB), Working day and seasonally adjusted",IX,0,
HICP.M.U2.Y.XEF000.4F0.INX,M,U2,Y,XEF000,4F0,INX,2000-03,65.43,,,,F,A,,,A,,,P1M,,4F0,,,,2025 = 100,,2,,"HICP Inflation rate - Total excluding energy, food, alcohol and tobacco - Index","Euro area (Member States and Institutions of the Euro Area) changing composition - HICP - Total excluding energy, food, alcohol and tobacco, Index, European Central Bank (ECB), Working day and seasonally adjusted",IX,0,
HICP.M.U2.Y.XEF000.4F0.INX,M,U2,Y,XEF000,4F0,INX,2000-04,65.46,,,,F,A,,,A,,,P1M,,4F0,,,,2025 = 100,,2,,"HICP Inflation rate - Total excluding energy, food, alcohol and tobacco - Index","Euro area (Member States and Institutions of the Euro Area) changing composition - HICP - Total excluding energy, food, alcohol and tobacco, Index, European Central Bank (ECB), Working day and seasonally adjusted",IX,0,
HICP.M.U2.Y.XEF000.4F0.INX,M,U2,Y,XEF000,4F0,INX,2000-05,65.48,,,,F,A,,,A,,,P1M,,4F0,,,,2025 = 100,,2,,"HICP Inflation rate - Total excluding energy, food, alcohol and tobacco - Index","Euro area (Member States and Institutions of the Euro Area) changing composition - HICP - Total excluding energy, food, alcohol and tobacco, Index, European Central Bank (ECB), Working day and seasonally adjusted",IX,0,
HICP.M.U2.Y.XEF000.4F0.INX,M,U2,Y,XEF000,4F0,INX,2000-06,65.55,,,,F,A,,,A,,,P1M,,4F0,,,,2025 = 100,,2,,"HICP Inflation rate - Total excluding energy, food, alcohol and tobacco - Index","Euro area (Member States and Institutions of the Euro Area) changing composition - HICP - Total excluding energy, food, alcohol and tobacco, Index, European Central Bank (ECB), Working day and seasonally adjusted",IX,0,
HICP.M.U2.Y.XEF000.4F0.INX,M,U2,Y,XEF000,4F0,INX,2000-07,65.53,,,,F,A,,,A,,,P1M,,4F0,,,,2025 = 100,,2,,"HICP Inflation rate - Total excluding energy, food, alcohol and tobacco - Index","Euro area (Member States and Institutions of the Euro Area) changing composition - HICP - Total excluding energy, food, alcohol and tobacco, Index, European Central Bank (ECB), Working day and seasonally adjusted",IX,0,
HICP.M.U2.Y.XEF000.4F0.INX,M,U2,Y,XEF000,4F0,INX,2000-08,65.65,,,,F,A,,,A,,,P1M,,4F0,,,,2025 = 100,,2,,"HICP Inflation rate - Total excluding energy, food, alcohol and tobacco - Index","Euro area (Member States and Institutions of the Euro Area) changing composition - HICP - Total excluding energy, food, alcohol and tobacco, Index, European Central Bank (ECB), Working day and seasonally adjusted",IX,0,
HICP.M.U2.Y.XEF000.4F0.INX,M,U2,Y,XEF000,4F0,INX,2000-09,65.73,,,,F,A,,,A,,,P1M,,4F0,,,,2025 = 100,,2,,"HICP Inflation rate - Total excluding energy, food, alcohol and tobacco - Index","Euro area (Member States and Institutions of the Euro Area) changing composition - HICP - Total excluding energy, food, alcohol and tobacco, Index, European Central Bank (ECB), Working day and seasonally adjusted",IX,0,
HICP.M.U2.Y.XEF000.4F0.INX,M,U2,Y,XEF000,4F0,INX,2000-10,65.84,,,,F,A,,,A,,,P1M,,4F0,,,,2025 = 100,,2,,"HICP Inflation rate - Total excluding energy, food, alcohol and tobacco - Index","Euro area (Member States and Institutions of the Euro Area) changing composition - HICP - Total excluding energy, food, alcohol and tobacco, Index, European Central Bank (ECB), Working day and seasonally adjusted",IX,0,
HICP.M.U2.Y.XEF000.4F0.INX,M,U2,Y,XEF000,4F0,INX,2000-11,65.95,,,,F,A,,,A,,,P1M,,4F0,,,,2025 = 100,,2,,"HICP Inflation rate - Total excluding energy, food, alcohol and tobacco - Index","Euro area (Member States and Institutions of the Euro Area) changing composition - HICP - Total excluding energy, food, alcohol and tobacco, Index, European Central Bank (ECB), Working day and seasonally adjusted",IX,0,
HICP.M.U2.Y.XEF000.4F0.INX,M,U2,Y,XEF000,4F0,INX,2000-12,66.07,,,,F,A,,,A,,,P1M,,4F0,,,,2025 = 100,,2,,"HICP Inflation rate - Total excluding energy, food, alcohol and tobacco - Index","Euro area (Member States and Institutions of the Euro Area) changing composition - HICP - Total excluding energy, food, alcohol and tobacco, Index, European Central Bank (ECB), Working day and seasonally adjusted",IX,0,
HICP.M.U2.Y.XEF000.4F0.INX,M,U2,Y,XEF000,4F0,INX,2001-01,66.14,,Introduction of harmonised treatment of price reductions in Spain and Italy as of Jan01,,F,A,,,A,,,P1M,,4F0,,,,2025 = 100,,2,,"HICP Inflation rate - Total excluding energy, food, alcohol and tobacco - Index","Euro area (Member States and Institutions of the Euro Area) changing composition - HICP - Total excluding energy, food, alcohol and tobacco, Index, European Central Bank (ECB), Working day and seasonally adjusted",IX,0,
HICP.M.U2.Y.XEF000.4F0.INX,M,U2,Y,XEF000,4F0,INX,2001-02,66.18,,,,F,A,,,A,,,P1M,,4F0,,,,2025 = 100,,2,,"HICP Inflation rate - Total excluding energy, food, alcohol and tobacco - Index","Euro area (Member States and Institutions of the Euro Area) changing composition - HICP - Total excluding energy, food, alcohol and tobacco, Index, European Central Bank (ECB), Working day and seasonally adjusted",IX,0,
HICP.M.U2.Y.XEF000.4F0.INX,M,U2,Y,XEF000,4F0,INX,2001-03,66.28,,,,F,A,,,A,,,P1M,,4F0,,,,2025 = 100,,2,,"HICP Inflation rate - Total excluding energy, food, alcohol and tobacco - Index","Euro area (Member States and Institutions of the Euro Area) changing composition - HICP - Total excluding energy, food, alcohol and tobacco, Index, European Central Bank (ECB), Working day and seasonally adjusted",IX,0,
HICP.M.U2.Y.XEF000.4F0.INX,M,U2,Y,XEF000,4F0,INX,2001-04,66.4,,,,F,A,,,A,,,P1M,,4F0,,,,2025 = 100,,2,,"HICP Inflation rate - Total excluding energy, food, alcohol and tobacco - Index","Euro area (Member States and Institutions of the Euro Area) changing composition - HICP - Total excluding energy, food, alcohol and tobacco, Index, European Central Bank (ECB), Working day and seasonally adjusted",IX,0,
HICP.M.U2.Y.XEF000.4F0.INX,M,U2,Y,XEF000,4F0,INX,2001-05,66.51,,,,F,A,,,A,,,P1M,,4F0,,,,2025 = 100,,2,,"HICP Inflation rate - Total excluding energy, food, alcohol and tobacco - Index","Euro area (Member States and Institutions of the Euro Area) changing composition - HICP - Total excluding energy, food, alcohol and tobacco, Index, European Central Bank (ECB), Working day and seasonally adjusted",IX,0,
HICP.M.U2.Y.XEF000.4F0.INX,M,U2,Y,XEF000,4F0,INX,2001-06,66.62,,,,F,A,,,A,,,P1M,,4F0,,,,2025 = 100,,2,,"HICP Inflation rate - Total excluding energy, food, alcohol and tobacco - Index","Euro area (Member States and Institutions of the Euro Area) changing composition - HICP - Total excluding energy, food, alcohol and tobacco, Index, European Central Bank (ECB), Working day and seasonally adjusted",IX,0,
HICP.M.U2.Y.XEF000.4F0.INX,M,U2,Y,XEF000,4F0,INX,2001-07,66.77,,,,F,A,,,A,,,P1M,,4F0,,,,2025 = 100,,2,,"HICP Inflation rate - Total excluding energy, food, alcohol and tobacco - Index","Euro area (Member States and Institutions of the Euro Area) changing composition - HICP - Total excluding energy, food, alcohol and tobacco, Index, European Central Bank (ECB), Working day and seasonally adjusted",IX,0,
HICP.M.U2.Y.XEF000.4F0.INX,M,U2,Y,XEF000,4F0,INX,2001-08,66.9,,,,F,A,,,A,,,P1M,,4F0,,,,2025 = 100,,2,,"HICP Inflation rate - Total excluding energy, food, alcohol and tobacco - Index","Euro area (Member States and Institutions of the Euro Area) changing composition - HICP - Total excluding energy, food, alcohol and tobacco, Index, European Central Bank (ECB), Working day and seasonally adjusted",IX,0,
HICP.M.U2.Y.XEF000.4F0.INX,M,U2,Y,XEF000,4F0,INX,2001-09,67.01,,,,F,A,,,A,,,P1M,,4F0,,,,2025 = 100,,2,,"HICP Inflation rate - Total excluding energy, food, alcohol and tobacco - Index","Euro area (Member States and Institutions of the Euro Area) changing composition - HICP - Total excluding energy, food, alcohol and tobacco, Index, European Central Bank (ECB), Working day and seasonally adjusted",IX,0,
HICP.M.U2.Y.XEF000.4F0.INX,M,U2,Y,XEF000,4F0,INX,2001-10,67.17,,,,F,A,,,A,,,P1M,,4F0,,,,2025 = 100,,2,,"HICP Inflation rate - Total excluding energy, food, alcohol and tobacco - Index","Euro area (Member States and Institutions of the Euro Area) changing composition - HICP - Total excluding energy, food, alcohol and tobacco, Index, European Central Bank (ECB), Working day and seasonally adjusted",IX,0,
HICP.M.U2.Y.XEF000.4F0.INX,M,U2,Y,XEF000,4F0,INX,2001-11,67.31,,,,F,A,,,A,,,P1M,,4F0,,,,2025 = 100,,2,,"HICP Inflation rate - Total excluding energy, food, alcohol and tobacco - Index","Euro area (Member States and Institutions of the Euro Area) changing composition - HICP - Total excluding energy, food, alcohol and tobacco, Index, European Central Bank (ECB), Working day and seasonally adjusted",IX,0,
HICP.M.U2.Y.XEF000.4F0.INX,M,U2,Y,XEF000,4F0,INX,2001-12,67.44,,,,F,A,,,A,,,P1M,,4F0,,,,2025 = 100,,2,,"HICP Inflation rate - Total excluding energy, food, alcohol and tobacco - Index","Euro area (Member States and Institutions of the Euro Area) changing composition - HICP - Total excluding energy, food, alcohol and tobacco, Index, European Central Bank (ECB), Working day and seasonally adjusted",IX,0,
HICP.M.U2.Y.XEF000.4F0.INX,M,U2,Y,XEF000,4F0,INX,2002-01,67.72,,,,F,A,,,A,,,P1M,,4F0,,,,2025 = 100,,2,,"HICP Inflation rate - Total excluding energy, food, alcohol and tobacco - Index","Euro area (Member States and Institutions of the Euro Area) changing composition - HICP - Total excluding energy, food, alcohol and tobacco, Index, European Central Bank (ECB), Working day and seasonally adjusted",IX,0,
HICP.M.U2.Y.XEF000.4F0.INX,M,U2,Y,XEF000,4F0,INX,2002-02,67.82,,,,F,A,,,A,,,P1M,,4F0,,,,2025 = 100,,2,,"HICP Inflation rate - Total excluding energy, food, alcohol and tobacco - Index","Euro area (Member States and Institutions of the Euro Area) changing composition - HICP - Total excluding energy, food, alcohol and tobacco, Index, European Central Bank (ECB), Working day and seasonally adjusted",IX,0,
HICP.M.U2.Y.XEF000.4F0.INX,M,U2,Y,XEF000,4F0,INX,2002-03,67.9,,,,F,A,,,A,,,P1M,,4F0,,,,2025 = 100,,2,,"HICP Inflation rate - Total excluding energy, food, alcohol and tobacco - Index","Euro area (Member States and Institutions of the Euro Area) changing composition - HICP - Total excluding energy, food, alcohol and tobacco, Index, European Central Bank (ECB), Working day and seasonally adjusted",IX,0,
HICP.M.U2.Y.XEF000.4F0.INX,M,U2,Y,XEF000,4F0,INX,2002-04,68.06,,,,F,A,,,A,,,P1M,,4F0,,,,2025 = 100,,2,,"HICP Inflation rate - Total excluding energy, food, alcohol and tobacco - Index","Euro area (Member States and Institutions of the Euro Area) changing composition - HICP - Total excluding energy, food, alcohol and tobacco, Index, European Central Bank (ECB), Working day and seasonally adjusted",IX,0,
HICP.M.U2.Y.XEF000.4F0.INX,M,U2,Y,XEF000,4F0,INX,2002-05,68.14,,,,F,A,,,A,,,P1M,,4F0,,,,2025 = 100,,2,,"HICP Inflation rate - Total excluding energy, food, alcohol and tobacco - Index","Euro area (Member States and Institutions of the Euro Area) changing composition - HICP - Total excluding energy, food, alcohol and tobacco, Index, European Central Bank (ECB), Working day and seasonally adjusted",IX,0,
HICP.M.U2.Y.XEF000.4F0.INX,M,U2,Y,XEF000,4F0,INX,2002-06,68.26,,,,F,A,,,A,,,P1M,,4F0,,,,2025 = 100,,2,,"HICP Inflation rate - Total excluding energy, food, alcohol and tobacco - Index","Euro area (Member States and Institutions of the Euro Area) changing composition - HICP - Total excluding energy, food, alcohol and tobacco, Index, European Central Bank (ECB), Working day and seasonally adjusted",IX,0,
HICP.M.U2.Y.XEF000.4F0.INX,M,U2,Y,XEF000,4F0,INX,2002-07,68.4,,,,F,A,,,A,,,P1M,,4F0,,,,2025 = 100,,2,,"HICP Inflation rate - Total excluding energy, food, alcohol and tobacco - Index","Euro area (Member States and Institutions of the Euro Area) changing composition - HICP - Total excluding energy, food, alcohol and tobacco, Index, European Central Bank (ECB), Working day and seasonally adjusted",IX,0,
HICP.M.U2.Y.XEF000.4F0.INX,M,U2,Y,XEF000,4F0,INX,2002-08,68.51,,,,F,A,,,A,,,P1M,,4F0,,,,2025 = 100,,2,,"HICP Inflation rate - Total excluding energy, food, alcohol and tobacco - Index","Euro area (Member States and Institutions of the Euro Area) changing composition - HICP - Total excluding energy, food, alcohol and tobacco, Index, European Central Bank (ECB), Working day and seasonally adjusted",IX,0,
HICP.M.U2.Y.XEF000.4F0.INX,M,U2,Y,XEF000,4F0,INX,2002-09,68.59,,,,F,A,,,A,,,P1M,,4F0,,,,2025 = 100,,2,,"HICP Inflation rate - Total excluding energy, food, alcohol and tobacco - Index","Euro area (Member States and Institutions of the Euro Area) changing composition - HICP - Total excluding energy, food, alcohol and tobacco, Index, European Central Bank (ECB), Working day and seasonally adjusted",IX,0,
HICP.M.U2.Y.XEF000.4F0.INX,M,U2,Y,XEF000,4F0,INX,2002-10,68.68,,,,F,A,,,A,,,P1M,,4F0,,,,2025 = 100,,2,,"HICP Inflation rate - Total excluding energy, food, alcohol and tobacco - Index","Euro area (Member States and Institutions of the Euro Area) changing composition - HICP - Total excluding energy, food, alcohol and tobacco, Index, European Central Bank (ECB), Working day and seasonally adjusted",IX,0,
HICP.M.U2.Y.XEF000.4F0.INX,M,U2,Y,XEF000,4F0,INX,2002-11,68.81,,,,F,A,,,A,,,P1M,,4F0,,,,2025 = 100,,2,,"HICP Inflation rate - Total excluding energy, food, alcohol and tobacco - Index","Euro area (Member States and Institutions of the Euro Area) changing composition - HICP - Total excluding energy, food, alcohol and tobacco, Index, European Central Bank (ECB), Working day and seasonally adjusted",IX,0,
HICP.M.U2.Y.XEF000.4F0.INX,M,U2,Y,XEF000,4F0,INX,2002-12,68.9,,,,F,A,,,A,,,P1M,,4F0,,,,2025 = 100,,2,,"HICP Inflation rate - Total excluding energy, food, alcohol and tobacco - Index","Euro area (Member States and Institutions of the Euro Area) changing composition - HICP - Total excluding energy, food, alcohol and tobacco, Index, European Central Bank (ECB), Working day and seasonally adjusted",IX,0,
HICP.M.U2.Y.XEF000.4F0.INX,M,U2,Y,XEF000,4F0,INX,2003-01,69.01,,,,F,A,,,A,,,P1M,,4F0,,,,2025 = 100,,2,,"HICP Inflation rate - Total excluding energy, food, alcohol and tobacco - Index","Euro area (Member States and Institutions of the Euro Area) changing composition - HICP - Total excluding energy, food, alcohol and tobacco, Index, European Central Bank (ECB), Working day and seasonally adjusted",IX,0,
HICP.M.U2.Y.XEF000.4F0.INX,M,U2,Y,XEF000,4F0,INX,2003-02,69.07,,,,F,A,,,A,,,P1M,,4F0,,,,2025 = 100,,2,,"HICP Inflation rate - Total excluding energy, food, alcohol and tobacco - Index","Euro area (Member States and Institutions of the Euro Area) changing composition - HICP - Total excluding energy, food, alcohol and tobacco, Index, European Central Bank (ECB), Working day and seasonally adjusted",IX,0,
HICP.M.U2.Y.XEF000.4F0.INX,M,U2,Y,XEF000,4F0,INX,2003-03,69.22,,,,F,A,,,A,,,P1M,,4F0,,,,2025 = 100,,2,,"HICP Inflation rate - Total excluding energy, food, alcohol and tobacco - Index","Euro area (Member States and Institutions of the Euro Area) changing composition - HICP - Total excluding energy, food, alcohol and tobacco, Index, European Central Bank (ECB), Working day and seasonally adjusted",IX,0,
HICP.M.U2.Y.XEF000.4F0.INX,M,U2,Y,XEF000,4F0,INX,2003-04,69.28,,,,F,A,,,A,,,P1M,,4F0,,,,2025 = 100,,2,,"HICP Inflation rate - Total excluding energy, food, alcohol and tobacco - Index","Euro area (Member States and Institutions of the Euro Area) changing composition - HICP - Total excluding energy, food, alcohol and tobacco, Index, European Central Bank (ECB), Working day and seasonally adjusted",IX,0,
HICP.M.U2.Y.XEF000.4F0.INX,M,U2,Y,XEF000,4F0,INX,2003-05,69.38,,,,F,A,,,A,,,P1M,,4F0,,,,2025 = 100,,2,,"HICP Inflation rate - Total excluding energy, food, alcohol and tobacco - Index","Euro area (Member States and Institutions of the Euro Area) changing composition - HICP - Total excluding energy, food, alcohol and tobacco, Index, European Central Bank (ECB), Working day and seasonally adjusted",IX,0,
HICP.M.U2.Y.XEF000.4F0.INX,M,U2,Y,XEF000,4F0,INX,2003-06,69.47,,,,F,A,,,A,,,P1M,,4F0,,,,2025 = 100,,2,,"HICP Inflation rate - Total excluding energy, food, alcohol and tobacco - Index","Euro area (Member States and Institutions of the Euro Area) changing composition - HICP - Total excluding energy, food, alcohol and tobacco, Index, European Central Bank (ECB), Working day and seasonally adjusted",IX,0,
HICP.M.U2.Y.XEF000.4F0.INX,M,U2,Y,XEF000,4F0,INX,2003-07,69.57,,,,F,A,,,A,,,P1M,,4F0,,,,2025 = 100,,2,,"HICP Inflation rate - Total excluding energy, food, alcohol and tobacco - Index","Euro area (Member States and Institutions of the Euro Area) changing composition - HICP - Total excluding energy, food, alcohol and tobacco, Index, European Central Bank (ECB), Working day and seasonally adjusted",IX,0,
HICP.M.U2.Y.XEF000.4F0.INX,M,U2,Y,XEF000,4F0,INX,2003-08,69.63,,,,F,A,,,A,,,P1M,,4F0,,,,2025 = 100,,2,,"HICP Inflation rate - Total excluding energy, food, alcohol and tobacco - Index","Euro area (Member States and Institutions of the Euro Area) changing composition - HICP - Total excluding energy, food, alcohol and tobacco, Index, European Central Bank (ECB), Working day and seasonally adjusted",IX,0,
HICP.M.U2.Y.XEF000.4F0.INX,M,U2,Y,XEF000,4F0,INX,2003-09,69.78,,,,F,A,,,A,,,P1M,,4F0,,,,2025 = 100,,2,,"HICP Inflation rate - Total excluding energy, food, alcohol and tobacco - Index","Euro area (Member States and Institutions of the Euro Area) changing composition - HICP - Total excluding energy, food, alcohol and tobacco, Index, European Central Bank (ECB), Working day and seasonally adjusted",IX,0,
HICP.M.U2.Y.XEF000.4F0.INX,M,U2,Y,XEF000,4F0,INX,2003-10,69.84,,,,F,A,,,A,,,P1M,,4F0,,,,2025 = 100,,2,,"HICP Inflation rate - Total excluding energy, food, alcohol and tobacco - Index","Euro area (Member States and Institutions of the Euro Area) changing composition - HICP - Total excluding energy, food, alcohol and tobacco, Index, European Central Bank (ECB), Working day and seasonally adjusted",IX,0,
HICP.M.U2.Y.XEF000.4F0.INX,M,U2,Y,XEF000,4F0,INX,2003-11,69.92,,,,F,A,,,A,,,P1M,,4F0,,,,2025 = 100,,2,,"HICP Inflation rate - Total excluding energy, food, alcohol and tobacco - Index","Euro area (Member States and Institutions of the Euro Area) changing composition - HICP - Total excluding energy, food, alcohol and tobacco, Index, European Central Bank (ECB), Working day and seasonally adjusted",IX,0,
HICP.M.U2.Y.XEF000.4F0.INX,M,U2,Y,XEF000,4F0,INX,2003-12,69.99,,,,F,A,,,A,,,P1M,,4F0,,,,2025 = 100,,2,,"HICP Inflation rate - Total excluding energy, food, alcohol and tobacco - Index","Euro area (Member States and Institutions of the Euro Area) changing composition - HICP - Total excluding energy, food, alcohol and tobacco, Index, European Central Bank (ECB), Working day and seasonally adjusted",IX,0,
HICP.M.U2.Y.XEF000.4F0.INX,M,U2,Y,XEF000,4F0,INX,2004-01,70.21,,,,F,A,,,A,,,P1M,,4F0,,,,2025 = 100,,2,,"HICP Inflation rate - Total excluding energy, food, alcohol and tobacco - Index","Euro area (Member States and Institutions of the Euro Area) changing composition - HICP - Total excluding energy, food, alcohol and tobacco, Index, European Central Bank (ECB), Working day and seasonally adjusted",IX,0,
HICP.M.U2.Y.XEF000.4F0.INX,M,U2,Y,XEF000,4F0,INX,2004-02,70.34,,,,F,A,,,A,,,P1M,,4F0,,,,2025 = 100,,2,,"HICP Inflation rate - Total excluding energy, food, alcohol and tobacco - Index","Euro area (Member States and Institutions of the Euro Area) changing composition - HICP - Total excluding energy, food, alcohol and tobacco, Index, European Central Bank (ECB), Working day and seasonally adjusted",IX,0,
HICP.M.U2.Y.XEF000.4F0.INX,M,U2,Y,XEF000,4F0,INX,2004-03,70.44,,,,F,A,,,A,,,P1M,,4F0,,,,2025 = 100,,2,,"HICP Inflation rate - Total excluding energy, food, alcohol and tobacco - Index","Euro area (Member States and Institutions of the Euro Area) changing composition - HICP - Total excluding energy, food, alcohol and tobacco, Index, European Central Bank (ECB), Working day and seasonally adjusted",IX,0,
HICP.M.U2.Y.XEF000.4F0.INX,M,U2,Y,XEF000,4F0,INX,2004-04,70.57,,,,F,A,,,A,,,P1M,,4F0,,,,2025 = 100,,2,,"HICP Inflation rate - Total excluding energy, food, alcohol and tobacco - Index","Euro area (Member States and Institutions of the Euro Area) changing composition - HICP - Total excluding energy, food, alcohol and tobacco, Index, European Central Bank (ECB), Working day and seasonally adjusted",IX,0,
HICP.M.U2.Y.XEF000.4F0.INX,M,U2,Y,XEF000,4F0,INX,2004-05,70.61,,,,F,A,,,A,,,P1M,,4F0,,,,2025 = 100,,2,,"HICP Inflation rate - Total excluding energy, food, alcohol and tobacco - Index","Euro area (Member States and Institutions of the Euro Area) changing composition - HICP - Total excluding energy, food, alcohol and tobacco, Index, European Central Bank (ECB), Working day and seasonally adjusted",IX,0,
HICP.M.U2.Y.XEF000.4F0.INX,M,U2,Y,XEF000,4F0,INX,2004-06,70.76,,,,F,A,,,A,,,P1M,,4F0,,,,2025 = 100,,2,,"HICP Inflation rate - Total excluding energy, food, alcohol and tobacco - Index","Euro area (Member States and Institutions of the Euro Area) changing composition - HICP - Total excluding energy, food, alcohol and tobacco, Index, European Central Bank (ECB), Working day and seasonally adjusted",IX,0,
HICP.M.U2.Y.XEF000.4F0.INX,M,U2,Y,XEF000,4F0,INX,2004-07,70.83,,,,F,A,,,A,,,P1M,,4F0,,,,2025 = 100,,2,,"HICP Inflation rate - Total excluding energy, food, alcohol and tobacco - Index","Euro area (Member States and Institutions of the Euro Area) changing composition - HICP - Total excluding energy, food, alcohol and tobacco, Index, European Central Bank (ECB), Working day and seasonally adjusted",IX,0,
HICP.M.U2.Y.XEF000.4F0.INX,M,U2,Y,XEF000,4F0,INX,2004-08,70.99,,,,F,A,,,A,,,P1M,,4F0,,,,2025 = 100,,2,,"HICP Inflation rate - Total excluding energy, food, alcohol and tobacco - Index","Euro area (Member States and Institutions of the Euro Area) changing composition - HICP - Total excluding energy, food, alcohol and tobacco, Index, European Central Bank (ECB), Working day and seasonally adjusted",IX,0,
HICP.M.U2.Y.XEF000.4F0.INX,M,U2,Y,XEF000,4F0,INX,2004-09,71.04,,,,F,A,,,A,,,P1M,,4F0,,,,2025 = 100,,2,,"HICP Inflation rate - Total excluding energy, food, alcohol and tobacco - Index","Euro area (Member States and Institutions of the Euro Area) changing composition - HICP - Total excluding energy, food, alcohol and tobacco, Index, European Central Bank (ECB), Working day and seasonally adjusted",IX,0,
HICP.M.U2.Y.XEF000.4F0.INX,M,U2,Y,XEF000,4F0,INX,2004-10,71.11,,,,F,A,,,A,,,P1M,,4F0,,,,2025 = 100,,2,,"HICP Inflation rate - Total excluding energy, food, alcohol and tobacco - Index","Euro area (Member States and Institutions of the Euro Area) changing composition - HICP - Total excluding energy, food, alcohol and tobacco, Index, European Central Bank (ECB), Working day and seasonally adjusted",IX,0,
HICP.M.U2.Y.XEF000.4F0.INX,M,U2,Y,XEF000,4F0,INX,2004-11,71.2,,,,F,A,,,A,,,P1M,,4F0,,,,2025 = 100,,2,,"HICP Inflation rate - Total excluding energy, food, alcohol and tobacco - Index","Euro area (Member States and Institutions of the Euro Area) changing composition - HICP - Total excluding energy, food, alcohol and tobacco, Index, European Central Bank (ECB), Working day and seasonally adjusted",IX,0,
HICP.M.U2.Y.XEF000.4F0.INX,M,U2,Y,XEF000,4F0,INX,2004-12,71.3,,,,F,A,,,A,,,P1M,,4F0,,,,2025 = 100,,2,,"HICP Inflation rate - Total excluding energy, food, alcohol and tobacco - Index","Euro area (Member States and Institutions of the Euro Area) changing composition - HICP - Total excluding energy, food, alcohol and tobacco, Index, European Central Bank (ECB), Working day and seasonally adjusted",IX,0,
HICP.M.U2.Y.XEF000.4F0.INX,M,U2,Y,XEF000,4F0,INX,2005-01,71.38,,,,F,A,,,A,,,P1M,,4F0,,,,2025 = 100,,2,,"HICP Inflation rate - Total excluding energy, food, alcohol and tobacco - Index","Euro area (Member States and Institutions of the Euro Area) changing composition - HICP - Total excluding energy, food, alcohol and tobacco, Index, European Central Bank (ECB), Working day and seasonally adjusted",IX,0,
HICP.M.U2.Y.XEF000.4F0.INX,M,U2,Y,XEF000,4F0,INX,2005-02,71.42,,,,F,A,,,A,,,P1M,,4F0,,,,2025 = 100,,2,,"HICP Inflation rate - Total excluding energy, food, alcohol and tobacco - Index","Euro area (Member States and Institutions of the Euro Area) changing composition - HICP - Total excluding energy, food, alcohol and tobacco, Index, European Central Bank (ECB), Working day and seasonally adjusted",IX,0,
HICP.M.U2.Y.XEF000.4F0.INX,M,U2,Y,XEF000,4F0,INX,2005-03,71.48,,,,F,A,,,A,,,P1M,,4F0,,,,2025 = 100,,2,,"HICP Inflation rate - Total excluding energy, food, alcohol and tobacco - Index","Euro area (Member States and Institutions of the Euro Area) changing composition - HICP - Total excluding energy, food, alcohol and tobacco, Index, European Central Bank (ECB), Working day and seasonally adjusted",IX,0,
HICP.M.U2.Y.XEF000.4F0.INX,M,U2,Y,XEF000,4F0,INX,2005-04,71.59,,,,F,A,,,A,,,P1M,,4F0,,,,2025 = 100,,2,,"HICP Inflation rate - Total excluding energy, food, alcohol and tobacco - Index","Euro area (Member States and Institutions of the Euro Area) changing composition - HICP - Total excluding energy, food, alcohol and tobacco, Index, European Central Bank (ECB), Working day and seasonally adjusted",IX,0,
HICP.M.U2.Y.XEF000.4F0.INX,M,U2,Y,XEF000,4F0,INX,2005-05,71.68,,,,F,A,,,A,,,P1M,,4F0,,,,2025 = 100,,2,,"HICP Inflation rate - Total excluding energy, food, alcohol and tobacco - Index","Euro area (Member States and Institutions of the Euro Area) changing composition - HICP - Total excluding energy, food, alcohol and tobacco, Index, European Central Bank (ECB), Working day and seasonally adjusted",IX,0,
HICP.M.U2.Y.XEF000.4F0.INX,M,U2,Y,XEF000,4F0,INX,2005-06,71.73,,,,F,A,,,A,,,P1M,,4F0,,,,2025 = 100,,2,,"HICP Inflation rate - Total excluding energy, food, alcohol and tobacco - Index","Euro area (Member States and Institutions of the Euro Area) changing composition - HICP - Total excluding energy, food, alcohol and tobacco, Index, European Central Bank (ECB), Working day and seasonally adjusted",IX,0,
HICP.M.U2.Y.XEF000.4F0.INX,M,U2,Y,XEF000,4F0,INX,2005-07,71.79,,,,F,A,,,A,,,P1M,,4F0,,,,2025 = 100,,2,,"HICP Inflation rate - Total excluding energy, food, alcohol and tobacco - Index","Euro area (Member States and Institutions of the Euro Area) changing composition - HICP - Total excluding energy, food, alcohol and tobacco, Index, European Central Bank (ECB), Working day and seasonally adjusted",IX,0,
HICP.M.U2.Y.XEF000.4F0.INX,M,U2,Y,XEF000,4F0,INX,2005-08,71.9,,,,F,A,,,A,,,P1M,,4F0,,,,2025 = 100,,2,,"HICP Inflation rate - Total excluding energy, food, alcohol and tobacco - Index","Euro area (Member States and Institutions of the Euro Area) changing composition - HICP - Total excluding energy, food, alcohol and tobacco, Index, European Central Bank (ECB), Working day and seasonally adjusted",IX,0,
HICP.M.U2.Y.XEF000.4F0.INX,M,U2,Y,XEF000,4F0,INX,2005-09,71.97,,,,F,A,,,A,,,P1M,,4F0,,,,2025 = 100,,2,,"HICP Inflation rate - Total excluding energy, food, alcohol and tobacco - Index","Euro area (Member States and Institutions of the Euro Area) changing composition - HICP - Total excluding energy, food, alcohol and tobacco, Index, European Central Bank (ECB), Working day and seasonally adjusted",IX,0,
HICP.M.U2.Y.XEF000.4F0.INX,M,U2,Y,XEF000,4F0,INX,2005-10,72.07,,,,F,A,,,A,,,P1M,,4F0,,,,2025 = 100,,2,,"HICP Inflation rate - Total excluding energy, food, alcohol and tobacco - Index","Euro area (Member States and Institutions of the Euro Area) changing composition - HICP - Total excluding energy, food, alcohol and tobacco, Index, European Central Bank (ECB), Working day and seasonally adjusted",IX,0,
HICP.M.U2.Y.XEF000.4F0.INX,M,U2,Y,XEF000,4F0,INX,2005-11,72.16,,,,F,A,,,A,,,P1M,,4F0,,,,2025 = 100,,2,,"HICP Inflation rate - Total excluding energy, food, alcohol and tobacco - Index","Euro area (Member States and Institutions of the Euro Area) changing composition - HICP - Total excluding energy, food, alcohol and tobacco, Index, European Central Bank (ECB), Working day and seasonally adjusted",IX,0,
HICP.M.U2.Y.XEF000.4F0.INX,M,U2,Y,XEF000,4F0,INX,2005-12,72.25,,,,F,A,,,A,,,P1M,,4F0,,,,2025 = 100,,2,,"HICP Inflation rate - Total excluding energy, food, alcohol and tobacco - Index","Euro area (Member States and Institutions of the Euro Area) changing composition - HICP - Total excluding energy, food, alcohol and tobacco, Index, European Central Bank (ECB), Working day and seasonally adjusted",IX,0,
HICP.M.U2.Y.XEF000.4F0.INX,M,U2,Y,XEF000,4F0,INX,2006-01,72.28,,,,F,A,,,A,,,P1M,,4F0,,,,2025 = 100,,2,,"HICP Inflation rate - Total excluding energy, food, alcohol and tobacco - Index","Euro area (Member States and Institutions of the Euro Area) changing composition - HICP - Total excluding energy, food, alcohol and tobacco, Index, European Central Bank (ECB), Working day and seasonally adjusted",IX,0,
HICP.M.U2.Y.XEF000.4F0.INX,M,U2,Y,XEF000,4F0,INX,2006-02,72.33,,,,F,A,,,A,,,P1M,,4F0,,,,2025 = 100,,2,,"HICP Inflation rate - Total excluding energy, food, alcohol and tobacco - Index","Euro area (Member States and Institutions of the Euro Area) changing composition - HICP - Total excluding energy, food, alcohol and tobacco, Index, European Central Bank (ECB), Working day and seasonally adjusted",IX,0,
HICP.M.U2.Y.XEF000.4F0.INX,M,U2,Y,XEF000,4F0,INX,2006-03,72.46,,,,F,A,,,A,,,P1M,,4F0,,,,2025 = 100,,2,,"HICP Inflation rate - Total excluding energy, food, alcohol and tobacco - Index","Euro area (Member States and Institutions of the Euro Area) changing composition - HICP - Total excluding energy, food, alcohol and tobacco, Index, European Central Bank (ECB), Working day and seasonally adjusted",IX,0,
HICP.M.U2.Y.XEF000.4F0.INX,M,U2,Y,XEF000,4F0,INX,2006-04,72.52,,,,F,A,,,A,,,P1M,,4F0,,,,2025 = 100,,2,,"HICP Inflation rate - Total excluding energy, food, alcohol and tobacco - Index","Euro area (Member States and Institutions of the Euro Area) changing composition - HICP - Total excluding energy, food, alcohol and tobacco, Index, European Central Bank (ECB), Working day and seasonally adjusted",IX,0,
HICP.M.U2.Y.XEF000.4F0.INX,M,U2,Y,XEF000,4F0,INX,2006-05,72.62,,,,F,A,,,A,,,P1M,,4F0,,,,2025 = 100,,2,,"HICP Inflation rate - Total excluding energy, food, alcohol and tobacco - Index","Euro area (Member States and Institutions of the Euro Area) changing composition - HICP - Total excluding energy, food, alcohol and tobacco, Index, European Central Bank (ECB), Working day and seasonally adjusted",IX,0,
HICP.M.U2.Y.XEF000.4F0.INX,M,U2,Y,XEF000,4F0,INX,2006-06,72.75,,,,F,A,,,A,,,P1M,,4F0,,,,2025 = 100,,2,,"HICP Inflation rate - Total excluding energy, food, alcohol and tobacco - Index","Euro area (Member States and Institutions of the Euro Area) changing composition - HICP - Total excluding energy, food, alcohol and tobacco, Index, European Central Bank (ECB), Working day and seasonally adjusted",IX,0,
HICP.M.U2.Y.XEF000.4F0.INX,M,U2,Y,XEF000,4F0,INX,2006-07,72.85,,,,F,A,,,A,,,P1M,,4F0,,,,2025 = 100,,2,,"HICP Inflation rate - Total excluding energy, food, alcohol and tobacco - Index","Euro area (Member States and Institutions of the Euro Area) changing composition - HICP - Total excluding energy, food, alcohol and tobacco, Index, European Central Bank (ECB), Working day and seasonally adjusted",IX,0,
HICP.M.U2.Y.XEF000.4F0.INX,M,U2,Y,XEF000,4F0,INX,2006-08,72.9,,,,F,A,,,A,,,P1M,,4F0,,,,2025 = 100,,2,,"HICP Inflation rate - Total excluding energy, food, alcohol and tobacco - Index","Euro area (Member States and Institutions of the Euro Area) changing composition - HICP - Total excluding energy, food, alcohol and tobacco, Index, European Central Bank (ECB), Working day and seasonally adjusted",IX,0,
HICP.M.U2.Y.XEF000.4F0.INX,M,U2,Y,XEF000,4F0,INX,2006-09,73.04,,,,F,A,,,A,,,P1M,,4F0,,,,2025 = 100,,2,,"HICP Inflation rate - Total excluding energy, food, alcohol and tobacco - Index","Euro area (Member States and Institutions of the Euro Area) changing composition - HICP - Total excluding energy, food, alcohol and tobacco, Index, European Central Bank (ECB), Working day and seasonally adjusted",IX,0,
HICP.M.U2.Y.XEF000.4F0.INX,M,U2,Y,XEF000,4F0,INX,2006-10,73.14,,Introduction of regulation (EC) No 701/2006 on the temporal coverage of price collection in the HICP in Italy. Collection after October 2006 took place between the 1st and the 21st of the reference month. Until September 2006 the collection period was between the 16th of the previous month and the 15th of the reference month.,,F,A,,,A,,,P1M,,4F0,,,,2025 = 100,,2,,"HICP Inflation rate - Total excluding energy, food, alcohol and tobacco - Index","Euro area (Member States and Institutions of the Euro Area) changing composition - HICP - Total excluding energy, food, alcohol and tobacco, Index, European Central Bank (ECB), Working day and seasonally adjusted",IX,0,
HICP.M.U2.Y.XEF000.4F0.INX,M,U2,Y,XEF000,4F0,INX,2006-11,73.24,,,,F,A,,,A,,,P1M,,4F0,,,,2025 = 100,,2,,"HICP Inflation rate - Total excluding energy, food, alcohol and tobacco - Index","Euro area (Member States and Institutions of the Euro Area) changing composition - HICP - Total excluding energy, food, alcohol and tobacco, Index, European Central Bank (ECB), Working day and seasonally adjusted",IX,0,
HICP.M.U2.Y.XEF000.4F0.INX,M,U2,Y,XEF000,4F0,INX,2006-12,73.34,,,,F,A,,,A,,,P1M,,4F0,,,,2025 = 100,,2,,"HICP Inflation rate - Total excluding energy, food, alcohol and tobacco - Index","Euro area (Member States and Institutions of the Euro Area) changing composition - HICP - Total excluding energy, food, alcohol and tobacco, Index, European Central Bank (ECB), Working day and seasonally adjusted",IX,0,
HICP.M.U2.Y.XEF000.4F0.INX,M,U2,Y,XEF000,4F0,INX,2007-01,73.56,,,,F,A,,,A,,,P1M,,4F0,,,,2025 = 100,,2,,"HICP Inflation rate - Total excluding energy, food, alcohol and tobacco - Index","Euro area (Member States and Institutions of the Euro Area) changing composition - HICP - Total excluding energy, food, alcohol and tobacco, Index, European Central Bank (ECB), Working day and seasonally adjusted",IX,0,
HICP.M.U2.Y.XEF000.4F0.INX,M,U2,Y,XEF000,4F0,INX,2007-02,73.68,,,,F,A,,,A,,,P1M,,4F0,,,,2025 = 100,,2,,"HICP Inflation rate - Total excluding energy, food, alcohol and tobacco - Index","Euro area (Member States and Institutions of the Euro Area) changing composition - HICP - Total excluding energy, food, alcohol and tobacco, Index, European Central Bank (ECB), Working day and seasonally adjusted",IX,0,
HICP.M.U2.Y.XEF000.4F0.INX,M,U2,Y,XEF000,4F0,INX,2007-03,73.78,,,,F,A,,,A,,,P1M,,4F0,,,,2025 = 100,,2,,"HICP Inflation rate - Total excluding energy, food, alcohol and tobacco - Index","Euro area (Member States and Institutions of the Euro Area) changing composition - HICP - Total excluding energy, food, alcohol and tobacco, Index, European Central Bank (ECB), Working day and seasonally adjusted",IX,0,
HICP.M.U2.Y.XEF000.4F0.INX,M,U2,Y,XEF000,4F0,INX,2007-04,73.94,,,,F,A,,,A,,,P1M,,4F0,,,,2025 = 100,,2,,"HICP Inflation rate - Total excluding energy, food, alcohol and tobacco - Index","Euro area (Member States and Institutions of the Euro Area) changing composition - HICP - Total excluding energy, food, alcohol and tobacco, Index, European Central Bank (ECB), Working day and seasonally adjusted",IX,0,
HICP.M.U2.Y.XEF000.4F0.INX,M,U2,Y,XEF000,4F0,INX,2007-05,74.07,,,,F,A,,,A,,,P1M,,4F0,,,,2025 = 100,,2,,"HICP Inflation rate - Total excluding energy, food, alcohol and tobacco - Index","Euro area (Member States and Institutions of the Euro Area) changing composition - HICP - Total excluding energy, food, alcohol and tobacco, Index, European Central Bank (ECB), Working day and seasonally adjusted",IX,0,
HICP.M.U2.Y.XEF000.4F0.INX,M,U2,Y,XEF000,4F0,INX,2007-06,74.12,,,,F,A,,,A,,,P1M,,4F0,,,,2025 = 100,,2,,"HICP Inflation rate - Total excluding energy, food, alcohol and tobacco - Index","Euro area (Member States and Institutions of the Euro Area) changing composition - HICP - Total excluding energy, food, alcohol and tobacco, Index, European Central Bank (ECB), Working day and seasonally adjusted",IX,0,
HICP.M.U2.Y.XEF000.4F0.INX,M,U2,Y,XEF000,4F0,INX,2007-07,74.25,,,,F,A,,,A,,,P1M,,4F0,,,,2025 = 100,,2,,"HICP Inflation rate - Total excluding energy, food, alcohol and tobacco - Index","Euro area (Member States and Institutions of the Euro Area) changing composition - HICP - Total excluding energy, food, alcohol and tobacco, Index, European Central Bank (ECB), Working day and seasonally adjusted",IX,0,
HICP.M.U2.Y.XEF000.4F0.INX,M,U2,Y,XEF000,4F0,INX,2007-08,74.29,,,,F,A,,,A,,,P1M,,4F0,,,,2025 = 100,,2,,"HICP Inflation rate - Total excluding energy, food, alcohol and tobacco - Index","Euro area (Member States and Institutions of the Euro Area) changing composition - HICP - Total excluding energy, food, alcohol and tobacco, Index, European Central Bank (ECB), Working day and seasonally adjusted",IX,0,
HICP.M.U2.Y.XEF000.4F0.INX,M,U2,Y,XEF000,4F0,INX,2007-09,74.36,,,,F,A,,,A,,,P1M,,4F0,,,,2025 = 100,,2,,"HICP Inflation rate - Total excluding energy, food, alcohol and tobacco - Index","Euro area (Member States and Institutions of the Euro Area) changing composition - HICP - Total excluding energy, food, alcohol and tobacco, Index, European Central Bank (ECB), Working day and seasonally adjusted",IX,0,
HICP.M.U2.Y.XEF000.4F0.INX,M,U2,Y,XEF000,4F0,INX,2007-10,74.47,,,,F,A,,,A,,,P1M,,4F0,,,,2025 = 100,,2,,"HICP Inflation rate - Total excluding energy, food, alcohol and tobacco - Index","Euro area (Member States and Institutions of the Euro Area) changing composition - HICP - Total excluding energy, food, alcohol and tobacco, Index, European Central Bank (ECB), Working day and seasonally adjusted",IX,0,
HICP.M.U2.Y.XEF000.4F0.INX,M,U2,Y,XEF000,4F0,INX,2007-11,74.61,,,,F,A,,,A,,,P1M,,4F0,,,,2025 = 100,,2,,"HICP Inflation rate - Total excluding energy, food, alcohol and tobacco - Index","Euro area (Member States and Institutions of the Euro Area) changing composition - HICP - Total excluding energy, food, alcohol and tobacco, Index, European Central Bank (ECB), Working day and seasonally adjusted",IX,0,
HICP.M.U2.Y.XEF000.4F0.INX,M,U2,Y,XEF000,4F0,INX,2007-12,74.72,,,,F,A,,,A,,,P1M,,4F0,,,,2025 = 100,,2,,"HICP Inflation rate - Total excluding energy, food, alcohol and tobacco - Index","Euro area (Member States and Institutions of the Euro Area) changing composition - HICP - Total excluding energy, food, alcohol and tobacco, Index, European Central Bank (ECB), Working day and seasonally adjusted",IX,0,
HICP.M.U2.Y.XEF000.4F0.INX,M,U2,Y,XEF000,4F0,INX,2008-01,74.89,,"Introduction of methodological changes to the German HICP including - new basket, updated of volume structure of the weights, introduction of explicit weights for outlets and implementation of regulation (EC) No 701/2006 on the temporal coverage of price collection in the HICP",,F,A,,,A,,,P1M,,4F0,,,,2025 = 100,,2,,"HICP Inflation rate - Total excluding energy, food, alcohol and tobacco - Index","Euro area (Member States and Institutions of the Euro Area) changing composition - HICP - Total excluding energy, food, alcohol and tobacco, Index, European Central Bank (ECB), Working day and seasonally adjusted",IX,0,
HICP.M.U2.Y.XEF000.4F0.INX,M,U2,Y,XEF000,4F0,INX,2008-02,74.95,,,,F,A,,,A,,,P1M,,4F0,,,,2025 = 100,,2,,"HICP Inflation rate - Total excluding energy, food, alcohol and tobacco - Index","Euro area (Member States and Institutions of the Euro Area) changing composition - HICP - Total excluding energy, food, alcohol and tobacco, Index, European Central Bank (ECB), Working day and seasonally adjusted",IX,0,
HICP.M.U2.Y.XEF000.4F0.INX,M,U2,Y,XEF000,4F0,INX,2008-03,75.13,,,,F,A,,,A,,,P1M,,4F0,,,,2025 = 100,,2,,"HICP Inflation rate - Total excluding energy, food, alcohol and tobacco - Index","Euro area (Member States and Institutions of the Euro Area) changing composition - HICP - Total excluding energy, food, alcohol and tobacco, Index, European Central Bank (ECB), Working day and seasonally adjusted",IX,0,
HICP.M.U2.Y.XEF000.4F0.INX,M,U2,Y,XEF000,4F0,INX,2008-04,75.2,,,,F,A,,,A,,,P1M,,4F0,,,,2025 = 100,,2,,"HICP Inflation rate - Total excluding energy, food, alcohol and tobacco - Index","Euro area (Member States and Institutions of the Euro Area) changing composition - HICP - Total excluding energy, food, alcohol and tobacco, Index, European Central Bank (ECB), Working day and seasonally adjusted",IX,0,
HICP.M.U2.Y.XEF000.4F0.INX,M,U2,Y,XEF000,4F0,INX,2008-05,75.33,,,,F,A,,,A,,,P1M,,4F0,,,,2025 = 100,,2,,"HICP Inflation rate - Total excluding energy, food, alcohol and tobacco - Index","Euro area (Member States and Institutions of the Euro Area) changing composition - HICP - Total excluding energy, food, alcohol and tobacco, Index, European Central Bank (ECB), Working day and seasonally adjusted",IX,0,
HICP.M.U2.Y.XEF000.4F0.INX,M,U2,Y,XEF000,4F0,INX,2008-06,75.46,,,,F,A,,,A,,,P1M,,4F0,,,,2025 = 100,,2,,"HICP Inflation rate - Total excluding energy, food, alcohol and tobacco - Index","Euro area (Member States and Institutions of the Euro Area) changing composition - HICP - Total excluding energy, food, alcohol and tobacco, Index, European Central Bank (ECB), Working day and seasonally adjusted",IX,0,
HICP.M.U2.Y.XEF000.4F0.INX,M,U2,Y,XEF000,4F0,INX,2008-07,75.53,,,,F,A,,,A,,,P1M,,4F0,,,,2025 = 100,,2,,"HICP Inflation rate - Total excluding energy, food, alcohol and tobacco - Index","Euro area (Member States and Institutions of the Euro Area) changing composition - HICP - Total excluding energy, food, alcohol and tobacco, Index, European Central Bank (ECB), Working day and seasonally adjusted",IX,0,
HICP.M.U2.Y.XEF000.4F0.INX,M,U2,Y,XEF000,4F0,INX,2008-08,75.66,,,,F,A,,,A,,,P1M,,4F0,,,,2025 = 100,,2,,"HICP Inflation rate - Total excluding energy, food, alcohol and tobacco - Index","Euro area (Member States and Institutions of the Euro Area) changing composition - HICP - Total excluding energy, food, alcohol and tobacco, Index, European Central Bank (ECB), Working day and seasonally adjusted",IX,0,
HICP.M.U2.Y.XEF000.4F0.INX,M,U2,Y,XEF000,4F0,INX,2008-09,75.75,,,,F,A,,,A,,,P1M,,4F0,,,,2025 = 100,,2,,"HICP Inflation rate - Total excluding energy, food, alcohol and tobacco - Index","Euro area (Member States and Institutions of the Euro Area) changing composition - HICP - Total excluding energy, food, alcohol and tobacco, Index, European Central Bank (ECB), Working day and seasonally adjusted",IX,0,
HICP.M.U2.Y.XEF000.4F0.INX,M,U2,Y,XEF000,4F0,INX,2008-10,75.9,,,,F,A,,,A,,,P1M,,4F0,,,,2025 = 100,,2,,"HICP Inflation rate - Total excluding energy, food, alcohol and tobacco - Index","Euro area (Member States and Institutions of the Euro Area) changing composition - HICP - Total excluding energy, food, alcohol and tobacco, Index, European Central Bank (ECB), Working day and seasonally adjusted",IX,0,
HICP.M.U2.Y.XEF000.4F0.INX,M,U2,Y,XEF000,4F0,INX,2008-11,76.02,,,,F,A,,,A,,,P1M,,4F0,,,,2025 = 100,,2,,"HICP Inflation rate - Total excluding energy, food, alcohol and tobacco - Index","Euro area (Member States and Institutions of the Euro Area) changing composition - HICP - Total excluding energy, food, alcohol and tobacco, Index, European Central Bank (ECB), Working day and seasonally adjusted",IX,0,
HICP.M.U2.Y.XEF000.4F0.INX,M,U2,Y,XEF000,4F0,INX,2008-12,76.09,,,,F,A,,,A,,,P1M,,4F0,,,,2025 = 100,,2,,"HICP Inflation rate - Total excluding energy, food, alcohol and tobacco - Index","Euro area (Member States and Institutions of the Euro Area) changing composition - HICP - Total excluding energy, food, alcohol and tobacco, Index, European Central Bank (ECB), Working day and seasonally adjusted",IX,0,
HICP.M.U2.Y.XEF000.4F0.INX,M,U2,Y,XEF000,4F0,INX,2009-01,76.14,,,,F,A,,,A,,,P1M,,4F0,,,,2025 = 100,,2,,"HICP Inflation rate - Total excluding energy, food, alcohol and tobacco - Index","Euro area (Member States and Institutions of the Euro Area) changing composition - HICP - Total excluding energy, food, alcohol and tobacco, Index, European Central Bank (ECB), Working day and seasonally adjusted",IX,0,
HICP.M.U2.Y.XEF000.4F0.INX,M,U2,Y,XEF000,4F0,INX,2009-02,76.24,,,,F,A,,,A,,,P1M,,4F0,,,,2025 = 100,,2,,"HICP Inflation rate - Total excluding energy, food, alcohol and tobacco - Index","Euro area (Member States and Institutions of the Euro Area) changing composition - HICP - Total excluding energy, food, alcohol and tobacco, Index, European Central Bank (ECB), Working day and seasonally adjusted",IX,0,
HICP.M.U2.Y.XEF000.4F0.INX,M,U2,Y,XEF000,4F0,INX,2009-03,76.32,,,,F,A,,,A,,,P1M,,4F0,,,,2025 = 100,,2,,"HICP Inflation rate - Total excluding energy, food, alcohol and tobacco - Index","Euro area (Member States and Institutions of the Euro Area) changing composition - HICP - Total excluding energy, food, alcohol and tobacco, Index, European Central Bank (ECB), Working day and seasonally adjusted",IX,0,
HICP.M.U2.Y.XEF000.4F0.INX,M,U2,Y,XEF000,4F0,INX,2009-04,76.4,,,,F,A,,,A,,,P1M,,4F0,,,,2025 = 100,,2,,"HICP Inflation rate - Total excluding energy, food, alcohol and tobacco - Index","Euro area (Member States and Institutions of the Euro Area) changing composition - HICP - Total excluding energy, food, alcohol and tobacco, Index, European Central Bank (ECB), Working day and seasonally adjusted",IX,0,
HICP.M.U2.Y.XEF000.4F0.INX,M,U2,Y,XEF000,4F0,INX,2009-05,76.48,,,,F,A,,,A,,,P1M,,4F0,,,,2025 = 100,,2,,"HICP Inflation rate - Total excluding energy, food, alcohol and tobacco - Index","Euro area (Member States and Institutions of the Euro Area) changing composition - HICP - Total excluding energy, food, alcohol and tobacco, Index, European Central Bank (ECB), Working day and seasonally adjusted",IX,0,
HICP.M.U2.Y.XEF000.4F0.INX,M,U2,Y,XEF000,4F0,INX,2009-06,76.51,,,,F,A,,,A,,,P1M,,4F0,,,,2025 = 100,,2,,"HICP Inflation rate - Total excluding energy, food, alcohol and tobacco - Index","Euro area (Member States and Institutions of the Euro Area) changing composition - HICP - Total excluding energy, food, alcohol and tobacco, Index, European Central Bank (ECB), Working day and seasonally adjusted",IX,0,
HICP.M.U2.Y.XEF000.4F0.INX,M,U2,Y,XEF000,4F0,INX,2009-07,76.52,,,,F,A,,,A,,,P1M,,4F0,,,,2025 = 100,,2,,"HICP Inflation rate - Total excluding energy, food, alcohol and tobacco - Index","Euro area (Member States and Institutions of the Euro Area) changing composition - HICP - Total excluding energy, food, alcohol and tobacco, Index, European Central Bank (ECB), Working day and seasonally adjusted",IX,0,
HICP.M.U2.Y.XEF000.4F0.INX,M,U2,Y,XEF000,4F0,INX,2009-08,76.62,,,,F,A,,,A,,,P1M,,4F0,,,,2025 = 100,,2,,"HICP Inflation rate - Total excluding energy, food, alcohol and tobacco - Index","Euro area (Member States and Institutions of the Euro Area) changing composition - HICP - Total excluding energy, food, alcohol and tobacco, Index, European Central Bank (ECB), Working day and seasonally adjusted",IX,0,
HICP.M.U2.Y.XEF000.4F0.INX,M,U2,Y,XEF000,4F0,INX,2009-09,76.66,,,,F,A,,,A,,,P1M,,4F0,,,,2025 = 100,,2,,"HICP Inflation rate - Total excluding energy, food, alcohol and tobacco - Index","Euro area (Member States and Institutions of the Euro Area) changing composition - HICP - Total excluding energy, food, alcohol and tobacco, Index, European Central Bank (ECB), Working day and seasonally adjusted",IX,0,
HICP.M.U2.Y.XEF000.4F0.INX,M,U2,Y,XEF000,4F0,INX,2009-10,76.73,,,,F,A,,,A,,,P1M,,4F0,,,,2025 = 100,,2,,"HICP Inflation rate - Total excluding energy, food, alcohol and tobacco - Index","Euro area (Member States and Institutions of the Euro Area) changing composition - HICP - Total excluding energy, food, alcohol and tobacco, Index, European Central Bank (ECB), Working day and seasonally adjusted",IX,0,
HICP.M.U2.Y.XEF000.4F0.INX,M,U2,Y,XEF000,4F0,INX,2009-11,76.79,,,,F,A,,,A,,,P1M,,4F0,,,,2025 = 100,,2,,"HICP Inflation rate - Total excluding energy, food, alcohol and tobacco - Index","Euro area (Member States and Institutions of the Euro Area) changing composition - HICP - Total excluding energy, food, alcohol and tobacco, Index, European Central Bank (ECB), Working day and seasonally adjusted",IX,0,
HICP.M.U2.Y.XEF000.4F0.INX,M,U2,Y,XEF000,4F0,INX,2009-12,76.88,,,,F,A,,,A,,,P1M,,4F0,,,,2025 = 100,,2,,"HICP Inflation rate - Total excluding energy, food, alcohol and tobacco - Index","Euro area (Member States and Institutions of the Euro Area) changing composition - HICP - Total excluding energy, food, alcohol and tobacco, Index, European Central Bank (ECB), Working day and seasonally adjusted",IX,0,
HICP.M.U2.Y.XEF000.4F0.INX,M,U2,Y,XEF000,4F0,INX,2010-01,76.93,,Implementation of HICP Regulation No. 33/2009 on the treatment of seasonal products in the Spanish HICP. Also reallocation of rented holiday apartments from COICOP accommodation services (11.2.0) to actual rentals (04.1.1) in the Spanish HICP. These changes have a distorting impact on the annual rates of change in 2010. See Box 3 in the April 2011 ECB Monthly Bulletin for details.,,F,A,,,A,,,P1M,,4F0,,,,2025 = 100,,2,,"HICP Inflation rate - Total excluding energy, food, alcohol and tobacco - Index","Euro area (Member States and Institutions of the Euro Area) changing composition - HICP - Total excluding energy, food, alcohol and tobacco, Index, European Central Bank (ECB), Working day and seasonally adjusted",IX,0,
HICP.M.U2.Y.XEF000.4F0.INX,M,U2,Y,XEF000,4F0,INX,2010-02,76.97,,,,F,A,,,A,,,P1M,,4F0,,,,2025 = 100,,2,,"HICP Inflation rate - Total excluding energy, food, alcohol and tobacco - Index","Euro area (Member States and Institutions of the Euro Area) changing composition - HICP - Total excluding energy, food, alcohol and tobacco, Index, European Central Bank (ECB), Working day and seasonally adjusted",IX,0,
HICP.M.U2.Y.XEF000.4F0.INX,M,U2,Y,XEF000,4F0,INX,2010-03,77.02,,,,F,A,,,A,,,P1M,,4F0,,,,2025 = 100,,2,,"HICP Inflation rate - Total excluding energy, food, alcohol and tobacco - Index","Euro area (Member States and Institutions of the Euro Area) changing composition - HICP - Total excluding energy, food, alcohol and tobacco, Index, European Central Bank (ECB), Working day and seasonally adjusted",IX,0,
HICP.M.U2.Y.XEF000.4F0.INX,M,U2,Y,XEF000,4F0,INX,2010-04,77.11,,,,F,A,,,A,,,P1M,,4F0,,,,2025 = 100,,2,,"HICP Inflation rate - Total excluding energy, food, alcohol and tobacco - Index","Euro area (Member States and Institutions of the Euro Area) changing composition - HICP - Total excluding energy, food, alcohol and tobacco, Index, European Central Bank (ECB), Working day and seasonally adjusted",IX,0,
HICP.M.U2.Y.XEF000.4F0.INX,M,U2,Y,XEF000,4F0,INX,2010-05,77.14,,,,F,A,,,A,,,P1M,,4F0,,,,2025 = 100,,2,,"HICP Inflation rate - Total excluding energy, food, alcohol and tobacco - Index","Euro area (Member States and Institutions of the Euro Area) changing composition - HICP - Total excluding energy, food, alcohol and tobacco, Index, European Central Bank (ECB), Working day and seasonally adjusted",IX,0,
HICP.M.U2.Y.XEF000.4F0.INX,M,U2,Y,XEF000,4F0,INX,2010-06,77.23,,,,F,A,,,A,,,P1M,,4F0,,,,2025 = 100,,2,,"HICP Inflation rate - Total excluding energy, food, alcohol and tobacco - Index","Euro area (Member States and Institutions of the Euro Area) changing composition - HICP - Total excluding energy, food, alcohol and tobacco, Index, European Central Bank (ECB), Working day and seasonally adjusted",IX,0,
HICP.M.U2.Y.XEF000.4F0.INX,M,U2,Y,XEF000,4F0,INX,2010-07,77.31,,,,F,A,,,A,,,P1M,,4F0,,,,2025 = 100,,2,,"HICP Inflation rate - Total excluding energy, food, alcohol and tobacco - Index","Euro area (Member States and Institutions of the Euro Area) changing composition - HICP - Total excluding energy, food, alcohol and tobacco, Index, European Central Bank (ECB), Working day and seasonally adjusted",IX,0,
HICP.M.U2.Y.XEF000.4F0.INX,M,U2,Y,XEF000,4F0,INX,2010-08,77.39,,,,F,A,,,A,,,P1M,,4F0,,,,2025 = 100,,2,,"HICP Inflation rate - Total excluding energy, food, alcohol and tobacco - Index","Euro area (Member States and Institutions of the Euro Area) changing composition - HICP - Total excluding energy, food, alcohol and tobacco, Index, European Central Bank (ECB), Working day and seasonally adjusted",IX,0,
HICP.M.U2.Y.XEF000.4F0.INX,M,U2,Y,XEF000,4F0,INX,2010-09,77.46,,,,F,A,,,A,,,P1M,,4F0,,,,2025 = 100,,2,,"HICP Inflation rate - Total excluding energy, food, alcohol and tobacco - Index","Euro area (Member States and Institutions of the Euro Area) changing composition - HICP - Total excluding energy, food, alcohol and tobacco, Index, European Central Bank (ECB), Working day and seasonally adjusted",IX,0,
HICP.M.U2.Y.XEF000.4F0.INX,M,U2,Y,XEF000,4F0,INX,2010-10,77.57,,,,F,A,,,A,,,P1M,,4F0,,,,2025 = 100,,2,,"HICP Inflation rate - Total excluding energy, food, alcohol and tobacco - Index","Euro area (Member States and Institutions of the Euro Area) changing composition - HICP - Total excluding energy, food, alcohol and tobacco, Index, European Central Bank (ECB), Working day and seasonally adjusted",IX,0,
HICP.M.U2.Y.XEF000.4F0.INX,M,U2,Y,XEF000,4F0,INX,2010-11,77.65,,,,F,A,,,A,,,P1M,,4F0,,,,2025 = 100,,2,,"HICP Inflation rate - Total excluding energy, food, alcohol and tobacco - Index","Euro area (Member States and Institutions of the Euro Area) changing composition - HICP - Total excluding energy, food, alcohol and tobacco, Index, European Central Bank (ECB), Working day and seasonally adjusted",IX,0,
HICP.M.U2.Y.XEF000.4F0.INX,M,U2,Y,XEF000,4F0,INX,2010-12,77.69,,,,F,A,,,A,,,P1M,,4F0,,,,2025 = 100,,2,,"HICP Inflation rate - Total excluding energy, food, alcohol and tobacco - Index","Euro area (Member States and Institutions of the Euro Area) changing composition - HICP - Total excluding energy, food, alcohol and tobacco, Index, European Central Bank (ECB), Working day and seasonally adjusted",IX,0,
HICP.M.U2.Y.XEF000.4F0.INX,M,U2,Y,XEF000,4F0,INX,2011-01,77.88,,"Implementation of HICP Regulation No. 33/2009 on the treatment of seasonal products in the HICPs of DE, EE, GR, FR, IT, CY, LU, MT, PT, SI, SK. The Regulation had particularly large impacts on clothing and footwear and to a lesser extent fruit and vegetables. In addition, NL implemented a new methodology for package holidays and air transport. These changes have a distorting impact on the annual rates of change in 2011. See Box 3 in the April 2011 ECB Monthly Bulletin for details.",,F,A,,,A,,,P1M,,4F0,,,,2025 = 100,,2,,"HICP Inflation rate - Total excluding energy, food, alcohol and tobacco - Index","Euro area (Member States and Institutions of the Euro Area) changing composition - HICP - Total excluding energy, food, alcohol and tobacco, Index, European Central Bank (ECB), Working day and seasonally adjusted",IX,0,
HICP.M.U2.Y.XEF000.4F0.INX,M,U2,Y,XEF000,4F0,INX,2011-02,77.95,,,,F,A,,,A,,,P1M,,4F0,,,,2025 = 100,,2,,"HICP Inflation rate - Total excluding energy, food, alcohol and tobacco - Index","Euro area (Member States and Institutions of the Euro Area) changing composition - HICP - Total excluding energy, food, alcohol and tobacco, Index, European Central Bank (ECB), Working day and seasonally adjusted",IX,0,
HICP.M.U2.Y.XEF000.4F0.INX,M,U2,Y,XEF000,4F0,INX,2011-03,78.01,,,,F,A,,,A,,,P1M,,4F0,,,,2025 = 100,,2,,"HICP Inflation rate - Total excluding energy, food, alcohol and tobacco - Index","Euro area (Member States and Institutions of the Euro Area) changing composition - HICP - Total excluding energy, food, alcohol and tobacco, Index, European Central Bank (ECB), Working day and seasonally adjusted",IX,0,
HICP.M.U2.Y.XEF000.4F0.INX,M,U2,Y,XEF000,4F0,INX,2011-04,78.12,,,,F,A,,,A,,,P1M,,4F0,,,,2025 = 100,,2,,"HICP Inflation rate - Total excluding energy, food, alcohol and tobacco - Index","Euro area (Member States and Institutions of the Euro Area) changing composition - HICP - Total excluding energy, food, alcohol and tobacco, Index, European Central Bank (ECB), Working day and seasonally adjusted",IX,0,
HICP.M.U2.Y.XEF000.4F0.INX,M,U2,Y,XEF000,4F0,INX,2011-05,78.2,,,,F,A,,,A,,,P1M,,4F0,,,,2025 = 100,,2,,"HICP Inflation rate - Total excluding energy, food, alcohol and tobacco - Index","Euro area (Member States and Institutions of the Euro Area) changing composition - HICP - Total excluding energy, food, alcohol and tobacco, Index, European Central Bank (ECB), Working day and seasonally adjusted",IX,0,
HICP.M.U2.Y.XEF000.4F0.INX,M,U2,Y,XEF000,4F0,INX,2011-06,78.3,,,,F,A,,,A,,,P1M,,4F0,,,,2025 = 100,,2,,"HICP Inflation rate - Total excluding energy, food, alcohol and tobacco - Index","Euro area (Member States and Institutions of the Euro Area) changing composition - HICP - Total excluding energy, food, alcohol and tobacco, Index, European Central Bank (ECB), Working day and seasonally adjusted",IX,0,
HICP.M.U2.Y.XEF000.4F0.INX,M,U2,Y,XEF000,4F0,INX,2011-07,78.39,,,,F,A,,,A,,,P1M,,4F0,,,,2025 = 100,,2,,"HICP Inflation rate - Total excluding energy, food, alcohol and tobacco - Index","Euro area (Member States and Institutions of the Euro Area) changing composition - HICP - Total excluding energy, food, alcohol and tobacco, Index, European Central Bank (ECB), Working day and seasonally adjusted",IX,0,
HICP.M.U2.Y.XEF000.4F0.INX,M,U2,Y,XEF000,4F0,INX,2011-08,78.54,,,,F,A,,,A,,,P1M,,4F0,,,,2025 = 100,,2,,"HICP Inflation rate - Total excluding energy, food, alcohol and tobacco - Index","Euro area (Member States and Institutions of the Euro Area) changing composition - HICP - Total excluding energy, food, alcohol and tobacco, Index, European Central Bank (ECB), Working day and seasonally adjusted",IX,0,
HICP.M.U2.Y.XEF000.4F0.INX,M,U2,Y,XEF000,4F0,INX,2011-09,78.62,,Implementation of HICP Regulation No. 33/2009 on the treatment of seasonal products in the Austrian HICP. See Box 3 in the April 2011 ECB Monthly Bulletin for details.,,F,A,,,A,,,P1M,,4F0,,,,2025 = 100,,2,,"HICP Inflation rate - Total excluding energy, food, alcohol and tobacco - Index","Euro area (Member States and Institutions of the Euro Area) changing composition - HICP - Total excluding energy, food, alcohol and tobacco, Index, European Central Bank (ECB), Working day and seasonally adjusted",IX,0,
HICP.M.U2.Y.XEF000.4F0.INX,M,U2,Y,XEF000,4F0,INX,2011-10,78.75,,,,F,A,,,A,,,P1M,,4F0,,,,2025 = 100,,2,,"HICP Inflation rate - Total excluding energy, food, alcohol and tobacco - Index","Euro area (Member States and Institutions of the Euro Area) changing composition - HICP - Total excluding energy, food, alcohol and tobacco, Index, European Central Bank (ECB), Working day and seasonally adjusted",IX,0,
HICP.M.U2.Y.XEF000.4F0.INX,M,U2,Y,XEF000,4F0,INX,2011-11,78.83,,,,F,A,,,A,,,P1M,,4F0,,,,2025 = 100,,2,,"HICP Inflation rate - Total excluding energy, food, alcohol and tobacco - Index","Euro area (Member States and Institutions of the Euro Area) changing composition - HICP - Total excluding energy, food, alcohol and tobacco, Index, European Central Bank (ECB), Working day and seasonally adjusted",IX,0,
HICP.M.U2.Y.XEF000.4F0.INX,M,U2,Y,XEF000,4F0,INX,2011-12,78.91,,,,F,A,,,A,,,P1M,,4F0,,,,2025 = 100,,2,,"HICP Inflation rate - Total excluding energy, food, alcohol and tobacco - Index","Euro area (Member States and Institutions of the Euro Area) changing composition - HICP - Total excluding energy, food, alcohol and tobacco, Index, European Central Bank (ECB), Working day and seasonally adjusted",IX,0,
HICP.M.U2.Y.XEF000.4F0.INX,M,U2,Y,XEF000,4F0,INX,2012-01,79.09,,"Implementation of HICP Regulation No. 114/2010 on the quality of HICP weights in the HICPs of DE, IE, CY, LU, MT, AT, FI. See Box 3 in the April 2012 ECB Monthly Bulletin for details.",,F,A,,,A,,,P1M,,4F0,,,,2025 = 100,,2,,"HICP Inflation rate - Total excluding energy, food, alcohol and tobacco - Index","Euro area (Member States and Institutions of the Euro Area) changing composition - HICP - Total excluding energy, food, alcohol and tobacco, Index, European Central Bank (ECB), Working day and seasonally adjusted",IX,0,
HICP.M.U2.Y.XEF000.4F0.INX,M,U2,Y,XEF000,4F0,INX,2012-02,79.16,,,,F,A,,,A,,,P1M,,4F0,,,,2025 = 100,,2,,"HICP Inflation rate - Total excluding energy, food, alcohol and tobacco - Index","Euro area (Member States and Institutions of the Euro Area) changing composition - HICP - Total excluding energy, food, alcohol and tobacco, Index, European Central Bank (ECB), Working day and seasonally adjusted",IX,0,
HICP.M.U2.Y.XEF000.4F0.INX,M,U2,Y,XEF000,4F0,INX,2012-03,79.28,,,,F,A,,,A,,,P1M,,4F0,,,,2025 = 100,,2,,"HICP Inflation rate - Total excluding energy, food, alcohol and tobacco - Index","Euro area (Member States and Institutions of the Euro Area) changing composition - HICP - Total excluding energy, food, alcohol and tobacco, Index, European Central Bank (ECB), Working day and seasonally adjusted",IX,0,
HICP.M.U2.Y.XEF000.4F0.INX,M,U2,Y,XEF000,4F0,INX,2012-04,79.36,,,,F,A,,,A,,,P1M,,4F0,,,,2025 = 100,,2,,"HICP Inflation rate - Total excluding energy, food, alcohol and tobacco - Index","Euro area (Member States and Institutions of the Euro Area) changing composition - HICP - Total excluding energy, food, alcohol and tobacco, Index, European Central Bank (ECB), Working day and seasonally adjusted",IX,0,
HICP.M.U2.Y.XEF000.4F0.INX,M,U2,Y,XEF000,4F0,INX,2012-05,79.45,,,,F,A,,,A,,,P1M,,4F0,,,,2025 = 100,,2,,"HICP Inflation rate - Total excluding energy, food, alcohol and tobacco - Index","Euro area (Member States and Institutions of the Euro Area) changing composition - HICP - Total excluding energy, food, alcohol and tobacco, Index, European Central Bank (ECB), Working day and seasonally adjusted",IX,0,
HICP.M.U2.Y.XEF000.4F0.INX,M,U2,Y,XEF000,4F0,INX,2012-06,79.55,,,,F,A,,,A,,,P1M,,4F0,,,,2025 = 100,,2,,"HICP Inflation rate - Total excluding energy, food, alcohol and tobacco - Index","Euro area (Member States and Institutions of the Euro Area) changing composition - HICP - Total excluding energy, food, alcohol and tobacco, Index, European Central Bank (ECB), Working day and seasonally adjusted",IX,0,
HICP.M.U2.Y.XEF000.4F0.INX,M,U2,Y,XEF000,4F0,INX,2012-07,79.68,,,,F,A,,,A,,,P1M,,4F0,,,,2025 = 100,,2,,"HICP Inflation rate - Total excluding energy, food, alcohol and tobacco - Index","Euro area (Member States and Institutions of the Euro Area) changing composition - HICP - Total excluding energy, food, alcohol and tobacco, Index, European Central Bank (ECB), Working day and seasonally adjusted",IX,0,
HICP.M.U2.Y.XEF000.4F0.INX,M,U2,Y,XEF000,4F0,INX,2012-08,79.7,,,,F,A,,,A,,,P1M,,4F0,,,,2025 = 100,,2,,"HICP Inflation rate - Total excluding energy, food, alcohol and tobacco - Index","Euro area (Member States and Institutions of the Euro Area) changing composition - HICP - Total excluding energy, food, alcohol and tobacco, Index, European Central Bank (ECB), Working day and seasonally adjusted",IX,0,
HICP.M.U2.Y.XEF000.4F0.INX,M,U2,Y,XEF000,4F0,INX,2012-09,79.8,,,,F,A,,,A,,,P1M,,4F0,,,,2025 = 100,,2,,"HICP Inflation rate - Total excluding energy, food, alcohol and tobacco - Index","Euro area (Member States and Institutions of the Euro Area) changing composition - HICP - Total excluding energy, food, alcohol and tobacco, Index, European Central Bank (ECB), Working day and seasonally adjusted",IX,0,
HICP.M.U2.Y.XEF000.4F0.INX,M,U2,Y,XEF000,4F0,INX,2012-10,79.92,,,,F,A,,,A,,,P1M,,4F0,,,,2025 = 100,,2,,"HICP Inflation rate - Total excluding energy, food, alcohol and tobacco - Index","Euro area (Member States and Institutions of the Euro Area) changing composition - HICP - Total excluding energy, food, alcohol and tobacco, Index, European Central Bank (ECB), Working day and seasonally adjusted",IX,0,
HICP.M.U2.Y.XEF000.4F0.INX,M,U2,Y,XEF000,4F0,INX,2012-11,79.97,,,,F,A,,,A,,,P1M,,4F0,,,,2025 = 100,,2,,"HICP Inflation rate - Total excluding energy, food, alcohol and tobacco - Index","Euro area (Member States and Institutions of the Euro Area) changing composition - HICP - Total excluding energy, food, alcohol and tobacco, Index, European Central Bank (ECB), Working day and seasonally adjusted",IX,0,
HICP.M.U2.Y.XEF000.4F0.INX,M,U2,Y,XEF000,4F0,INX,2012-12,80.11,,,,F,A,,,A,,,P1M,,4F0,,,,2025 = 100,,2,,"HICP Inflation rate - Total excluding energy, food, alcohol and tobacco - Index","Euro area (Member States and Institutions of the Euro Area) changing composition - HICP - Total excluding energy, food, alcohol and tobacco, Index, European Central Bank (ECB), Working day and seasonally adjusted",IX,0,
HICP.M.U2.Y.XEF000.4F0.INX,M,U2,Y,XEF000,4F0,INX,2013-01,80.17,,,,F,A,,,A,,,P1M,,4F0,,,,2025 = 100,,2,,"HICP Inflation rate - Total excluding energy, food, alcohol and tobacco - Index","Euro area (Member States and Institutions of the Euro Area) changing composition - HICP - Total excluding energy, food, alcohol and tobacco, Index, European Central Bank (ECB), Working day and seasonally adjusted",IX,0,
HICP.M.U2.Y.XEF000.4F0.INX,M,U2,Y,XEF000,4F0,INX,2013-02,80.17,,,,F,A,,,A,,,P1M,,4F0,,,,2025 = 100,,2,,"HICP Inflation rate - Total excluding energy, food, alcohol and tobacco - Index","Euro area (Member States and Institutions of the Euro Area) changing composition - HICP - Total excluding energy, food, alcohol and tobacco, Index, European Central Bank (ECB), Working day and seasonally adjusted",IX,0,
HICP.M.U2.Y.XEF000.4F0.INX,M,U2,Y,XEF000,4F0,INX,2013-03,80.32,,,,F,A,,,A,,,P1M,,4F0,,,,2025 = 100,,2,,"HICP Inflation rate - Total excluding energy, food, alcohol and tobacco - Index","Euro area (Member States and Institutions of the Euro Area) changing composition - HICP - Total excluding energy, food, alcohol and tobacco, Index, European Central Bank (ECB), Working day and seasonally adjusted",IX,0,
HICP.M.U2.Y.XEF000.4F0.INX,M,U2,Y,XEF000,4F0,INX,2013-04,80.34,,,,F,A,,,A,,,P1M,,4F0,,,,2025 = 100,,2,,"HICP Inflation rate - Total excluding energy, food, alcohol and tobacco - Index","Euro area (Member States and Institutions of the Euro Area) changing composition - HICP - Total excluding energy, food, alcohol and tobacco, Index, European Central Bank (ECB), Working day and seasonally adjusted",IX,0,
HICP.M.U2.Y.XEF000.4F0.INX,M,U2,Y,XEF000,4F0,INX,2013-05,80.39,,,,F,A,,,A,,,P1M,,4F0,,,,2025 = 100,,2,,"HICP Inflation rate - Total excluding energy, food, alcohol and tobacco - Index","Euro area (Member States and Institutions of the Euro Area) changing composition - HICP - Total excluding energy, food, alcohol and tobacco, Index, European Central Bank (ECB), Working day and seasonally adjusted",IX,0,
HICP.M.U2.Y.XEF000.4F0.INX,M,U2,Y,XEF000,4F0,INX,2013-06,80.46,,,,F,A,,,A,,,P1M,,4F0,,,,2025 = 100,,2,,"HICP Inflation rate - Total excluding energy, food, alcohol and tobacco - Index","Euro area (Member States and Institutions of the Euro Area) changing composition - HICP - Total excluding energy, food, alcohol and tobacco, Index, European Central Bank (ECB), Working day and seasonally adjusted",IX,0,
HICP.M.U2.Y.XEF000.4F0.INX,M,U2,Y,XEF000,4F0,INX,2013-07,80.51,,,,F,A,,,A,,,P1M,,4F0,,,,2025 = 100,,2,,"HICP Inflation rate - Total excluding energy, food, alcohol and tobacco - Index","Euro area (Member States and Institutions of the Euro Area) changing composition - HICP - Total excluding energy, food, alcohol and tobacco, Index, European Central Bank (ECB), Working day and seasonally adjusted",IX,0,
HICP.M.U2.Y.XEF000.4F0.INX,M,U2,Y,XEF000,4F0,INX,2013-08,80.5,,,,F,A,,,A,,,P1M,,4F0,,,,2025 = 100,,2,,"HICP Inflation rate - Total excluding energy, food, alcohol and tobacco - Index","Euro area (Member States and Institutions of the Euro Area) changing composition - HICP - Total excluding energy, food, alcohol and tobacco, Index, European Central Bank (ECB), Working day and seasonally adjusted",IX,0,
HICP.M.U2.Y.XEF000.4F0.INX,M,U2,Y,XEF000,4F0,INX,2013-09,80.6,,,,F,A,,,A,,,P1M,,4F0,,,,2025 = 100,,2,,"HICP Inflation rate - Total excluding energy, food, alcohol and tobacco - Index","Euro area (Member States and Institutions of the Euro Area) changing composition - HICP - Total excluding energy, food, alcohol and tobacco, Index, European Central Bank (ECB), Working day and seasonally adjusted",IX,0,
HICP.M.U2.Y.XEF000.4F0.INX,M,U2,Y,XEF000,4F0,INX,2013-10,80.58,,,,F,A,,,A,,,P1M,,4F0,,,,2025 = 100,,2,,"HICP Inflation rate - Total excluding energy, food, alcohol and tobacco - Index","Euro area (Member States and Institutions of the Euro Area) changing composition - HICP - Total excluding energy, food, alcohol and tobacco, Index, European Central Bank (ECB), Working day and seasonally adjusted",IX,0,
HICP.M.U2.Y.XEF000.4F0.INX,M,U2,Y,XEF000,4F0,INX,2013-11,80.69,,,,F,A,,,A,,,P1M,,4F0,,,,2025 = 100,,2,,"HICP Inflation rate - Total excluding energy, food, alcohol and tobacco - Index","Euro area (Member States and Institutions of the Euro Area) changing composition - HICP - Total excluding energy, food, alcohol and tobacco, Index, European Central Bank (ECB), Working day and seasonally adjusted",IX,0,
HICP.M.U2.Y.XEF000.4F0.INX,M,U2,Y,XEF000,4F0,INX,2013-12,80.74,,,,F,A,,,A,,,P1M,,4F0,,,,2025 = 100,,2,,"HICP Inflation rate - Total excluding energy, food, alcohol and tobacco - Index","Euro area (Member States and Institutions of the Euro Area) changing composition - HICP - Total excluding energy, food, alcohol and tobacco, Index, European Central Bank (ECB), Working day and seasonally adjusted",IX,0,
HICP.M.U2.Y.XEF000.4F0.INX,M,U2,Y,XEF000,4F0,INX,2014-01,80.81,,,,F,A,,,A,,,P1M,,4F0,,,,2025 = 100,,2,,"HICP Inflation rate - Total excluding energy, food, alcohol and tobacco - Index","Euro area (Member States and Institutions of the Euro Area) changing composition - HICP - Total excluding energy, food, alcohol and tobacco, Index, European Central Bank (ECB), Working day and seasonally adjusted",IX,0,
HICP.M.U2.Y.XEF000.4F0.INX,M,U2,Y,XEF000,4F0,INX,2014-02,80.96,,,,F,A,,,A,,,P1M,,4F0,,,,2025 = 100,,2,,"HICP Inflation rate - Total excluding energy, food, alcohol and tobacco - Index","Euro area (Member States and Institutions of the Euro Area) changing composition - HICP - Total excluding energy, food, alcohol and tobacco, Index, European Central Bank (ECB), Working day and seasonally adjusted",IX,0,
HICP.M.U2.Y.XEF000.4F0.INX,M,U2,Y,XEF000,4F0,INX,2014-03,81.01,,,,F,A,,,A,,,P1M,,4F0,,,,2025 = 100,,2,,"HICP Inflation rate - Total excluding energy, food, alcohol and tobacco - Index","Euro area (Member States and Institutions of the Euro Area) changing composition - HICP - Total excluding energy, food, alcohol and tobacco, Index, European Central Bank (ECB), Working day and seasonally adjusted",IX,0,
HICP.M.U2.Y.XEF000.4F0.INX,M,U2,Y,XEF000,4F0,INX,2014-04,81.03,,,,F,A,,,A,,,P1M,,4F0,,,,2025 = 100,,2,,"HICP Inflation rate - Total excluding energy, food, alcohol and tobacco - Index","Euro area (Member States and Institutions of the Euro Area) changing composition - HICP - Total excluding energy, food, alcohol and tobacco, Index, European Central Bank (ECB), Working day and seasonally adjusted",IX,0,
HICP.M.U2.Y.XEF000.4F0.INX,M,U2,Y,XEF000,4F0,INX,2014-05,80.99,,,,F,A,,,A,,,P1M,,4F0,,,,2025 = 100,,2,,"HICP Inflation rate - Total excluding energy, food, alcohol and tobacco - Index","Euro area (Member States and Institutions of the Euro Area) changing composition - HICP - Total excluding energy, food, alcohol and tobacco, Index, European Central Bank (ECB), Working day and seasonally adjusted",IX,0,
HICP.M.U2.Y.XEF000.4F0.INX,M,U2,Y,XEF000,4F0,INX,2014-06,81.04,,,,F,A,,,A,,,P1M,,4F0,,,,2025 = 100,,2,,"HICP Inflation rate - Total excluding energy, food, alcohol and tobacco - Index","Euro area (Member States and Institutions of the Euro Area) changing composition - HICP - Total excluding energy, food, alcohol and tobacco, Index, European Central Bank (ECB), Working day and seasonally adjusted",IX,0,
HICP.M.U2.Y.XEF000.4F0.INX,M,U2,Y,XEF000,4F0,INX,2014-07,81.06,,,,F,A,,,A,,,P1M,,4F0,,,,2025 = 100,,2,,"HICP Inflation rate - Total excluding energy, food, alcohol and tobacco - Index","Euro area (Member States and Institutions of the Euro Area) changing composition - HICP - Total excluding energy, food, alcohol and tobacco, Index, European Central Bank (ECB), Working day and seasonally adjusted",IX,0,
HICP.M.U2.Y.XEF000.4F0.INX,M,U2,Y,XEF000,4F0,INX,2014-08,81.17,,,,F,A,,,A,,,P1M,,4F0,,,,2025 = 100,,2,,"HICP Inflation rate - Total excluding energy, food, alcohol and tobacco - Index","Euro area (Member States and Institutions of the Euro Area) changing composition - HICP - Total excluding energy, food, alcohol and tobacco, Index, European Central Bank (ECB), Working day and seasonally adjusted",IX,0,
HICP.M.U2.Y.XEF000.4F0.INX,M,U2,Y,XEF000,4F0,INX,2014-09,81.21,,,,F,A,,,A,,,P1M,,4F0,,,,2025 = 100,,2,,"HICP Inflation rate - Total excluding energy, food, alcohol and tobacco - Index","Euro area (Member States and Institutions of the Euro Area) changing composition - HICP - Total excluding energy, food, alcohol and tobacco, Index, European Central Bank (ECB), Working day and seasonally adjusted",IX,0,
HICP.M.U2.Y.XEF000.4F0.INX,M,U2,Y,XEF000,4F0,INX,2014-10,81.18,,,,F,A,,,A,,,P1M,,4F0,,,,2025 = 100,,2,,"HICP Inflation rate - Total excluding energy, food, alcohol and tobacco - Index","Euro area (Member States and Institutions of the Euro Area) changing composition - HICP - Total excluding energy, food, alcohol and tobacco, Index, European Central Bank (ECB), Working day and seasonally adjusted",IX,0,
HICP.M.U2.Y.XEF000.4F0.INX,M,U2,Y,XEF000,4F0,INX,2014-11,81.28,,,,F,A,,,A,,,P1M,,4F0,,,,2025 = 100,,2,,"HICP Inflation rate - Total excluding energy, food, alcohol and tobacco - Index","Euro area (Member States and Institutions of the Euro Area) changing composition - HICP - Total excluding energy, food, alcohol and tobacco, Index, European Central Bank (ECB), Working day and seasonally adjusted",IX,0,
HICP.M.U2.Y.XEF000.4F0.INX,M,U2,Y,XEF000,4F0,INX,2014-12,81.35,,,,F,A,,,A,,,P1M,,4F0,,,,2025 = 100,,2,,"HICP Inflation rate - Total excluding energy, food, alcohol and tobacco - Index","Euro area (Member States and Institutions of the Euro Area) changing composition - HICP - Total excluding energy, food, alcohol and tobacco, Index, European Central Bank (ECB), Working day and seasonally adjusted",IX,0,
HICP.M.U2.Y.XEF000.4F0.INX,M,U2,Y,XEF000,4F0,INX,2015-01,81.57,,,,F,A,,,A,,,P1M,,4F0,,,,2025 = 100,,2,,"HICP Inflation rate - Total excluding energy, food, alcohol and tobacco - Index","Euro area (Member States and Institutions of the Euro Area) changing composition - HICP - Total excluding energy, food, alcohol and tobacco, Index, European Central Bank (ECB), Working day and seasonally adjusted",IX,0,
HICP.M.U2.Y.XEF000.4F0.INX,M,U2,Y,XEF000,4F0,INX,2015-02,81.74,,,,F,A,,,A,,,P1M,,4F0,,,,2025 = 100,,2,,"HICP Inflation rate - Total excluding energy, food, alcohol and tobacco - Index","Euro area (Member States and Institutions of the Euro Area) changing composition - HICP - Total excluding energy, food, alcohol and tobacco, Index, European Central Bank (ECB), Working day and seasonally adjusted",IX,0,
HICP.M.U2.Y.XEF000.4F0.INX,M,U2,Y,XEF000,4F0,INX,2015-03,81.73,,,,F,A,,,A,,,P1M,,4F0,,,,2025 = 100,,2,,"HICP Inflation rate - Total excluding energy, food, alcohol and tobacco - Index","Euro area (Member States and Institutions of the Euro Area) changing composition - HICP - Total excluding energy, food, alcohol and tobacco, Index, European Central Bank (ECB), Working day and seasonally adjusted",IX,0,
HICP.M.U2.Y.XEF000.4F0.INX,M,U2,Y,XEF000,4F0,INX,2015-04,81.8,,,,F,A,,,A,,,P1M,,4F0,,,,2025 = 100,,2,,"HICP Inflation rate - Total excluding energy, food, alcohol and tobacco - Index","Euro area (Member States and Institutions of the Euro Area) changing composition - HICP - Total excluding energy, food, alcohol and tobacco, Index, European Central Bank (ECB), Working day and seasonally adjusted",IX,0,
HICP.M.U2.Y.XEF000.4F0.INX,M,U2,Y,XEF000,4F0,INX,2015-05,81.88,,,,F,A,,,A,,,P1M,,4F0,,,,2025 = 100,,2,,"HICP Inflation rate - Total excluding energy, food, alcohol and tobacco - Index","Euro area (Member States and Institutions of the Euro Area) changing composition - HICP - Total excluding energy, food, alcohol and tobacco, Index, European Central Bank (ECB), Working day and seasonally adjusted",IX,0,
HICP.M.U2.Y.XEF000.4F0.INX,M,U2,Y,XEF000,4F0,INX,2015-06,81.92,,,,F,A,,,A,,,P1M,,4F0,,,,2025 = 100,,2,,"HICP Inflation rate - Total excluding energy, food, alcohol and tobacco - Index","Euro area (Member States and Institutions of the Euro Area) changing composition - HICP - Total excluding energy, food, alcohol and tobacco, Index, European Central Bank (ECB), Working day and seasonally adjusted",IX,0,
HICP.M.U2.Y.XEF000.4F0.INX,M,U2,Y,XEF000,4F0,INX,2015-07,81.92,,,,F,A,,,A,,,P1M,,4F0,,,,2025 = 100,,2,,"HICP Inflation rate - Total excluding energy, food, alcohol and tobacco - Index","Euro area (Member States and Institutions of the Euro Area) changing composition - HICP - Total excluding energy, food, alcohol and tobacco, Index, European Central Bank (ECB), Working day and seasonally adjusted",IX,0,
HICP.M.U2.Y.XEF000.4F0.INX,M,U2,Y,XEF000,4F0,INX,2015-08,82.03,,,,F,A,,,A,,,P1M,,4F0,,,,2025 = 100,,2,,"HICP Inflation rate - Total excluding energy, food, alcohol and tobacco - Index","Euro area (Member States and Institutions of the Euro Area) changing composition - HICP - Total excluding energy, food, alcohol and tobacco, Index, European Central Bank (ECB), Working day and seasonally adjusted",IX,0,
HICP.M.U2.Y.XEF000.4F0.INX,M,U2,Y,XEF000,4F0,INX,2015-09,82.09,,,,F,A,,,A,,,P1M,,4F0,,,,2025 = 100,,2,,"HICP Inflation rate - Total excluding energy, food, alcohol and tobacco - Index","Euro area (Member States and Institutions of the Euro Area) changing composition - HICP - Total excluding energy, food, alcohol and tobacco, Index, European Central Bank (ECB), Working day and seasonally adjusted",IX,0,
HICP.M.U2.Y.XEF000.4F0.INX,M,U2,Y,XEF000,4F0,INX,2015-10,82.2,,,,F,A,,,A,,,P1M,,4F0,,,,2025 = 100,,2,,"HICP Inflation rate - Total excluding energy, food, alcohol and tobacco - Index","Euro area (Member States and Institutions of the Euro Area) changing composition - HICP - Total excluding energy, food, alcohol and tobacco, Index, European Central Bank (ECB), Working day and seasonally adjusted",IX,0,
HICP.M.U2.Y.XEF000.4F0.INX,M,U2,Y,XEF000,4F0,INX,2015-11,82.26,,,,F,A,,,A,,,P1M,,4F0,,,,2025 = 100,,2,,"HICP Inflation rate - Total excluding energy, food, alcohol and tobacco - Index","Euro area (Member States and Institutions of the Euro Area) changing composition - HICP - Total excluding energy, food, alcohol and tobacco, Index, European Central Bank (ECB), Working day and seasonally adjusted",IX,0,
HICP.M.U2.Y.XEF000.4F0.INX,M,U2,Y,XEF000,4F0,INX,2015-12,82.28,,,,F,A,,,A,,,P1M,,4F0,,,,2025 = 100,,2,,"HICP Inflation rate - Total excluding energy, food, alcohol and tobacco - Index","Euro area (Member States and Institutions of the Euro Area) changing composition - HICP - Total excluding energy, food, alcohol and tobacco, Index, European Central Bank (ECB), Working day and seasonally adjusted",IX,0,
HICP.M.U2.Y.XEF000.4F0.INX,M,U2,Y,XEF000,4F0,INX,2016-01,82.36,,,,F,A,,,A,,,P1M,,4F0,,,,2025 = 100,,2,,"HICP Inflation rate - Total excluding energy, food, alcohol and tobacco - Index","Euro area (Member States and Institutions of the Euro Area) changing composition - HICP - Total excluding energy, food, alcohol and tobacco, Index, European Central Bank (ECB), Working day and seasonally adjusted",IX,0,
HICP.M.U2.Y.XEF000.4F0.INX,M,U2,Y,XEF000,4F0,INX,2016-02,82.44,,,,F,A,,,A,,,P1M,,4F0,,,,2025 = 100,,2,,"HICP Inflation rate - Total excluding energy, food, alcohol and tobacco - Index","Euro area (Member States and Institutions of the Euro Area) changing composition - HICP - Total excluding energy, food, alcohol and tobacco, Index, European Central Bank (ECB), Working day and seasonally adjusted",IX,0,
HICP.M.U2.Y.XEF000.4F0.INX,M,U2,Y,XEF000,4F0,INX,2016-03,82.49,,,,F,A,,,A,,,P1M,,4F0,,,,2025 = 100,,2,,"HICP Inflation rate - Total excluding energy, food, alcohol and tobacco - Index","Euro area (Member States and Institutions of the Euro Area) changing composition - HICP - Total excluding energy, food, alcohol and tobacco, Index, European Central Bank (ECB), Working day and seasonally adjusted",IX,0,
HICP.M.U2.Y.XEF000.4F0.INX,M,U2,Y,XEF000,4F0,INX,2016-04,82.51,,,,F,A,,,A,,,P1M,,4F0,,,,2025 = 100,,2,,"HICP Inflation rate - Total excluding energy, food, alcohol and tobacco - Index","Euro area (Member States and Institutions of the Euro Area) changing composition - HICP - Total excluding energy, food, alcohol and tobacco, Index, European Central Bank (ECB), Working day and seasonally adjusted",IX,0,
HICP.M.U2.Y.XEF000.4F0.INX,M,U2,Y,XEF000,4F0,INX,2016-05,82.53,,,,F,A,,,A,,,P1M,,4F0,,,,2025 = 100,,2,,"HICP Inflation rate - Total excluding energy, food, alcohol and tobacco - Index","Euro area (Member States and Institutions of the Euro Area) changing composition - HICP - Total excluding energy, food, alcohol and tobacco, Index, European Central Bank (ECB), Working day and seasonally adjusted",IX,0,
HICP.M.U2.Y.XEF000.4F0.INX,M,U2,Y,XEF000,4F0,INX,2016-06,82.55,,,,F,A,,,A,,,P1M,,4F0,,,,2025 = 100,,2,,"HICP Inflation rate - Total excluding energy, food, alcohol and tobacco - Index","Euro area (Member States and Institutions of the Euro Area) changing composition - HICP - Total excluding energy, food, alcohol and tobacco, Index, European Central Bank (ECB), Working day and seasonally adjusted",IX,0,
HICP.M.U2.Y.XEF000.4F0.INX,M,U2,Y,XEF000,4F0,INX,2016-07,82.59,,,,F,A,,,A,,,P1M,,4F0,,,,2025 = 100,,2,,"HICP Inflation rate - Total excluding energy, food, alcohol and tobacco - Index","Euro area (Member States and Institutions of the Euro Area) changing composition - HICP - Total excluding energy, food, alcohol and tobacco, Index, European Central Bank (ECB), Working day and seasonally adjusted",IX,0,
HICP.M.U2.Y.XEF000.4F0.INX,M,U2,Y,XEF000,4F0,INX,2016-08,82.66,,,,F,A,,,A,,,P1M,,4F0,,,,2025 = 100,,2,,"HICP Inflation rate - Total excluding energy, food, alcohol and tobacco - Index","Euro area (Member States and Institutions of the Euro Area) changing composition - HICP - Total excluding energy, food, alcohol and tobacco, Index, European Central Bank (ECB), Working day and seasonally adjusted",IX,0,
HICP.M.U2.Y.XEF000.4F0.INX,M,U2,Y,XEF000,4F0,INX,2016-09,82.74,,,,F,A,,,A,,,P1M,,4F0,,,,2025 = 100,,2,,"HICP Inflation rate - Total excluding energy, food, alcohol and tobacco - Index","Euro area (Member States and Institutions of the Euro Area) changing composition - HICP - Total excluding energy, food, alcohol and tobacco, Index, European Central Bank (ECB), Working day and seasonally adjusted",IX,0,
HICP.M.U2.Y.XEF000.4F0.INX,M,U2,Y,XEF000,4F0,INX,2016-10,82.83,,,,F,A,,,A,,,P1M,,4F0,,,,2025 = 100,,2,,"HICP Inflation rate - Total excluding energy, food, alcohol and tobacco - Index","Euro area (Member States and Institutions of the Euro Area) changing composition - HICP - Total excluding energy, food, alcohol and tobacco, Index, European Central Bank (ECB), Working day and seasonally adjusted",IX,0,
HICP.M.U2.Y.XEF000.4F0.INX,M,U2,Y,XEF000,4F0,INX,2016-11,82.92,,,,F,A,,,A,,,P1M,,4F0,,,,2025 = 100,,2,,"HICP Inflation rate - Total excluding energy, food, alcohol and tobacco - Index","Euro area (Member States and Institutions of the Euro Area) changing composition - HICP - Total excluding energy, food, alcohol and tobacco, Index, European Central Bank (ECB), Working day and seasonally adjusted",IX,0,
HICP.M.U2.Y.XEF000.4F0.INX,M,U2,Y,XEF000,4F0,INX,2016-12,83.01,,,,F,A,,,A,,,P1M,,4F0,,,,2025 = 100,,2,,"HICP Inflation rate - Total excluding energy, food, alcohol and tobacco - Index","Euro area (Member States and Institutions of the Euro Area) changing composition - HICP - Total excluding energy, food, alcohol and tobacco, Index, European Central Bank (ECB), Working day and seasonally adjusted",IX,0,
HICP.M.U2.Y.XEF000.4F0.INX,M,U2,Y,XEF000,4F0,INX,2017-01,83.08,,,,F,A,,,A,,,P1M,,4F0,,,,2025 = 100,,2,,"HICP Inflation rate - Total excluding energy, food, alcohol and tobacco - Index","Euro area (Member States and Institutions of the Euro Area) changing composition - HICP - Total excluding energy, food, alcohol and tobacco, Index, European Central Bank (ECB), Working day and seasonally adjusted",IX,0,
HICP.M.U2.Y.XEF000.4F0.INX,M,U2,Y,XEF000,4F0,INX,2017-02,83.13,,,,F,A,,,A,,,P1M,,4F0,,,,2025 = 100,,2,,"HICP Inflation rate - Total excluding energy, food, alcohol and tobacco - Index","Euro area (Member States and Institutions of the Euro Area) changing composition - HICP - Total excluding energy, food, alcohol and tobacco, Index, European Central Bank (ECB), Working day and seasonally adjusted",IX,0,
HICP.M.U2.Y.XEF000.4F0.INX,M,U2,Y,XEF000,4F0,INX,2017-03,83.26,,,,F,A,,,A,,,P1M,,4F0,,,,2025 = 100,,2,,"HICP Inflation rate - Total excluding energy, food, alcohol and tobacco - Index","Euro area (Member States and Institutions of the Euro Area) changing composition - HICP - Total excluding energy, food, alcohol and tobacco, Index, European Central Bank (ECB), Working day and seasonally adjusted",IX,0,
HICP.M.U2.Y.XEF000.4F0.INX,M,U2,Y,XEF000,4F0,INX,2017-04,83.38,,,,F,A,,,A,,,P1M,,4F0,,,,2025 = 100,,2,,"HICP Inflation rate - Total excluding energy, food, alcohol and tobacco - Index","Euro area (Member States and Institutions of the Euro Area) changing composition - HICP - Total excluding energy, food, alcohol and tobacco, Index, European Central Bank (ECB), Working day and seasonally adjusted",IX,0,
HICP.M.U2.Y.XEF000.4F0.INX,M,U2,Y,XEF000,4F0,INX,2017-05,83.36,,,,F,A,,,A,,,P1M,,4F0,,,,2025 = 100,,2,,"HICP Inflation rate - Total excluding energy, food, alcohol and tobacco - Index","Euro area (Member States and Institutions of the Euro Area) changing composition - HICP - Total excluding energy, food, alcohol and tobacco, Index, European Central Bank (ECB), Working day and seasonally adjusted",IX,0,
HICP.M.U2.Y.XEF000.4F0.INX,M,U2,Y,XEF000,4F0,INX,2017-06,83.42,,,,F,A,,,A,,,P1M,,4F0,,,,2025 = 100,,2,,"HICP Inflation rate - Total excluding energy, food, alcohol and tobacco - Index","Euro area (Member States and Institutions of the Euro Area) changing composition - HICP - Total excluding energy, food, alcohol and tobacco, Index, European Central Bank (ECB), Working day and seasonally adjusted",IX,0,
HICP.M.U2.Y.XEF000.4F0.INX,M,U2,Y,XEF000,4F0,INX,2017-07,83.49,,,,F,A,,,A,,,P1M,,4F0,,,,2025 = 100,,2,,"HICP Inflation rate - Total excluding energy, food, alcohol and tobacco - Index","Euro area (Member States and Institutions of the Euro Area) changing composition - HICP - Total excluding energy, food, alcohol and tobacco, Index, European Central Bank (ECB), Working day and seasonally adjusted",IX,0,
HICP.M.U2.Y.XEF000.4F0.INX,M,U2,Y,XEF000,4F0,INX,2017-08,83.6,,,,F,A,,,A,,,P1M,,4F0,,,,2025 = 100,,2,,"HICP Inflation rate - Total excluding energy, food, alcohol and tobacco - Index","Euro area (Member States and Institutions of the Euro Area) changing composition - HICP - Total excluding energy, food, alcohol and tobacco, Index, European Central Bank (ECB), Working day and seasonally adjusted",IX,0,
HICP.M.U2.Y.XEF000.4F0.INX,M,U2,Y,XEF000,4F0,INX,2017-09,83.68,,,,F,A,,,A,,,P1M,,4F0,,,,2025 = 100,,2,,"HICP Inflation rate - Total excluding energy, food, alcohol and tobacco - Index","Euro area (Member States and Institutions of the Euro Area) changing composition - HICP - Total excluding energy, food, alcohol and tobacco, Index, European Central Bank (ECB), Working day and seasonally adjusted",IX,0,
HICP.M.U2.Y.XEF000.4F0.INX,M,U2,Y,XEF000,4F0,INX,2017-10,83.57,,,,F,A,,,A,,,P1M,,4F0,,,,2025 = 100,,2,,"HICP Inflation rate - Total excluding energy, food, alcohol and tobacco - Index","Euro area (Member States and Institutions of the Euro Area) changing composition - HICP - Total excluding energy, food, alcohol and tobacco, Index, European Central Bank (ECB), Working day and seasonally adjusted",IX,0,
HICP.M.U2.Y.XEF000.4F0.INX,M,U2,Y,XEF000,4F0,INX,2017-11,83.74,,,,F,A,,,A,,,P1M,,4F0,,,,2025 = 100,,2,,"HICP Inflation rate - Total excluding energy, food, alcohol and tobacco - Index","Euro area (Member States and Institutions of the Euro Area) changing composition - HICP - Total excluding energy, food, alcohol and tobacco, Index, European Central Bank (ECB), Working day and seasonally adjusted",IX,0,
HICP.M.U2.Y.XEF000.4F0.INX,M,U2,Y,XEF000,4F0,INX,2017-12,83.8,,,,F,A,,,A,,,P1M,,4F0,,,,2025 = 100,,2,,"HICP Inflation rate - Total excluding energy, food, alcohol and tobacco - Index","Euro area (Member States and Institutions of the Euro Area) changing composition - HICP - Total excluding energy, food, alcohol and tobacco, Index, European Central Bank (ECB), Working day and seasonally adjusted",IX,0,
HICP.M.U2.Y.XEF000.4F0.INX,M,U2,Y,XEF000,4F0,INX,2018-01,83.94,,,,F,A,,,A,,,P1M,,4F0,,,,2025 = 100,,2,,"HICP Inflation rate - Total excluding energy, food, alcohol and tobacco - Index","Euro area (Member States and Institutions of the Euro Area) changing composition - HICP - Total excluding energy, food, alcohol and tobacco, Index, European Central Bank (ECB), Working day and seasonally adjusted",IX,0,
HICP.M.U2.Y.XEF000.4F0.INX,M,U2,Y,XEF000,4F0,INX,2018-02,84.01,,,,F,A,,,A,,,P1M,,4F0,,,,2025 = 100,,2,,"HICP Inflation rate - Total excluding energy, food, alcohol and tobacco - Index","Euro area (Member States and Institutions of the Euro Area) changing composition - HICP - Total excluding energy, food, alcohol and tobacco, Index, European Central Bank (ECB), Working day and seasonally adjusted",IX,0,
HICP.M.U2.Y.XEF000.4F0.INX,M,U2,Y,XEF000,4F0,INX,2018-03,84.1,,,,F,A,,,A,,,P1M,,4F0,,,,2025 = 100,,2,,"HICP Inflation rate - Total excluding energy, food, alcohol and tobacco - Index","Euro area (Member States and Institutions of the Euro Area) changing composition - HICP - Total excluding energy, food, alcohol and tobacco, Index, European Central Bank (ECB), Working day and seasonally adjusted",IX,0,
HICP.M.U2.Y.XEF000.4F0.INX,M,U2,Y,XEF000,4F0,INX,2018-04,84.19,,,,F,A,,,A,,,P1M,,4F0,,,,2025 = 100,,2,,"HICP Inflation rate - Total excluding energy, food, alcohol and tobacco - Index","Euro area (Member States and Institutions of the Euro Area) changing composition - HICP - Total excluding energy, food, alcohol and tobacco, Index, European Central Bank (ECB), Working day and seasonally adjusted",IX,0,
HICP.M.U2.Y.XEF000.4F0.INX,M,U2,Y,XEF000,4F0,INX,2018-05,84.33,,,,F,A,,,A,,,P1M,,4F0,,,,2025 = 100,,2,,"HICP Inflation rate - Total excluding energy, food, alcohol and tobacco - Index","Euro area (Member States and Institutions of the Euro Area) changing composition - HICP - Total excluding energy, food, alcohol and tobacco, Index, European Central Bank (ECB), Working day and seasonally adjusted",IX,0,
HICP.M.U2.Y.XEF000.4F0.INX,M,U2,Y,XEF000,4F0,INX,2018-06,84.28,,,,F,A,,,A,,,P1M,,4F0,,,,2025 = 100,,2,,"HICP Inflation rate - Total excluding energy, food, alcohol and tobacco - Index","Euro area (Member States and Institutions of the Euro Area) changing composition - HICP - Total excluding energy, food, alcohol and tobacco, Index, European Central Bank (ECB), Working day and seasonally adjusted",IX,0,
HICP.M.U2.Y.XEF000.4F0.INX,M,U2,Y,XEF000,4F0,INX,2018-07,84.39,,,,F,A,,,A,,,P1M,,4F0,,,,2025 = 100,,2,,"HICP Inflation rate - Total excluding energy, food, alcohol and tobacco - Index","Euro area (Member States and Institutions of the Euro Area) changing composition - HICP - Total excluding energy, food, alcohol and tobacco, Index, European Central Bank (ECB), Working day and seasonally adjusted",IX,0,
HICP.M.U2.Y.XEF000.4F0.INX,M,U2,Y,XEF000,4F0,INX,2018-08,84.44,,,,F,A,,,A,,,P1M,,4F0,,,,2025 = 100,,2,,"HICP Inflation rate - Total excluding energy, food, alcohol and tobacco - Index","Euro area (Member States and Institutions of the Euro Area) changing composition - HICP - Total excluding energy, food, alcohol and tobacco, Index, European Central Bank (ECB), Working day and seasonally adjusted",IX,0,
HICP.M.U2.Y.XEF000.4F0.INX,M,U2,Y,XEF000,4F0,INX,2018-09,84.52,,,,F,A,,,A,,,P1M,,4F0,,,,2025 = 100,,2,,"HICP Inflation rate - Total excluding energy, food, alcohol and tobacco - Index","Euro area (Member States and Institutions of the Euro Area) changing composition - HICP - Total excluding energy, food, alcohol and tobacco, Index, European Central Bank (ECB), Working day and seasonally adjusted",IX,0,
HICP.M.U2.Y.XEF000.4F0.INX,M,U2,Y,XEF000,4F0,INX,2018-10,84.59,,,,F,A,,,A,,,P1M,,4F0,,,,2025 = 100,,2,,"HICP Inflation rate - Total excluding energy, food, alcohol and tobacco - Index","Euro area (Member States and Institutions of the Euro Area) changing composition - HICP - Total excluding energy, food, alcohol and tobacco, Index, European Central Bank (ECB), Working day and seasonally adjusted",IX,0,
HICP.M.U2.Y.XEF000.4F0.INX,M,U2,Y,XEF000,4F0,INX,2018-11,84.58,,,,F,A,,,A,,,P1M,,4F0,,,,2025 = 100,,2,,"HICP Inflation rate - Total excluding energy, food, alcohol and tobacco - Index","Euro area (Member States and Institutions of the Euro Area) changing composition - HICP - Total excluding energy, food, alcohol and tobacco, Index, European Central Bank (ECB), Working day and seasonally adjusted",IX,0,
HICP.M.U2.Y.XEF000.4F0.INX,M,U2,Y,XEF000,4F0,INX,2018-12,84.62,,,,F,A,,,A,,,P1M,,4F0,,,,2025 = 100,,2,,"HICP Inflation rate - Total excluding energy, food, alcohol and tobacco - Index","Euro area (Member States and Institutions of the Euro Area) changing composition - HICP - Total excluding energy, food, alcohol and tobacco, Index, European Central Bank (ECB), Working day and seasonally adjusted",IX,0,
HICP.M.U2.Y.XEF000.4F0.INX,M,U2,Y,XEF000,4F0,INX,2019-01,84.7,,,,F,A,,,A,,,P1M,,4F0,,,,2025 = 100,,2,,"HICP Inflation rate - Total excluding energy, food, alcohol and tobacco - Index","Euro area (Member States and Institutions of the Euro Area) changing composition - HICP - Total excluding energy, food, alcohol and tobacco, Index, European Central Bank (ECB), Working day and seasonally adjusted",IX,0,
HICP.M.U2.Y.XEF000.4F0.INX,M,U2,Y,XEF000,4F0,INX,2019-02,84.71,,,,F,A,,,A,,,P1M,,4F0,,,,2025 = 100,,2,,"HICP Inflation rate - Total excluding energy, food, alcohol and tobacco - Index","Euro area (Member States and Institutions of the Euro Area) changing composition - HICP - Total excluding energy, food, alcohol and tobacco, Index, European Central Bank (ECB), Working day and seasonally adjusted",IX,0,
HICP.M.U2.Y.XEF000.4F0.INX,M,U2,Y,XEF000,4F0,INX,2019-03,84.86,,,,F,A,,,A,,,P1M,,4F0,,,,2025 = 100,,2,,"HICP Inflation rate - Total excluding energy, food, alcohol and tobacco - Index","Euro area (Member States and Institutions of the Euro Area) changing composition - HICP - Total excluding energy, food, alcohol and tobacco, Index, European Central Bank (ECB), Working day and seasonally adjusted",IX,0,
HICP.M.U2.Y.XEF000.4F0.INX,M,U2,Y,XEF000,4F0,INX,2019-04,85.1,,,,F,A,,,A,,,P1M,,4F0,,,,2025 = 100,,2,,"HICP Inflation rate - Total excluding energy, food, alcohol and tobacco - Index","Euro area (Member States and Institutions of the Euro Area) changing composition - HICP - Total excluding energy, food, alcohol and tobacco, Index, European Central Bank (ECB), Working day and seasonally adjusted",IX,0,
HICP.M.U2.Y.XEF000.4F0.INX,M,U2,Y,XEF000,4F0,INX,2019-05,85.07,,,,F,A,,,A,,,P1M,,4F0,,,,2025 = 100,,2,,"HICP Inflation rate - Total excluding energy, food, alcohol and tobacco - Index","Euro area (Member States and Institutions of the Euro Area) changing composition - HICP - Total excluding energy, food, alcohol and tobacco, Index, European Central Bank (ECB), Working day and seasonally adjusted",IX,0,
HICP.M.U2.Y.XEF000.4F0.INX,M,U2,Y,XEF000,4F0,INX,2019-06,85.19,,,,F,A,,,A,,,P1M,,4F0,,,,2025 = 100,,2,,"HICP Inflation rate - Total excluding energy, food, alcohol and tobacco - Index","Euro area (Member States and Institutions of the Euro Area) changing composition - HICP - Total excluding energy, food, alcohol and tobacco, Index, European Central Bank (ECB), Working day and seasonally adjusted",IX,0,
HICP.M.U2.Y.XEF000.4F0.INX,M,U2,Y,XEF000,4F0,INX,2019-07,85.21,,,,F,A,,,A,,,P1M,,4F0,,,,2025 = 100,,2,,"HICP Inflation rate - Total excluding energy, food, alcohol and tobacco - Index","Euro area (Member States and Institutions of the Euro Area) changing composition - HICP - Total excluding energy, food, alcohol and tobacco, Index, European Central Bank (ECB), Working day and seasonally adjusted",IX,0,
HICP.M.U2.Y.XEF000.4F0.INX,M,U2,Y,XEF000,4F0,INX,2019-08,85.35,,,,F,A,,,A,,,P1M,,4F0,,,,2025 = 100,,2,,"HICP Inflation rate - Total excluding energy, food, alcohol and tobacco - Index","Euro area (Member States and Institutions of the Euro Area) changing composition - HICP - Total excluding energy, food, alcohol and tobacco, Index, European Central Bank (ECB), Working day and seasonally adjusted",IX,0,
HICP.M.U2.Y.XEF000.4F0.INX,M,U2,Y,XEF000,4F0,INX,2019-09,85.47,,,,F,A,,,A,,,P1M,,4F0,,,,2025 = 100,,2,,"HICP Inflation rate - Total excluding energy, food, alcohol and tobacco - Index","Euro area (Member States and Institutions of the Euro Area) changing composition - HICP - Total excluding energy, food, alcohol and tobacco, Index, European Central Bank (ECB), Working day and seasonally adjusted",IX,0,
HICP.M.U2.Y.XEF000.4F0.INX,M,U2,Y,XEF000,4F0,INX,2019-10,85.57,,,,F,A,,,A,,,P1M,,4F0,,,,2025 = 100,,2,,"HICP Inflation rate - Total excluding energy, food, alcohol and tobacco - Index","Euro area (Member States and Institutions of the Euro Area) changing composition - HICP - Total excluding energy, food, alcohol and tobacco, Index, European Central Bank (ECB), Working day and seasonally adjusted",IX,0,
HICP.M.U2.Y.XEF000.4F0.INX,M,U2,Y,XEF000,4F0,INX,2019-11,85.61,,,,F,A,,,A,,,P1M,,4F0,,,,2025 = 100,,2,,"HICP Inflation rate - Total excluding energy, food, alcohol and tobacco - Index","Euro area (Member States and Institutions of the Euro Area) changing composition - HICP - Total excluding energy, food, alcohol and tobacco, Index, European Central Bank (ECB), Working day and seasonally adjusted",IX,0,
HICP.M.U2.Y.XEF000.4F0.INX,M,U2,Y,XEF000,4F0,INX,2019-12,85.7,,,,F,A,,,A,,,P1M,,4F0,,,,2025 = 100,,2,,"HICP Inflation rate - Total excluding energy, food, alcohol and tobacco - Index","Euro area (Member States and Institutions of the Euro Area) changing composition - HICP - Total excluding energy, food, alcohol and tobacco, Index, European Central Bank (ECB), Working day and seasonally adjusted",IX,0,
HICP.M.U2.Y.XEF000.4F0.INX,M,U2,Y,XEF000,4F0,INX,2020-01,85.57,,,,F,A,,,A,,,P1M,,4F0,,,,2025 = 100,,2,,"HICP Inflation rate - Total excluding energy, food, alcohol and tobacco - Index","Euro area (Member States and Institutions of the Euro Area) changing composition - HICP - Total excluding energy, food, alcohol and tobacco, Index, European Central Bank (ECB), Working day and seasonally adjusted",IX,0,
HICP.M.U2.Y.XEF000.4F0.INX,M,U2,Y,XEF000,4F0,INX,2020-02,85.69,,,,F,A,,,A,,,P1M,,4F0,,,,2025 = 100,,2,,"HICP Inflation rate - Total excluding energy, food, alcohol and tobacco - Index","Euro area (Member States and Institutions of the Euro Area) changing composition - HICP - Total excluding energy, food, alcohol and tobacco, Index, European Central Bank (ECB), Working day and seasonally adjusted",IX,0,
HICP.M.U2.Y.XEF000.4F0.INX,M,U2,Y,XEF000,4F0,INX,2020-03,85.78,,,,F,A,,,A,,,P1M,,4F0,,,,2025 = 100,,2,,"HICP Inflation rate - Total excluding energy, food, alcohol and tobacco - Index","Euro area (Member States and Institutions of the Euro Area) changing composition - HICP - Total excluding energy, food, alcohol and tobacco, Index, European Central Bank (ECB), Working day and seasonally adjusted",IX,0,
HICP.M.U2.Y.XEF000.4F0.INX,M,U2,Y,XEF000,4F0,INX,2020-04,85.83,,,,F,A,,,A,,,P1M,,4F0,,,,2025 = 100,,2,,"HICP Inflation rate - Total excluding energy, food, alcohol and tobacco - Index","Euro area (Member States and Institutions of the Euro Area) changing composition - HICP - Total excluding energy, food, alcohol and tobacco, Index, European Central Bank (ECB), Working day and seasonally adjusted",IX,0,
HICP.M.U2.Y.XEF000.4F0.INX,M,U2,Y,XEF000,4F0,INX,2020-05,85.85,,,,F,A,,,A,,,P1M,,4F0,,,,2025 = 100,,2,,"HICP Inflation rate - Total excluding energy, food, alcohol and tobacco - Index","Euro area (Member States and Institutions of the Euro Area) changing composition - HICP - Total excluding energy, food, alcohol and tobacco, Index, European Central Bank (ECB), Working day and seasonally adjusted",IX,0,
HICP.M.U2.Y.XEF000.4F0.INX,M,U2,Y,XEF000,4F0,INX,2020-06,85.92,,,,F,A,,,A,,,P1M,,4F0,,,,2025 = 100,,2,,"HICP Inflation rate - Total excluding energy, food, alcohol and tobacco - Index","Euro area (Member States and Institutions of the Euro Area) changing composition - HICP - Total excluding energy, food, alcohol and tobacco, Index, European Central Bank (ECB), Working day and seasonally adjusted",IX,0,
HICP.M.U2.Y.XEF000.4F0.INX,M,U2,Y,XEF000,4F0,INX,2020-07,86.2,,,,F,A,,,A,,,P1M,,4F0,,,,2025 = 100,,2,,"HICP Inflation rate - Total excluding energy, food, alcohol and tobacco - Index","Euro area (Member States and Institutions of the Euro Area) changing composition - HICP - Total excluding energy, food, alcohol and tobacco, Index, European Central Bank (ECB), Working day and seasonally adjusted",IX,0,
HICP.M.U2.Y.XEF000.4F0.INX,M,U2,Y,XEF000,4F0,INX,2020-08,85.63,,,,F,A,,,A,,,P1M,,4F0,,,,2025 = 100,,2,,"HICP Inflation rate - Total excluding energy, food, alcohol and tobacco - Index","Euro area (Member States and Institutions of the Euro Area) changing composition - HICP - Total excluding energy, food, alcohol and tobacco, Index, European Central Bank (ECB), Working day and seasonally adjusted",IX,0,
HICP.M.U2.Y.XEF000.4F0.INX,M,U2,Y,XEF000,4F0,INX,2020-09,85.69,,,,F,A,,,A,,,P1M,,4F0,,,,2025 = 100,,2,,"HICP Inflation rate - Total excluding energy, food, alcohol and tobacco - Index","Euro area (Member States and Institutions of the Euro Area) changing composition - HICP - Total excluding energy, food, alcohol and tobacco, Index, European Central Bank (ECB), Working day and seasonally adjusted",IX,0,
HICP.M.U2.Y.XEF000.4F0.INX,M,U2,Y,XEF000,4F0,INX,2020-10,85.8,,,,F,A,,,A,,,P1M,,4F0,,,,2025 = 100,,2,,"HICP Inflation rate - Total excluding energy, food, alcohol and tobacco - Index","Euro area (Member States and Institutions of the Euro Area) changing composition - HICP - Total excluding energy, food, alcohol and tobacco, Index, European Central Bank (ECB), Working day and seasonally adjusted",IX,0,
HICP.M.U2.Y.XEF000.4F0.INX,M,U2,Y,XEF000,4F0,INX,2020-11,85.84,,,,F,A,,,A,,,P1M,,4F0,,,,2025 = 100,,2,,"HICP Inflation rate - Total excluding energy, food, alcohol and tobacco - Index","Euro area (Member States and Institutions of the Euro Area) changing composition - HICP - Total excluding energy, food, alcohol and tobacco, Index, European Central Bank (ECB), Working day and seasonally adjusted",IX,0,
HICP.M.U2.Y.XEF000.4F0.INX,M,U2,Y,XEF000,4F0,INX,2020-12,85.92,,,,F,A,,,A,,,P1M,,4F0,,,,2025 = 100,,2,,"HICP Inflation rate - Total excluding energy, food, alcohol and tobacco - Index","Euro area (Member States and Institutions of the Euro Area) changing composition - HICP - Total excluding energy, food, alcohol and tobacco, Index, European Central Bank (ECB), Working day and seasonally adjusted",IX,0,
HICP.M.U2.Y.XEF000.4F0.INX,M,U2,Y,XEF000,4F0,INX,2021-01,86.62,,,,F,A,,,A,,,P1M,,4F0,,,,2025 = 100,,2,,"HICP Inflation rate - Total excluding energy, food, alcohol and tobacco - Index","Euro area (Member States and Institutions of the Euro Area) changing composition - HICP - Total excluding energy, food, alcohol and tobacco, Index, European Central Bank (ECB), Working day and seasonally adjusted",IX,0,
HICP.M.U2.Y.XEF000.4F0.INX,M,U2,Y,XEF000,4F0,INX,2021-02,86.53,,,,F,A,,,A,,,P1M,,4F0,,,,2025 = 100,,2,,"HICP Inflation rate - Total excluding energy, food, alcohol and tobacco - Index","Euro area (Member States and Institutions of the Euro Area) changing composition - HICP - Total excluding energy, food, alcohol and tobacco, Index, European Central Bank (ECB), Working day and seasonally adjusted",IX,0,
HICP.M.U2.Y.XEF000.4F0.INX,M,U2,Y,XEF000,4F0,INX,2021-03,86.48,,,,F,A,,,A,,,P1M,,4F0,,,,2025 = 100,,2,,"HICP Inflation rate - Total excluding energy, food, alcohol and tobacco - Index","Euro area (Member States and Institutions of the Euro Area) changing composition - HICP - Total excluding energy, food, alcohol and tobacco, Index, European Central Bank (ECB), Working day and seasonally adjusted",IX,0,
HICP.M.U2.Y.XEF000.4F0.INX,M,U2,Y,XEF000,4F0,INX,2021-04,86.53,,,,F,A,,,A,,,P1M,,4F0,,,,2025 = 100,,2,,"HICP Inflation rate - Total excluding energy, food, alcohol and tobacco - Index","Euro area (Member States and Institutions of the Euro Area) changing composition - HICP - Total excluding energy, food, alcohol and tobacco, Index, European Central Bank (ECB), Working day and seasonally adjusted",IX,0,
HICP.M.U2.Y.XEF000.4F0.INX,M,U2,Y,XEF000,4F0,INX,2021-05,86.66,,,,F,A,,,A,,,P1M,,4F0,,,,2025 = 100,,2,,"HICP Inflation rate - Total excluding energy, food, alcohol and tobacco - Index","Euro area (Member States and Institutions of the Euro Area) changing composition - HICP - Total excluding energy, food, alcohol and tobacco, Index, European Central Bank (ECB), Working day and seasonally adjusted",IX,0,
HICP.M.U2.Y.XEF000.4F0.INX,M,U2,Y,XEF000,4F0,INX,2021-06,86.81,,,,F,A,,,A,,,P1M,,4F0,,,,2025 = 100,,2,,"HICP Inflation rate - Total excluding energy, food, alcohol and tobacco - Index","Euro area (Member States and Institutions of the Euro Area) changing composition - HICP - Total excluding energy, food, alcohol and tobacco, Index, European Central Bank (ECB), Working day and seasonally adjusted",IX,0,
HICP.M.U2.Y.XEF000.4F0.INX,M,U2,Y,XEF000,4F0,INX,2021-07,87.07,,,,F,A,,,A,,,P1M,,4F0,,,,2025 = 100,,2,,"HICP Inflation rate - Total excluding energy, food, alcohol and tobacco - Index","Euro area (Member States and Institutions of the Euro Area) changing composition - HICP - Total excluding energy, food, alcohol and tobacco, Index, European Central Bank (ECB), Working day and seasonally adjusted",IX,0,
HICP.M.U2.Y.XEF000.4F0.INX,M,U2,Y,XEF000,4F0,INX,2021-08,87.23,,,,F,A,,,A,,,P1M,,4F0,,,,2025 = 100,,2,,"HICP Inflation rate - Total excluding energy, food, alcohol and tobacco - Index","Euro area (Member States and Institutions of the Euro Area) changing composition - HICP - Total excluding energy, food, alcohol and tobacco, Index, European Central Bank (ECB), Working day and seasonally adjusted",IX,0,
HICP.M.U2.Y.XEF000.4F0.INX,M,U2,Y,XEF000,4F0,INX,2021-09,87.41,,,,F,A,,,A,,,P1M,,4F0,,,,2025 = 100,,2,,"HICP Inflation rate - Total excluding energy, food, alcohol and tobacco - Index","Euro area (Member States and Institutions of the Euro Area) changing composition - HICP - Total excluding energy, food, alcohol and tobacco, Index, European Central Bank (ECB), Working day and seasonally adjusted",IX,0,
HICP.M.U2.Y.XEF000.4F0.INX,M,U2,Y,XEF000,4F0,INX,2021-10,87.62,,,,F,A,,,A,,,P1M,,4F0,,,,2025 = 100,,2,,"HICP Inflation rate - Total excluding energy, food, alcohol and tobacco - Index","Euro area (Member States and Institutions of the Euro Area) changing composition - HICP - Total excluding energy, food, alcohol and tobacco, Index, European Central Bank (ECB), Working day and seasonally adjusted",IX,0,
HICP.M.U2.Y.XEF000.4F0.INX,M,U2,Y,XEF000,4F0,INX,2021-11,87.99,,,,F,A,,,A,,,P1M,,4F0,,,,2025 = 100,,2,,"HICP Inflation rate - Total excluding energy, food, alcohol and tobacco - Index","Euro area (Member States and Institutions of the Euro Area) changing composition - HICP - Total excluding energy, food, alcohol and tobacco, Index, European Central Bank (ECB), Working day and seasonally adjusted",IX,0,
HICP.M.U2.Y.XEF000.4F0.INX,M,U2,Y,XEF000,4F0,INX,2021-12,88.23,,,,F,A,,,A,,,P1M,,4F0,,,,2025 = 100,,2,,"HICP Inflation rate - Total excluding energy, food, alcohol and tobacco - Index","Euro area (Member States and Institutions of the Euro Area) changing composition - HICP - Total excluding energy, food, alcohol and tobacco, Index, European Central Bank (ECB), Working day and seasonally adjusted",IX,0,
HICP.M.U2.Y.XEF000.4F0.INX,M,U2,Y,XEF000,4F0,INX,2022-01,88.57,,,,F,A,,,A,,,P1M,,4F0,,,,2025 = 100,,2,,"HICP Inflation rate - Total excluding energy, food, alcohol and tobacco - Index","Euro area (Member States and Institutions of the Euro Area) changing composition - HICP - Total excluding energy, food, alcohol and tobacco, Index, European Central Bank (ECB), Working day and seasonally adjusted",IX,0,
HICP.M.U2.Y.XEF000.4F0.INX,M,U2,Y,XEF000,4F0,INX,2022-02,88.85,,,,F,A,,,A,,,P1M,,4F0,,,,2025 = 100,,2,,"HICP Inflation rate - Total excluding energy, food, alcohol and tobacco - Index","Euro area (Member States and Institutions of the Euro Area) changing composition - HICP - Total excluding energy, food, alcohol and tobacco, Index, European Central Bank (ECB), Working day and seasonally adjusted",IX,0,
HICP.M.U2.Y.XEF000.4F0.INX,M,U2,Y,XEF000,4F0,INX,2022-03,89.11,,,,F,A,,,A,,,P1M,,4F0,,,,2025 = 100,,2,,"HICP Inflation rate - Total excluding energy, food, alcohol and tobacco - Index","Euro area (Member States and Institutions of the Euro Area) changing composition - HICP - Total excluding energy, food, alcohol and tobacco, Index, European Central Bank (ECB), Working day and seasonally adjusted",IX,0,
HICP.M.U2.Y.XEF000.4F0.INX,M,U2,Y,XEF000,4F0,INX,2022-04,89.51,,,,F,A,,,A,,,P1M,,4F0,,,,2025 = 100,,2,,"HICP Inflation rate - Total excluding energy, food, alcohol and tobacco - Index","Euro area (Member States and Institutions of the Euro Area) changing composition - HICP - Total excluding energy, food, alcohol and tobacco, Index, European Central Bank (ECB), Working day and seasonally adjusted",IX,0,
HICP.M.U2.Y.XEF000.4F0.INX,M,U2,Y,XEF000,4F0,INX,2022-05,89.92,,,,F,A,,,A,,,P1M,,4F0,,,,2025 = 100,,2,,"HICP Inflation rate - Total excluding energy, food, alcohol and tobacco - Index","Euro area (Member States and Institutions of the Euro Area) changing composition - HICP - Total excluding energy, food, alcohol and tobacco, Index, European Central Bank (ECB), Working day and seasonally adjusted",IX,0,
HICP.M.U2.Y.XEF000.4F0.INX,M,U2,Y,XEF000,4F0,INX,2022-06,90.04,,,,F,A,,,A,,,P1M,,4F0,,,,2025 = 100,,2,,"HICP Inflation rate - Total excluding energy, food, alcohol and tobacco - Index","Euro area (Member States and Institutions of the Euro Area) changing composition - HICP - Total excluding energy, food, alcohol and tobacco, Index, European Central Bank (ECB), Working day and seasonally adjusted",IX,0,
HICP.M.U2.Y.XEF000.4F0.INX,M,U2,Y,XEF000,4F0,INX,2022-07,90.47,,,,F,A,,,A,,,P1M,,4F0,,,,2025 = 100,,2,,"HICP Inflation rate - Total excluding energy, food, alcohol and tobacco - Index","Euro area (Member States and Institutions of the Euro Area) changing composition - HICP - Total excluding energy, food, alcohol and tobacco, Index, European Central Bank (ECB), Working day and seasonally adjusted",IX,0,
HICP.M.U2.Y.XEF000.4F0.INX,M,U2,Y,XEF000,4F0,INX,2022-08,90.91,,,,F,A,,,A,,,P1M,,4F0,,,,2025 = 100,,2,,"HICP Inflation rate - Total excluding energy, food, alcohol and tobacco - Index","Euro area (Member States and Institutions of the Euro Area) changing composition - HICP - Total excluding energy, food, alcohol and tobacco, Index, European Central Bank (ECB), Working day and seasonally adjusted",IX,0,
HICP.M.U2.Y.XEF000.4F0.INX,M,U2,Y,XEF000,4F0,INX,2022-09,91.57,,,,F,A,,,A,,,P1M,,4F0,,,,2025 = 100,,2,,"HICP Inflation rate - Total excluding energy, food, alcohol and tobacco - Index","Euro area (Member States and Institutions of the Euro Area) changing composition - HICP - Total excluding energy, food, alcohol and tobacco, Index, European Central Bank (ECB), Working day and seasonally adjusted",IX,0,
HICP.M.U2.Y.XEF000.4F0.INX,M,U2,Y,XEF000,4F0,INX,2022-10,92.01,,,,F,A,,,A,,,P1M,,4F0,,,,2025 = 100,,2,,"HICP Inflation rate - Total excluding energy, food, alcohol and tobacco - Index","Euro area (Member States and Institutions of the Euro Area) changing composition - HICP - Total excluding energy, food, alcohol and tobacco, Index, European Central Bank (ECB), Working day and seasonally adjusted",IX,0,
HICP.M.U2.Y.XEF000.4F0.INX,M,U2,Y,XEF000,4F0,INX,2022-11,92.42,,,,F,A,,,A,,,P1M,,4F0,,,,2025 = 100,,2,,"HICP Inflation rate - Total excluding energy, food, alcohol and tobacco - Index","Euro area (Member States and Institutions of the Euro Area) changing composition - HICP - Total excluding energy, food, alcohol and tobacco, Index, European Central Bank (ECB), Working day and seasonally adjusted",IX,0,
HICP.M.U2.Y.XEF000.4F0.INX,M,U2,Y,XEF000,4F0,INX,2022-12,92.86,,,,F,A,,,A,,,P1M,,4F0,,,,2025 = 100,,2,,"HICP Inflation rate - Total excluding energy, food, alcohol and tobacco - Index","Euro area (Member States and Institutions of the Euro Area) changing composition - HICP - Total excluding energy, food, alcohol and tobacco, Index, European Central Bank (ECB), Working day and seasonally adjusted",IX,0,
HICP.M.U2.Y.XEF000.4F0.INX,M,U2,Y,XEF000,4F0,INX,2023-01,93.44,,,,F,A,,,A,,,P1M,,4F0,,,,2025 = 100,,2,,"HICP Inflation rate - Total excluding energy, food, alcohol and tobacco - Index","Euro area (Member States and Institutions of the Euro Area) changing composition - HICP - Total excluding energy, food, alcohol and tobacco, Index, European Central Bank (ECB), Working day and seasonally adjusted",IX,0,
HICP.M.U2.Y.XEF000.4F0.INX,M,U2,Y,XEF000,4F0,INX,2023-02,93.88,,,,F,A,,,A,,,P1M,,4F0,,,,2025 = 100,,2,,"HICP Inflation rate - Total excluding energy, food, alcohol and tobacco - Index","Euro area (Member States and Institutions of the Euro Area) changing composition - HICP - Total excluding energy, food, alcohol and tobacco, Index, European Central Bank (ECB), Working day and seasonally adjusted",IX,0,
HICP.M.U2.Y.XEF000.4F0.INX,M,U2,Y,XEF000,4F0,INX,2023-03,94.25,,,,F,A,,,A,,,P1M,,4F0,,,,2025 = 100,,2,,"HICP Inflation rate - Total excluding energy, food, alcohol and tobacco - Index","Euro area (Member States and Institutions of the Euro Area) changing composition - HICP - Total excluding energy, food, alcohol and tobacco, Index, European Central Bank (ECB), Working day and seasonally adjusted",IX,0,
HICP.M.U2.Y.XEF000.4F0.INX,M,U2,Y,XEF000,4F0,INX,2023-04,94.52,,,,F,A,,,A,,,P1M,,4F0,,,,2025 = 100,,2,,"HICP Inflation rate - Total excluding energy, food, alcohol and tobacco - Index","Euro area (Member States and Institutions of the Euro Area) changing composition - HICP - Total excluding energy, food, alcohol and tobacco, Index, European Central Bank (ECB), Working day and seasonally adjusted",IX,0,
HICP.M.U2.Y.XEF000.4F0.INX,M,U2,Y,XEF000,4F0,INX,2023-05,94.7,,,,F,A,,,A,,,P1M,,4F0,,,,2025 = 100,,2,,"HICP Inflation rate - Total excluding energy, food, alcohol and tobacco - Index","Euro area (Member States and Institutions of the Euro Area) changing composition - HICP - Total excluding energy, food, alcohol and tobacco, Index, European Central Bank (ECB), Working day and seasonally adjusted",IX,0,
HICP.M.U2.Y.XEF000.4F0.INX,M,U2,Y,XEF000,4F0,INX,2023-06,94.9,,,,F,A,,,A,,,P1M,,4F0,,,,2025 = 100,,2,,"HICP Inflation rate - Total excluding energy, food, alcohol and tobacco - Index","Euro area (Member States and Institutions of the Euro Area) changing composition - HICP - Total excluding energy, food, alcohol and tobacco, Index, European Central Bank (ECB), Working day and seasonally adjusted",IX,0,
HICP.M.U2.Y.XEF000.4F0.INX,M,U2,Y,XEF000,4F0,INX,2023-07,95.14,,,,F,A,,,A,,,P1M,,4F0,,,,2025 = 100,,2,,"HICP Inflation rate - Total excluding energy, food, alcohol and tobacco - Index","Euro area (Member States and Institutions of the Euro Area) changing composition - HICP - Total excluding energy, food, alcohol and tobacco, Index, European Central Bank (ECB), Working day and seasonally adjusted",IX,0,
HICP.M.U2.Y.XEF000.4F0.INX,M,U2,Y,XEF000,4F0,INX,2023-08,95.42,,,,F,A,,,A,,,P1M,,4F0,,,,2025 = 100,,2,,"HICP Inflation rate - Total excluding energy, food, alcohol and tobacco - Index","Euro area (Member States and Institutions of the Euro Area) changing composition - HICP - Total excluding energy, food, alcohol and tobacco, Index, European Central Bank (ECB), Working day and seasonally adjusted",IX,0,
HICP.M.U2.Y.XEF000.4F0.INX,M,U2,Y,XEF000,4F0,INX,2023-09,95.6,,,,F,A,,,A,,,P1M,,4F0,,,,2025 = 100,,2,,"HICP Inflation rate - Total excluding energy, food, alcohol and tobacco - Index","Euro area (Member States and Institutions of the Euro Area) changing composition - HICP - Total excluding energy, food, alcohol and tobacco, Index, European Central Bank (ECB), Working day and seasonally adjusted",IX,0,
HICP.M.U2.Y.XEF000.4F0.INX,M,U2,Y,XEF000,4F0,INX,2023-10,95.77,,,,F,A,,,A,,,P1M,,4F0,,,,2025 = 100,,2,,"HICP Inflation rate - Total excluding energy, food, alcohol and tobacco - Index","Euro area (Member States and Institutions of the Euro Area) changing composition - HICP - Total excluding energy, food, alcohol and tobacco, Index, European Central Bank (ECB), Working day and seasonally adjusted",IX,0,
HICP.M.U2.Y.XEF000.4F0.INX,M,U2,Y,XEF000,4F0,INX,2023-11,95.89,,,,F,A,,,A,,,P1M,,4F0,,,,2025 = 100,,2,,"HICP Inflation rate - Total excluding energy, food, alcohol and tobacco - Index","Euro area (Member States and Institutions of the Euro Area) changing composition - HICP - Total excluding energy, food, alcohol and tobacco, Index, European Central Bank (ECB), Working day and seasonally adjusted",IX,0,
HICP.M.U2.Y.XEF000.4F0.INX,M,U2,Y,XEF000,4F0,INX,2023-12,96.11,,,,F,A,,,A,,,P1M,,4F0,,,,2025 = 100,,2,,"HICP Inflation rate - Total excluding energy, food, alcohol and tobacco - Index","Euro area (Member States and Institutions of the Euro Area) changing composition - HICP - Total excluding energy, food, alcohol and tobacco, Index, European Central Bank (ECB), Working day and seasonally adjusted",IX,0,
HICP.M.U2.Y.XEF000.4F0.INX,M,U2,Y,XEF000,4F0,INX,2024-01,96.43,,,,F,A,,,A,,,P1M,,4F0,,,,2025 = 100,,2,,"HICP Inflation rate - Total excluding energy, food, alcohol and tobacco - Index","Euro area (Member States and Institutions of the Euro Area) changing composition - HICP - Total excluding energy, food, alcohol and tobacco, Index, European Central Bank (ECB), Working day and seasonally adjusted",IX,0,
HICP.M.U2.Y.XEF000.4F0.INX,M,U2,Y,XEF000,4F0,INX,2024-02,96.7,,,,F,A,,,A,,,P1M,,4F0,,,,2025 = 100,,2,,"HICP Inflation rate - Total excluding energy, food, alcohol and tobacco - Index","Euro area (Member States and Institutions of the Euro Area) changing composition - HICP - Total excluding energy, food, alcohol and tobacco, Index, European Central Bank (ECB), Working day and seasonally adjusted",IX,0,
HICP.M.U2.Y.XEF000.4F0.INX,M,U2,Y,XEF000,4F0,INX,2024-03,96.96,,,,F,A,,,A,,,P1M,,4F0,,,,2025 = 100,,2,,"HICP Inflation rate - Total excluding energy, food, alcohol and tobacco - Index","Euro area (Member States and Institutions of the Euro Area) changing composition - HICP - Total excluding energy, food, alcohol and tobacco, Index, European Central Bank (ECB), Working day and seasonally adjusted",IX,0,
HICP.M.U2.Y.XEF000.4F0.INX,M,U2,Y,XEF000,4F0,INX,2024-04,97.1,,,,F,A,,,A,,,P1M,,4F0,,,,2025 = 100,,2,,"HICP Inflation rate - Total excluding energy, food, alcohol and tobacco - Index","Euro area (Member States and Institutions of the Euro Area) changing composition - HICP - Total excluding energy, food, alcohol and tobacco, Index, European Central Bank (ECB), Working day and seasonally adjusted",IX,0,
HICP.M.U2.Y.XEF000.4F0.INX,M,U2,Y,XEF000,4F0,INX,2024-05,97.37,,,,F,A,,,A,,,P1M,,4F0,,,,2025 = 100,,2,,"HICP Inflation rate - Total excluding energy, food, alcohol and tobacco - Index","Euro area (Member States and Institutions of the Euro Area) changing composition - HICP - Total excluding energy, food, alcohol and tobacco, Index, European Central Bank (ECB), Working day and seasonally adjusted",IX,0,
HICP.M.U2.Y.XEF000.4F0.INX,M,U2,Y,XEF000,4F0,INX,2024-06,97.61,,,,F,A,,,A,,,P1M,,4F0,,,,2025 = 100,,2,,"HICP Inflation rate - Total excluding energy, food, alcohol and tobacco - Index","Euro area (Member States and Institutions of the Euro Area) changing composition - HICP - Total excluding energy, food, alcohol and tobacco, Index, European Central Bank (ECB), Working day and seasonally adjusted",IX,0,
HICP.M.U2.Y.XEF000.4F0.INX,M,U2,Y,XEF000,4F0,INX,2024-07,97.79,,,,F,A,,,A,,,P1M,,4F0,,,,2025 = 100,,2,,"HICP Inflation rate - Total excluding energy, food, alcohol and tobacco - Index","Euro area (Member States and Institutions of the Euro Area) changing composition - HICP - Total excluding energy, food, alcohol and tobacco, Index, European Central Bank (ECB), Working day and seasonally adjusted",IX,0,
HICP.M.U2.Y.XEF000.4F0.INX,M,U2,Y,XEF000,4F0,INX,2024-08,98.02,,,,F,A,,,A,,,P1M,,4F0,,,,2025 = 100,,2,,"HICP Inflation rate - Total excluding energy, food, alcohol and tobacco - Index","Euro area (Member States and Institutions of the Euro Area) changing composition - HICP - Total excluding energy, food, alcohol and tobacco, Index, European Central Bank (ECB), Working day and seasonally adjusted",IX,0,
HICP.M.U2.Y.XEF000.4F0.INX,M,U2,Y,XEF000,4F0,INX,2024-09,98.14,,,,F,A,,,A,,,P1M,,4F0,,,,2025 = 100,,2,,"HICP Inflation rate - Total excluding energy, food, alcohol and tobacco - Index","Euro area (Member States and Institutions of the Euro Area) changing composition - HICP - Total excluding energy, food, alcohol and tobacco, Index, European Central Bank (ECB), Working day and seasonally adjusted",IX,0,
HICP.M.U2.Y.XEF000.4F0.INX,M,U2,Y,XEF000,4F0,INX,2024-10,98.34,,,,F,A,,,A,,,P1M,,4F0,,,,2025 = 100,,2,,"HICP Inflation rate - Total excluding energy, food, alcohol and tobacco - Index","Euro area (Member States and Institutions of the Euro Area) changing composition - HICP - Total excluding energy, food, alcohol and tobacco, Index, European Central Bank (ECB), Working day and seasonally adjusted",IX,0,
HICP.M.U2.Y.XEF000.4F0.INX,M,U2,Y,XEF000,4F0,INX,2024-11,98.51,,,,F,A,,,A,,,P1M,,4F0,,,,2025 = 100,,2,,"HICP Inflation rate - Total excluding energy, food, alcohol and tobacco - Index","Euro area (Member States and Institutions of the Euro Area) changing composition - HICP - Total excluding energy, food, alcohol and tobacco, Index, European Central Bank (ECB), Working day and seasonally adjusted",IX,0,
HICP.M.U2.Y.XEF000.4F0.INX,M,U2,Y,XEF000,4F0,INX,2024-12,98.74,,,,F,A,,,A,,,P1M,,4F0,,,,2025 = 100,,2,,"HICP Inflation rate - Total excluding energy, food, alcohol and tobacco - Index","Euro area (Member States and Institutions of the Euro Area) changing composition - HICP - Total excluding energy, food, alcohol and tobacco, Index, European Central Bank (ECB), Working day and seasonally adjusted",IX,0,
HICP.M.U2.Y.XEF000.4F0.INX,M,U2,Y,XEF000,4F0,INX,2025-01,98.96,,,,F,A,,,A,,,P1M,,4F0,,,,2025 = 100,,2,,"HICP Inflation rate - Total excluding energy, food, alcohol and tobacco - Index","Euro area (Member States and Institutions of the Euro Area) changing composition - HICP - Total excluding energy, food, alcohol and tobacco, Index, European Central Bank (ECB), Working day and seasonally adjusted",IX,0,
HICP.M.U2.Y.XEF000.4F0.INX,M,U2,Y,XEF000,4F0,INX,2025-02,99.08,,,,F,A,,,A,,,P1M,,4F0,,,,2025 = 100,,2,,"HICP Inflation rate - Total excluding energy, food, alcohol and tobacco - Index","Euro area (Member States and Institutions of the Euro Area) changing composition - HICP - Total excluding energy, food, alcohol and tobacco, Index, European Central Bank (ECB), Working day and seasonally adjusted",IX,0,
HICP.M.U2.Y.XEF000.4F0.INX,M,U2,Y,XEF000,4F0,INX,2025-03,99.37,,,,F,A,,,A,,,P1M,,4F0,,,,2025 = 100,,2,,"HICP Inflation rate - Total excluding energy, food, alcohol and tobacco - Index","Euro area (Member States and Institutions of the Euro Area) changing composition - HICP - Total excluding energy, food, alcohol and tobacco, Index, European Central Bank (ECB), Working day and seasonally adjusted",IX,0,
HICP.M.U2.Y.XEF000.4F0.INX,M,U2,Y,XEF000,4F0,INX,2025-04,99.69,,,,F,A,,,A,,,P1M,,4F0,,,,2025 = 100,,2,,"HICP Inflation rate - Total excluding energy, food, alcohol and tobacco - Index","Euro area (Member States and Institutions of the Euro Area) changing composition - HICP - Total excluding energy, food, alcohol and tobacco, Index, European Central Bank (ECB), Working day and seasonally adjusted",IX,0,
HICP.M.U2.Y.XEF000.4F0.INX,M,U2,Y,XEF000,4F0,INX,2025-05,99.57,,,,F,A,,,A,,,P1M,,4F0,,,,2025 = 100,,2,,"HICP Inflation rate - Total excluding energy, food, alcohol and tobacco - Index","Euro area (Member States and Institutions of the Euro Area) changing composition - HICP - Total excluding energy, food, alcohol and tobacco, Index, European Central Bank (ECB), Working day and seasonally adjusted",IX,0,
HICP.M.U2.Y.XEF000.4F0.INX,M,U2,Y,XEF000,4F0,INX,2025-06,99.89,,,,F,A,,,A,,,P1M,,4F0,,,,2025 = 100,,2,,"HICP Inflation rate - Total excluding energy, food, alcohol and tobacco - Index","Euro area (Member States and Institutions of the Euro Area) changing composition - HICP - Total excluding energy, food, alcohol and tobacco, Index, European Central Bank (ECB), Working day and seasonally adjusted",IX,0,
HICP.M.U2.Y.XEF000.4F0.INX,M,U2,Y,XEF000,4F0,INX,2025-07,100.09,,,,F,A,,,A,,,P1M,,4F0,,,,2025 = 100,,2,,"HICP Inflation rate - Total excluding energy, food, alcohol and tobacco - Index","Euro area (Member States and Institutions of the Euro Area) changing composition - HICP - Total excluding energy, food, alcohol and tobacco, Index, European Central Bank (ECB), Working day and seasonally adjusted",IX,0,
HICP.M.U2.Y.XEF000.4F0.INX,M,U2,Y,XEF000,4F0,INX,2025-08,100.29,,,,F,A,,,A,,,P1M,,4F0,,,,2025 = 100,,2,,"HICP Inflation rate - Total excluding energy, food, alcohol and tobacco - Index","Euro area (Member States and Institutions of the Euro Area) changing composition - HICP - Total excluding energy, food, alcohol and tobacco, Index, European Central Bank (ECB), Working day and seasonally adjusted",IX,0,
HICP.M.U2.Y.XEF000.4F0.INX,M,U2,Y,XEF000,4F0,INX,2025-09,100.5,,,,F,A,,,A,,,P1M,,4F0,,,,2025 = 100,,2,,"HICP Inflation rate - Total excluding energy, food, alcohol and tobacco - Index","Euro area (Member States and Institutions of the Euro Area) changing composition - HICP - Total excluding energy, food, alcohol and tobacco, Index, European Central Bank (ECB), Working day and seasonally adjusted",IX,0,
HICP.M.U2.Y.XEF000.4F0.INX,M,U2,Y,XEF000,4F0,INX,2025-10,100.7,,,,F,A,,,A,,,P1M,,4F0,,,,2025 = 100,,2,,"HICP Inflation rate - Total excluding energy, food, alcohol and tobacco - Index","Euro area (Member States and Institutions of the Euro Area) changing composition - HICP - Total excluding energy, food, alcohol and tobacco, Index, European Central Bank (ECB), Working day and seasonally adjusted",IX,0,
HICP.M.U2.Y.XEF000.4F0.INX,M,U2,Y,XEF000,4F0,INX,2025-11,100.85,,,,F,A,,,A,,,P1M,,4F0,,,,2025 = 100,,2,,"HICP Inflation rate - Total excluding energy, food, alcohol and tobacco - Index","Euro area (Member States and Institutions of the Euro Area) changing composition - HICP - Total excluding energy, food, alcohol and tobacco, Index, European Central Bank (ECB), Working day and seasonally adjusted",IX,0,
HICP.M.U2.Y.XEF000.4F0.INX,M,U2,Y,XEF000,4F0,INX,2025-12,101.02,,,,F,A,,,A,,,P1M,,4F0,,,,2025 = 100,,2,,"HICP Inflation rate - Total excluding energy, food, alcohol and tobacco - Index","Euro area (Member States and Institutions of the Euro Area) changing composition - HICP - Total excluding energy, food, alcohol and tobacco, Index, European Central Bank (ECB), Working day and seasonally adjusted",IX,0,
HICP.M.U2.Y.XEF000.4F0.INX,M,U2,Y,XEF000,4F0,INX,2026-01,101.13,,,,F,A,,,A,,,P1M,,4F0,,,,2025 = 100,,2,,"HICP Inflation rate - Total excluding energy, food, alcohol and tobacco - Index","Euro area (Member States and Institutions of the Euro Area) changing composition - HICP - Total excluding energy, food, alcohol and tobacco, Index, European Central Bank (ECB), Working day and seasonally adjusted",IX,0,
HICP.M.U2.Y.XEF000.4F0.INX,M,U2,Y,XEF000,4F0,INX,2026-02,101.45,,,,F,A,,,A,,,P1M,,4F0,,,,2025 = 100,,2,,"HICP Inflation rate - Total excluding energy, food, alcohol and tobacco - Index","Euro area (Member States and Institutions of the Euro Area) changing composition - HICP - Total excluding energy, food, alcohol and tobacco, Index, European Central Bank (ECB), Working day and seasonally adjusted",IX,0,
HICP.M.U2.Y.XEF000.4F0.INX,M,U2,Y,XEF000,4F0,INX,2026-03,101.61,,,,F,A,,,A,,,P1M,,4F0,,,,2025 = 100,,2,,"HICP Inflation rate - Total excluding energy, food, alcohol and tobacco - Index","Euro area (Member States and Institutions of the Euro Area) changing composition - HICP - Total excluding energy, food, alcohol and tobacco, Index, European Central Bank (ECB), Working day and seasonally adjusted",IX,0,
HICP.M.U2.Y.XEF000.4F0.INX,M,U2,Y,XEF000,4F0,INX,2026-04,101.91,,,,F,A,,,A,,,P1M,,4F0,,,,2025 = 100,,2,,"HICP Inflation rate - Total excluding energy, food, alcohol and tobacco - Index","Euro area (Member States and Institutions of the Euro Area) changing composition - HICP - Total excluding energy, food, alcohol and tobacco, Index, European Central Bank (ECB), Working day and seasonally adjusted",IX,0,
HICP.M.U2.Y.XEF000.4F0.INX,M,U2,Y,XEF000,4F0,INX,2026-05,102.12,,,,F,A,,,A,,,P1M,,4F0,,,,2025 = 100,,2,,"HICP Inflation rate - Total excluding energy, food, alcohol and tobacco - Index","Euro area (Member States and Institutions of the Euro Area) changing composition - HICP - Total excluding energy, food, alcohol and tobacco, Index, European Central Bank (ECB), Working day and seasonally adjusted",IX,0,
HICP.M.U2.Y.XEF000.4F0.INX,M,U2,Y,XEF000,4F0,INX,2026-06,102.25,,,,F,A,,,A,,,P1M,,4F0,,,,2025 = 100,,2,,"HICP Inflation rate - Total excluding energy, food, alcohol and tobacco - Index","Euro area (Member States and Institutions of the Euro Area) changing composition - HICP - Total excluding energy, food, alcohol and tobacco, Index, European Central Bank (ECB), Working day and seasonally adjusted",IX,0,
HICP.M.U2.Y.XEF000.4F0.INX,M,U2,Y,XEF000,4F0,INX,2026-07,102.56,,,,F,A,,,A,,,P1M,,4F0,,,,2025 = 100,,2,,"HICP Inflation rate - Total excluding energy, food, alcohol and tobacco - Index","Euro area (Member States and Institutions of the Euro Area) changing composition - HICP - Total excluding energy, food, alcohol and tobacco, Index, European Central Bank (ECB), Working day and seasonally adjusted",IX,0,
HICP.M.U2.Y.XEF000.4F0.INX,M,U2,Y,XEF000,4F0,INX,2026-08,102.72,,,,F,A,,,A,,,P1M,,4F0,,,,2025 = 100,,2,,"HICP Inflation rate - Total excluding energy, food, alcohol and tobacco - Index","Euro area (Member States and Institutions of the Euro Area) changing composition - HICP - Total excluding energy, food, alcohol and tobacco, Index, European Central Bank (ECB), Working day and seasonally adjusted",IX,0,
