KEY,FREQ,REF_AREA,ADJUSTMENT,ICP_ITEM,DATA_PROVIDER,ICP_SUFFIX,TIME_PERIOD,OBS_VALUE,EMBARGO_TIME,COMMENT_OBS,PRE_BREAK_VALUE,CONF_STATUS,OBS_STATUS,TRANSFORMATION,COMMENT_TS,TIME_PER_COLLECT,ADJU_DETAIL,UPDATE_STATUS,TIME_FORMAT,BREAKS,COMPILING_ORG,DATA_COMP,DISS_ORG,DOM_SER_IDS,UNIT_INDEX_BASE,COVERAGE,DECIMALS,SOURCE_AGENCY,TITLE,TITLE_COMPL,UNIT,UNIT_MULT,COMMENT_DSET
HICP.M.U2.Y.IGXE00.4F0.INX,M,U2,Y,IGXE00,4F0,INX,1947-01,,,,,F,M,,,A,,,P1M,,4F0,,,,2025 = 100,,2,,HICP Inflation rate - Non-energy industrial goods - Index,"Euro area (Member States and Institutions of the Euro Area) changing composition - HICP - Non-energy industrial goods, Index, European Central Bank (ECB), Working day and seasonally adjusted",IX,0,
HICP.M.U2.Y.IGXE00.4F0.INX,M,U2,Y,IGXE00,4F0,INX,1947-02,,,,,F,M,,,A,,,P1M,,4F0,,,,2025 = 100,,2,,HICP Inflation rate - Non-energy industrial goods - Index,"Euro area (Member States and Institutions of the Euro Area) changing composition - HICP - Non-energy industrial goods, Index, European Central Bank (ECB), Working day and seasonally adjusted",IX,0,
HICP.M.U2.Y.IGXE00.4F0.INX,M,U2,Y,IGXE00,4F0,INX,1947-03,,,,,F,M,,,A,,,P1M,,4F0,,,,2025 = 100,,2,,HICP Inflation rate - Non-energy industrial goods - Index,"Euro area (Member States and Institutions of the Euro Area) changing composition - HICP - Non-energy industrial goods, Index, European Central Bank (ECB), Working day and seasonally adjusted",IX,0,
HICP.M.U2.Y.IGXE00.4F0.INX,M,U2,Y,IGXE00,4F0,INX,1947-04,,,,,F,M,,,A,,,P1M,,4F0,,,,2025 = 100,,2,,HICP Inflation rate - Non-energy industrial goods - Index,"Euro area (Member States and Institutions of the Euro Area) changing composition - HICP - Non-energy industrial goods, Index, European Central Bank (ECB), Working day and seasonally adjusted",IX,0,
HICP.M.U2.Y.IGXE00.4F0.INX,M,U2,Y,IGXE00,4F0,INX,1947-05,,,,,F,M,,,A,,,P1M,,4F0,,,,2025 = 100,,2,,HICP Inflation rate - Non-energy industrial goods - Index,"Euro area (Member States and Institutions of the Euro Area) changing composition - HICP - Non-energy industrial goods, Index, European Central Bank (ECB), Working day and seasonally adjusted",IX,0,
HICP.M.U2.Y.IGXE00.4F0.INX,M,U2,Y,IGXE00,4F0,INX,1947-06,,,,,F,M,,,A,,,P1M,,4F0,,,,2025 = 100,,2,,HICP Inflation rate - Non-energy industrial goods - Index,"Euro area (Member States and Institutions of the Euro Area) changing composition - HICP - Non-energy industrial goods, Index, European Central Bank (ECB), Working day and seasonally adjusted",IX,0,
HICP.M.U2.Y.IGXE00.4F0.INX,M,U2,Y,IGXE00,4F0,INX,1947-07,,,,,F,M,,,A,,,P1M,,4F0,,,,2025 = 100,,2,,HICP Inflation rate - Non-energy industrial goods - Index,"Euro area (Member States and Institutions of the Euro Area) changing composition - HICP - Non-energy industrial goods, Index, European Central Bank (ECB), Working day and seasonally adjusted",IX,0,
HICP.M.U2.Y.IGXE00.4F0.INX,M,U2,Y,IGXE00,4F0,INX,1947-08,,,,,F,M,,,A,,,P1M,,4F0,,,,2025 = 100,,2,,HICP Inflation rate - Non-energy industrial goods - Index,"Euro area (Member States and Institutions of the Euro Area) changing composition - HICP - Non-energy industrial goods, Index, European Central Bank (ECB), Working day and seasonally adjusted",IX,0,
HICP.M.U2.Y.IGXE00.4F0.INX,M,U2,Y,IGXE00,4F0,INX,1947-09,,,,,F,M,,,A,,,P1M,,4F0,,,,2025 = 100,,2,,HICP Inflation rate - Non-energy industrial goods - Index,"Euro area (Member States and Institutions of the Euro Area) changing composition - HICP - Non-energy industrial goods, Index, European Central Bank (ECB), Working day and seasonally adjusted",IX,0,
HICP.M.U2.Y.IGXE00.4F0.INX,M,U2,Y,IGXE00,4F0,INX,1947-10,,,,,F,M,,,A,,,P1M,,4F0,,,,2025 = 100,,2,,HICP Inflation rate - Non-energy industrial goods - Index,"Euro area (Member States and Institutions of the Euro Area) changing composition - HICP - Non-energy industrial goods, Index, European Central Bank (ECB), Working day and seasonally adjusted",IX,0,
HICP.M.U2.Y.IGXE00.4F0.INX,M,U2,Y,IGXE00,4F0,INX,1947-11,,,,,F,M,,,A,,,P1M,,4F0,,,,2025 = 100,,2,,HICP Inflation rate - Non-energy industrial goods - Index,"Euro area (Member States and Institutions of the Euro Area) changing composition - HICP - Non-energy industrial goods, Index, European Central Bank (ECB), Working day and seasonally adjusted",IX,0,
HICP.M.U2.Y.IGXE00.4F0.INX,M,U2,Y,IGXE00,4F0,INX,1947-12,,,,,F,M,,,A,,,P1M,,4F0,,,,2025 = 100,,2,,HICP Inflation rate - Non-energy industrial goods - Index,"Euro area (Member States and Institutions of the Euro Area) changing composition - HICP - Non-energy industrial goods, Index, European Central Bank (ECB), Working day and seasonally adjusted",IX,0,
HICP.M.U2.Y.IGXE00.4F0.INX,M,U2,Y,IGXE00,4F0,INX,1948-01,,,,,F,M,,,A,,,P1M,,4F0,,,,2025 = 100,,2,,HICP Inflation rate - Non-energy industrial goods - Index,"Euro area (Member States and Institutions of the Euro Area) changing composition - HICP - Non-energy industrial goods, Index, European Central Bank (ECB), Working day and seasonally adjusted",IX,0,
HICP.M.U2.Y.IGXE00.4F0.INX,M,U2,Y,IGXE00,4F0,INX,1948-02,,,,,F,M,,,A,,,P1M,,4F0,,,,2025 = 100,,2,,HICP Inflation rate - Non-energy industrial goods - Index,"Euro area (Member States and Institutions of the Euro Area) changing composition - HICP - Non-energy industrial goods, Index, European Central Bank (ECB), Working day and seasonally adjusted",IX,0,
HICP.M.U2.Y.IGXE00.4F0.INX,M,U2,Y,IGXE00,4F0,INX,1948-03,,,,,F,M,,,A,,,P1M,,4F0,,,,2025 = 100,,2,,HICP Inflation rate - Non-energy industrial goods - Index,"Euro area (Member States and Institutions of the Euro Area) changing composition - HICP - Non-energy industrial goods, Index, European Central Bank (ECB), Working day and seasonally adjusted",IX,0,
HICP.M.U2.Y.IGXE00.4F0.INX,M,U2,Y,IGXE00,4F0,INX,1948-04,,,,,F,M,,,A,,,P1M,,4F0,,,,2025 = 100,,2,,HICP Inflation rate - Non-energy industrial goods - Index,"Euro area (Member States and Institutions of the Euro Area) changing composition - HICP - Non-energy industrial goods, Index, European Central Bank (ECB), Working day and seasonally adjusted",IX,0,
HICP.M.U2.Y.IGXE00.4F0.INX,M,U2,Y,IGXE00,4F0,INX,1948-05,,,,,F,M,,,A,,,P1M,,4F0,,,,2025 = 100,,2,,HICP Inflation rate - Non-energy industrial goods - Index,"Euro area (Member States and Institutions of the Euro Area) changing composition - HICP - Non-energy industrial goods, Index, European Central Bank (ECB), Working day and seasonally adjusted",IX,0,
HICP.M.U2.Y.IGXE00.4F0.INX,M,U2,Y,IGXE00,4F0,INX,1948-06,,,,,F,M,,,A,,,P1M,,4F0,,,,2025 = 100,,2,,HICP Inflation rate - Non-energy industrial goods - Index,"Euro area (Member States and Institutions of the Euro Area) changing composition - HICP - Non-energy industrial goods, Index, European Central Bank (ECB), Working day and seasonally adjusted",IX,0,
HICP.M.U2.Y.IGXE00.4F0.INX,M,U2,Y,IGXE00,4F0,INX,1948-07,,,,,F,M,,,A,,,P1M,,4F0,,,,2025 = 100,,2,,HICP Inflation rate - Non-energy industrial goods - Index,"Euro area (Member States and Institutions of the Euro Area) changing composition - HICP - Non-energy industrial goods, Index, European Central Bank (ECB), Working day and seasonally adjusted",IX,0,
HICP.M.U2.Y.IGXE00.4F0.INX,M,U2,Y,IGXE00,4F0,INX,1948-08,,,,,F,M,,,A,,,P1M,,4F0,,,,2025 = 100,,2,,HICP Inflation rate - Non-energy industrial goods - Index,"Euro area (Member States and Institutions of the Euro Area) changing composition - HICP - Non-energy industrial goods, Index, European Central Bank (ECB), Working day and seasonally adjusted",IX,0,
HICP.M.U2.Y.IGXE00.4F0.INX,M,U2,Y,IGXE00,4F0,INX,1948-09,,,,,F,M,,,A,,,P1M,,4F0,,,,2025 = 100,,2,,HICP Inflation rate - Non-energy industrial goods - Index,"Euro area (Member States and Institutions of the Euro Area) changing composition - HICP - Non-energy industrial goods, Index, European Central Bank (ECB), Working day and seasonally adjusted",IX,0,
HICP.M.U2.Y.IGXE00.4F0.INX,M,U2,Y,IGXE00,4F0,INX,1948-10,,,,,F,M,,,A,,,P1M,,4F0,,,,2025 = 100,,2,,HICP Inflation rate - Non-energy industrial goods - Index,"Euro area (Member States and Institutions of the Euro Area) changing composition - HICP - Non-energy industrial goods, Index, European Central Bank (ECB), Working day and seasonally adjusted",IX,0,
HICP.M.U2.Y.IGXE00.4F0.INX,M,U2,Y,IGXE00,4F0,INX,1948-11,,,,,F,M,,,A,,,P1M,,4F0,,,,2025 = 100,,2,,HICP Inflation rate - Non-energy industrial goods - Index,"Euro area (Member States and Institutions of the Euro Area) changing composition - HICP - Non-energy industrial goods, Index, European Central Bank (ECB), Working day and seasonally adjusted",IX,0,
HICP.M.U2.Y.IGXE00.4F0.INX,M,U2,Y,IGXE00,4F0,INX,1948-12,,,,,F,M,,,A,,,P1M,,4F0,,,,2025 = 100,,2,,HICP Inflation rate - Non-energy industrial goods - Index,"Euro area (Member States and Institutions of the Euro Area) changing composition - HICP - Non-energy industrial goods, Index, European Central Bank (ECB), Working day and seasonally adjusted",IX,0,
HICP.M.U2.Y.IGXE00.4F0.INX,M,U2,Y,IGXE00,4F0,INX,1949-01,,,,,F,M,,,A,,,P1M,,4F0,,,,2025 = 100,,2,,HICP Inflation rate - Non-energy industrial goods - Index,"Euro area (Member States and Institutions of the Euro Area) changing composition - HICP - Non-energy industrial goods, Index, European Central Bank (ECB), Working day and seasonally adjusted",IX,0,
HICP.M.U2.Y.IGXE00.4F0.INX,M,U2,Y,IGXE00,4F0,INX,1949-02,,,,,F,M,,,A,,,P1M,,4F0,,,,2025 = 100,,2,,HICP Inflation rate - Non-energy industrial goods - Index,"Euro area (Member States and Institutions of the Euro Area) changing composition - HICP - Non-energy industrial goods, Index, European Central Bank (ECB), Working day and seasonally adjusted",IX,0,
HICP.M.U2.Y.IGXE00.4F0.INX,M,U2,Y,IGXE00,4F0,INX,1949-03,,,,,F,M,,,A,,,P1M,,4F0,,,,2025 = 100,,2,,HICP Inflation rate - Non-energy industrial goods - Index,"Euro area (Member States and Institutions of the Euro Area) changing composition - HICP - Non-energy industrial goods, Index, European Central Bank (ECB), Working day and seasonally adjusted",IX,0,
HICP.M.U2.Y.IGXE00.4F0.INX,M,U2,Y,IGXE00,4F0,INX,1949-04,,,,,F,M,,,A,,,P1M,,4F0,,,,2025 = 100,,2,,HICP Inflation rate - Non-energy industrial goods - Index,"Euro area (Member States and Institutions of the Euro Area) changing composition - HICP - Non-energy industrial goods, Index, European Central Bank (ECB), Working day and seasonally adjusted",IX,0,
HICP.M.U2.Y.IGXE00.4F0.INX,M,U2,Y,IGXE00,4F0,INX,1949-05,,,,,F,M,,,A,,,P1M,,4F0,,,,2025 = 100,,2,,HICP Inflation rate - Non-energy industrial goods - Index,"Euro area (Member States and Institutions of the Euro Area) changing composition - HICP - Non-energy industrial goods, Index, European Central Bank (ECB), Working day and seasonally adjusted",IX,0,
HICP.M.U2.Y.IGXE00.4F0.INX,M,U2,Y,IGXE00,4F0,INX,1949-06,,,,,F,M,,,A,,,P1M,,4F0,,,,2025 = 100,,2,,HICP Inflation rate - Non-energy industrial goods - Index,"Euro area (Member States and Institutions of the Euro Area) changing composition - HICP - Non-energy industrial goods, Index, European Central Bank (ECB), Working day and seasonally adjusted",IX,0,
HICP.M.U2.Y.IGXE00.4F0.INX,M,U2,Y,IGXE00,4F0,INX,1949-07,,,,,F,M,,,A,,,P1M,,4F0,,,,2025 = 100,,2,,HICP Inflation rate - Non-energy industrial goods - Index,"Euro area (Member States and Institutions of the Euro Area) changing composition - HICP - Non-energy industrial goods, Index, European Central Bank (ECB), Working day and seasonally adjusted",IX,0,
HICP.M.U2.Y.IGXE00.4F0.INX,M,U2,Y,IGXE00,4F0,INX,1949-08,,,,,F,M,,,A,,,P1M,,4F0,,,,2025 = 100,,2,,HICP Inflation rate - Non-energy industrial goods - Index,"Euro area (Member States and Institutions of the Euro Area) changing composition - HICP - Non-energy industrial goods, Index, European Central Bank (ECB), Working day and seasonally adjusted",IX,0,
HICP.M.U2.Y.IGXE00.4F0.INX,M,U2,Y,IGXE00,4F0,INX,1949-09,,,,,F,M,,,A,,,P1M,,4F0,,,,2025 = 100,,2,,HICP Inflation rate - Non-energy industrial goods - Index,"Euro area (Member States and Institutions of the Euro Area) changing composition - HICP - Non-energy industrial goods, Index, European Central Bank (ECB), Working day and seasonally adjusted",IX,0,
HICP.M.U2.Y.IGXE00.4F0.INX,M,U2,Y,IGXE00,4F0,INX,1949-10,,,,,F,M,,,A,,,P1M,,4F0,,,,2025 = 100,,2,,HICP Inflation rate - Non-energy industrial goods - Index,"Euro area (Member States and Institutions of the Euro Area) changing composition - HICP - Non-energy industrial goods, Index, European Central Bank (ECB), Working day and seasonally adjusted",IX,0,
HICP.M.U2.Y.IGXE00.4F0.INX,M,U2,Y,IGXE00,4F0,INX,1949-11,,,,,F,M,,,A,,,P1M,,4F0,,,,2025 = 100,,2,,HICP Inflation rate - Non-energy industrial goods - Index,"Euro area (Member States and Institutions of the Euro Area) changing composition - HICP - Non-energy industrial goods, Index, European Central Bank (ECB), Working day and seasonally adjusted",IX,0,
HICP.M.U2.Y.IGXE00.4F0.INX,M,U2,Y,IGXE00,4F0,INX,1949-12,,,,,F,M,,,A,,,P1M,,4F0,,,,2025 = 100,,2,,HICP Inflation rate - Non-energy industrial goods - Index,"Euro area (Member States and Institutions of the Euro Area) changing composition - HICP - Non-energy industrial goods, Index, European Central Bank (ECB), Working day and seasonally adjusted",IX,0,
HICP.M.U2.Y.IGXE00.4F0.INX,M,U2,Y,IGXE00,4F0,INX,1950-01,,,,,F,M,,,A,,,P1M,,4F0,,,,2025 = 100,,2,,HICP Inflation rate - Non-energy industrial goods - Index,"Euro area (Member States and Institutions of the Euro Area) changing composition - HICP - Non-energy industrial goods, Index, European Central Bank (ECB), Working day and seasonally adjusted",IX,0,
HICP.M.U2.Y.IGXE00.4F0.INX,M,U2,Y,IGXE00,4F0,INX,1950-02,,,,,F,M,,,A,,,P1M,,4F0,,,,2025 = 100,,2,,HICP Inflation rate - Non-energy industrial goods - Index,"Euro area (Member States and Institutions of the Euro Area) changing composition - HICP - Non-energy industrial goods, Index, European Central Bank (ECB), Working day and seasonally adjusted",IX,0,
HICP.M.U2.Y.IGXE00.4F0.INX,M,U2,Y,IGXE00,4F0,INX,1950-03,,,,,F,M,,,A,,,P1M,,4F0,,,,2025 = 100,,2,,HICP Inflation rate - Non-energy industrial goods - Index,"Euro area (Member States and Institutions of the Euro Area) changing composition - HICP - Non-energy industrial goods, Index, European Central Bank (ECB), Working day and seasonally adjusted",IX,0,
HICP.M.U2.Y.IGXE00.4F0.INX,M,U2,Y,IGXE00,4F0,INX,1950-04,,,,,F,M,,,A,,,P1M,,4F0,,,,2025 = 100,,2,,HICP Inflation rate - Non-energy industrial goods - Index,"Euro area (Member States and Institutions of the Euro Area) changing composition - HICP - Non-energy industrial goods, Index, European Central Bank (ECB), Working day and seasonally adjusted",IX,0,
HICP.M.U2.Y.IGXE00.4F0.INX,M,U2,Y,IGXE00,4F0,INX,1950-05,,,,,F,M,,,A,,,P1M,,4F0,,,,2025 = 100,,2,,HICP Inflation rate - Non-energy industrial goods - Index,"Euro area (Member States and Institutions of the Euro Area) changing composition - HICP - Non-energy industrial goods, Index, European Central Bank (ECB), Working day and seasonally adjusted",IX,0,
HICP.M.U2.Y.IGXE00.4F0.INX,M,U2,Y,IGXE00,4F0,INX,1950-06,,,,,F,M,,,A,,,P1M,,4F0,,,,2025 = 100,,2,,HICP Inflation rate - Non-energy industrial goods - Index,"Euro area (Member States and Institutions of the Euro Area) changing composition - HICP - Non-energy industrial goods, Index, European Central Bank (ECB), Working day and seasonally adjusted",IX,0,
HICP.M.U2.Y.IGXE00.4F0.INX,M,U2,Y,IGXE00,4F0,INX,1950-07,,,,,F,M,,,A,,,P1M,,4F0,,,,2025 = 100,,2,,HICP Inflation rate - Non-energy industrial goods - Index,"Euro area (Member States and Institutions of the Euro Area) changing composition - HICP - Non-energy industrial goods, Index, European Central Bank (ECB), Working day and seasonally adjusted",IX,0,
HICP.M.U2.Y.IGXE00.4F0.INX,M,U2,Y,IGXE00,4F0,INX,1950-08,,,,,F,M,,,A,,,P1M,,4F0,,,,2025 = 100,,2,,HICP Inflation rate - Non-energy industrial goods - Index,"Euro area (Member States and Institutions of the Euro Area) changing composition - HICP - Non-energy industrial goods, Index, European Central Bank (ECB), Working day and seasonally adjusted",IX,0,
HICP.M.U2.Y.IGXE00.4F0.INX,M,U2,Y,IGXE00,4F0,INX,1950-09,,,,,F,M,,,A,,,P1M,,4F0,,,,2025 = 100,,2,,HICP Inflation rate - Non-energy industrial goods - Index,"Euro area (Member States and Institutions of the Euro Area) changing composition - HICP - Non-energy industrial goods, Index, European Central Bank (ECB), Working day and seasonally adjusted",IX,0,
HICP.M.U2.Y.IGXE00.4F0.INX,M,U2,Y,IGXE00,4F0,INX,1950-10,,,,,F,M,,,A,,,P1M,,4F0,,,,2025 = 100,,2,,HICP Inflation rate - Non-energy industrial goods - Index,"Euro area (Member States and Institutions of the Euro Area) changing composition - HICP - Non-energy industrial goods, Index, European Central Bank (ECB), Working day and seasonally adjusted",IX,0,
HICP.M.U2.Y.IGXE00.4F0.INX,M,U2,Y,IGXE00,4F0,INX,1950-11,,,,,F,M,,,A,,,P1M,,4F0,,,,2025 = 100,,2,,HICP Inflation rate - Non-energy industrial goods - Index,"Euro area (Member States and Institutions of the Euro Area) changing composition - HICP - Non-energy industrial goods, Index, European Central Bank (ECB), Working day and seasonally adjusted",IX,0,
HICP.M.U2.Y.IGXE00.4F0.INX,M,U2,Y,IGXE00,4F0,INX,1950-12,,,,,F,M,,,A,,,P1M,,4F0,,,,2025 = 100,,2,,HICP Inflation rate - Non-energy industrial goods - Index,"Euro area (Member States and Institutions of the Euro Area) changing composition - HICP - Non-energy industrial goods, Index, European Central Bank (ECB), Working day and seasonally adjusted",IX,0,
HICP.M.U2.Y.IGXE00.4F0.INX,M,U2,Y,IGXE00,4F0,INX,1951-01,,,,,F,M,,,A,,,P1M,,4F0,,,,2025 = 100,,2,,HICP Inflation rate - Non-energy industrial goods - Index,"Euro area (Member States and Institutions of the Euro Area) changing composition - HICP - Non-energy industrial goods, Index, European Central Bank (ECB), Working day and seasonally adjusted",IX,0,
HICP.M.U2.Y.IGXE00.4F0.INX,M,U2,Y,IGXE00,4F0,INX,1951-02,,,,,F,M,,,A,,,P1M,,4F0,,,,2025 = 100,,2,,HICP Inflation rate - Non-energy industrial goods - Index,"Euro area (Member States and Institutions of the Euro Area) changing composition - HICP - Non-energy industrial goods, Index, European Central Bank (ECB), Working day and seasonally adjusted",IX,0,
HICP.M.U2.Y.IGXE00.4F0.INX,M,U2,Y,IGXE00,4F0,INX,1951-03,,,,,F,M,,,A,,,P1M,,4F0,,,,2025 = 100,,2,,HICP Inflation rate - Non-energy industrial goods - Index,"Euro area (Member States and Institutions of the Euro Area) changing composition - HICP - Non-energy industrial goods, Index, European Central Bank (ECB), Working day and seasonally adjusted",IX,0,
HICP.M.U2.Y.IGXE00.4F0.INX,M,U2,Y,IGXE00,4F0,INX,1951-04,,,,,F,M,,,A,,,P1M,,4F0,,,,2025 = 100,,2,,HICP Inflation rate - Non-energy industrial goods - Index,"Euro area (Member States and Institutions of the Euro Area) changing composition - HICP - Non-energy industrial goods, Index, European Central Bank (ECB), Working day and seasonally adjusted",IX,0,
HICP.M.U2.Y.IGXE00.4F0.INX,M,U2,Y,IGXE00,4F0,INX,1951-05,,,,,F,M,,,A,,,P1M,,4F0,,,,2025 = 100,,2,,HICP Inflation rate - Non-energy industrial goods - Index,"Euro area (Member States and Institutions of the Euro Area) changing composition - HICP - Non-energy industrial goods, Index, European Central Bank (ECB), Working day and seasonally adjusted",IX,0,
HICP.M.U2.Y.IGXE00.4F0.INX,M,U2,Y,IGXE00,4F0,INX,1951-06,,,,,F,M,,,A,,,P1M,,4F0,,,,2025 = 100,,2,,HICP Inflation rate - Non-energy industrial goods - Index,"Euro area (Member States and Institutions of the Euro Area) changing composition - HICP - Non-energy industrial goods, Index, European Central Bank (ECB), Working day and seasonally adjusted",IX,0,
HICP.M.U2.Y.IGXE00.4F0.INX,M,U2,Y,IGXE00,4F0,INX,1951-07,,,,,F,M,,,A,,,P1M,,4F0,,,,2025 = 100,,2,,HICP Inflation rate - Non-energy industrial goods - Index,"Euro area (Member States and Institutions of the Euro Area) changing composition - HICP - Non-energy industrial goods, Index, European Central Bank (ECB), Working day and seasonally adjusted",IX,0,
HICP.M.U2.Y.IGXE00.4F0.INX,M,U2,Y,IGXE00,4F0,INX,1951-08,,,,,F,M,,,A,,,P1M,,4F0,,,,2025 = 100,,2,,HICP Inflation rate - Non-energy industrial goods - Index,"Euro area (Member States and Institutions of the Euro Area) changing composition - HICP - Non-energy industrial goods, Index, European Central Bank (ECB), Working day and seasonally adjusted",IX,0,
HICP.M.U2.Y.IGXE00.4F0.INX,M,U2,Y,IGXE00,4F0,INX,1951-09,,,,,F,M,,,A,,,P1M,,4F0,,,,2025 = 100,,2,,HICP Inflation rate - Non-energy industrial goods - Index,"Euro area (Member States and Institutions of the Euro Area) changing composition - HICP - Non-energy industrial goods, Index, European Central Bank (ECB), Working day and seasonally adjusted",IX,0,
HICP.M.U2.Y.IGXE00.4F0.INX,M,U2,Y,IGXE00,4F0,INX,1951-10,,,,,F,M,,,A,,,P1M,,4F0,,,,2025 = 100,,2,,HICP Inflation rate - Non-energy industrial goods - Index,"Euro area (Member States and Institutions of the Euro Area) changing composition - HICP - Non-energy industrial goods, Index, European Central Bank (ECB), Working day and seasonally adjusted",IX,0,
HICP.M.U2.Y.IGXE00.4F0.INX,M,U2,Y,IGXE00,4F0,INX,1951-11,,,,,F,M,,,A,,,P1M,,4F0,,,,2025 = 100,,2,,HICP Inflation rate - Non-energy industrial goods - Index,"Euro area (Member States and Institutions of the Euro Area) changing composition - HICP - Non-energy industrial goods, Index, European Central Bank (ECB), Working day and seasonally adjusted",IX,0,
HICP.M.U2.Y.IGXE00.4F0.INX,M,U2,Y,IGXE00,4F0,INX,1951-12,,,,,F,M,,,A,,,P1M,,4F0,,,,2025 = 100,,2,,HICP Inflation rate - Non-energy industrial goods - Index,"Euro area (Member States and Institutions of the Euro Area) changing composition - HICP - Non-energy industrial goods, Index, European Central Bank (ECB), Working day and seasonally adjusted",IX,0,
HICP.M.U2.Y.IGXE00.4F0.INX,M,U2,Y,IGXE00,4F0,INX,1952-01,,,,,F,M,,,A,,,P1M,,4F0,,,,2025 = 100,,2,,HICP Inflation rate - Non-energy industrial goods - Index,"Euro area (Member States and Institutions of the Euro Area) changing composition - HICP - Non-energy industrial goods, Index, European Central Bank (ECB), Working day and seasonally adjusted",IX,0,
HICP.M.U2.Y.IGXE00.4F0.INX,M,U2,Y,IGXE00,4F0,INX,1952-02,,,,,F,M,,,A,,,P1M,,4F0,,,,2025 = 100,,2,,HICP Inflation rate - Non-energy industrial goods - Index,"Euro area (Member States and Institutions of the Euro Area) changing composition - HICP - Non-energy industrial goods, Index, European Central Bank (ECB), Working day and seasonally adjusted",IX,0,
HICP.M.U2.Y.IGXE00.4F0.INX,M,U2,Y,IGXE00,4F0,INX,1952-03,,,,,F,M,,,A,,,P1M,,4F0,,,,2025 = 100,,2,,HICP Inflation rate - Non-energy industrial goods - Index,"Euro area (Member States and Institutions of the Euro Area) changing composition - HICP - Non-energy industrial goods, Index, European Central Bank (ECB), Working day and seasonally adjusted",IX,0,
HICP.M.U2.Y.IGXE00.4F0.INX,M,U2,Y,IGXE00,4F0,INX,1952-04,,,,,F,M,,,A,,,P1M,,4F0,,,,2025 = 100,,2,,HICP Inflation rate - Non-energy industrial goods - Index,"Euro area (Member States and Institutions of the Euro Area) changing composition - HICP - Non-energy industrial goods, Index, European Central Bank (ECB), Working day and seasonally adjusted",IX,0,
HICP.M.U2.Y.IGXE00.4F0.INX,M,U2,Y,IGXE00,4F0,INX,1952-05,,,,,F,M,,,A,,,P1M,,4F0,,,,2025 = 100,,2,,HICP Inflation rate - Non-energy industrial goods - Index,"Euro area (Member States and Institutions of the Euro Area) changing composition - HICP - Non-energy industrial goods, Index, European Central Bank (ECB), Working day and seasonally adjusted",IX,0,
HICP.M.U2.Y.IGXE00.4F0.INX,M,U2,Y,IGXE00,4F0,INX,1952-06,,,,,F,M,,,A,,,P1M,,4F0,,,,2025 = 100,,2,,HICP Inflation rate - Non-energy industrial goods - Index,"Euro area (Member States and Institutions of the Euro Area) changing composition - HICP - Non-energy industrial goods, Index, European Central Bank (ECB), Working day and seasonally adjusted",IX,0,
HICP.M.U2.Y.IGXE00.4F0.INX,M,U2,Y,IGXE00,4F0,INX,1952-07,,,,,F,M,,,A,,,P1M,,4F0,,,,2025 = 100,,2,,HICP Inflation rate - Non-energy industrial goods - Index,"Euro area (Member States and Institutions of the Euro Area) changing composition - HICP - Non-energy industrial goods, Index, European Central Bank (ECB), Working day and seasonally adjusted",IX,0,
HICP.M.U2.Y.IGXE00.4F0.INX,M,U2,Y,IGXE00,4F0,INX,1952-08,,,,,F,M,,,A,,,P1M,,4F0,,,,2025 = 100,,2,,HICP Inflation rate - Non-energy industrial goods - Index,"Euro area (Member States and Institutions of the Euro Area) changing composition - HICP - Non-energy industrial goods, Index, European Central Bank (ECB), Working day and seasonally adjusted",IX,0,
HICP.M.U2.Y.IGXE00.4F0.INX,M,U2,Y,IGXE00,4F0,INX,1952-09,,,,,F,M,,,A,,,P1M,,4F0,,,,2025 = 100,,2,,HICP Inflation rate - Non-energy industrial goods - Index,"Euro area (Member States and Institutions of the Euro Area) changing composition - HICP - Non-energy industrial goods, Index, European Central Bank (ECB), Working day and seasonally adjusted",IX,0,
HICP.M.U2.Y.IGXE00.4F0.INX,M,U2,Y,IGXE00,4F0,INX,1952-10,,,,,F,M,,,A,,,P1M,,4F0,,,,2025 = 100,,2,,HICP Inflation rate - Non-energy industrial goods - Index,"Euro area (Member States and Institutions of the Euro Area) changing composition - HICP - Non-energy industrial goods, Index, European Central Bank (ECB), Working day and seasonally adjusted",IX,0,
HICP.M.U2.Y.IGXE00.4F0.INX,M,U2,Y,IGXE00,4F0,INX,1952-11,,,,,F,M,,,A,,,P1M,,4F0,,,,2025 = 100,,2,,HICP Inflation rate - Non-energy industrial goods - Index,"Euro area (Member States and Institutions of the Euro Area) changing composition - HICP - Non-energy industrial goods, Index, European Central Bank (ECB), Working day and seasonally adjusted",IX,0,
HICP.M.U2.Y.IGXE00.4F0.INX,M,U2,Y,IGXE00,4F0,INX,1952-12,,,,,F,M,,,A,,,P1M,,4F0,,,,2025 = 100,,2,,HICP Inflation rate - Non-energy industrial goods - Index,"Euro area (Member States and Institutions of the Euro Area) changing composition - HICP - Non-energy industrial goods, Index, European Central Bank (ECB), Working day and seasonally adjusted",IX,0,
HICP.M.U2.Y.IGXE00.4F0.INX,M,U2,Y,IGXE00,4F0,INX,1953-01,,,,,F,M,,,A,,,P1M,,4F0,,,,2025 = 100,,2,,HICP Inflation rate - Non-energy industrial goods - Index,"Euro area (Member States and Institutions of the Euro Area) changing composition - HICP - Non-energy industrial goods, Index, European Central Bank (ECB), Working day and seasonally adjusted",IX,0,
HICP.M.U2.Y.IGXE00.4F0.INX,M,U2,Y,IGXE00,4F0,INX,1953-02,,,,,F,M,,,A,,,P1M,,4F0,,,,2025 = 100,,2,,HICP Inflation rate - Non-energy industrial goods - Index,"Euro area (Member States and Institutions of the Euro Area) changing composition - HICP - Non-energy industrial goods, Index, European Central Bank (ECB), Working day and seasonally adjusted",IX,0,
HICP.M.U2.Y.IGXE00.4F0.INX,M,U2,Y,IGXE00,4F0,INX,1953-03,,,,,F,M,,,A,,,P1M,,4F0,,,,2025 = 100,,2,,HICP Inflation rate - Non-energy industrial goods - Index,"Euro area (Member States and Institutions of the Euro Area) changing composition - HICP - Non-energy industrial goods, Index, European Central Bank (ECB), Working day and seasonally adjusted",IX,0,
HICP.M.U2.Y.IGXE00.4F0.INX,M,U2,Y,IGXE00,4F0,INX,1953-04,,,,,F,M,,,A,,,P1M,,4F0,,,,2025 = 100,,2,,HICP Inflation rate - Non-energy industrial goods - Index,"Euro area (Member States and Institutions of the Euro Area) changing composition - HICP - Non-energy industrial goods, Index, European Central Bank (ECB), Working day and seasonally adjusted",IX,0,
HICP.M.U2.Y.IGXE00.4F0.INX,M,U2,Y,IGXE00,4F0,INX,1953-05,,,,,F,M,,,A,,,P1M,,4F0,,,,2025 = 100,,2,,HICP Inflation rate - Non-energy industrial goods - Index,"Euro area (Member States and Institutions of the Euro Area) changing composition - HICP - Non-energy industrial goods, Index, European Central Bank (ECB), Working day and seasonally adjusted",IX,0,
HICP.M.U2.Y.IGXE00.4F0.INX,M,U2,Y,IGXE00,4F0,INX,1953-06,,,,,F,M,,,A,,,P1M,,4F0,,,,2025 = 100,,2,,HICP Inflation rate - Non-energy industrial goods - Index,"Euro area (Member States and Institutions of the Euro Area) changing composition - HICP - Non-energy industrial goods, Index, European Central Bank (ECB), Working day and seasonally adjusted",IX,0,
HICP.M.U2.Y.IGXE00.4F0.INX,M,U2,Y,IGXE00,4F0,INX,1953-07,,,,,F,M,,,A,,,P1M,,4F0,,,,2025 = 100,,2,,HICP Inflation rate - Non-energy industrial goods - Index,"Euro area (Member States and Institutions of the Euro Area) changing composition - HICP - Non-energy industrial goods, Index, European Central Bank (ECB), Working day and seasonally adjusted",IX,0,
HICP.M.U2.Y.IGXE00.4F0.INX,M,U2,Y,IGXE00,4F0,INX,1953-08,,,,,F,M,,,A,,,P1M,,4F0,,,,2025 = 100,,2,,HICP Inflation rate - Non-energy industrial goods - Index,"Euro area (Member States and Institutions of the Euro Area) changing composition - HICP - Non-energy industrial goods, Index, European Central Bank (ECB), Working day and seasonally adjusted",IX,0,
HICP.M.U2.Y.IGXE00.4F0.INX,M,U2,Y,IGXE00,4F0,INX,1953-09,,,,,F,M,,,A,,,P1M,,4F0,,,,2025 = 100,,2,,HICP Inflation rate - Non-energy industrial goods - Index,"Euro area (Member States and Institutions of the Euro Area) changing composition - HICP - Non-energy industrial goods, Index, European Central Bank (ECB), Working day and seasonally adjusted",IX,0,
HICP.M.U2.Y.IGXE00.4F0.INX,M,U2,Y,IGXE00,4F0,INX,1953-10,,,,,F,M,,,A,,,P1M,,4F0,,,,2025 = 100,,2,,HICP Inflation rate - Non-energy industrial goods - Index,"Euro area (Member States and Institutions of the Euro Area) changing composition - HICP - Non-energy industrial goods, Index, European Central Bank (ECB), Working day and seasonally adjusted",IX,0,
HICP.M.U2.Y.IGXE00.4F0.INX,M,U2,Y,IGXE00,4F0,INX,1953-11,,,,,F,M,,,A,,,P1M,,4F0,,,,2025 = 100,,2,,HICP Inflation rate - Non-energy industrial goods - Index,"Euro area (Member States and Institutions of the Euro Area) changing composition - HICP - Non-energy industrial goods, Index, European Central Bank (ECB), Working day and seasonally adjusted",IX,0,
HICP.M.U2.Y.IGXE00.4F0.INX,M,U2,Y,IGXE00,4F0,INX,1953-12,,,,,F,M,,,A,,,P1M,,4F0,,,,2025 = 100,,2,,HICP Inflation rate - Non-energy industrial goods - Index,"Euro area (Member States and Institutions of the Euro Area) changing composition - HICP - Non-energy industrial goods, Index, European Central Bank (ECB), Working day and seasonally adjusted",IX,0,
HICP.M.U2.Y.IGXE00.4F0.INX,M,U2,Y,IGXE00,4F0,INX,1954-01,,,,,F,M,,,A,,,P1M,,4F0,,,,2025 = 100,,2,,HICP Inflation rate - Non-energy industrial goods - Index,"Euro area (Member States and Institutions of the Euro Area) changing composition - HICP - Non-energy industrial goods, Index, European Central Bank (ECB), Working day and seasonally adjusted",IX,0,
HICP.M.U2.Y.IGXE00.4F0.INX,M,U2,Y,IGXE00,4F0,INX,1954-02,,,,,F,M,,,A,,,P1M,,4F0,,,,2025 = 100,,2,,HICP Inflation rate - Non-energy industrial goods - Index,"Euro area (Member States and Institutions of the Euro Area) changing composition - HICP - Non-energy industrial goods, Index, European Central Bank (ECB), Working day and seasonally adjusted",IX,0,
HICP.M.U2.Y.IGXE00.4F0.INX,M,U2,Y,IGXE00,4F0,INX,1954-03,,,,,F,M,,,A,,,P1M,,4F0,,,,2025 = 100,,2,,HICP Inflation rate - Non-energy industrial goods - Index,"Euro area (Member States and Institutions of the Euro Area) changing composition - HICP - Non-energy industrial goods, Index, European Central Bank (ECB), Working day and seasonally adjusted",IX,0,
HICP.M.U2.Y.IGXE00.4F0.INX,M,U2,Y,IGXE00,4F0,INX,1954-04,,,,,F,M,,,A,,,P1M,,4F0,,,,2025 = 100,,2,,HICP Inflation rate - Non-energy industrial goods - Index,"Euro area (Member States and Institutions of the Euro Area) changing composition - HICP - Non-energy industrial goods, Index, European Central Bank (ECB), Working day and seasonally adjusted",IX,0,
HICP.M.U2.Y.IGXE00.4F0.INX,M,U2,Y,IGXE00,4F0,INX,1954-05,,,,,F,M,,,A,,,P1M,,4F0,,,,2025 = 100,,2,,HICP Inflation rate - Non-energy industrial goods - Index,"Euro area (Member States and Institutions of the Euro Area) changing composition - HICP - Non-energy industrial goods, Index, European Central Bank (ECB), Working day and seasonally adjusted",IX,0,
HICP.M.U2.Y.IGXE00.4F0.INX,M,U2,Y,IGXE00,4F0,INX,1954-06,,,,,F,M,,,A,,,P1M,,4F0,,,,2025 = 100,,2,,HICP Inflation rate - Non-energy industrial goods - Index,"Euro area (Member States and Institutions of the Euro Area) changing composition - HICP - Non-energy industrial goods, Index, European Central Bank (ECB), Working day and seasonally adjusted",IX,0,
HICP.M.U2.Y.IGXE00.4F0.INX,M,U2,Y,IGXE00,4F0,INX,1954-07,,,,,F,M,,,A,,,P1M,,4F0,,,,2025 = 100,,2,,HICP Inflation rate - Non-energy industrial goods - Index,"Euro area (Member States and Institutions of the Euro Area) changing composition - HICP - Non-energy industrial goods, Index, European Central Bank (ECB), Working day and seasonally adjusted",IX,0,
HICP.M.U2.Y.IGXE00.4F0.INX,M,U2,Y,IGXE00,4F0,INX,1954-08,,,,,F,M,,,A,,,P1M,,4F0,,,,2025 = 100,,2,,HICP Inflation rate - Non-energy industrial goods - Index,"Euro area (Member States and Institutions of the Euro Area) changing composition - HICP - Non-energy industrial goods, Index, European Central Bank (ECB), Working day and seasonally adjusted",IX,0,
HICP.M.U2.Y.IGXE00.4F0.INX,M,U2,Y,IGXE00,4F0,INX,1954-09,,,,,F,M,,,A,,,P1M,,4F0,,,,2025 = 100,,2,,HICP Inflation rate - Non-energy industrial goods - Index,"Euro area (Member States and Institutions of the Euro Area) changing composition - HICP - Non-energy industrial goods, Index, European Central Bank (ECB), Working day and seasonally adjusted",IX,0,
HICP.M.U2.Y.IGXE00.4F0.INX,M,U2,Y,IGXE00,4F0,INX,1954-10,,,,,F,M,,,A,,,P1M,,4F0,,,,2025 = 100,,2,,HICP Inflation rate - Non-energy industrial goods - Index,"Euro area (Member States and Institutions of the Euro Area) changing composition - HICP - Non-energy industrial goods, Index, European Central Bank (ECB), Working day and seasonally adjusted",IX,0,
HICP.M.U2.Y.IGXE00.4F0.INX,M,U2,Y,IGXE00,4F0,INX,1954-11,,,,,F,M,,,A,,,P1M,,4F0,,,,2025 = 100,,2,,HICP Inflation rate - Non-energy industrial goods - Index,"Euro area (Member States and Institutions of the Euro Area) changing composition - HICP - Non-energy industrial goods, Index, European Central Bank (ECB), Working day and seasonally adjusted",IX,0,
HICP.M.U2.Y.IGXE00.4F0.INX,M,U2,Y,IGXE00,4F0,INX,1954-12,,,,,F,M,,,A,,,P1M,,4F0,,,,2025 = 100,,2,,HICP Inflation rate - Non-energy industrial goods - Index,"Euro area (Member States and Institutions of the Euro Area) changing composition - HICP - Non-energy industrial goods, Index, European Central Bank (ECB), Working day and seasonally adjusted",IX,0,
HICP.M.U2.Y.IGXE00.4F0.INX,M,U2,Y,IGXE00,4F0,INX,1955-01,,,,,F,M,,,A,,,P1M,,4F0,,,,2025 = 100,,2,,HICP Inflation rate - Non-energy industrial goods - Index,"Euro area (Member States and Institutions of the Euro Area) changing composition - HICP - Non-energy industrial goods, Index, European Central Bank (ECB), Working day and seasonally adjusted",IX,0,
HICP.M.U2.Y.IGXE00.4F0.INX,M,U2,Y,IGXE00,4F0,INX,1955-02,,,,,F,M,,,A,,,P1M,,4F0,,,,2025 = 100,,2,,HICP Inflation rate - Non-energy industrial goods - Index,"Euro area (Member States and Institutions of the Euro Area) changing composition - HICP - Non-energy industrial goods, Index, European Central Bank (ECB), Working day and seasonally adjusted",IX,0,
HICP.M.U2.Y.IGXE00.4F0.INX,M,U2,Y,IGXE00,4F0,INX,1955-03,,,,,F,M,,,A,,,P1M,,4F0,,,,2025 = 100,,2,,HICP Inflation rate - Non-energy industrial goods - Index,"Euro area (Member States and Institutions of the Euro Area) changing composition - HICP - Non-energy industrial goods, Index, European Central Bank (ECB), Working day and seasonally adjusted",IX,0,
HICP.M.U2.Y.IGXE00.4F0.INX,M,U2,Y,IGXE00,4F0,INX,1955-04,,,,,F,M,,,A,,,P1M,,4F0,,,,2025 = 100,,2,,HICP Inflation rate - Non-energy industrial goods - Index,"Euro area (Member States and Institutions of the Euro Area) changing composition - HICP - Non-energy industrial goods, Index, European Central Bank (ECB), Working day and seasonally adjusted",IX,0,
HICP.M.U2.Y.IGXE00.4F0.INX,M,U2,Y,IGXE00,4F0,INX,1955-05,,,,,F,M,,,A,,,P1M,,4F0,,,,2025 = 100,,2,,HICP Inflation rate - Non-energy industrial goods - Index,"Euro area (Member States and Institutions of the Euro Area) changing composition - HICP - Non-energy industrial goods, Index, European Central Bank (ECB), Working day and seasonally adjusted",IX,0,
HICP.M.U2.Y.IGXE00.4F0.INX,M,U2,Y,IGXE00,4F0,INX,1955-06,,,,,F,M,,,A,,,P1M,,4F0,,,,2025 = 100,,2,,HICP Inflation rate - Non-energy industrial goods - Index,"Euro area (Member States and Institutions of the Euro Area) changing composition - HICP - Non-energy industrial goods, Index, European Central Bank (ECB), Working day and seasonally adjusted",IX,0,
HICP.M.U2.Y.IGXE00.4F0.INX,M,U2,Y,IGXE00,4F0,INX,1955-07,,,,,F,M,,,A,,,P1M,,4F0,,,,2025 = 100,,2,,HICP Inflation rate - Non-energy industrial goods - Index,"Euro area (Member States and Institutions of the Euro Area) changing composition - HICP - Non-energy industrial goods, Index, European Central Bank (ECB), Working day and seasonally adjusted",IX,0,
HICP.M.U2.Y.IGXE00.4F0.INX,M,U2,Y,IGXE00,4F0,INX,1955-08,,,,,F,M,,,A,,,P1M,,4F0,,,,2025 = 100,,2,,HICP Inflation rate - Non-energy industrial goods - Index,"Euro area (Member States and Institutions of the Euro Area) changing composition - HICP - Non-energy industrial goods, Index, European Central Bank (ECB), Working day and seasonally adjusted",IX,0,
HICP.M.U2.Y.IGXE00.4F0.INX,M,U2,Y,IGXE00,4F0,INX,1955-09,,,,,F,M,,,A,,,P1M,,4F0,,,,2025 = 100,,2,,HICP Inflation rate - Non-energy industrial goods - Index,"Euro area (Member States and Institutions of the Euro Area) changing composition - HICP - Non-energy industrial goods, Index, European Central Bank (ECB), Working day and seasonally adjusted",IX,0,
HICP.M.U2.Y.IGXE00.4F0.INX,M,U2,Y,IGXE00,4F0,INX,1955-10,,,,,F,M,,,A,,,P1M,,4F0,,,,2025 = 100,,2,,HICP Inflation rate - Non-energy industrial goods - Index,"Euro area (Member States and Institutions of the Euro Area) changing composition - HICP - Non-energy industrial goods, Index, European Central Bank (ECB), Working day and seasonally adjusted",IX,0,
HICP.M.U2.Y.IGXE00.4F0.INX,M,U2,Y,IGXE00,4F0,INX,1955-11,,,,,F,M,,,A,,,P1M,,4F0,,,,2025 = 100,,2,,HICP Inflation rate - Non-energy industrial goods - Index,"Euro area (Member States and Institutions of the Euro Area) changing composition - HICP - Non-energy industrial goods, Index, European Central Bank (ECB), Working day and seasonally adjusted",IX,0,
HICP.M.U2.Y.IGXE00.4F0.INX,M,U2,Y,IGXE00,4F0,INX,1955-12,,,,,F,M,,,A,,,P1M,,4F0,,,,2025 = 100,,2,,HICP Inflation rate - Non-energy industrial goods - Index,"Euro area (Member States and Institutions of the Euro Area) changing composition - HICP - Non-energy industrial goods, Index, European Central Bank (ECB), Working day and seasonally adjusted",IX,0,
HICP.M.U2.Y.IGXE00.4F0.INX,M,U2,Y,IGXE00,4F0,INX,1956-01,,,,,F,M,,,A,,,P1M,,4F0,,,,2025 = 100,,2,,HICP Inflation rate - Non-energy industrial goods - Index,"Euro area (Member States and Institutions of the Euro Area) changing composition - HICP - Non-energy industrial goods, Index, European Central Bank (ECB), Working day and seasonally adjusted",IX,0,
HICP.M.U2.Y.IGXE00.4F0.INX,M,U2,Y,IGXE00,4F0,INX,1956-02,,,,,F,M,,,A,,,P1M,,4F0,,,,2025 = 100,,2,,HICP Inflation rate - Non-energy industrial goods - Index,"Euro area (Member States and Institutions of the Euro Area) changing composition - HICP - Non-energy industrial goods, Index, European Central Bank (ECB), Working day and seasonally adjusted",IX,0,
HICP.M.U2.Y.IGXE00.4F0.INX,M,U2,Y,IGXE00,4F0,INX,1956-03,,,,,F,M,,,A,,,P1M,,4F0,,,,2025 = 100,,2,,HICP Inflation rate - Non-energy industrial goods - Index,"Euro area (Member States and Institutions of the Euro Area) changing composition - HICP - Non-energy industrial goods, Index, European Central Bank (ECB), Working day and seasonally adjusted",IX,0,
HICP.M.U2.Y.IGXE00.4F0.INX,M,U2,Y,IGXE00,4F0,INX,1956-04,,,,,F,M,,,A,,,P1M,,4F0,,,,2025 = 100,,2,,HICP Inflation rate - Non-energy industrial goods - Index,"Euro area (Member States and Institutions of the Euro Area) changing composition - HICP - Non-energy industrial goods, Index, European Central Bank (ECB), Working day and seasonally adjusted",IX,0,
HICP.M.U2.Y.IGXE00.4F0.INX,M,U2,Y,IGXE00,4F0,INX,1956-05,,,,,F,M,,,A,,,P1M,,4F0,,,,2025 = 100,,2,,HICP Inflation rate - Non-energy industrial goods - Index,"Euro area (Member States and Institutions of the Euro Area) changing composition - HICP - Non-energy industrial goods, Index, European Central Bank (ECB), Working day and seasonally adjusted",IX,0,
HICP.M.U2.Y.IGXE00.4F0.INX,M,U2,Y,IGXE00,4F0,INX,1956-06,,,,,F,M,,,A,,,P1M,,4F0,,,,2025 = 100,,2,,HICP Inflation rate - Non-energy industrial goods - Index,"Euro area (Member States and Institutions of the Euro Area) changing composition - HICP - Non-energy industrial goods, Index, European Central Bank (ECB), Working day and seasonally adjusted",IX,0,
HICP.M.U2.Y.IGXE00.4F0.INX,M,U2,Y,IGXE00,4F0,INX,1956-07,,,,,F,M,,,A,,,P1M,,4F0,,,,2025 = 100,,2,,HICP Inflation rate - Non-energy industrial goods - Index,"Euro area (Member States and Institutions of the Euro Area) changing composition - HICP - Non-energy industrial goods, Index, European Central Bank (ECB), Working day and seasonally adjusted",IX,0,
HICP.M.U2.Y.IGXE00.4F0.INX,M,U2,Y,IGXE00,4F0,INX,1956-08,,,,,F,M,,,A,,,P1M,,4F0,,,,2025 = 100,,2,,HICP Inflation rate - Non-energy industrial goods - Index,"Euro area (Member States and Institutions of the Euro Area) changing composition - HICP - Non-energy industrial goods, Index, European Central Bank (ECB), Working day and seasonally adjusted",IX,0,
HICP.M.U2.Y.IGXE00.4F0.INX,M,U2,Y,IGXE00,4F0,INX,1956-09,,,,,F,M,,,A,,,P1M,,4F0,,,,2025 = 100,,2,,HICP Inflation rate - Non-energy industrial goods - Index,"Euro area (Member States and Institutions of the Euro Area) changing composition - HICP - Non-energy industrial goods, Index, European Central Bank (ECB), Working day and seasonally adjusted",IX,0,
HICP.M.U2.Y.IGXE00.4F0.INX,M,U2,Y,IGXE00,4F0,INX,1956-10,,,,,F,M,,,A,,,P1M,,4F0,,,,2025 = 100,,2,,HICP Inflation rate - Non-energy industrial goods - Index,"Euro area (Member States and Institutions of the Euro Area) changing composition - HICP - Non-energy industrial goods, Index, European Central Bank (ECB), Working day and seasonally adjusted",IX,0,
HICP.M.U2.Y.IGXE00.4F0.INX,M,U2,Y,IGXE00,4F0,INX,1956-11,,,,,F,M,,,A,,,P1M,,4F0,,,,2025 = 100,,2,,HICP Inflation rate - Non-energy industrial goods - Index,"Euro area (Member States and Institutions of the Euro Area) changing composition - HICP - Non-energy industrial goods, Index, European Central Bank (ECB), Working day and seasonally adjusted",IX,0,
HICP.M.U2.Y.IGXE00.4F0.INX,M,U2,Y,IGXE00,4F0,INX,1956-12,,,,,F,M,,,A,,,P1M,,4F0,,,,2025 = 100,,2,,HICP Inflation rate - Non-energy industrial goods - Index,"Euro area (Member States and Institutions of the Euro Area) changing composition - HICP - Non-energy industrial goods, Index, European Central Bank (ECB), Working day and seasonally adjusted",IX,0,
HICP.M.U2.Y.IGXE00.4F0.INX,M,U2,Y,IGXE00,4F0,INX,1957-01,,,,,F,M,,,A,,,P1M,,4F0,,,,2025 = 100,,2,,HICP Inflation rate - Non-energy industrial goods - Index,"Euro area (Member States and Institutions of the Euro Area) changing composition - HICP - Non-energy industrial goods, Index, European Central Bank (ECB), Working day and seasonally adjusted",IX,0,
HICP.M.U2.Y.IGXE00.4F0.INX,M,U2,Y,IGXE00,4F0,INX,1957-02,,,,,F,M,,,A,,,P1M,,4F0,,,,2025 = 100,,2,,HICP Inflation rate - Non-energy industrial goods - Index,"Euro area (Member States and Institutions of the Euro Area) changing composition - HICP - Non-energy industrial goods, Index, European Central Bank (ECB), Working day and seasonally adjusted",IX,0,
HICP.M.U2.Y.IGXE00.4F0.INX,M,U2,Y,IGXE00,4F0,INX,1957-03,,,,,F,M,,,A,,,P1M,,4F0,,,,2025 = 100,,2,,HICP Inflation rate - Non-energy industrial goods - Index,"Euro area (Member States and Institutions of the Euro Area) changing composition - HICP - Non-energy industrial goods, Index, European Central Bank (ECB), Working day and seasonally adjusted",IX,0,
HICP.M.U2.Y.IGXE00.4F0.INX,M,U2,Y,IGXE00,4F0,INX,1957-04,,,,,F,M,,,A,,,P1M,,4F0,,,,2025 = 100,,2,,HICP Inflation rate - Non-energy industrial goods - Index,"Euro area (Member States and Institutions of the Euro Area) changing composition - HICP - Non-energy industrial goods, Index, European Central Bank (ECB), Working day and seasonally adjusted",IX,0,
HICP.M.U2.Y.IGXE00.4F0.INX,M,U2,Y,IGXE00,4F0,INX,1957-05,,,,,F,M,,,A,,,P1M,,4F0,,,,2025 = 100,,2,,HICP Inflation rate - Non-energy industrial goods - Index,"Euro area (Member States and Institutions of the Euro Area) changing composition - HICP - Non-energy industrial goods, Index, European Central Bank (ECB), Working day and seasonally adjusted",IX,0,
HICP.M.U2.Y.IGXE00.4F0.INX,M,U2,Y,IGXE00,4F0,INX,1957-06,,,,,F,M,,,A,,,P1M,,4F0,,,,2025 = 100,,2,,HICP Inflation rate - Non-energy industrial goods - Index,"Euro area (Member States and Institutions of the Euro Area) changing composition - HICP - Non-energy industrial goods, Index, European Central Bank (ECB), Working day and seasonally adjusted",IX,0,
HICP.M.U2.Y.IGXE00.4F0.INX,M,U2,Y,IGXE00,4F0,INX,1957-07,,,,,F,M,,,A,,,P1M,,4F0,,,,2025 = 100,,2,,HICP Inflation rate - Non-energy industrial goods - Index,"Euro area (Member States and Institutions of the Euro Area) changing composition - HICP - Non-energy industrial goods, Index, European Central Bank (ECB), Working day and seasonally adjusted",IX,0,
HICP.M.U2.Y.IGXE00.4F0.INX,M,U2,Y,IGXE00,4F0,INX,1957-08,,,,,F,M,,,A,,,P1M,,4F0,,,,2025 = 100,,2,,HICP Inflation rate - Non-energy industrial goods - Index,"Euro area (Member States and Institutions of the Euro Area) changing composition - HICP - Non-energy industrial goods, Index, European Central Bank (ECB), Working day and seasonally adjusted",IX,0,
HICP.M.U2.Y.IGXE00.4F0.INX,M,U2,Y,IGXE00,4F0,INX,1957-09,,,,,F,M,,,A,,,P1M,,4F0,,,,2025 = 100,,2,,HICP Inflation rate - Non-energy industrial goods - Index,"Euro area (Member States and Institutions of the Euro Area) changing composition - HICP - Non-energy industrial goods, Index, European Central Bank (ECB), Working day and seasonally adjusted",IX,0,
HICP.M.U2.Y.IGXE00.4F0.INX,M,U2,Y,IGXE00,4F0,INX,1957-10,,,,,F,M,,,A,,,P1M,,4F0,,,,2025 = 100,,2,,HICP Inflation rate - Non-energy industrial goods - Index,"Euro area (Member States and Institutions of the Euro Area) changing composition - HICP - Non-energy industrial goods, Index, European Central Bank (ECB), Working day and seasonally adjusted",IX,0,
HICP.M.U2.Y.IGXE00.4F0.INX,M,U2,Y,IGXE00,4F0,INX,1957-11,,,,,F,M,,,A,,,P1M,,4F0,,,,2025 = 100,,2,,HICP Inflation rate - Non-energy industrial goods - Index,"Euro area (Member States and Institutions of the Euro Area) changing composition - HICP - Non-energy industrial goods, Index, European Central Bank (ECB), Working day and seasonally adjusted",IX,0,
HICP.M.U2.Y.IGXE00.4F0.INX,M,U2,Y,IGXE00,4F0,INX,1957-12,,,,,F,M,,,A,,,P1M,,4F0,,,,2025 = 100,,2,,HICP Inflation rate - Non-energy industrial goods - Index,"Euro area (Member States and Institutions of the Euro Area) changing composition - HICP - Non-energy industrial goods, Index, European Central Bank (ECB), Working day and seasonally adjusted",IX,0,
HICP.M.U2.Y.IGXE00.4F0.INX,M,U2,Y,IGXE00,4F0,INX,1958-01,,,,,F,M,,,A,,,P1M,,4F0,,,,2025 = 100,,2,,HICP Inflation rate - Non-energy industrial goods - Index,"Euro area (Member States and Institutions of the Euro Area) changing composition - HICP - Non-energy industrial goods, Index, European Central Bank (ECB), Working day and seasonally adjusted",IX,0,
HICP.M.U2.Y.IGXE00.4F0.INX,M,U2,Y,IGXE00,4F0,INX,1958-02,,,,,F,M,,,A,,,P1M,,4F0,,,,2025 = 100,,2,,HICP Inflation rate - Non-energy industrial goods - Index,"Euro area (Member States and Institutions of the Euro Area) changing composition - HICP - Non-energy industrial goods, Index, European Central Bank (ECB), Working day and seasonally adjusted",IX,0,
HICP.M.U2.Y.IGXE00.4F0.INX,M,U2,Y,IGXE00,4F0,INX,1958-03,,,,,F,M,,,A,,,P1M,,4F0,,,,2025 = 100,,2,,HICP Inflation rate - Non-energy industrial goods - Index,"Euro area (Member States and Institutions of the Euro Area) changing composition - HICP - Non-energy industrial goods, Index, European Central Bank (ECB), Working day and seasonally adjusted",IX,0,
HICP.M.U2.Y.IGXE00.4F0.INX,M,U2,Y,IGXE00,4F0,INX,1958-04,,,,,F,M,,,A,,,P1M,,4F0,,,,2025 = 100,,2,,HICP Inflation rate - Non-energy industrial goods - Index,"Euro area (Member States and Institutions of the Euro Area) changing composition - HICP - Non-energy industrial goods, Index, European Central Bank (ECB), Working day and seasonally adjusted",IX,0,
HICP.M.U2.Y.IGXE00.4F0.INX,M,U2,Y,IGXE00,4F0,INX,1958-05,,,,,F,M,,,A,,,P1M,,4F0,,,,2025 = 100,,2,,HICP Inflation rate - Non-energy industrial goods - Index,"Euro area (Member States and Institutions of the Euro Area) changing composition - HICP - Non-energy industrial goods, Index, European Central Bank (ECB), Working day and seasonally adjusted",IX,0,
HICP.M.U2.Y.IGXE00.4F0.INX,M,U2,Y,IGXE00,4F0,INX,1958-06,,,,,F,M,,,A,,,P1M,,4F0,,,,2025 = 100,,2,,HICP Inflation rate - Non-energy industrial goods - Index,"Euro area (Member States and Institutions of the Euro Area) changing composition - HICP - Non-energy industrial goods, Index, European Central Bank (ECB), Working day and seasonally adjusted",IX,0,
HICP.M.U2.Y.IGXE00.4F0.INX,M,U2,Y,IGXE00,4F0,INX,1958-07,,,,,F,M,,,A,,,P1M,,4F0,,,,2025 = 100,,2,,HICP Inflation rate - Non-energy industrial goods - Index,"Euro area (Member States and Institutions of the Euro Area) changing composition - HICP - Non-energy industrial goods, Index, European Central Bank (ECB), Working day and seasonally adjusted",IX,0,
HICP.M.U2.Y.IGXE00.4F0.INX,M,U2,Y,IGXE00,4F0,INX,1958-08,,,,,F,M,,,A,,,P1M,,4F0,,,,2025 = 100,,2,,HICP Inflation rate - Non-energy industrial goods - Index,"Euro area (Member States and Institutions of the Euro Area) changing composition - HICP - Non-energy industrial goods, Index, European Central Bank (ECB), Working day and seasonally adjusted",IX,0,
HICP.M.U2.Y.IGXE00.4F0.INX,M,U2,Y,IGXE00,4F0,INX,1958-09,,,,,F,M,,,A,,,P1M,,4F0,,,,2025 = 100,,2,,HICP Inflation rate - Non-energy industrial goods - Index,"Euro area (Member States and Institutions of the Euro Area) changing composition - HICP - Non-energy industrial goods, Index, European Central Bank (ECB), Working day and seasonally adjusted",IX,0,
HICP.M.U2.Y.IGXE00.4F0.INX,M,U2,Y,IGXE00,4F0,INX,1958-10,,,,,F,M,,,A,,,P1M,,4F0,,,,2025 = 100,,2,,HICP Inflation rate - Non-energy industrial goods - Index,"Euro area (Member States and Institutions of the Euro Area) changing composition - HICP - Non-energy industrial goods, Index, European Central Bank (ECB), Working day and seasonally adjusted",IX,0,
HICP.M.U2.Y.IGXE00.4F0.INX,M,U2,Y,IGXE00,4F0,INX,1958-11,,,,,F,M,,,A,,,P1M,,4F0,,,,2025 = 100,,2,,HICP Inflation rate - Non-energy industrial goods - Index,"Euro area (Member States and Institutions of the Euro Area) changing composition - HICP - Non-energy industrial goods, Index, European Central Bank (ECB), Working day and seasonally adjusted",IX,0,
HICP.M.U2.Y.IGXE00.4F0.INX,M,U2,Y,IGXE00,4F0,INX,1958-12,,,,,F,M,,,A,,,P1M,,4F0,,,,2025 = 100,,2,,HICP Inflation rate - Non-energy industrial goods - Index,"Euro area (Member States and Institutions of the Euro Area) changing composition - HICP - Non-energy industrial goods, Index, European Central Bank (ECB), Working day and seasonally adjusted",IX,0,
HICP.M.U2.Y.IGXE00.4F0.INX,M,U2,Y,IGXE00,4F0,INX,1959-01,,,,,F,M,,,A,,,P1M,,4F0,,,,2025 = 100,,2,,HICP Inflation rate - Non-energy industrial goods - Index,"Euro area (Member States and Institutions of the Euro Area) changing composition - HICP - Non-energy industrial goods, Index, European Central Bank (ECB), Working day and seasonally adjusted",IX,0,
HICP.M.U2.Y.IGXE00.4F0.INX,M,U2,Y,IGXE00,4F0,INX,1959-02,,,,,F,M,,,A,,,P1M,,4F0,,,,2025 = 100,,2,,HICP Inflation rate - Non-energy industrial goods - Index,"Euro area (Member States and Institutions of the Euro Area) changing composition - HICP - Non-energy industrial goods, Index, European Central Bank (ECB), Working day and seasonally adjusted",IX,0,
HICP.M.U2.Y.IGXE00.4F0.INX,M,U2,Y,IGXE00,4F0,INX,1959-03,,,,,F,M,,,A,,,P1M,,4F0,,,,2025 = 100,,2,,HICP Inflation rate - Non-energy industrial goods - Index,"Euro area (Member States and Institutions of the Euro Area) changing composition - HICP - Non-energy industrial goods, Index, European Central Bank (ECB), Working day and seasonally adjusted",IX,0,
HICP.M.U2.Y.IGXE00.4F0.INX,M,U2,Y,IGXE00,4F0,INX,1959-04,,,,,F,M,,,A,,,P1M,,4F0,,,,2025 = 100,,2,,HICP Inflation rate - Non-energy industrial goods - Index,"Euro area (Member States and Institutions of the Euro Area) changing composition - HICP - Non-energy industrial goods, Index, European Central Bank (ECB), Working day and seasonally adjusted",IX,0,
HICP.M.U2.Y.IGXE00.4F0.INX,M,U2,Y,IGXE00,4F0,INX,1959-05,,,,,F,M,,,A,,,P1M,,4F0,,,,2025 = 100,,2,,HICP Inflation rate - Non-energy industrial goods - Index,"Euro area (Member States and Institutions of the Euro Area) changing composition - HICP - Non-energy industrial goods, Index, European Central Bank (ECB), Working day and seasonally adjusted",IX,0,
HICP.M.U2.Y.IGXE00.4F0.INX,M,U2,Y,IGXE00,4F0,INX,1959-06,,,,,F,M,,,A,,,P1M,,4F0,,,,2025 = 100,,2,,HICP Inflation rate - Non-energy industrial goods - Index,"Euro area (Member States and Institutions of the Euro Area) changing composition - HICP - Non-energy industrial goods, Index, European Central Bank (ECB), Working day and seasonally adjusted",IX,0,
HICP.M.U2.Y.IGXE00.4F0.INX,M,U2,Y,IGXE00,4F0,INX,1959-07,,,,,F,M,,,A,,,P1M,,4F0,,,,2025 = 100,,2,,HICP Inflation rate - Non-energy industrial goods - Index,"Euro area (Member States and Institutions of the Euro Area) changing composition - HICP - Non-energy industrial goods, Index, European Central Bank (ECB), Working day and seasonally adjusted",IX,0,
HICP.M.U2.Y.IGXE00.4F0.INX,M,U2,Y,IGXE00,4F0,INX,1959-08,,,,,F,M,,,A,,,P1M,,4F0,,,,2025 = 100,,2,,HICP Inflation rate - Non-energy industrial goods - Index,"Euro area (Member States and Institutions of the Euro Area) changing composition - HICP - Non-energy industrial goods, Index, European Central Bank (ECB), Working day and seasonally adjusted",IX,0,
HICP.M.U2.Y.IGXE00.4F0.INX,M,U2,Y,IGXE00,4F0,INX,1959-09,,,,,F,M,,,A,,,P1M,,4F0,,,,2025 = 100,,2,,HICP Inflation rate - Non-energy industrial goods - Index,"Euro area (Member States and Institutions of the Euro Area) changing composition - HICP - Non-energy industrial goods, Index, European Central Bank (ECB), Working day and seasonally adjusted",IX,0,
HICP.M.U2.Y.IGXE00.4F0.INX,M,U2,Y,IGXE00,4F0,INX,1959-10,,,,,F,M,,,A,,,P1M,,4F0,,,,2025 = 100,,2,,HICP Inflation rate - Non-energy industrial goods - Index,"Euro area (Member States and Institutions of the Euro Area) changing composition - HICP - Non-energy industrial goods, Index, European Central Bank (ECB), Working day and seasonally adjusted",IX,0,
HICP.M.U2.Y.IGXE00.4F0.INX,M,U2,Y,IGXE00,4F0,INX,1959-11,,,,,F,M,,,A,,,P1M,,4F0,,,,2025 = 100,,2,,HICP Inflation rate - Non-energy industrial goods - Index,"Euro area (Member States and Institutions of the Euro Area) changing composition - HICP - Non-energy industrial goods, Index, European Central Bank (ECB), Working day and seasonally adjusted",IX,0,
HICP.M.U2.Y.IGXE00.4F0.INX,M,U2,Y,IGXE00,4F0,INX,1959-12,,,,,F,M,,,A,,,P1M,,4F0,,,,2025 = 100,,2,,HICP Inflation rate - Non-energy industrial goods - Index,"Euro area (Member States and Institutions of the Euro Area) changing composition - HICP - Non-energy industrial goods, Index, European Central Bank (ECB), Working day and seasonally adjusted",IX,0,
HICP.M.U2.Y.IGXE00.4F0.INX,M,U2,Y,IGXE00,4F0,INX,1960-01,,,,,F,M,,,A,,,P1M,,4F0,,,,2025 = 100,,2,,HICP Inflation rate - Non-energy industrial goods - Index,"Euro area (Member States and Institutions of the Euro Area) changing composition - HICP - Non-energy industrial goods, Index, European Central Bank (ECB), Working day and seasonally adjusted",IX,0,
HICP.M.U2.Y.IGXE00.4F0.INX,M,U2,Y,IGXE00,4F0,INX,1960-02,,,,,F,M,,,A,,,P1M,,4F0,,,,2025 = 100,,2,,HICP Inflation rate - Non-energy industrial goods - Index,"Euro area (Member States and Institutions of the Euro Area) changing composition - HICP - Non-energy industrial goods, Index, European Central Bank (ECB), Working day and seasonally adjusted",IX,0,
HICP.M.U2.Y.IGXE00.4F0.INX,M,U2,Y,IGXE00,4F0,INX,1960-03,,,,,F,M,,,A,,,P1M,,4F0,,,,2025 = 100,,2,,HICP Inflation rate - Non-energy industrial goods - Index,"Euro area (Member States and Institutions of the Euro Area) changing composition - HICP - Non-energy industrial goods, Index, European Central Bank (ECB), Working day and seasonally adjusted",IX,0,
HICP.M.U2.Y.IGXE00.4F0.INX,M,U2,Y,IGXE00,4F0,INX,1960-04,,,,,F,M,,,A,,,P1M,,4F0,,,,2025 = 100,,2,,HICP Inflation rate - Non-energy industrial goods - Index,"Euro area (Member States and Institutions of the Euro Area) changing composition - HICP - Non-energy industrial goods, Index, European Central Bank (ECB), Working day and seasonally adjusted",IX,0,
HICP.M.U2.Y.IGXE00.4F0.INX,M,U2,Y,IGXE00,4F0,INX,1960-05,,,,,F,M,,,A,,,P1M,,4F0,,,,2025 = 100,,2,,HICP Inflation rate - Non-energy industrial goods - Index,"Euro area (Member States and Institutions of the Euro Area) changing composition - HICP - Non-energy industrial goods, Index, European Central Bank (ECB), Working day and seasonally adjusted",IX,0,
HICP.M.U2.Y.IGXE00.4F0.INX,M,U2,Y,IGXE00,4F0,INX,1960-06,,,,,F,M,,,A,,,P1M,,4F0,,,,2025 = 100,,2,,HICP Inflation rate - Non-energy industrial goods - Index,"Euro area (Member States and Institutions of the Euro Area) changing composition - HICP - Non-energy industrial goods, Index, European Central Bank (ECB), Working day and seasonally adjusted",IX,0,
HICP.M.U2.Y.IGXE00.4F0.INX,M,U2,Y,IGXE00,4F0,INX,1960-07,,,,,F,M,,,A,,,P1M,,4F0,,,,2025 = 100,,2,,HICP Inflation rate - Non-energy industrial goods - Index,"Euro area (Member States and Institutions of the Euro Area) changing composition - HICP - Non-energy industrial goods, Index, European Central Bank (ECB), Working day and seasonally adjusted",IX,0,
HICP.M.U2.Y.IGXE00.4F0.INX,M,U2,Y,IGXE00,4F0,INX,1960-08,,,,,F,M,,,A,,,P1M,,4F0,,,,2025 = 100,,2,,HICP Inflation rate - Non-energy industrial goods - Index,"Euro area (Member States and Institutions of the Euro Area) changing composition - HICP - Non-energy industrial goods, Index, European Central Bank (ECB), Working day and seasonally adjusted",IX,0,
HICP.M.U2.Y.IGXE00.4F0.INX,M,U2,Y,IGXE00,4F0,INX,1960-09,,,,,F,M,,,A,,,P1M,,4F0,,,,2025 = 100,,2,,HICP Inflation rate - Non-energy industrial goods - Index,"Euro area (Member States and Institutions of the Euro Area) changing composition - HICP - Non-energy industrial goods, Index, European Central Bank (ECB), Working day and seasonally adjusted",IX,0,
HICP.M.U2.Y.IGXE00.4F0.INX,M,U2,Y,IGXE00,4F0,INX,1960-10,,,,,F,M,,,A,,,P1M,,4F0,,,,2025 = 100,,2,,HICP Inflation rate - Non-energy industrial goods - Index,"Euro area (Member States and Institutions of the Euro Area) changing composition - HICP - Non-energy industrial goods, Index, European Central Bank (ECB), Working day and seasonally adjusted",IX,0,
HICP.M.U2.Y.IGXE00.4F0.INX,M,U2,Y,IGXE00,4F0,INX,1960-11,,,,,F,M,,,A,,,P1M,,4F0,,,,2025 = 100,,2,,HICP Inflation rate - Non-energy industrial goods - Index,"Euro area (Member States and Institutions of the Euro Area) changing composition - HICP - Non-energy industrial goods, Index, European Central Bank (ECB), Working day and seasonally adjusted",IX,0,
HICP.M.U2.Y.IGXE00.4F0.INX,M,U2,Y,IGXE00,4F0,INX,1960-12,,,,,F,M,,,A,,,P1M,,4F0,,,,2025 = 100,,2,,HICP Inflation rate - Non-energy industrial goods - Index,"Euro area (Member States and Institutions of the Euro Area) changing composition - HICP - Non-energy industrial goods, Index, European Central Bank (ECB), Working day and seasonally adjusted",IX,0,
HICP.M.U2.Y.IGXE00.4F0.INX,M,U2,Y,IGXE00,4F0,INX,1961-01,,,,,F,M,,,A,,,P1M,,4F0,,,,2025 = 100,,2,,HICP Inflation rate - Non-energy industrial goods - Index,"Euro area (Member States and Institutions of the Euro Area) changing composition - HICP - Non-energy industrial goods, Index, European Central Bank (ECB), Working day and seasonally adjusted",IX,0,
HICP.M.U2.Y.IGXE00.4F0.INX,M,U2,Y,IGXE00,4F0,INX,1961-02,,,,,F,M,,,A,,,P1M,,4F0,,,,2025 = 100,,2,,HICP Inflation rate - Non-energy industrial goods - Index,"Euro area (Member States and Institutions of the Euro Area) changing composition - HICP - Non-energy industrial goods, Index, European Central Bank (ECB), Working day and seasonally adjusted",IX,0,
HICP.M.U2.Y.IGXE00.4F0.INX,M,U2,Y,IGXE00,4F0,INX,1961-03,,,,,F,M,,,A,,,P1M,,4F0,,,,2025 = 100,,2,,HICP Inflation rate - Non-energy industrial goods - Index,"Euro area (Member States and Institutions of the Euro Area) changing composition - HICP - Non-energy industrial goods, Index, European Central Bank (ECB), Working day and seasonally adjusted",IX,0,
HICP.M.U2.Y.IGXE00.4F0.INX,M,U2,Y,IGXE00,4F0,INX,1961-04,,,,,F,M,,,A,,,P1M,,4F0,,,,2025 = 100,,2,,HICP Inflation rate - Non-energy industrial goods - Index,"Euro area (Member States and Institutions of the Euro Area) changing composition - HICP - Non-energy industrial goods, Index, European Central Bank (ECB), Working day and seasonally adjusted",IX,0,
HICP.M.U2.Y.IGXE00.4F0.INX,M,U2,Y,IGXE00,4F0,INX,1961-05,,,,,F,M,,,A,,,P1M,,4F0,,,,2025 = 100,,2,,HICP Inflation rate - Non-energy industrial goods - Index,"Euro area (Member States and Institutions of the Euro Area) changing composition - HICP - Non-energy industrial goods, Index, European Central Bank (ECB), Working day and seasonally adjusted",IX,0,
HICP.M.U2.Y.IGXE00.4F0.INX,M,U2,Y,IGXE00,4F0,INX,1961-06,,,,,F,M,,,A,,,P1M,,4F0,,,,2025 = 100,,2,,HICP Inflation rate - Non-energy industrial goods - Index,"Euro area (Member States and Institutions of the Euro Area) changing composition - HICP - Non-energy industrial goods, Index, European Central Bank (ECB), Working day and seasonally adjusted",IX,0,
HICP.M.U2.Y.IGXE00.4F0.INX,M,U2,Y,IGXE00,4F0,INX,1961-07,,,,,F,M,,,A,,,P1M,,4F0,,,,2025 = 100,,2,,HICP Inflation rate - Non-energy industrial goods - Index,"Euro area (Member States and Institutions of the Euro Area) changing composition - HICP - Non-energy industrial goods, Index, European Central Bank (ECB), Working day and seasonally adjusted",IX,0,
HICP.M.U2.Y.IGXE00.4F0.INX,M,U2,Y,IGXE00,4F0,INX,1961-08,,,,,F,M,,,A,,,P1M,,4F0,,,,2025 = 100,,2,,HICP Inflation rate - Non-energy industrial goods - Index,"Euro area (Member States and Institutions of the Euro Area) changing composition - HICP - Non-energy industrial goods, Index, European Central Bank (ECB), Working day and seasonally adjusted",IX,0,
HICP.M.U2.Y.IGXE00.4F0.INX,M,U2,Y,IGXE00,4F0,INX,1961-09,,,,,F,M,,,A,,,P1M,,4F0,,,,2025 = 100,,2,,HICP Inflation rate - Non-energy industrial goods - Index,"Euro area (Member States and Institutions of the Euro Area) changing composition - HICP - Non-energy industrial goods, Index, European Central Bank (ECB), Working day and seasonally adjusted",IX,0,
HICP.M.U2.Y.IGXE00.4F0.INX,M,U2,Y,IGXE00,4F0,INX,1961-10,,,,,F,M,,,A,,,P1M,,4F0,,,,2025 = 100,,2,,HICP Inflation rate - Non-energy industrial goods - Index,"Euro area (Member States and Institutions of the Euro Area) changing composition - HICP - Non-energy industrial goods, Index, European Central Bank (ECB), Working day and seasonally adjusted",IX,0,
HICP.M.U2.Y.IGXE00.4F0.INX,M,U2,Y,IGXE00,4F0,INX,1961-11,,,,,F,M,,,A,,,P1M,,4F0,,,,2025 = 100,,2,,HICP Inflation rate - Non-energy industrial goods - Index,"Euro area (Member States and Institutions of the Euro Area) changing composition - HICP - Non-energy industrial goods, Index, European Central Bank (ECB), Working day and seasonally adjusted",IX,0,
HICP.M.U2.Y.IGXE00.4F0.INX,M,U2,Y,IGXE00,4F0,INX,1961-12,,,,,F,M,,,A,,,P1M,,4F0,,,,2025 = 100,,2,,HICP Inflation rate - Non-energy industrial goods - Index,"Euro area (Member States and Institutions of the Euro Area) changing composition - HICP - Non-energy industrial goods, Index, European Central Bank (ECB), Working day and seasonally adjusted",IX,0,
HICP.M.U2.Y.IGXE00.4F0.INX,M,U2,Y,IGXE00,4F0,INX,1962-01,,,,,F,M,,,A,,,P1M,,4F0,,,,2025 = 100,,2,,HICP Inflation rate - Non-energy industrial goods - Index,"Euro area (Member States and Institutions of the Euro Area) changing composition - HICP - Non-energy industrial goods, Index, European Central Bank (ECB), Working day and seasonally adjusted",IX,0,
HICP.M.U2.Y.IGXE00.4F0.INX,M,U2,Y,IGXE00,4F0,INX,1962-02,,,,,F,M,,,A,,,P1M,,4F0,,,,2025 = 100,,2,,HICP Inflation rate - Non-energy industrial goods - Index,"Euro area (Member States and Institutions of the Euro Area) changing composition - HICP - Non-energy industrial goods, Index, European Central Bank (ECB), Working day and seasonally adjusted",IX,0,
HICP.M.U2.Y.IGXE00.4F0.INX,M,U2,Y,IGXE00,4F0,INX,1962-03,,,,,F,M,,,A,,,P1M,,4F0,,,,2025 = 100,,2,,HICP Inflation rate - Non-energy industrial goods - Index,"Euro area (Member States and Institutions of the Euro Area) changing composition - HICP - Non-energy industrial goods, Index, European Central Bank (ECB), Working day and seasonally adjusted",IX,0,
HICP.M.U2.Y.IGXE00.4F0.INX,M,U2,Y,IGXE00,4F0,INX,1962-04,,,,,F,M,,,A,,,P1M,,4F0,,,,2025 = 100,,2,,HICP Inflation rate - Non-energy industrial goods - Index,"Euro area (Member States and Institutions of the Euro Area) changing composition - HICP - Non-energy industrial goods, Index, European Central Bank (ECB), Working day and seasonally adjusted",IX,0,
HICP.M.U2.Y.IGXE00.4F0.INX,M,U2,Y,IGXE00,4F0,INX,1962-05,,,,,F,M,,,A,,,P1M,,4F0,,,,2025 = 100,,2,,HICP Inflation rate - Non-energy industrial goods - Index,"Euro area (Member States and Institutions of the Euro Area) changing composition - HICP - Non-energy industrial goods, Index, European Central Bank (ECB), Working day and seasonally adjusted",IX,0,
HICP.M.U2.Y.IGXE00.4F0.INX,M,U2,Y,IGXE00,4F0,INX,1962-06,,,,,F,M,,,A,,,P1M,,4F0,,,,2025 = 100,,2,,HICP Inflation rate - Non-energy industrial goods - Index,"Euro area (Member States and Institutions of the Euro Area) changing composition - HICP - Non-energy industrial goods, Index, European Central Bank (ECB), Working day and seasonally adjusted",IX,0,
HICP.M.U2.Y.IGXE00.4F0.INX,M,U2,Y,IGXE00,4F0,INX,1962-07,,,,,F,M,,,A,,,P1M,,4F0,,,,2025 = 100,,2,,HICP Inflation rate - Non-energy industrial goods - Index,"Euro area (Member States and Institutions of the Euro Area) changing composition - HICP - Non-energy industrial goods, Index, European Central Bank (ECB), Working day and seasonally adjusted",IX,0,
HICP.M.U2.Y.IGXE00.4F0.INX,M,U2,Y,IGXE00,4F0,INX,1962-08,,,,,F,M,,,A,,,P1M,,4F0,,,,2025 = 100,,2,,HICP Inflation rate - Non-energy industrial goods - Index,"Euro area (Member States and Institutions of the Euro Area) changing composition - HICP - Non-energy industrial goods, Index, European Central Bank (ECB), Working day and seasonally adjusted",IX,0,
HICP.M.U2.Y.IGXE00.4F0.INX,M,U2,Y,IGXE00,4F0,INX,1962-09,,,,,F,M,,,A,,,P1M,,4F0,,,,2025 = 100,,2,,HICP Inflation rate - Non-energy industrial goods - Index,"Euro area (Member States and Institutions of the Euro Area) changing composition - HICP - Non-energy industrial goods, Index, European Central Bank (ECB), Working day and seasonally adjusted",IX,0,
HICP.M.U2.Y.IGXE00.4F0.INX,M,U2,Y,IGXE00,4F0,INX,1962-10,,,,,F,M,,,A,,,P1M,,4F0,,,,2025 = 100,,2,,HICP Inflation rate - Non-energy industrial goods - Index,"Euro area (Member States and Institutions of the Euro Area) changing composition - HICP - Non-energy industrial goods, Index, European Central Bank (ECB), Working day and seasonally adjusted",IX,0,
HICP.M.U2.Y.IGXE00.4F0.INX,M,U2,Y,IGXE00,4F0,INX,1962-11,,,,,F,M,,,A,,,P1M,,4F0,,,,2025 = 100,,2,,HICP Inflation rate - Non-energy industrial goods - Index,"Euro area (Member States and Institutions of the Euro Area) changing composition - HICP - Non-energy industrial goods, Index, European Central Bank (ECB), Working day and seasonally adjusted",IX,0,
HICP.M.U2.Y.IGXE00.4F0.INX,M,U2,Y,IGXE00,4F0,INX,1962-12,,,,,F,M,,,A,,,P1M,,4F0,,,,2025 = 100,,2,,HICP Inflation rate - Non-energy industrial goods - Index,"Euro area (Member States and Institutions of the Euro Area) changing composition - HICP - Non-energy industrial goods, Index, European Central Bank (ECB), Working day and seasonally adjusted",IX,0,
HICP.M.U2.Y.IGXE00.4F0.INX,M,U2,Y,IGXE00,4F0,INX,1963-01,,,,,F,M,,,A,,,P1M,,4F0,,,,2025 = 100,,2,,HICP Inflation rate - Non-energy industrial goods - Index,"Euro area (Member States and Institutions of the Euro Area) changing composition - HICP - Non-energy industrial goods, Index, European Central Bank (ECB), Working day and seasonally adjusted",IX,0,
HICP.M.U2.Y.IGXE00.4F0.INX,M,U2,Y,IGXE00,4F0,INX,1963-02,,,,,F,M,,,A,,,P1M,,4F0,,,,2025 = 100,,2,,HICP Inflation rate - Non-energy industrial goods - Index,"Euro area (Member States and Institutions of the Euro Area) changing composition - HICP - Non-energy industrial goods, Index, European Central Bank (ECB), Working day and seasonally adjusted",IX,0,
HICP.M.U2.Y.IGXE00.4F0.INX,M,U2,Y,IGXE00,4F0,INX,1963-03,,,,,F,M,,,A,,,P1M,,4F0,,,,2025 = 100,,2,,HICP Inflation rate - Non-energy industrial goods - Index,"Euro area (Member States and Institutions of the Euro Area) changing composition - HICP - Non-energy industrial goods, Index, European Central Bank (ECB), Working day and seasonally adjusted",IX,0,
HICP.M.U2.Y.IGXE00.4F0.INX,M,U2,Y,IGXE00,4F0,INX,1963-04,,,,,F,M,,,A,,,P1M,,4F0,,,,2025 = 100,,2,,HICP Inflation rate - Non-energy industrial goods - Index,"Euro area (Member States and Institutions of the Euro Area) changing composition - HICP - Non-energy industrial goods, Index, European Central Bank (ECB), Working day and seasonally adjusted",IX,0,
HICP.M.U2.Y.IGXE00.4F0.INX,M,U2,Y,IGXE00,4F0,INX,1963-05,,,,,F,M,,,A,,,P1M,,4F0,,,,2025 = 100,,2,,HICP Inflation rate - Non-energy industrial goods - Index,"Euro area (Member States and Institutions of the Euro Area) changing composition - HICP - Non-energy industrial goods, Index, European Central Bank (ECB), Working day and seasonally adjusted",IX,0,
HICP.M.U2.Y.IGXE00.4F0.INX,M,U2,Y,IGXE00,4F0,INX,1963-06,,,,,F,M,,,A,,,P1M,,4F0,,,,2025 = 100,,2,,HICP Inflation rate - Non-energy industrial goods - Index,"Euro area (Member States and Institutions of the Euro Area) changing composition - HICP - Non-energy industrial goods, Index, European Central Bank (ECB), Working day and seasonally adjusted",IX,0,
HICP.M.U2.Y.IGXE00.4F0.INX,M,U2,Y,IGXE00,4F0,INX,1963-07,,,,,F,M,,,A,,,P1M,,4F0,,,,2025 = 100,,2,,HICP Inflation rate - Non-energy industrial goods - Index,"Euro area (Member States and Institutions of the Euro Area) changing composition - HICP - Non-energy industrial goods, Index, European Central Bank (ECB), Working day and seasonally adjusted",IX,0,
HICP.M.U2.Y.IGXE00.4F0.INX,M,U2,Y,IGXE00,4F0,INX,1963-08,,,,,F,M,,,A,,,P1M,,4F0,,,,2025 = 100,,2,,HICP Inflation rate - Non-energy industrial goods - Index,"Euro area (Member States and Institutions of the Euro Area) changing composition - HICP - Non-energy industrial goods, Index, European Central Bank (ECB), Working day and seasonally adjusted",IX,0,
HICP.M.U2.Y.IGXE00.4F0.INX,M,U2,Y,IGXE00,4F0,INX,1963-09,,,,,F,M,,,A,,,P1M,,4F0,,,,2025 = 100,,2,,HICP Inflation rate - Non-energy industrial goods - Index,"Euro area (Member States and Institutions of the Euro Area) changing composition - HICP - Non-energy industrial goods, Index, European Central Bank (ECB), Working day and seasonally adjusted",IX,0,
HICP.M.U2.Y.IGXE00.4F0.INX,M,U2,Y,IGXE00,4F0,INX,1963-10,,,,,F,M,,,A,,,P1M,,4F0,,,,2025 = 100,,2,,HICP Inflation rate - Non-energy industrial goods - Index,"Euro area (Member States and Institutions of the Euro Area) changing composition - HICP - Non-energy industrial goods, Index, European Central Bank (ECB), Working day and seasonally adjusted",IX,0,
HICP.M.U2.Y.IGXE00.4F0.INX,M,U2,Y,IGXE00,4F0,INX,1963-11,,,,,F,M,,,A,,,P1M,,4F0,,,,2025 = 100,,2,,HICP Inflation rate - Non-energy industrial goods - Index,"Euro area (Member States and Institutions of the Euro Area) changing composition - HICP - Non-energy industrial goods, Index, European Central Bank (ECB), Working day and seasonally adjusted",IX,0,
HICP.M.U2.Y.IGXE00.4F0.INX,M,U2,Y,IGXE00,4F0,INX,1963-12,,,,,F,M,,,A,,,P1M,,4F0,,,,2025 = 100,,2,,HICP Inflation rate - Non-energy industrial goods - Index,"Euro area (Member States and Institutions of the Euro Area) changing composition - HICP - Non-energy industrial goods, Index, European Central Bank (ECB), Working day and seasonally adjusted",IX,0,
HICP.M.U2.Y.IGXE00.4F0.INX,M,U2,Y,IGXE00,4F0,INX,1964-01,,,,,F,M,,,A,,,P1M,,4F0,,,,2025 = 100,,2,,HICP Inflation rate - Non-energy industrial goods - Index,"Euro area (Member States and Institutions of the Euro Area) changing composition - HICP - Non-energy industrial goods, Index, European Central Bank (ECB), Working day and seasonally adjusted",IX,0,
HICP.M.U2.Y.IGXE00.4F0.INX,M,U2,Y,IGXE00,4F0,INX,1964-02,,,,,F,M,,,A,,,P1M,,4F0,,,,2025 = 100,,2,,HICP Inflation rate - Non-energy industrial goods - Index,"Euro area (Member States and Institutions of the Euro Area) changing composition - HICP - Non-energy industrial goods, Index, European Central Bank (ECB), Working day and seasonally adjusted",IX,0,
HICP.M.U2.Y.IGXE00.4F0.INX,M,U2,Y,IGXE00,4F0,INX,1964-03,,,,,F,M,,,A,,,P1M,,4F0,,,,2025 = 100,,2,,HICP Inflation rate - Non-energy industrial goods - Index,"Euro area (Member States and Institutions of the Euro Area) changing composition - HICP - Non-energy industrial goods, Index, European Central Bank (ECB), Working day and seasonally adjusted",IX,0,
HICP.M.U2.Y.IGXE00.4F0.INX,M,U2,Y,IGXE00,4F0,INX,1964-04,,,,,F,M,,,A,,,P1M,,4F0,,,,2025 = 100,,2,,HICP Inflation rate - Non-energy industrial goods - Index,"Euro area (Member States and Institutions of the Euro Area) changing composition - HICP - Non-energy industrial goods, Index, European Central Bank (ECB), Working day and seasonally adjusted",IX,0,
HICP.M.U2.Y.IGXE00.4F0.INX,M,U2,Y,IGXE00,4F0,INX,1964-05,,,,,F,M,,,A,,,P1M,,4F0,,,,2025 = 100,,2,,HICP Inflation rate - Non-energy industrial goods - Index,"Euro area (Member States and Institutions of the Euro Area) changing composition - HICP - Non-energy industrial goods, Index, European Central Bank (ECB), Working day and seasonally adjusted",IX,0,
HICP.M.U2.Y.IGXE00.4F0.INX,M,U2,Y,IGXE00,4F0,INX,1964-06,,,,,F,M,,,A,,,P1M,,4F0,,,,2025 = 100,,2,,HICP Inflation rate - Non-energy industrial goods - Index,"Euro area (Member States and Institutions of the Euro Area) changing composition - HICP - Non-energy industrial goods, Index, European Central Bank (ECB), Working day and seasonally adjusted",IX,0,
HICP.M.U2.Y.IGXE00.4F0.INX,M,U2,Y,IGXE00,4F0,INX,1964-07,,,,,F,M,,,A,,,P1M,,4F0,,,,2025 = 100,,2,,HICP Inflation rate - Non-energy industrial goods - Index,"Euro area (Member States and Institutions of the Euro Area) changing composition - HICP - Non-energy industrial goods, Index, European Central Bank (ECB), Working day and seasonally adjusted",IX,0,
HICP.M.U2.Y.IGXE00.4F0.INX,M,U2,Y,IGXE00,4F0,INX,1964-08,,,,,F,M,,,A,,,P1M,,4F0,,,,2025 = 100,,2,,HICP Inflation rate - Non-energy industrial goods - Index,"Euro area (Member States and Institutions of the Euro Area) changing composition - HICP - Non-energy industrial goods, Index, European Central Bank (ECB), Working day and seasonally adjusted",IX,0,
HICP.M.U2.Y.IGXE00.4F0.INX,M,U2,Y,IGXE00,4F0,INX,1964-09,,,,,F,M,,,A,,,P1M,,4F0,,,,2025 = 100,,2,,HICP Inflation rate - Non-energy industrial goods - Index,"Euro area (Member States and Institutions of the Euro Area) changing composition - HICP - Non-energy industrial goods, Index, European Central Bank (ECB), Working day and seasonally adjusted",IX,0,
HICP.M.U2.Y.IGXE00.4F0.INX,M,U2,Y,IGXE00,4F0,INX,1964-10,,,,,F,M,,,A,,,P1M,,4F0,,,,2025 = 100,,2,,HICP Inflation rate - Non-energy industrial goods - Index,"Euro area (Member States and Institutions of the Euro Area) changing composition - HICP - Non-energy industrial goods, Index, European Central Bank (ECB), Working day and seasonally adjusted",IX,0,
HICP.M.U2.Y.IGXE00.4F0.INX,M,U2,Y,IGXE00,4F0,INX,1964-11,,,,,F,M,,,A,,,P1M,,4F0,,,,2025 = 100,,2,,HICP Inflation rate - Non-energy industrial goods - Index,"Euro area (Member States and Institutions of the Euro Area) changing composition - HICP - Non-energy industrial goods, Index, European Central Bank (ECB), Working day and seasonally adjusted",IX,0,
HICP.M.U2.Y.IGXE00.4F0.INX,M,U2,Y,IGXE00,4F0,INX,1964-12,,,,,F,M,,,A,,,P1M,,4F0,,,,2025 = 100,,2,,HICP Inflation rate - Non-energy industrial goods - Index,"Euro area (Member States and Institutions of the Euro Area) changing composition - HICP - Non-energy industrial goods, Index, European Central Bank (ECB), Working day and seasonally adjusted",IX,0,
HICP.M.U2.Y.IGXE00.4F0.INX,M,U2,Y,IGXE00,4F0,INX,1965-01,,,,,F,M,,,A,,,P1M,,4F0,,,,2025 = 100,,2,,HICP Inflation rate - Non-energy industrial goods - Index,"Euro area (Member States and Institutions of the Euro Area) changing composition - HICP - Non-energy industrial goods, Index, European Central Bank (ECB), Working day and seasonally adjusted",IX,0,
HICP.M.U2.Y.IGXE00.4F0.INX,M,U2,Y,IGXE00,4F0,INX,1965-02,,,,,F,M,,,A,,,P1M,,4F0,,,,2025 = 100,,2,,HICP Inflation rate - Non-energy industrial goods - Index,"Euro area (Member States and Institutions of the Euro Area) changing composition - HICP - Non-energy industrial goods, Index, European Central Bank (ECB), Working day and seasonally adjusted",IX,0,
HICP.M.U2.Y.IGXE00.4F0.INX,M,U2,Y,IGXE00,4F0,INX,1965-03,,,,,F,M,,,A,,,P1M,,4F0,,,,2025 = 100,,2,,HICP Inflation rate - Non-energy industrial goods - Index,"Euro area (Member States and Institutions of the Euro Area) changing composition - HICP - Non-energy industrial goods, Index, European Central Bank (ECB), Working day and seasonally adjusted",IX,0,
HICP.M.U2.Y.IGXE00.4F0.INX,M,U2,Y,IGXE00,4F0,INX,1965-04,,,,,F,M,,,A,,,P1M,,4F0,,,,2025 = 100,,2,,HICP Inflation rate - Non-energy industrial goods - Index,"Euro area (Member States and Institutions of the Euro Area) changing composition - HICP - Non-energy industrial goods, Index, European Central Bank (ECB), Working day and seasonally adjusted",IX,0,
HICP.M.U2.Y.IGXE00.4F0.INX,M,U2,Y,IGXE00,4F0,INX,1965-05,,,,,F,M,,,A,,,P1M,,4F0,,,,2025 = 100,,2,,HICP Inflation rate - Non-energy industrial goods - Index,"Euro area (Member States and Institutions of the Euro Area) changing composition - HICP - Non-energy industrial goods, Index, European Central Bank (ECB), Working day and seasonally adjusted",IX,0,
HICP.M.U2.Y.IGXE00.4F0.INX,M,U2,Y,IGXE00,4F0,INX,1965-06,,,,,F,M,,,A,,,P1M,,4F0,,,,2025 = 100,,2,,HICP Inflation rate - Non-energy industrial goods - Index,"Euro area (Member States and Institutions of the Euro Area) changing composition - HICP - Non-energy industrial goods, Index, European Central Bank (ECB), Working day and seasonally adjusted",IX,0,
HICP.M.U2.Y.IGXE00.4F0.INX,M,U2,Y,IGXE00,4F0,INX,1965-07,,,,,F,M,,,A,,,P1M,,4F0,,,,2025 = 100,,2,,HICP Inflation rate - Non-energy industrial goods - Index,"Euro area (Member States and Institutions of the Euro Area) changing composition - HICP - Non-energy industrial goods, Index, European Central Bank (ECB), Working day and seasonally adjusted",IX,0,
HICP.M.U2.Y.IGXE00.4F0.INX,M,U2,Y,IGXE00,4F0,INX,1965-08,,,,,F,M,,,A,,,P1M,,4F0,,,,2025 = 100,,2,,HICP Inflation rate - Non-energy industrial goods - Index,"Euro area (Member States and Institutions of the Euro Area) changing composition - HICP - Non-energy industrial goods, Index, European Central Bank (ECB), Working day and seasonally adjusted",IX,0,
HICP.M.U2.Y.IGXE00.4F0.INX,M,U2,Y,IGXE00,4F0,INX,1965-09,,,,,F,M,,,A,,,P1M,,4F0,,,,2025 = 100,,2,,HICP Inflation rate - Non-energy industrial goods - Index,"Euro area (Member States and Institutions of the Euro Area) changing composition - HICP - Non-energy industrial goods, Index, European Central Bank (ECB), Working day and seasonally adjusted",IX,0,
HICP.M.U2.Y.IGXE00.4F0.INX,M,U2,Y,IGXE00,4F0,INX,1965-10,,,,,F,M,,,A,,,P1M,,4F0,,,,2025 = 100,,2,,HICP Inflation rate - Non-energy industrial goods - Index,"Euro area (Member States and Institutions of the Euro Area) changing composition - HICP - Non-energy industrial goods, Index, European Central Bank (ECB), Working day and seasonally adjusted",IX,0,
HICP.M.U2.Y.IGXE00.4F0.INX,M,U2,Y,IGXE00,4F0,INX,1965-11,,,,,F,M,,,A,,,P1M,,4F0,,,,2025 = 100,,2,,HICP Inflation rate - Non-energy industrial goods - Index,"Euro area (Member States and Institutions of the Euro Area) changing composition - HICP - Non-energy industrial goods, Index, European Central Bank (ECB), Working day and seasonally adjusted",IX,0,
HICP.M.U2.Y.IGXE00.4F0.INX,M,U2,Y,IGXE00,4F0,INX,1965-12,,,,,F,M,,,A,,,P1M,,4F0,,,,2025 = 100,,2,,HICP Inflation rate - Non-energy industrial goods - Index,"Euro area (Member States and Institutions of the Euro Area) changing composition - HICP - Non-energy industrial goods, Index, European Central Bank (ECB), Working day and seasonally adjusted",IX,0,
HICP.M.U2.Y.IGXE00.4F0.INX,M,U2,Y,IGXE00,4F0,INX,1966-01,,,,,F,M,,,A,,,P1M,,4F0,,,,2025 = 100,,2,,HICP Inflation rate - Non-energy industrial goods - Index,"Euro area (Member States and Institutions of the Euro Area) changing composition - HICP - Non-energy industrial goods, Index, European Central Bank (ECB), Working day and seasonally adjusted",IX,0,
HICP.M.U2.Y.IGXE00.4F0.INX,M,U2,Y,IGXE00,4F0,INX,1966-02,,,,,F,M,,,A,,,P1M,,4F0,,,,2025 = 100,,2,,HICP Inflation rate - Non-energy industrial goods - Index,"Euro area (Member States and Institutions of the Euro Area) changing composition - HICP - Non-energy industrial goods, Index, European Central Bank (ECB), Working day and seasonally adjusted",IX,0,
HICP.M.U2.Y.IGXE00.4F0.INX,M,U2,Y,IGXE00,4F0,INX,1966-03,,,,,F,M,,,A,,,P1M,,4F0,,,,2025 = 100,,2,,HICP Inflation rate - Non-energy industrial goods - Index,"Euro area (Member States and Institutions of the Euro Area) changing composition - HICP - Non-energy industrial goods, Index, European Central Bank (ECB), Working day and seasonally adjusted",IX,0,
HICP.M.U2.Y.IGXE00.4F0.INX,M,U2,Y,IGXE00,4F0,INX,1966-04,,,,,F,M,,,A,,,P1M,,4F0,,,,2025 = 100,,2,,HICP Inflation rate - Non-energy industrial goods - Index,"Euro area (Member States and Institutions of the Euro Area) changing composition - HICP - Non-energy industrial goods, Index, European Central Bank (ECB), Working day and seasonally adjusted",IX,0,
HICP.M.U2.Y.IGXE00.4F0.INX,M,U2,Y,IGXE00,4F0,INX,1966-05,,,,,F,M,,,A,,,P1M,,4F0,,,,2025 = 100,,2,,HICP Inflation rate - Non-energy industrial goods - Index,"Euro area (Member States and Institutions of the Euro Area) changing composition - HICP - Non-energy industrial goods, Index, European Central Bank (ECB), Working day and seasonally adjusted",IX,0,
HICP.M.U2.Y.IGXE00.4F0.INX,M,U2,Y,IGXE00,4F0,INX,1966-06,,,,,F,M,,,A,,,P1M,,4F0,,,,2025 = 100,,2,,HICP Inflation rate - Non-energy industrial goods - Index,"Euro area (Member States and Institutions of the Euro Area) changing composition - HICP - Non-energy industrial goods, Index, European Central Bank (ECB), Working day and seasonally adjusted",IX,0,
HICP.M.U2.Y.IGXE00.4F0.INX,M,U2,Y,IGXE00,4F0,INX,1966-07,,,,,F,M,,,A,,,P1M,,4F0,,,,2025 = 100,,2,,HICP Inflation rate - Non-energy industrial goods - Index,"Euro area (Member States and Institutions of the Euro Area) changing composition - HICP - Non-energy industrial goods, Index, European Central Bank (ECB), Working day and seasonally adjusted",IX,0,
HICP.M.U2.Y.IGXE00.4F0.INX,M,U2,Y,IGXE00,4F0,INX,1966-08,,,,,F,M,,,A,,,P1M,,4F0,,,,2025 = 100,,2,,HICP Inflation rate - Non-energy industrial goods - Index,"Euro area (Member States and Institutions of the Euro Area) changing composition - HICP - Non-energy industrial goods, Index, European Central Bank (ECB), Working day and seasonally adjusted",IX,0,
HICP.M.U2.Y.IGXE00.4F0.INX,M,U2,Y,IGXE00,4F0,INX,1966-09,,,,,F,M,,,A,,,P1M,,4F0,,,,2025 = 100,,2,,HICP Inflation rate - Non-energy industrial goods - Index,"Euro area (Member States and Institutions of the Euro Area) changing composition - HICP - Non-energy industrial goods, Index, European Central Bank (ECB), Working day and seasonally adjusted",IX,0,
HICP.M.U2.Y.IGXE00.4F0.INX,M,U2,Y,IGXE00,4F0,INX,1966-10,,,,,F,M,,,A,,,P1M,,4F0,,,,2025 = 100,,2,,HICP Inflation rate - Non-energy industrial goods - Index,"Euro area (Member States and Institutions of the Euro Area) changing composition - HICP - Non-energy industrial goods, Index, European Central Bank (ECB), Working day and seasonally adjusted",IX,0,
HICP.M.U2.Y.IGXE00.4F0.INX,M,U2,Y,IGXE00,4F0,INX,1966-11,,,,,F,M,,,A,,,P1M,,4F0,,,,2025 = 100,,2,,HICP Inflation rate - Non-energy industrial goods - Index,"Euro area (Member States and Institutions of the Euro Area) changing composition - HICP - Non-energy industrial goods, Index, European Central Bank (ECB), Working day and seasonally adjusted",IX,0,
HICP.M.U2.Y.IGXE00.4F0.INX,M,U2,Y,IGXE00,4F0,INX,1966-12,,,,,F,M,,,A,,,P1M,,4F0,,,,2025 = 100,,2,,HICP Inflation rate - Non-energy industrial goods - Index,"Euro area (Member States and Institutions of the Euro Area) changing composition - HICP - Non-energy industrial goods, Index, European Central Bank (ECB), Working day and seasonally adjusted",IX,0,
HICP.M.U2.Y.IGXE00.4F0.INX,M,U2,Y,IGXE00,4F0,INX,1967-01,,,,,F,M,,,A,,,P1M,,4F0,,,,2025 = 100,,2,,HICP Inflation rate - Non-energy industrial goods - Index,"Euro area (Member States and Institutions of the Euro Area) changing composition - HICP - Non-energy industrial goods, Index, European Central Bank (ECB), Working day and seasonally adjusted",IX,0,
HICP.M.U2.Y.IGXE00.4F0.INX,M,U2,Y,IGXE00,4F0,INX,1967-02,,,,,F,M,,,A,,,P1M,,4F0,,,,2025 = 100,,2,,HICP Inflation rate - Non-energy industrial goods - Index,"Euro area (Member States and Institutions of the Euro Area) changing composition - HICP - Non-energy industrial goods, Index, European Central Bank (ECB), Working day and seasonally adjusted",IX,0,
HICP.M.U2.Y.IGXE00.4F0.INX,M,U2,Y,IGXE00,4F0,INX,1967-03,,,,,F,M,,,A,,,P1M,,4F0,,,,2025 = 100,,2,,HICP Inflation rate - Non-energy industrial goods - Index,"Euro area (Member States and Institutions of the Euro Area) changing composition - HICP - Non-energy industrial goods, Index, European Central Bank (ECB), Working day and seasonally adjusted",IX,0,
HICP.M.U2.Y.IGXE00.4F0.INX,M,U2,Y,IGXE00,4F0,INX,1967-04,,,,,F,M,,,A,,,P1M,,4F0,,,,2025 = 100,,2,,HICP Inflation rate - Non-energy industrial goods - Index,"Euro area (Member States and Institutions of the Euro Area) changing composition - HICP - Non-energy industrial goods, Index, European Central Bank (ECB), Working day and seasonally adjusted",IX,0,
HICP.M.U2.Y.IGXE00.4F0.INX,M,U2,Y,IGXE00,4F0,INX,1967-05,,,,,F,M,,,A,,,P1M,,4F0,,,,2025 = 100,,2,,HICP Inflation rate - Non-energy industrial goods - Index,"Euro area (Member States and Institutions of the Euro Area) changing composition - HICP - Non-energy industrial goods, Index, European Central Bank (ECB), Working day and seasonally adjusted",IX,0,
HICP.M.U2.Y.IGXE00.4F0.INX,M,U2,Y,IGXE00,4F0,INX,1967-06,,,,,F,M,,,A,,,P1M,,4F0,,,,2025 = 100,,2,,HICP Inflation rate - Non-energy industrial goods - Index,"Euro area (Member States and Institutions of the Euro Area) changing composition - HICP - Non-energy industrial goods, Index, European Central Bank (ECB), Working day and seasonally adjusted",IX,0,
HICP.M.U2.Y.IGXE00.4F0.INX,M,U2,Y,IGXE00,4F0,INX,1967-07,,,,,F,M,,,A,,,P1M,,4F0,,,,2025 = 100,,2,,HICP Inflation rate - Non-energy industrial goods - Index,"Euro area (Member States and Institutions of the Euro Area) changing composition - HICP - Non-energy industrial goods, Index, European Central Bank (ECB), Working day and seasonally adjusted",IX,0,
HICP.M.U2.Y.IGXE00.4F0.INX,M,U2,Y,IGXE00,4F0,INX,1967-08,,,,,F,M,,,A,,,P1M,,4F0,,,,2025 = 100,,2,,HICP Inflation rate - Non-energy industrial goods - Index,"Euro area (Member States and Institutions of the Euro Area) changing composition - HICP - Non-energy industrial goods, Index, European Central Bank (ECB), Working day and seasonally adjusted",IX,0,
HICP.M.U2.Y.IGXE00.4F0.INX,M,U2,Y,IGXE00,4F0,INX,1967-09,,,,,F,M,,,A,,,P1M,,4F0,,,,2025 = 100,,2,,HICP Inflation rate - Non-energy industrial goods - Index,"Euro area (Member States and Institutions of the Euro Area) changing composition - HICP - Non-energy industrial goods, Index, European Central Bank (ECB), Working day and seasonally adjusted",IX,0,
HICP.M.U2.Y.IGXE00.4F0.INX,M,U2,Y,IGXE00,4F0,INX,1967-10,,,,,F,M,,,A,,,P1M,,4F0,,,,2025 = 100,,2,,HICP Inflation rate - Non-energy industrial goods - Index,"Euro area (Member States and Institutions of the Euro Area) changing composition - HICP - Non-energy industrial goods, Index, European Central Bank (ECB), Working day and seasonally adjusted",IX,0,
HICP.M.U2.Y.IGXE00.4F0.INX,M,U2,Y,IGXE00,4F0,INX,1967-11,,,,,F,M,,,A,,,P1M,,4F0,,,,2025 = 100,,2,,HICP Inflation rate - Non-energy industrial goods - Index,"Euro area (Member States and Institutions of the Euro Area) changing composition - HICP - Non-energy industrial goods, Index, European Central Bank (ECB), Working day and seasonally adjusted",IX,0,
HICP.M.U2.Y.IGXE00.4F0.INX,M,U2,Y,IGXE00,4F0,INX,1967-12,,,,,F,M,,,A,,,P1M,,4F0,,,,2025 = 100,,2,,HICP Inflation rate - Non-energy industrial goods - Index,"Euro area (Member States and Institutions of the Euro Area) changing composition - HICP - Non-energy industrial goods, Index, European Central Bank (ECB), Working day and seasonally adjusted",IX,0,
HICP.M.U2.Y.IGXE00.4F0.INX,M,U2,Y,IGXE00,4F0,INX,1968-01,,,,,F,M,,,A,,,P1M,,4F0,,,,2025 = 100,,2,,HICP Inflation rate - Non-energy industrial goods - Index,"Euro area (Member States and Institutions of the Euro Area) changing composition - HICP - Non-energy industrial goods, Index, European Central Bank (ECB), Working day and seasonally adjusted",IX,0,
HICP.M.U2.Y.IGXE00.4F0.INX,M,U2,Y,IGXE00,4F0,INX,1968-02,,,,,F,M,,,A,,,P1M,,4F0,,,,2025 = 100,,2,,HICP Inflation rate - Non-energy industrial goods - Index,"Euro area (Member States and Institutions of the Euro Area) changing composition - HICP - Non-energy industrial goods, Index, European Central Bank (ECB), Working day and seasonally adjusted",IX,0,
HICP.M.U2.Y.IGXE00.4F0.INX,M,U2,Y,IGXE00,4F0,INX,1968-03,,,,,F,M,,,A,,,P1M,,4F0,,,,2025 = 100,,2,,HICP Inflation rate - Non-energy industrial goods - Index,"Euro area (Member States and Institutions of the Euro Area) changing composition - HICP - Non-energy industrial goods, Index, European Central Bank (ECB), Working day and seasonally adjusted",IX,0,
HICP.M.U2.Y.IGXE00.4F0.INX,M,U2,Y,IGXE00,4F0,INX,1968-04,,,,,F,M,,,A,,,P1M,,4F0,,,,2025 = 100,,2,,HICP Inflation rate - Non-energy industrial goods - Index,"Euro area (Member States and Institutions of the Euro Area) changing composition - HICP - Non-energy industrial goods, Index, European Central Bank (ECB), Working day and seasonally adjusted",IX,0,
HICP.M.U2.Y.IGXE00.4F0.INX,M,U2,Y,IGXE00,4F0,INX,1968-05,,,,,F,M,,,A,,,P1M,,4F0,,,,2025 = 100,,2,,HICP Inflation rate - Non-energy industrial goods - Index,"Euro area (Member States and Institutions of the Euro Area) changing composition - HICP - Non-energy industrial goods, Index, European Central Bank (ECB), Working day and seasonally adjusted",IX,0,
HICP.M.U2.Y.IGXE00.4F0.INX,M,U2,Y,IGXE00,4F0,INX,1968-06,,,,,F,M,,,A,,,P1M,,4F0,,,,2025 = 100,,2,,HICP Inflation rate - Non-energy industrial goods - Index,"Euro area (Member States and Institutions of the Euro Area) changing composition - HICP - Non-energy industrial goods, Index, European Central Bank (ECB), Working day and seasonally adjusted",IX,0,
HICP.M.U2.Y.IGXE00.4F0.INX,M,U2,Y,IGXE00,4F0,INX,1968-07,,,,,F,M,,,A,,,P1M,,4F0,,,,2025 = 100,,2,,HICP Inflation rate - Non-energy industrial goods - Index,"Euro area (Member States and Institutions of the Euro Area) changing composition - HICP - Non-energy industrial goods, Index, European Central Bank (ECB), Working day and seasonally adjusted",IX,0,
HICP.M.U2.Y.IGXE00.4F0.INX,M,U2,Y,IGXE00,4F0,INX,1968-08,,,,,F,M,,,A,,,P1M,,4F0,,,,2025 = 100,,2,,HICP Inflation rate - Non-energy industrial goods - Index,"Euro area (Member States and Institutions of the Euro Area) changing composition - HICP - Non-energy industrial goods, Index, European Central Bank (ECB), Working day and seasonally adjusted",IX,0,
HICP.M.U2.Y.IGXE00.4F0.INX,M,U2,Y,IGXE00,4F0,INX,1968-09,,,,,F,M,,,A,,,P1M,,4F0,,,,2025 = 100,,2,,HICP Inflation rate - Non-energy industrial goods - Index,"Euro area (Member States and Institutions of the Euro Area) changing composition - HICP - Non-energy industrial goods, Index, European Central Bank (ECB), Working day and seasonally adjusted",IX,0,
HICP.M.U2.Y.IGXE00.4F0.INX,M,U2,Y,IGXE00,4F0,INX,1968-10,,,,,F,M,,,A,,,P1M,,4F0,,,,2025 = 100,,2,,HICP Inflation rate - Non-energy industrial goods - Index,"Euro area (Member States and Institutions of the Euro Area) changing composition - HICP - Non-energy industrial goods, Index, European Central Bank (ECB), Working day and seasonally adjusted",IX,0,
HICP.M.U2.Y.IGXE00.4F0.INX,M,U2,Y,IGXE00,4F0,INX,1968-11,,,,,F,M,,,A,,,P1M,,4F0,,,,2025 = 100,,2,,HICP Inflation rate - Non-energy industrial goods - Index,"Euro area (Member States and Institutions of the Euro Area) changing composition - HICP - Non-energy industrial goods, Index, European Central Bank (ECB), Working day and seasonally adjusted",IX,0,
HICP.M.U2.Y.IGXE00.4F0.INX,M,U2,Y,IGXE00,4F0,INX,1968-12,,,,,F,M,,,A,,,P1M,,4F0,,,,2025 = 100,,2,,HICP Inflation rate - Non-energy industrial goods - Index,"Euro area (Member States and Institutions of the Euro Area) changing composition - HICP - Non-energy industrial goods, Index, European Central Bank (ECB), Working day and seasonally adjusted",IX,0,
HICP.M.U2.Y.IGXE00.4F0.INX,M,U2,Y,IGXE00,4F0,INX,1969-01,,,,,F,M,,,A,,,P1M,,4F0,,,,2025 = 100,,2,,HICP Inflation rate - Non-energy industrial goods - Index,"Euro area (Member States and Institutions of the Euro Area) changing composition - HICP - Non-energy industrial goods, Index, European Central Bank (ECB), Working day and seasonally adjusted",IX,0,
HICP.M.U2.Y.IGXE00.4F0.INX,M,U2,Y,IGXE00,4F0,INX,1969-02,,,,,F,M,,,A,,,P1M,,4F0,,,,2025 = 100,,2,,HICP Inflation rate - Non-energy industrial goods - Index,"Euro area (Member States and Institutions of the Euro Area) changing composition - HICP - Non-energy industrial goods, Index, European Central Bank (ECB), Working day and seasonally adjusted",IX,0,
HICP.M.U2.Y.IGXE00.4F0.INX,M,U2,Y,IGXE00,4F0,INX,1969-03,,,,,F,M,,,A,,,P1M,,4F0,,,,2025 = 100,,2,,HICP Inflation rate - Non-energy industrial goods - Index,"Euro area (Member States and Institutions of the Euro Area) changing composition - HICP - Non-energy industrial goods, Index, European Central Bank (ECB), Working day and seasonally adjusted",IX,0,
HICP.M.U2.Y.IGXE00.4F0.INX,M,U2,Y,IGXE00,4F0,INX,1969-04,,,,,F,M,,,A,,,P1M,,4F0,,,,2025 = 100,,2,,HICP Inflation rate - Non-energy industrial goods - Index,"Euro area (Member States and Institutions of the Euro Area) changing composition - HICP - Non-energy industrial goods, Index, European Central Bank (ECB), Working day and seasonally adjusted",IX,0,
HICP.M.U2.Y.IGXE00.4F0.INX,M,U2,Y,IGXE00,4F0,INX,1969-05,,,,,F,M,,,A,,,P1M,,4F0,,,,2025 = 100,,2,,HICP Inflation rate - Non-energy industrial goods - Index,"Euro area (Member States and Institutions of the Euro Area) changing composition - HICP - Non-energy industrial goods, Index, European Central Bank (ECB), Working day and seasonally adjusted",IX,0,
HICP.M.U2.Y.IGXE00.4F0.INX,M,U2,Y,IGXE00,4F0,INX,1969-06,,,,,F,M,,,A,,,P1M,,4F0,,,,2025 = 100,,2,,HICP Inflation rate - Non-energy industrial goods - Index,"Euro area (Member States and Institutions of the Euro Area) changing composition - HICP - Non-energy industrial goods, Index, European Central Bank (ECB), Working day and seasonally adjusted",IX,0,
HICP.M.U2.Y.IGXE00.4F0.INX,M,U2,Y,IGXE00,4F0,INX,1969-07,,,,,F,M,,,A,,,P1M,,4F0,,,,2025 = 100,,2,,HICP Inflation rate - Non-energy industrial goods - Index,"Euro area (Member States and Institutions of the Euro Area) changing composition - HICP - Non-energy industrial goods, Index, European Central Bank (ECB), Working day and seasonally adjusted",IX,0,
HICP.M.U2.Y.IGXE00.4F0.INX,M,U2,Y,IGXE00,4F0,INX,1969-08,,,,,F,M,,,A,,,P1M,,4F0,,,,2025 = 100,,2,,HICP Inflation rate - Non-energy industrial goods - Index,"Euro area (Member States and Institutions of the Euro Area) changing composition - HICP - Non-energy industrial goods, Index, European Central Bank (ECB), Working day and seasonally adjusted",IX,0,
HICP.M.U2.Y.IGXE00.4F0.INX,M,U2,Y,IGXE00,4F0,INX,1969-09,,,,,F,M,,,A,,,P1M,,4F0,,,,2025 = 100,,2,,HICP Inflation rate - Non-energy industrial goods - Index,"Euro area (Member States and Institutions of the Euro Area) changing composition - HICP - Non-energy industrial goods, Index, European Central Bank (ECB), Working day and seasonally adjusted",IX,0,
HICP.M.U2.Y.IGXE00.4F0.INX,M,U2,Y,IGXE00,4F0,INX,1969-10,,,,,F,M,,,A,,,P1M,,4F0,,,,2025 = 100,,2,,HICP Inflation rate - Non-energy industrial goods - Index,"Euro area (Member States and Institutions of the Euro Area) changing composition - HICP - Non-energy industrial goods, Index, European Central Bank (ECB), Working day and seasonally adjusted",IX,0,
HICP.M.U2.Y.IGXE00.4F0.INX,M,U2,Y,IGXE00,4F0,INX,1969-11,,,,,F,M,,,A,,,P1M,,4F0,,,,2025 = 100,,2,,HICP Inflation rate - Non-energy industrial goods - Index,"Euro area (Member States and Institutions of the Euro Area) changing composition - HICP - Non-energy industrial goods, Index, European Central Bank (ECB), Working day and seasonally adjusted",IX,0,
HICP.M.U2.Y.IGXE00.4F0.INX,M,U2,Y,IGXE00,4F0,INX,1969-12,,,,,F,M,,,A,,,P1M,,4F0,,,,2025 = 100,,2,,HICP Inflation rate - Non-energy industrial goods - Index,"Euro area (Member States and Institutions of the Euro Area) changing composition - HICP - Non-energy industrial goods, Index, European Central Bank (ECB), Working day and seasonally adjusted",IX,0,
HICP.M.U2.Y.IGXE00.4F0.INX,M,U2,Y,IGXE00,4F0,INX,1970-01,,,,,F,M,,,A,,,P1M,,4F0,,,,2025 = 100,,2,,HICP Inflation rate - Non-energy industrial goods - Index,"Euro area (Member States and Institutions of the Euro Area) changing composition - HICP - Non-energy industrial goods, Index, European Central Bank (ECB), Working day and seasonally adjusted",IX,0,
HICP.M.U2.Y.IGXE00.4F0.INX,M,U2,Y,IGXE00,4F0,INX,1970-02,,,,,F,M,,,A,,,P1M,,4F0,,,,2025 = 100,,2,,HICP Inflation rate - Non-energy industrial goods - Index,"Euro area (Member States and Institutions of the Euro Area) changing composition - HICP - Non-energy industrial goods, Index, European Central Bank (ECB), Working day and seasonally adjusted",IX,0,
HICP.M.U2.Y.IGXE00.4F0.INX,M,U2,Y,IGXE00,4F0,INX,1970-03,,,,,F,M,,,A,,,P1M,,4F0,,,,2025 = 100,,2,,HICP Inflation rate - Non-energy industrial goods - Index,"Euro area (Member States and Institutions of the Euro Area) changing composition - HICP - Non-energy industrial goods, Index, European Central Bank (ECB), Working day and seasonally adjusted",IX,0,
HICP.M.U2.Y.IGXE00.4F0.INX,M,U2,Y,IGXE00,4F0,INX,1970-04,,,,,F,M,,,A,,,P1M,,4F0,,,,2025 = 100,,2,,HICP Inflation rate - Non-energy industrial goods - Index,"Euro area (Member States and Institutions of the Euro Area) changing composition - HICP - Non-energy industrial goods, Index, European Central Bank (ECB), Working day and seasonally adjusted",IX,0,
HICP.M.U2.Y.IGXE00.4F0.INX,M,U2,Y,IGXE00,4F0,INX,1970-05,,,,,F,M,,,A,,,P1M,,4F0,,,,2025 = 100,,2,,HICP Inflation rate - Non-energy industrial goods - Index,"Euro area (Member States and Institutions of the Euro Area) changing composition - HICP - Non-energy industrial goods, Index, European Central Bank (ECB), Working day and seasonally adjusted",IX,0,
HICP.M.U2.Y.IGXE00.4F0.INX,M,U2,Y,IGXE00,4F0,INX,1970-06,,,,,F,M,,,A,,,P1M,,4F0,,,,2025 = 100,,2,,HICP Inflation rate - Non-energy industrial goods - Index,"Euro area (Member States and Institutions of the Euro Area) changing composition - HICP - Non-energy industrial goods, Index, European Central Bank (ECB), Working day and seasonally adjusted",IX,0,
HICP.M.U2.Y.IGXE00.4F0.INX,M,U2,Y,IGXE00,4F0,INX,1970-07,,,,,F,M,,,A,,,P1M,,4F0,,,,2025 = 100,,2,,HICP Inflation rate - Non-energy industrial goods - Index,"Euro area (Member States and Institutions of the Euro Area) changing composition - HICP - Non-energy industrial goods, Index, European Central Bank (ECB), Working day and seasonally adjusted",IX,0,
HICP.M.U2.Y.IGXE00.4F0.INX,M,U2,Y,IGXE00,4F0,INX,1970-08,,,,,F,M,,,A,,,P1M,,4F0,,,,2025 = 100,,2,,HICP Inflation rate - Non-energy industrial goods - Index,"Euro area (Member States and Institutions of the Euro Area) changing composition - HICP - Non-energy industrial goods, Index, European Central Bank (ECB), Working day and seasonally adjusted",IX,0,
HICP.M.U2.Y.IGXE00.4F0.INX,M,U2,Y,IGXE00,4F0,INX,1970-09,,,,,F,M,,,A,,,P1M,,4F0,,,,2025 = 100,,2,,HICP Inflation rate - Non-energy industrial goods - Index,"Euro area (Member States and Institutions of the Euro Area) changing composition - HICP - Non-energy industrial goods, Index, European Central Bank (ECB), Working day and seasonally adjusted",IX,0,
HICP.M.U2.Y.IGXE00.4F0.INX,M,U2,Y,IGXE00,4F0,INX,1970-10,,,,,F,M,,,A,,,P1M,,4F0,,,,2025 = 100,,2,,HICP Inflation rate - Non-energy industrial goods - Index,"Euro area (Member States and Institutions of the Euro Area) changing composition - HICP - Non-energy industrial goods, Index, European Central Bank (ECB), Working day and seasonally adjusted",IX,0,
HICP.M.U2.Y.IGXE00.4F0.INX,M,U2,Y,IGXE00,4F0,INX,1970-11,,,,,F,M,,,A,,,P1M,,4F0,,,,2025 = 100,,2,,HICP Inflation rate - Non-energy industrial goods - Index,"Euro area (Member States and Institutions of the Euro Area) changing composition - HICP - Non-energy industrial goods, Index, European Central Bank (ECB), Working day and seasonally adjusted",IX,0,
HICP.M.U2.Y.IGXE00.4F0.INX,M,U2,Y,IGXE00,4F0,INX,1970-12,,,,,F,M,,,A,,,P1M,,4F0,,,,2025 = 100,,2,,HICP Inflation rate - Non-energy industrial goods - Index,"Euro area (Member States and Institutions of the Euro Area) changing composition - HICP - Non-energy industrial goods, Index, European Central Bank (ECB), Working day and seasonally adjusted",IX,0,
HICP.M.U2.Y.IGXE00.4F0.INX,M,U2,Y,IGXE00,4F0,INX,1971-01,,,,,F,M,,,A,,,P1M,,4F0,,,,2025 = 100,,2,,HICP Inflation rate - Non-energy industrial goods - Index,"Euro area (Member States and Institutions of the Euro Area) changing composition - HICP - Non-energy industrial goods, Index, European Central Bank (ECB), Working day and seasonally adjusted",IX,0,
HICP.M.U2.Y.IGXE00.4F0.INX,M,U2,Y,IGXE00,4F0,INX,1971-02,,,,,F,M,,,A,,,P1M,,4F0,,,,2025 = 100,,2,,HICP Inflation rate - Non-energy industrial goods - Index,"Euro area (Member States and Institutions of the Euro Area) changing composition - HICP - Non-energy industrial goods, Index, European Central Bank (ECB), Working day and seasonally adjusted",IX,0,
HICP.M.U2.Y.IGXE00.4F0.INX,M,U2,Y,IGXE00,4F0,INX,1971-03,,,,,F,M,,,A,,,P1M,,4F0,,,,2025 = 100,,2,,HICP Inflation rate - Non-energy industrial goods - Index,"Euro area (Member States and Institutions of the Euro Area) changing composition - HICP - Non-energy industrial goods, Index, European Central Bank (ECB), Working day and seasonally adjusted",IX,0,
HICP.M.U2.Y.IGXE00.4F0.INX,M,U2,Y,IGXE00,4F0,INX,1971-04,,,,,F,M,,,A,,,P1M,,4F0,,,,2025 = 100,,2,,HICP Inflation rate - Non-energy industrial goods - Index,"Euro area (Member States and Institutions of the Euro Area) changing composition - HICP - Non-energy industrial goods, Index, European Central Bank (ECB), Working day and seasonally adjusted",IX,0,
HICP.M.U2.Y.IGXE00.4F0.INX,M,U2,Y,IGXE00,4F0,INX,1971-05,,,,,F,M,,,A,,,P1M,,4F0,,,,2025 = 100,,2,,HICP Inflation rate - Non-energy industrial goods - Index,"Euro area (Member States and Institutions of the Euro Area) changing composition - HICP - Non-energy industrial goods, Index, European Central Bank (ECB), Working day and seasonally adjusted",IX,0,
HICP.M.U2.Y.IGXE00.4F0.INX,M,U2,Y,IGXE00,4F0,INX,1971-06,,,,,F,M,,,A,,,P1M,,4F0,,,,2025 = 100,,2,,HICP Inflation rate - Non-energy industrial goods - Index,"Euro area (Member States and Institutions of the Euro Area) changing composition - HICP - Non-energy industrial goods, Index, European Central Bank (ECB), Working day and seasonally adjusted",IX,0,
HICP.M.U2.Y.IGXE00.4F0.INX,M,U2,Y,IGXE00,4F0,INX,1971-07,,,,,F,M,,,A,,,P1M,,4F0,,,,2025 = 100,,2,,HICP Inflation rate - Non-energy industrial goods - Index,"Euro area (Member States and Institutions of the Euro Area) changing composition - HICP - Non-energy industrial goods, Index, European Central Bank (ECB), Working day and seasonally adjusted",IX,0,
HICP.M.U2.Y.IGXE00.4F0.INX,M,U2,Y,IGXE00,4F0,INX,1971-08,,,,,F,M,,,A,,,P1M,,4F0,,,,2025 = 100,,2,,HICP Inflation rate - Non-energy industrial goods - Index,"Euro area (Member States and Institutions of the Euro Area) changing composition - HICP - Non-energy industrial goods, Index, European Central Bank (ECB), Working day and seasonally adjusted",IX,0,
HICP.M.U2.Y.IGXE00.4F0.INX,M,U2,Y,IGXE00,4F0,INX,1971-09,,,,,F,M,,,A,,,P1M,,4F0,,,,2025 = 100,,2,,HICP Inflation rate - Non-energy industrial goods - Index,"Euro area (Member States and Institutions of the Euro Area) changing composition - HICP - Non-energy industrial goods, Index, European Central Bank (ECB), Working day and seasonally adjusted",IX,0,
HICP.M.U2.Y.IGXE00.4F0.INX,M,U2,Y,IGXE00,4F0,INX,1971-10,,,,,F,M,,,A,,,P1M,,4F0,,,,2025 = 100,,2,,HICP Inflation rate - Non-energy industrial goods - Index,"Euro area (Member States and Institutions of the Euro Area) changing composition - HICP - Non-energy industrial goods, Index, European Central Bank (ECB), Working day and seasonally adjusted",IX,0,
HICP.M.U2.Y.IGXE00.4F0.INX,M,U2,Y,IGXE00,4F0,INX,1971-11,,,,,F,M,,,A,,,P1M,,4F0,,,,2025 = 100,,2,,HICP Inflation rate - Non-energy industrial goods - Index,"Euro area (Member States and Institutions of the Euro Area) changing composition - HICP - Non-energy industrial goods, Index, European Central Bank (ECB), Working day and seasonally adjusted",IX,0,
HICP.M.U2.Y.IGXE00.4F0.INX,M,U2,Y,IGXE00,4F0,INX,1971-12,,,,,F,M,,,A,,,P1M,,4F0,,,,2025 = 100,,2,,HICP Inflation rate - Non-energy industrial goods - Index,"Euro area (Member States and Institutions of the Euro Area) changing composition - HICP - Non-energy industrial goods, Index, European Central Bank (ECB), Working day and seasonally adjusted",IX,0,
HICP.M.U2.Y.IGXE00.4F0.INX,M,U2,Y,IGXE00,4F0,INX,1972-01,,,,,F,M,,,A,,,P1M,,4F0,,,,2025 = 100,,2,,HICP Inflation rate - Non-energy industrial goods - Index,"Euro area (Member States and Institutions of the Euro Area) changing composition - HICP - Non-energy industrial goods, Index, European Central Bank (ECB), Working day and seasonally adjusted",IX,0,
HICP.M.U2.Y.IGXE00.4F0.INX,M,U2,Y,IGXE00,4F0,INX,1972-02,,,,,F,M,,,A,,,P1M,,4F0,,,,2025 = 100,,2,,HICP Inflation rate - Non-energy industrial goods - Index,"Euro area (Member States and Institutions of the Euro Area) changing composition - HICP - Non-energy industrial goods, Index, European Central Bank (ECB), Working day and seasonally adjusted",IX,0,
HICP.M.U2.Y.IGXE00.4F0.INX,M,U2,Y,IGXE00,4F0,INX,1972-03,,,,,F,M,,,A,,,P1M,,4F0,,,,2025 = 100,,2,,HICP Inflation rate - Non-energy industrial goods - Index,"Euro area (Member States and Institutions of the Euro Area) changing composition - HICP - Non-energy industrial goods, Index, European Central Bank (ECB), Working day and seasonally adjusted",IX,0,
HICP.M.U2.Y.IGXE00.4F0.INX,M,U2,Y,IGXE00,4F0,INX,1972-04,,,,,F,M,,,A,,,P1M,,4F0,,,,2025 = 100,,2,,HICP Inflation rate - Non-energy industrial goods - Index,"Euro area (Member States and Institutions of the Euro Area) changing composition - HICP - Non-energy industrial goods, Index, European Central Bank (ECB), Working day and seasonally adjusted",IX,0,
HICP.M.U2.Y.IGXE00.4F0.INX,M,U2,Y,IGXE00,4F0,INX,1972-05,,,,,F,M,,,A,,,P1M,,4F0,,,,2025 = 100,,2,,HICP Inflation rate - Non-energy industrial goods - Index,"Euro area (Member States and Institutions of the Euro Area) changing composition - HICP - Non-energy industrial goods, Index, European Central Bank (ECB), Working day and seasonally adjusted",IX,0,
HICP.M.U2.Y.IGXE00.4F0.INX,M,U2,Y,IGXE00,4F0,INX,1972-06,,,,,F,M,,,A,,,P1M,,4F0,,,,2025 = 100,,2,,HICP Inflation rate - Non-energy industrial goods - Index,"Euro area (Member States and Institutions of the Euro Area) changing composition - HICP - Non-energy industrial goods, Index, European Central Bank (ECB), Working day and seasonally adjusted",IX,0,
HICP.M.U2.Y.IGXE00.4F0.INX,M,U2,Y,IGXE00,4F0,INX,1972-07,,,,,F,M,,,A,,,P1M,,4F0,,,,2025 = 100,,2,,HICP Inflation rate - Non-energy industrial goods - Index,"Euro area (Member States and Institutions of the Euro Area) changing composition - HICP - Non-energy industrial goods, Index, European Central Bank (ECB), Working day and seasonally adjusted",IX,0,
HICP.M.U2.Y.IGXE00.4F0.INX,M,U2,Y,IGXE00,4F0,INX,1972-08,,,,,F,M,,,A,,,P1M,,4F0,,,,2025 = 100,,2,,HICP Inflation rate - Non-energy industrial goods - Index,"Euro area (Member States and Institutions of the Euro Area) changing composition - HICP - Non-energy industrial goods, Index, European Central Bank (ECB), Working day and seasonally adjusted",IX,0,
HICP.M.U2.Y.IGXE00.4F0.INX,M,U2,Y,IGXE00,4F0,INX,1972-09,,,,,F,M,,,A,,,P1M,,4F0,,,,2025 = 100,,2,,HICP Inflation rate - Non-energy industrial goods - Index,"Euro area (Member States and Institutions of the Euro Area) changing composition - HICP - Non-energy industrial goods, Index, European Central Bank (ECB), Working day and seasonally adjusted",IX,0,
HICP.M.U2.Y.IGXE00.4F0.INX,M,U2,Y,IGXE00,4F0,INX,1972-10,,,,,F,M,,,A,,,P1M,,4F0,,,,2025 = 100,,2,,HICP Inflation rate - Non-energy industrial goods - Index,"Euro area (Member States and Institutions of the Euro Area) changing composition - HICP - Non-energy industrial goods, Index, European Central Bank (ECB), Working day and seasonally adjusted",IX,0,
HICP.M.U2.Y.IGXE00.4F0.INX,M,U2,Y,IGXE00,4F0,INX,1972-11,,,,,F,M,,,A,,,P1M,,4F0,,,,2025 = 100,,2,,HICP Inflation rate - Non-energy industrial goods - Index,"Euro area (Member States and Institutions of the Euro Area) changing composition - HICP - Non-energy industrial goods, Index, European Central Bank (ECB), Working day and seasonally adjusted",IX,0,
HICP.M.U2.Y.IGXE00.4F0.INX,M,U2,Y,IGXE00,4F0,INX,1972-12,,,,,F,M,,,A,,,P1M,,4F0,,,,2025 = 100,,2,,HICP Inflation rate - Non-energy industrial goods - Index,"Euro area (Member States and Institutions of the Euro Area) changing composition - HICP - Non-energy industrial goods, Index, European Central Bank (ECB), Working day and seasonally adjusted",IX,0,
HICP.M.U2.Y.IGXE00.4F0.INX,M,U2,Y,IGXE00,4F0,INX,1973-01,,,,,F,M,,,A,,,P1M,,4F0,,,,2025 = 100,,2,,HICP Inflation rate - Non-energy industrial goods - Index,"Euro area (Member States and Institutions of the Euro Area) changing composition - HICP - Non-energy industrial goods, Index, European Central Bank (ECB), Working day and seasonally adjusted",IX,0,
HICP.M.U2.Y.IGXE00.4F0.INX,M,U2,Y,IGXE00,4F0,INX,1973-02,,,,,F,M,,,A,,,P1M,,4F0,,,,2025 = 100,,2,,HICP Inflation rate - Non-energy industrial goods - Index,"Euro area (Member States and Institutions of the Euro Area) changing composition - HICP - Non-energy industrial goods, Index, European Central Bank (ECB), Working day and seasonally adjusted",IX,0,
HICP.M.U2.Y.IGXE00.4F0.INX,M,U2,Y,IGXE00,4F0,INX,1973-03,,,,,F,M,,,A,,,P1M,,4F0,,,,2025 = 100,,2,,HICP Inflation rate - Non-energy industrial goods - Index,"Euro area (Member States and Institutions of the Euro Area) changing composition - HICP - Non-energy industrial goods, Index, European Central Bank (ECB), Working day and seasonally adjusted",IX,0,
HICP.M.U2.Y.IGXE00.4F0.INX,M,U2,Y,IGXE00,4F0,INX,1973-04,,,,,F,M,,,A,,,P1M,,4F0,,,,2025 = 100,,2,,HICP Inflation rate - Non-energy industrial goods - Index,"Euro area (Member States and Institutions of the Euro Area) changing composition - HICP - Non-energy industrial goods, Index, European Central Bank (ECB), Working day and seasonally adjusted",IX,0,
HICP.M.U2.Y.IGXE00.4F0.INX,M,U2,Y,IGXE00,4F0,INX,1973-05,,,,,F,M,,,A,,,P1M,,4F0,,,,2025 = 100,,2,,HICP Inflation rate - Non-energy industrial goods - Index,"Euro area (Member States and Institutions of the Euro Area) changing composition - HICP - Non-energy industrial goods, Index, European Central Bank (ECB), Working day and seasonally adjusted",IX,0,
HICP.M.U2.Y.IGXE00.4F0.INX,M,U2,Y,IGXE00,4F0,INX,1973-06,,,,,F,M,,,A,,,P1M,,4F0,,,,2025 = 100,,2,,HICP Inflation rate - Non-energy industrial goods - Index,"Euro area (Member States and Institutions of the Euro Area) changing composition - HICP - Non-energy industrial goods, Index, European Central Bank (ECB), Working day and seasonally adjusted",IX,0,
HICP.M.U2.Y.IGXE00.4F0.INX,M,U2,Y,IGXE00,4F0,INX,1973-07,,,,,F,M,,,A,,,P1M,,4F0,,,,2025 = 100,,2,,HICP Inflation rate - Non-energy industrial goods - Index,"Euro area (Member States and Institutions of the Euro Area) changing composition - HICP - Non-energy industrial goods, Index, European Central Bank (ECB), Working day and seasonally adjusted",IX,0,
HICP.M.U2.Y.IGXE00.4F0.INX,M,U2,Y,IGXE00,4F0,INX,1973-08,,,,,F,M,,,A,,,P1M,,4F0,,,,2025 = 100,,2,,HICP Inflation rate - Non-energy industrial goods - Index,"Euro area (Member States and Institutions of the Euro Area) changing composition - HICP - Non-energy industrial goods, Index, European Central Bank (ECB), Working day and seasonally adjusted",IX,0,
HICP.M.U2.Y.IGXE00.4F0.INX,M,U2,Y,IGXE00,4F0,INX,1973-09,,,,,F,M,,,A,,,P1M,,4F0,,,,2025 = 100,,2,,HICP Inflation rate - Non-energy industrial goods - Index,"Euro area (Member States and Institutions of the Euro Area) changing composition - HICP - Non-energy industrial goods, Index, European Central Bank (ECB), Working day and seasonally adjusted",IX,0,
HICP.M.U2.Y.IGXE00.4F0.INX,M,U2,Y,IGXE00,4F0,INX,1973-10,,,,,F,M,,,A,,,P1M,,4F0,,,,2025 = 100,,2,,HICP Inflation rate - Non-energy industrial goods - Index,"Euro area (Member States and Institutions of the Euro Area) changing composition - HICP - Non-energy industrial goods, Index, European Central Bank (ECB), Working day and seasonally adjusted",IX,0,
HICP.M.U2.Y.IGXE00.4F0.INX,M,U2,Y,IGXE00,4F0,INX,1973-11,,,,,F,M,,,A,,,P1M,,4F0,,,,2025 = 100,,2,,HICP Inflation rate - Non-energy industrial goods - Index,"Euro area (Member States and Institutions of the Euro Area) changing composition - HICP - Non-energy industrial goods, Index, European Central Bank (ECB), Working day and seasonally adjusted",IX,0,
HICP.M.U2.Y.IGXE00.4F0.INX,M,U2,Y,IGXE00,4F0,INX,1973-12,,,,,F,M,,,A,,,P1M,,4F0,,,,2025 = 100,,2,,HICP Inflation rate - Non-energy industrial goods - Index,"Euro area (Member States and Institutions of the Euro Area) changing composition - HICP - Non-energy industrial goods, Index, European Central Bank (ECB), Working day and seasonally adjusted",IX,0,
HICP.M.U2.Y.IGXE00.4F0.INX,M,U2,Y,IGXE00,4F0,INX,1974-01,,,,,F,M,,,A,,,P1M,,4F0,,,,2025 = 100,,2,,HICP Inflation rate - Non-energy industrial goods - Index,"Euro area (Member States and Institutions of the Euro Area) changing composition - HICP - Non-energy industrial goods, Index, European Central Bank (ECB), Working day and seasonally adjusted",IX,0,
HICP.M.U2.Y.IGXE00.4F0.INX,M,U2,Y,IGXE00,4F0,INX,1974-02,,,,,F,M,,,A,,,P1M,,4F0,,,,2025 = 100,,2,,HICP Inflation rate - Non-energy industrial goods - Index,"Euro area (Member States and Institutions of the Euro Area) changing composition - HICP - Non-energy industrial goods, Index, European Central Bank (ECB), Working day and seasonally adjusted",IX,0,
HICP.M.U2.Y.IGXE00.4F0.INX,M,U2,Y,IGXE00,4F0,INX,1974-03,,,,,F,M,,,A,,,P1M,,4F0,,,,2025 = 100,,2,,HICP Inflation rate - Non-energy industrial goods - Index,"Euro area (Member States and Institutions of the Euro Area) changing composition - HICP - Non-energy industrial goods, Index, European Central Bank (ECB), Working day and seasonally adjusted",IX,0,
HICP.M.U2.Y.IGXE00.4F0.INX,M,U2,Y,IGXE00,4F0,INX,1974-04,,,,,F,M,,,A,,,P1M,,4F0,,,,2025 = 100,,2,,HICP Inflation rate - Non-energy industrial goods - Index,"Euro area (Member States and Institutions of the Euro Area) changing composition - HICP - Non-energy industrial goods, Index, European Central Bank (ECB), Working day and seasonally adjusted",IX,0,
HICP.M.U2.Y.IGXE00.4F0.INX,M,U2,Y,IGXE00,4F0,INX,1974-05,,,,,F,M,,,A,,,P1M,,4F0,,,,2025 = 100,,2,,HICP Inflation rate - Non-energy industrial goods - Index,"Euro area (Member States and Institutions of the Euro Area) changing composition - HICP - Non-energy industrial goods, Index, European Central Bank (ECB), Working day and seasonally adjusted",IX,0,
HICP.M.U2.Y.IGXE00.4F0.INX,M,U2,Y,IGXE00,4F0,INX,1974-06,,,,,F,M,,,A,,,P1M,,4F0,,,,2025 = 100,,2,,HICP Inflation rate - Non-energy industrial goods - Index,"Euro area (Member States and Institutions of the Euro Area) changing composition - HICP - Non-energy industrial goods, Index, European Central Bank (ECB), Working day and seasonally adjusted",IX,0,
HICP.M.U2.Y.IGXE00.4F0.INX,M,U2,Y,IGXE00,4F0,INX,1974-07,,,,,F,M,,,A,,,P1M,,4F0,,,,2025 = 100,,2,,HICP Inflation rate - Non-energy industrial goods - Index,"Euro area (Member States and Institutions of the Euro Area) changing composition - HICP - Non-energy industrial goods, Index, European Central Bank (ECB), Working day and seasonally adjusted",IX,0,
HICP.M.U2.Y.IGXE00.4F0.INX,M,U2,Y,IGXE00,4F0,INX,1974-08,,,,,F,M,,,A,,,P1M,,4F0,,,,2025 = 100,,2,,HICP Inflation rate - Non-energy industrial goods - Index,"Euro area (Member States and Institutions of the Euro Area) changing composition - HICP - Non-energy industrial goods, Index, European Central Bank (ECB), Working day and seasonally adjusted",IX,0,
HICP.M.U2.Y.IGXE00.4F0.INX,M,U2,Y,IGXE00,4F0,INX,1974-09,,,,,F,M,,,A,,,P1M,,4F0,,,,2025 = 100,,2,,HICP Inflation rate - Non-energy industrial goods - Index,"Euro area (Member States and Institutions of the Euro Area) changing composition - HICP - Non-energy industrial goods, Index, European Central Bank (ECB), Working day and seasonally adjusted",IX,0,
HICP.M.U2.Y.IGXE00.4F0.INX,M,U2,Y,IGXE00,4F0,INX,1974-10,,,,,F,M,,,A,,,P1M,,4F0,,,,2025 = 100,,2,,HICP Inflation rate - Non-energy industrial goods - Index,"Euro area (Member States and Institutions of the Euro Area) changing composition - HICP - Non-energy industrial goods, Index, European Central Bank (ECB), Working day and seasonally adjusted",IX,0,
HICP.M.U2.Y.IGXE00.4F0.INX,M,U2,Y,IGXE00,4F0,INX,1974-11,,,,,F,M,,,A,,,P1M,,4F0,,,,2025 = 100,,2,,HICP Inflation rate - Non-energy industrial goods - Index,"Euro area (Member States and Institutions of the Euro Area) changing composition - HICP - Non-energy industrial goods, Index, European Central Bank (ECB), Working day and seasonally adjusted",IX,0,
HICP.M.U2.Y.IGXE00.4F0.INX,M,U2,Y,IGXE00,4F0,INX,1974-12,,,,,F,M,,,A,,,P1M,,4F0,,,,2025 = 100,,2,,HICP Inflation rate - Non-energy industrial goods - Index,"Euro area (Member States and Institutions of the Euro Area) changing composition - HICP - Non-energy industrial goods, Index, European Central Bank (ECB), Working day and seasonally adjusted",IX,0,
HICP.M.U2.Y.IGXE00.4F0.INX,M,U2,Y,IGXE00,4F0,INX,1975-01,,,,,F,M,,,A,,,P1M,,4F0,,,,2025 = 100,,2,,HICP Inflation rate - Non-energy industrial goods - Index,"Euro area (Member States and Institutions of the Euro Area) changing composition - HICP - Non-energy industrial goods, Index, European Central Bank (ECB), Working day and seasonally adjusted",IX,0,
HICP.M.U2.Y.IGXE00.4F0.INX,M,U2,Y,IGXE00,4F0,INX,1975-02,,,,,F,M,,,A,,,P1M,,4F0,,,,2025 = 100,,2,,HICP Inflation rate - Non-energy industrial goods - Index,"Euro area (Member States and Institutions of the Euro Area) changing composition - HICP - Non-energy industrial goods, Index, European Central Bank (ECB), Working day and seasonally adjusted",IX,0,
HICP.M.U2.Y.IGXE00.4F0.INX,M,U2,Y,IGXE00,4F0,INX,1975-03,,,,,F,M,,,A,,,P1M,,4F0,,,,2025 = 100,,2,,HICP Inflation rate - Non-energy industrial goods - Index,"Euro area (Member States and Institutions of the Euro Area) changing composition - HICP - Non-energy industrial goods, Index, European Central Bank (ECB), Working day and seasonally adjusted",IX,0,
HICP.M.U2.Y.IGXE00.4F0.INX,M,U2,Y,IGXE00,4F0,INX,1975-04,,,,,F,M,,,A,,,P1M,,4F0,,,,2025 = 100,,2,,HICP Inflation rate - Non-energy industrial goods - Index,"Euro area (Member States and Institutions of the Euro Area) changing composition - HICP - Non-energy industrial goods, Index, European Central Bank (ECB), Working day and seasonally adjusted",IX,0,
HICP.M.U2.Y.IGXE00.4F0.INX,M,U2,Y,IGXE00,4F0,INX,1975-05,,,,,F,M,,,A,,,P1M,,4F0,,,,2025 = 100,,2,,HICP Inflation rate - Non-energy industrial goods - Index,"Euro area (Member States and Institutions of the Euro Area) changing composition - HICP - Non-energy industrial goods, Index, European Central Bank (ECB), Working day and seasonally adjusted",IX,0,
HICP.M.U2.Y.IGXE00.4F0.INX,M,U2,Y,IGXE00,4F0,INX,1975-06,,,,,F,M,,,A,,,P1M,,4F0,,,,2025 = 100,,2,,HICP Inflation rate - Non-energy industrial goods - Index,"Euro area (Member States and Institutions of the Euro Area) changing composition - HICP - Non-energy industrial goods, Index, European Central Bank (ECB), Working day and seasonally adjusted",IX,0,
HICP.M.U2.Y.IGXE00.4F0.INX,M,U2,Y,IGXE00,4F0,INX,1975-07,,,,,F,M,,,A,,,P1M,,4F0,,,,2025 = 100,,2,,HICP Inflation rate - Non-energy industrial goods - Index,"Euro area (Member States and Institutions of the Euro Area) changing composition - HICP - Non-energy industrial goods, Index, European Central Bank (ECB), Working day and seasonally adjusted",IX,0,
HICP.M.U2.Y.IGXE00.4F0.INX,M,U2,Y,IGXE00,4F0,INX,1975-08,,,,,F,M,,,A,,,P1M,,4F0,,,,2025 = 100,,2,,HICP Inflation rate - Non-energy industrial goods - Index,"Euro area (Member States and Institutions of the Euro Area) changing composition - HICP - Non-energy industrial goods, Index, European Central Bank (ECB), Working day and seasonally adjusted",IX,0,
HICP.M.U2.Y.IGXE00.4F0.INX,M,U2,Y,IGXE00,4F0,INX,1975-09,,,,,F,M,,,A,,,P1M,,4F0,,,,2025 = 100,,2,,HICP Inflation rate - Non-energy industrial goods - Index,"Euro area (Member States and Institutions of the Euro Area) changing composition - HICP - Non-energy industrial goods, Index, European Central Bank (ECB), Working day and seasonally adjusted",IX,0,
HICP.M.U2.Y.IGXE00.4F0.INX,M,U2,Y,IGXE00,4F0,INX,1975-10,,,,,F,M,,,A,,,P1M,,4F0,,,,2025 = 100,,2,,HICP Inflation rate - Non-energy industrial goods - Index,"Euro area (Member States and Institutions of the Euro Area) changing composition - HICP - Non-energy industrial goods, Index, European Central Bank (ECB), Working day and seasonally adjusted",IX,0,
HICP.M.U2.Y.IGXE00.4F0.INX,M,U2,Y,IGXE00,4F0,INX,1975-11,,,,,F,M,,,A,,,P1M,,4F0,,,,2025 = 100,,2,,HICP Inflation rate - Non-energy industrial goods - Index,"Euro area (Member States and Institutions of the Euro Area) changing composition - HICP - Non-energy industrial goods, Index, European Central Bank (ECB), Working day and seasonally adjusted",IX,0,
HICP.M.U2.Y.IGXE00.4F0.INX,M,U2,Y,IGXE00,4F0,INX,1975-12,,,,,F,M,,,A,,,P1M,,4F0,,,,2025 = 100,,2,,HICP Inflation rate - Non-energy industrial goods - Index,"Euro area (Member States and Institutions of the Euro Area) changing composition - HICP - Non-energy industrial goods, Index, European Central Bank (ECB), Working day and seasonally adjusted",IX,0,
HICP.M.U2.Y.IGXE00.4F0.INX,M,U2,Y,IGXE00,4F0,INX,1976-01,,,,,F,M,,,A,,,P1M,,4F0,,,,2025 = 100,,2,,HICP Inflation rate - Non-energy industrial goods - Index,"Euro area (Member States and Institutions of the Euro Area) changing composition - HICP - Non-energy industrial goods, Index, European Central Bank (ECB), Working day and seasonally adjusted",IX,0,
HICP.M.U2.Y.IGXE00.4F0.INX,M,U2,Y,IGXE00,4F0,INX,1976-02,,,,,F,M,,,A,,,P1M,,4F0,,,,2025 = 100,,2,,HICP Inflation rate - Non-energy industrial goods - Index,"Euro area (Member States and Institutions of the Euro Area) changing composition - HICP - Non-energy industrial goods, Index, European Central Bank (ECB), Working day and seasonally adjusted",IX,0,
HICP.M.U2.Y.IGXE00.4F0.INX,M,U2,Y,IGXE00,4F0,INX,1976-03,,,,,F,M,,,A,,,P1M,,4F0,,,,2025 = 100,,2,,HICP Inflation rate - Non-energy industrial goods - Index,"Euro area (Member States and Institutions of the Euro Area) changing composition - HICP - Non-energy industrial goods, Index, European Central Bank (ECB), Working day and seasonally adjusted",IX,0,
HICP.M.U2.Y.IGXE00.4F0.INX,M,U2,Y,IGXE00,4F0,INX,1976-04,,,,,F,M,,,A,,,P1M,,4F0,,,,2025 = 100,,2,,HICP Inflation rate - Non-energy industrial goods - Index,"Euro area (Member States and Institutions of the Euro Area) changing composition - HICP - Non-energy industrial goods, Index, European Central Bank (ECB), Working day and seasonally adjusted",IX,0,
HICP.M.U2.Y.IGXE00.4F0.INX,M,U2,Y,IGXE00,4F0,INX,1976-05,,,,,F,M,,,A,,,P1M,,4F0,,,,2025 = 100,,2,,HICP Inflation rate - Non-energy industrial goods - Index,"Euro area (Member States and Institutions of the Euro Area) changing composition - HICP - Non-energy industrial goods, Index, European Central Bank (ECB), Working day and seasonally adjusted",IX,0,
HICP.M.U2.Y.IGXE00.4F0.INX,M,U2,Y,IGXE00,4F0,INX,1976-06,,,,,F,M,,,A,,,P1M,,4F0,,,,2025 = 100,,2,,HICP Inflation rate - Non-energy industrial goods - Index,"Euro area (Member States and Institutions of the Euro Area) changing composition - HICP - Non-energy industrial goods, Index, European Central Bank (ECB), Working day and seasonally adjusted",IX,0,
HICP.M.U2.Y.IGXE00.4F0.INX,M,U2,Y,IGXE00,4F0,INX,1976-07,,,,,F,M,,,A,,,P1M,,4F0,,,,2025 = 100,,2,,HICP Inflation rate - Non-energy industrial goods - Index,"Euro area (Member States and Institutions of the Euro Area) changing composition - HICP - Non-energy industrial goods, Index, European Central Bank (ECB), Working day and seasonally adjusted",IX,0,
HICP.M.U2.Y.IGXE00.4F0.INX,M,U2,Y,IGXE00,4F0,INX,1976-08,,,,,F,M,,,A,,,P1M,,4F0,,,,2025 = 100,,2,,HICP Inflation rate - Non-energy industrial goods - Index,"Euro area (Member States and Institutions of the Euro Area) changing composition - HICP - Non-energy industrial goods, Index, European Central Bank (ECB), Working day and seasonally adjusted",IX,0,
HICP.M.U2.Y.IGXE00.4F0.INX,M,U2,Y,IGXE00,4F0,INX,1976-09,,,,,F,M,,,A,,,P1M,,4F0,,,,2025 = 100,,2,,HICP Inflation rate - Non-energy industrial goods - Index,"Euro area (Member States and Institutions of the Euro Area) changing composition - HICP - Non-energy industrial goods, Index, European Central Bank (ECB), Working day and seasonally adjusted",IX,0,
HICP.M.U2.Y.IGXE00.4F0.INX,M,U2,Y,IGXE00,4F0,INX,1976-10,,,,,F,M,,,A,,,P1M,,4F0,,,,2025 = 100,,2,,HICP Inflation rate - Non-energy industrial goods - Index,"Euro area (Member States and Institutions of the Euro Area) changing composition - HICP - Non-energy industrial goods, Index, European Central Bank (ECB), Working day and seasonally adjusted",IX,0,
HICP.M.U2.Y.IGXE00.4F0.INX,M,U2,Y,IGXE00,4F0,INX,1976-11,,,,,F,M,,,A,,,P1M,,4F0,,,,2025 = 100,,2,,HICP Inflation rate - Non-energy industrial goods - Index,"Euro area (Member States and Institutions of the Euro Area) changing composition - HICP - Non-energy industrial goods, Index, European Central Bank (ECB), Working day and seasonally adjusted",IX,0,
HICP.M.U2.Y.IGXE00.4F0.INX,M,U2,Y,IGXE00,4F0,INX,1976-12,,,,,F,M,,,A,,,P1M,,4F0,,,,2025 = 100,,2,,HICP Inflation rate - Non-energy industrial goods - Index,"Euro area (Member States and Institutions of the Euro Area) changing composition - HICP - Non-energy industrial goods, Index, European Central Bank (ECB), Working day and seasonally adjusted",IX,0,
HICP.M.U2.Y.IGXE00.4F0.INX,M,U2,Y,IGXE00,4F0,INX,1977-01,,,,,F,M,,,A,,,P1M,,4F0,,,,2025 = 100,,2,,HICP Inflation rate - Non-energy industrial goods - Index,"Euro area (Member States and Institutions of the Euro Area) changing composition - HICP - Non-energy industrial goods, Index, European Central Bank (ECB), Working day and seasonally adjusted",IX,0,
HICP.M.U2.Y.IGXE00.4F0.INX,M,U2,Y,IGXE00,4F0,INX,1977-02,,,,,F,M,,,A,,,P1M,,4F0,,,,2025 = 100,,2,,HICP Inflation rate - Non-energy industrial goods - Index,"Euro area (Member States and Institutions of the Euro Area) changing composition - HICP - Non-energy industrial goods, Index, European Central Bank (ECB), Working day and seasonally adjusted",IX,0,
HICP.M.U2.Y.IGXE00.4F0.INX,M,U2,Y,IGXE00,4F0,INX,1977-03,,,,,F,M,,,A,,,P1M,,4F0,,,,2025 = 100,,2,,HICP Inflation rate - Non-energy industrial goods - Index,"Euro area (Member States and Institutions of the Euro Area) changing composition - HICP - Non-energy industrial goods, Index, European Central Bank (ECB), Working day and seasonally adjusted",IX,0,
HICP.M.U2.Y.IGXE00.4F0.INX,M,U2,Y,IGXE00,4F0,INX,1977-04,,,,,F,M,,,A,,,P1M,,4F0,,,,2025 = 100,,2,,HICP Inflation rate - Non-energy industrial goods - Index,"Euro area (Member States and Institutions of the Euro Area) changing composition - HICP - Non-energy industrial goods, Index, European Central Bank (ECB), Working day and seasonally adjusted",IX,0,
HICP.M.U2.Y.IGXE00.4F0.INX,M,U2,Y,IGXE00,4F0,INX,1977-05,,,,,F,M,,,A,,,P1M,,4F0,,,,2025 = 100,,2,,HICP Inflation rate - Non-energy industrial goods - Index,"Euro area (Member States and Institutions of the Euro Area) changing composition - HICP - Non-energy industrial goods, Index, European Central Bank (ECB), Working day and seasonally adjusted",IX,0,
HICP.M.U2.Y.IGXE00.4F0.INX,M,U2,Y,IGXE00,4F0,INX,1977-06,,,,,F,M,,,A,,,P1M,,4F0,,,,2025 = 100,,2,,HICP Inflation rate - Non-energy industrial goods - Index,"Euro area (Member States and Institutions of the Euro Area) changing composition - HICP - Non-energy industrial goods, Index, European Central Bank (ECB), Working day and seasonally adjusted",IX,0,
HICP.M.U2.Y.IGXE00.4F0.INX,M,U2,Y,IGXE00,4F0,INX,1977-07,,,,,F,M,,,A,,,P1M,,4F0,,,,2025 = 100,,2,,HICP Inflation rate - Non-energy industrial goods - Index,"Euro area (Member States and Institutions of the Euro Area) changing composition - HICP - Non-energy industrial goods, Index, European Central Bank (ECB), Working day and seasonally adjusted",IX,0,
HICP.M.U2.Y.IGXE00.4F0.INX,M,U2,Y,IGXE00,4F0,INX,1977-08,,,,,F,M,,,A,,,P1M,,4F0,,,,2025 = 100,,2,,HICP Inflation rate - Non-energy industrial goods - Index,"Euro area (Member States and Institutions of the Euro Area) changing composition - HICP - Non-energy industrial goods, Index, European Central Bank (ECB), Working day and seasonally adjusted",IX,0,
HICP.M.U2.Y.IGXE00.4F0.INX,M,U2,Y,IGXE00,4F0,INX,1977-09,,,,,F,M,,,A,,,P1M,,4F0,,,,2025 = 100,,2,,HICP Inflation rate - Non-energy industrial goods - Index,"Euro area (Member States and Institutions of the Euro Area) changing composition - HICP - Non-energy industrial goods, Index, European Central Bank (ECB), Working day and seasonally adjusted",IX,0,
HICP.M.U2.Y.IGXE00.4F0.INX,M,U2,Y,IGXE00,4F0,INX,1977-10,,,,,F,M,,,A,,,P1M,,4F0,,,,2025 = 100,,2,,HICP Inflation rate - Non-energy industrial goods - Index,"Euro area (Member States and Institutions of the Euro Area) changing composition - HICP - Non-energy industrial goods, Index, European Central Bank (ECB), Working day and seasonally adjusted",IX,0,
HICP.M.U2.Y.IGXE00.4F0.INX,M,U2,Y,IGXE00,4F0,INX,1977-11,,,,,F,M,,,A,,,P1M,,4F0,,,,2025 = 100,,2,,HICP Inflation rate - Non-energy industrial goods - Index,"Euro area (Member States and Institutions of the Euro Area) changing composition - HICP - Non-energy industrial goods, Index, European Central Bank (ECB), Working day and seasonally adjusted",IX,0,
HICP.M.U2.Y.IGXE00.4F0.INX,M,U2,Y,IGXE00,4F0,INX,1977-12,,,,,F,M,,,A,,,P1M,,4F0,,,,2025 = 100,,2,,HICP Inflation rate - Non-energy industrial goods - Index,"Euro area (Member States and Institutions of the Euro Area) changing composition - HICP - Non-energy industrial goods, Index, European Central Bank (ECB), Working day and seasonally adjusted",IX,0,
HICP.M.U2.Y.IGXE00.4F0.INX,M,U2,Y,IGXE00,4F0,INX,1978-01,,,,,F,M,,,A,,,P1M,,4F0,,,,2025 = 100,,2,,HICP Inflation rate - Non-energy industrial goods - Index,"Euro area (Member States and Institutions of the Euro Area) changing composition - HICP - Non-energy industrial goods, Index, European Central Bank (ECB), Working day and seasonally adjusted",IX,0,
HICP.M.U2.Y.IGXE00.4F0.INX,M,U2,Y,IGXE00,4F0,INX,1978-02,,,,,F,M,,,A,,,P1M,,4F0,,,,2025 = 100,,2,,HICP Inflation rate - Non-energy industrial goods - Index,"Euro area (Member States and Institutions of the Euro Area) changing composition - HICP - Non-energy industrial goods, Index, European Central Bank (ECB), Working day and seasonally adjusted",IX,0,
HICP.M.U2.Y.IGXE00.4F0.INX,M,U2,Y,IGXE00,4F0,INX,1978-03,,,,,F,M,,,A,,,P1M,,4F0,,,,2025 = 100,,2,,HICP Inflation rate - Non-energy industrial goods - Index,"Euro area (Member States and Institutions of the Euro Area) changing composition - HICP - Non-energy industrial goods, Index, European Central Bank (ECB), Working day and seasonally adjusted",IX,0,
HICP.M.U2.Y.IGXE00.4F0.INX,M,U2,Y,IGXE00,4F0,INX,1978-04,,,,,F,M,,,A,,,P1M,,4F0,,,,2025 = 100,,2,,HICP Inflation rate - Non-energy industrial goods - Index,"Euro area (Member States and Institutions of the Euro Area) changing composition - HICP - Non-energy industrial goods, Index, European Central Bank (ECB), Working day and seasonally adjusted",IX,0,
HICP.M.U2.Y.IGXE00.4F0.INX,M,U2,Y,IGXE00,4F0,INX,1978-05,,,,,F,M,,,A,,,P1M,,4F0,,,,2025 = 100,,2,,HICP Inflation rate - Non-energy industrial goods - Index,"Euro area (Member States and Institutions of the Euro Area) changing composition - HICP - Non-energy industrial goods, Index, European Central Bank (ECB), Working day and seasonally adjusted",IX,0,
HICP.M.U2.Y.IGXE00.4F0.INX,M,U2,Y,IGXE00,4F0,INX,1978-06,,,,,F,M,,,A,,,P1M,,4F0,,,,2025 = 100,,2,,HICP Inflation rate - Non-energy industrial goods - Index,"Euro area (Member States and Institutions of the Euro Area) changing composition - HICP - Non-energy industrial goods, Index, European Central Bank (ECB), Working day and seasonally adjusted",IX,0,
HICP.M.U2.Y.IGXE00.4F0.INX,M,U2,Y,IGXE00,4F0,INX,1978-07,,,,,F,M,,,A,,,P1M,,4F0,,,,2025 = 100,,2,,HICP Inflation rate - Non-energy industrial goods - Index,"Euro area (Member States and Institutions of the Euro Area) changing composition - HICP - Non-energy industrial goods, Index, European Central Bank (ECB), Working day and seasonally adjusted",IX,0,
HICP.M.U2.Y.IGXE00.4F0.INX,M,U2,Y,IGXE00,4F0,INX,1978-08,,,,,F,M,,,A,,,P1M,,4F0,,,,2025 = 100,,2,,HICP Inflation rate - Non-energy industrial goods - Index,"Euro area (Member States and Institutions of the Euro Area) changing composition - HICP - Non-energy industrial goods, Index, European Central Bank (ECB), Working day and seasonally adjusted",IX,0,
HICP.M.U2.Y.IGXE00.4F0.INX,M,U2,Y,IGXE00,4F0,INX,1978-09,,,,,F,M,,,A,,,P1M,,4F0,,,,2025 = 100,,2,,HICP Inflation rate - Non-energy industrial goods - Index,"Euro area (Member States and Institutions of the Euro Area) changing composition - HICP - Non-energy industrial goods, Index, European Central Bank (ECB), Working day and seasonally adjusted",IX,0,
HICP.M.U2.Y.IGXE00.4F0.INX,M,U2,Y,IGXE00,4F0,INX,1978-10,,,,,F,M,,,A,,,P1M,,4F0,,,,2025 = 100,,2,,HICP Inflation rate - Non-energy industrial goods - Index,"Euro area (Member States and Institutions of the Euro Area) changing composition - HICP - Non-energy industrial goods, Index, European Central Bank (ECB), Working day and seasonally adjusted",IX,0,
HICP.M.U2.Y.IGXE00.4F0.INX,M,U2,Y,IGXE00,4F0,INX,1978-11,,,,,F,M,,,A,,,P1M,,4F0,,,,2025 = 100,,2,,HICP Inflation rate - Non-energy industrial goods - Index,"Euro area (Member States and Institutions of the Euro Area) changing composition - HICP - Non-energy industrial goods, Index, European Central Bank (ECB), Working day and seasonally adjusted",IX,0,
HICP.M.U2.Y.IGXE00.4F0.INX,M,U2,Y,IGXE00,4F0,INX,1978-12,,,,,F,M,,,A,,,P1M,,4F0,,,,2025 = 100,,2,,HICP Inflation rate - Non-energy industrial goods - Index,"Euro area (Member States and Institutions of the Euro Area) changing composition - HICP - Non-energy industrial goods, Index, European Central Bank (ECB), Working day and seasonally adjusted",IX,0,
HICP.M.U2.Y.IGXE00.4F0.INX,M,U2,Y,IGXE00,4F0,INX,1979-01,,,,,F,M,,,A,,,P1M,,4F0,,,,2025 = 100,,2,,HICP Inflation rate - Non-energy industrial goods - Index,"Euro area (Member States and Institutions of the Euro Area) changing composition - HICP - Non-energy industrial goods, Index, European Central Bank (ECB), Working day and seasonally adjusted",IX,0,
HICP.M.U2.Y.IGXE00.4F0.INX,M,U2,Y,IGXE00,4F0,INX,1979-02,,,,,F,M,,,A,,,P1M,,4F0,,,,2025 = 100,,2,,HICP Inflation rate - Non-energy industrial goods - Index,"Euro area (Member States and Institutions of the Euro Area) changing composition - HICP - Non-energy industrial goods, Index, European Central Bank (ECB), Working day and seasonally adjusted",IX,0,
HICP.M.U2.Y.IGXE00.4F0.INX,M,U2,Y,IGXE00,4F0,INX,1979-03,,,,,F,M,,,A,,,P1M,,4F0,,,,2025 = 100,,2,,HICP Inflation rate - Non-energy industrial goods - Index,"Euro area (Member States and Institutions of the Euro Area) changing composition - HICP - Non-energy industrial goods, Index, European Central Bank (ECB), Working day and seasonally adjusted",IX,0,
HICP.M.U2.Y.IGXE00.4F0.INX,M,U2,Y,IGXE00,4F0,INX,1979-04,,,,,F,M,,,A,,,P1M,,4F0,,,,2025 = 100,,2,,HICP Inflation rate - Non-energy industrial goods - Index,"Euro area (Member States and Institutions of the Euro Area) changing composition - HICP - Non-energy industrial goods, Index, European Central Bank (ECB), Working day and seasonally adjusted",IX,0,
HICP.M.U2.Y.IGXE00.4F0.INX,M,U2,Y,IGXE00,4F0,INX,1979-05,,,,,F,M,,,A,,,P1M,,4F0,,,,2025 = 100,,2,,HICP Inflation rate - Non-energy industrial goods - Index,"Euro area (Member States and Institutions of the Euro Area) changing composition - HICP - Non-energy industrial goods, Index, European Central Bank (ECB), Working day and seasonally adjusted",IX,0,
HICP.M.U2.Y.IGXE00.4F0.INX,M,U2,Y,IGXE00,4F0,INX,1979-06,,,,,F,M,,,A,,,P1M,,4F0,,,,2025 = 100,,2,,HICP Inflation rate - Non-energy industrial goods - Index,"Euro area (Member States and Institutions of the Euro Area) changing composition - HICP - Non-energy industrial goods, Index, European Central Bank (ECB), Working day and seasonally adjusted",IX,0,
HICP.M.U2.Y.IGXE00.4F0.INX,M,U2,Y,IGXE00,4F0,INX,1979-07,,,,,F,M,,,A,,,P1M,,4F0,,,,2025 = 100,,2,,HICP Inflation rate - Non-energy industrial goods - Index,"Euro area (Member States and Institutions of the Euro Area) changing composition - HICP - Non-energy industrial goods, Index, European Central Bank (ECB), Working day and seasonally adjusted",IX,0,
HICP.M.U2.Y.IGXE00.4F0.INX,M,U2,Y,IGXE00,4F0,INX,1979-08,,,,,F,M,,,A,,,P1M,,4F0,,,,2025 = 100,,2,,HICP Inflation rate - Non-energy industrial goods - Index,"Euro area (Member States and Institutions of the Euro Area) changing composition - HICP - Non-energy industrial goods, Index, European Central Bank (ECB), Working day and seasonally adjusted",IX,0,
HICP.M.U2.Y.IGXE00.4F0.INX,M,U2,Y,IGXE00,4F0,INX,1979-09,,,,,F,M,,,A,,,P1M,,4F0,,,,2025 = 100,,2,,HICP Inflation rate - Non-energy industrial goods - Index,"Euro area (Member States and Institutions of the Euro Area) changing composition - HICP - Non-energy industrial goods, Index, European Central Bank (ECB), Working day and seasonally adjusted",IX,0,
HICP.M.U2.Y.IGXE00.4F0.INX,M,U2,Y,IGXE00,4F0,INX,1979-10,,,,,F,M,,,A,,,P1M,,4F0,,,,2025 = 100,,2,,HICP Inflation rate - Non-energy industrial goods - Index,"Euro area (Member States and Institutions of the Euro Area) changing composition - HICP - Non-energy industrial goods, Index, European Central Bank (ECB), Working day and seasonally adjusted",IX,0,
HICP.M.U2.Y.IGXE00.4F0.INX,M,U2,Y,IGXE00,4F0,INX,1979-11,,,,,F,M,,,A,,,P1M,,4F0,,,,2025 = 100,,2,,HICP Inflation rate - Non-energy industrial goods - Index,"Euro area (Member States and Institutions of the Euro Area) changing composition - HICP - Non-energy industrial goods, Index, European Central Bank (ECB), Working day and seasonally adjusted",IX,0,
HICP.M.U2.Y.IGXE00.4F0.INX,M,U2,Y,IGXE00,4F0,INX,1979-12,,,,,F,M,,,A,,,P1M,,4F0,,,,2025 = 100,,2,,HICP Inflation rate - Non-energy industrial goods - Index,"Euro area (Member States and Institutions of the Euro Area) changing composition - HICP - Non-energy industrial goods, Index, European Central Bank (ECB), Working day and seasonally adjusted",IX,0,
HICP.M.U2.Y.IGXE00.4F0.INX,M,U2,Y,IGXE00,4F0,INX,1980-01,,,,,F,M,,,A,,,P1M,,4F0,,,,2025 = 100,,2,,HICP Inflation rate - Non-energy industrial goods - Index,"Euro area (Member States and Institutions of the Euro Area) changing composition - HICP - Non-energy industrial goods, Index, European Central Bank (ECB), Working day and seasonally adjusted",IX,0,
HICP.M.U2.Y.IGXE00.4F0.INX,M,U2,Y,IGXE00,4F0,INX,1980-02,,,,,F,M,,,A,,,P1M,,4F0,,,,2025 = 100,,2,,HICP Inflation rate - Non-energy industrial goods - Index,"Euro area (Member States and Institutions of the Euro Area) changing composition - HICP - Non-energy industrial goods, Index, European Central Bank (ECB), Working day and seasonally adjusted",IX,0,
HICP.M.U2.Y.IGXE00.4F0.INX,M,U2,Y,IGXE00,4F0,INX,1980-03,,,,,F,M,,,A,,,P1M,,4F0,,,,2025 = 100,,2,,HICP Inflation rate - Non-energy industrial goods - Index,"Euro area (Member States and Institutions of the Euro Area) changing composition - HICP - Non-energy industrial goods, Index, European Central Bank (ECB), Working day and seasonally adjusted",IX,0,
HICP.M.U2.Y.IGXE00.4F0.INX,M,U2,Y,IGXE00,4F0,INX,1980-04,,,,,F,M,,,A,,,P1M,,4F0,,,,2025 = 100,,2,,HICP Inflation rate - Non-energy industrial goods - Index,"Euro area (Member States and Institutions of the Euro Area) changing composition - HICP - Non-energy industrial goods, Index, European Central Bank (ECB), Working day and seasonally adjusted",IX,0,
HICP.M.U2.Y.IGXE00.4F0.INX,M,U2,Y,IGXE00,4F0,INX,1980-05,,,,,F,M,,,A,,,P1M,,4F0,,,,2025 = 100,,2,,HICP Inflation rate - Non-energy industrial goods - Index,"Euro area (Member States and Institutions of the Euro Area) changing composition - HICP - Non-energy industrial goods, Index, European Central Bank (ECB), Working day and seasonally adjusted",IX,0,
HICP.M.U2.Y.IGXE00.4F0.INX,M,U2,Y,IGXE00,4F0,INX,1980-06,,,,,F,M,,,A,,,P1M,,4F0,,,,2025 = 100,,2,,HICP Inflation rate - Non-energy industrial goods - Index,"Euro area (Member States and Institutions of the Euro Area) changing composition - HICP - Non-energy industrial goods, Index, European Central Bank (ECB), Working day and seasonally adjusted",IX,0,
HICP.M.U2.Y.IGXE00.4F0.INX,M,U2,Y,IGXE00,4F0,INX,1980-07,,,,,F,M,,,A,,,P1M,,4F0,,,,2025 = 100,,2,,HICP Inflation rate - Non-energy industrial goods - Index,"Euro area (Member States and Institutions of the Euro Area) changing composition - HICP - Non-energy industrial goods, Index, European Central Bank (ECB), Working day and seasonally adjusted",IX,0,
HICP.M.U2.Y.IGXE00.4F0.INX,M,U2,Y,IGXE00,4F0,INX,1980-08,,,,,F,M,,,A,,,P1M,,4F0,,,,2025 = 100,,2,,HICP Inflation rate - Non-energy industrial goods - Index,"Euro area (Member States and Institutions of the Euro Area) changing composition - HICP - Non-energy industrial goods, Index, European Central Bank (ECB), Working day and seasonally adjusted",IX,0,
HICP.M.U2.Y.IGXE00.4F0.INX,M,U2,Y,IGXE00,4F0,INX,1980-09,,,,,F,M,,,A,,,P1M,,4F0,,,,2025 = 100,,2,,HICP Inflation rate - Non-energy industrial goods - Index,"Euro area (Member States and Institutions of the Euro Area) changing composition - HICP - Non-energy industrial goods, Index, European Central Bank (ECB), Working day and seasonally adjusted",IX,0,
HICP.M.U2.Y.IGXE00.4F0.INX,M,U2,Y,IGXE00,4F0,INX,1980-10,,,,,F,M,,,A,,,P1M,,4F0,,,,2025 = 100,,2,,HICP Inflation rate - Non-energy industrial goods - Index,"Euro area (Member States and Institutions of the Euro Area) changing composition - HICP - Non-energy industrial goods, Index, European Central Bank (ECB), Working day and seasonally adjusted",IX,0,
HICP.M.U2.Y.IGXE00.4F0.INX,M,U2,Y,IGXE00,4F0,INX,1980-11,,,,,F,M,,,A,,,P1M,,4F0,,,,2025 = 100,,2,,HICP Inflation rate - Non-energy industrial goods - Index,"Euro area (Member States and Institutions of the Euro Area) changing composition - HICP - Non-energy industrial goods, Index, European Central Bank (ECB), Working day and seasonally adjusted",IX,0,
HICP.M.U2.Y.IGXE00.4F0.INX,M,U2,Y,IGXE00,4F0,INX,1980-12,,,,,F,M,,,A,,,P1M,,4F0,,,,2025 = 100,,2,,HICP Inflation rate - Non-energy industrial goods - Index,"Euro area (Member States and Institutions of the Euro Area) changing composition - HICP - Non-energy industrial goods, Index, European Central Bank (ECB), Working day and seasonally adjusted",IX,0,
HICP.M.U2.Y.IGXE00.4F0.INX,M,U2,Y,IGXE00,4F0,INX,1981-01,,,,,F,M,,,A,,,P1M,,4F0,,,,2025 = 100,,2,,HICP Inflation rate - Non-energy industrial goods - Index,"Euro area (Member States and Institutions of the Euro Area) changing composition - HICP - Non-energy industrial goods, Index, European Central Bank (ECB), Working day and seasonally adjusted",IX,0,
HICP.M.U2.Y.IGXE00.4F0.INX,M,U2,Y,IGXE00,4F0,INX,1981-02,,,,,F,M,,,A,,,P1M,,4F0,,,,2025 = 100,,2,,HICP Inflation rate - Non-energy industrial goods - Index,"Euro area (Member States and Institutions of the Euro Area) changing composition - HICP - Non-energy industrial goods, Index, European Central Bank (ECB), Working day and seasonally adjusted",IX,0,
HICP.M.U2.Y.IGXE00.4F0.INX,M,U2,Y,IGXE00,4F0,INX,1981-03,,,,,F,M,,,A,,,P1M,,4F0,,,,2025 = 100,,2,,HICP Inflation rate - Non-energy industrial goods - Index,"Euro area (Member States and Institutions of the Euro Area) changing composition - HICP - Non-energy industrial goods, Index, European Central Bank (ECB), Working day and seasonally adjusted",IX,0,
HICP.M.U2.Y.IGXE00.4F0.INX,M,U2,Y,IGXE00,4F0,INX,1981-04,,,,,F,M,,,A,,,P1M,,4F0,,,,2025 = 100,,2,,HICP Inflation rate - Non-energy industrial goods - Index,"Euro area (Member States and Institutions of the Euro Area) changing composition - HICP - Non-energy industrial goods, Index, European Central Bank (ECB), Working day and seasonally adjusted",IX,0,
HICP.M.U2.Y.IGXE00.4F0.INX,M,U2,Y,IGXE00,4F0,INX,1981-05,,,,,F,M,,,A,,,P1M,,4F0,,,,2025 = 100,,2,,HICP Inflation rate - Non-energy industrial goods - Index,"Euro area (Member States and Institutions of the Euro Area) changing composition - HICP - Non-energy industrial goods, Index, European Central Bank (ECB), Working day and seasonally adjusted",IX,0,
HICP.M.U2.Y.IGXE00.4F0.INX,M,U2,Y,IGXE00,4F0,INX,1981-06,,,,,F,M,,,A,,,P1M,,4F0,,,,2025 = 100,,2,,HICP Inflation rate - Non-energy industrial goods - Index,"Euro area (Member States and Institutions of the Euro Area) changing composition - HICP - Non-energy industrial goods, Index, European Central Bank (ECB), Working day and seasonally adjusted",IX,0,
HICP.M.U2.Y.IGXE00.4F0.INX,M,U2,Y,IGXE00,4F0,INX,1981-07,,,,,F,M,,,A,,,P1M,,4F0,,,,2025 = 100,,2,,HICP Inflation rate - Non-energy industrial goods - Index,"Euro area (Member States and Institutions of the Euro Area) changing composition - HICP - Non-energy industrial goods, Index, European Central Bank (ECB), Working day and seasonally adjusted",IX,0,
HICP.M.U2.Y.IGXE00.4F0.INX,M,U2,Y,IGXE00,4F0,INX,1981-08,,,,,F,M,,,A,,,P1M,,4F0,,,,2025 = 100,,2,,HICP Inflation rate - Non-energy industrial goods - Index,"Euro area (Member States and Institutions of the Euro Area) changing composition - HICP - Non-energy industrial goods, Index, European Central Bank (ECB), Working day and seasonally adjusted",IX,0,
HICP.M.U2.Y.IGXE00.4F0.INX,M,U2,Y,IGXE00,4F0,INX,1981-09,,,,,F,M,,,A,,,P1M,,4F0,,,,2025 = 100,,2,,HICP Inflation rate - Non-energy industrial goods - Index,"Euro area (Member States and Institutions of the Euro Area) changing composition - HICP - Non-energy industrial goods, Index, European Central Bank (ECB), Working day and seasonally adjusted",IX,0,
HICP.M.U2.Y.IGXE00.4F0.INX,M,U2,Y,IGXE00,4F0,INX,1981-10,,,,,F,M,,,A,,,P1M,,4F0,,,,2025 = 100,,2,,HICP Inflation rate - Non-energy industrial goods - Index,"Euro area (Member States and Institutions of the Euro Area) changing composition - HICP - Non-energy industrial goods, Index, European Central Bank (ECB), Working day and seasonally adjusted",IX,0,
HICP.M.U2.Y.IGXE00.4F0.INX,M,U2,Y,IGXE00,4F0,INX,1981-11,,,,,F,M,,,A,,,P1M,,4F0,,,,2025 = 100,,2,,HICP Inflation rate - Non-energy industrial goods - Index,"Euro area (Member States and Institutions of the Euro Area) changing composition - HICP - Non-energy industrial goods, Index, European Central Bank (ECB), Working day and seasonally adjusted",IX,0,
HICP.M.U2.Y.IGXE00.4F0.INX,M,U2,Y,IGXE00,4F0,INX,1981-12,,,,,F,M,,,A,,,P1M,,4F0,,,,2025 = 100,,2,,HICP Inflation rate - Non-energy industrial goods - Index,"Euro area (Member States and Institutions of the Euro Area) changing composition - HICP - Non-energy industrial goods, Index, European Central Bank (ECB), Working day and seasonally adjusted",IX,0,
HICP.M.U2.Y.IGXE00.4F0.INX,M,U2,Y,IGXE00,4F0,INX,1982-01,,,,,F,M,,,A,,,P1M,,4F0,,,,2025 = 100,,2,,HICP Inflation rate - Non-energy industrial goods - Index,"Euro area (Member States and Institutions of the Euro Area) changing composition - HICP - Non-energy industrial goods, Index, European Central Bank (ECB), Working day and seasonally adjusted",IX,0,
HICP.M.U2.Y.IGXE00.4F0.INX,M,U2,Y,IGXE00,4F0,INX,1982-02,,,,,F,M,,,A,,,P1M,,4F0,,,,2025 = 100,,2,,HICP Inflation rate - Non-energy industrial goods - Index,"Euro area (Member States and Institutions of the Euro Area) changing composition - HICP - Non-energy industrial goods, Index, European Central Bank (ECB), Working day and seasonally adjusted",IX,0,
HICP.M.U2.Y.IGXE00.4F0.INX,M,U2,Y,IGXE00,4F0,INX,1982-03,,,,,F,M,,,A,,,P1M,,4F0,,,,2025 = 100,,2,,HICP Inflation rate - Non-energy industrial goods - Index,"Euro area (Member States and Institutions of the Euro Area) changing composition - HICP - Non-energy industrial goods, Index, European Central Bank (ECB), Working day and seasonally adjusted",IX,0,
HICP.M.U2.Y.IGXE00.4F0.INX,M,U2,Y,IGXE00,4F0,INX,1982-04,,,,,F,M,,,A,,,P1M,,4F0,,,,2025 = 100,,2,,HICP Inflation rate - Non-energy industrial goods - Index,"Euro area (Member States and Institutions of the Euro Area) changing composition - HICP - Non-energy industrial goods, Index, European Central Bank (ECB), Working day and seasonally adjusted",IX,0,
HICP.M.U2.Y.IGXE00.4F0.INX,M,U2,Y,IGXE00,4F0,INX,1982-05,,,,,F,M,,,A,,,P1M,,4F0,,,,2025 = 100,,2,,HICP Inflation rate - Non-energy industrial goods - Index,"Euro area (Member States and Institutions of the Euro Area) changing composition - HICP - Non-energy industrial goods, Index, European Central Bank (ECB), Working day and seasonally adjusted",IX,0,
HICP.M.U2.Y.IGXE00.4F0.INX,M,U2,Y,IGXE00,4F0,INX,1982-06,,,,,F,M,,,A,,,P1M,,4F0,,,,2025 = 100,,2,,HICP Inflation rate - Non-energy industrial goods - Index,"Euro area (Member States and Institutions of the Euro Area) changing composition - HICP - Non-energy industrial goods, Index, European Central Bank (ECB), Working day and seasonally adjusted",IX,0,
HICP.M.U2.Y.IGXE00.4F0.INX,M,U2,Y,IGXE00,4F0,INX,1982-07,,,,,F,M,,,A,,,P1M,,4F0,,,,2025 = 100,,2,,HICP Inflation rate - Non-energy industrial goods - Index,"Euro area (Member States and Institutions of the Euro Area) changing composition - HICP - Non-energy industrial goods, Index, European Central Bank (ECB), Working day and seasonally adjusted",IX,0,
HICP.M.U2.Y.IGXE00.4F0.INX,M,U2,Y,IGXE00,4F0,INX,1982-08,,,,,F,M,,,A,,,P1M,,4F0,,,,2025 = 100,,2,,HICP Inflation rate - Non-energy industrial goods - Index,"Euro area (Member States and Institutions of the Euro Area) changing composition - HICP - Non-energy industrial goods, Index, European Central Bank (ECB), Working day and seasonally adjusted",IX,0,
HICP.M.U2.Y.IGXE00.4F0.INX,M,U2,Y,IGXE00,4F0,INX,1982-09,,,,,F,M,,,A,,,P1M,,4F0,,,,2025 = 100,,2,,HICP Inflation rate - Non-energy industrial goods - Index,"Euro area (Member States and Institutions of the Euro Area) changing composition - HICP - Non-energy industrial goods, Index, European Central Bank (ECB), Working day and seasonally adjusted",IX,0,
HICP.M.U2.Y.IGXE00.4F0.INX,M,U2,Y,IGXE00,4F0,INX,1982-10,,,,,F,M,,,A,,,P1M,,4F0,,,,2025 = 100,,2,,HICP Inflation rate - Non-energy industrial goods - Index,"Euro area (Member States and Institutions of the Euro Area) changing composition - HICP - Non-energy industrial goods, Index, European Central Bank (ECB), Working day and seasonally adjusted",IX,0,
HICP.M.U2.Y.IGXE00.4F0.INX,M,U2,Y,IGXE00,4F0,INX,1982-11,,,,,F,M,,,A,,,P1M,,4F0,,,,2025 = 100,,2,,HICP Inflation rate - Non-energy industrial goods - Index,"Euro area (Member States and Institutions of the Euro Area) changing composition - HICP - Non-energy industrial goods, Index, European Central Bank (ECB), Working day and seasonally adjusted",IX,0,
HICP.M.U2.Y.IGXE00.4F0.INX,M,U2,Y,IGXE00,4F0,INX,1982-12,,,,,F,M,,,A,,,P1M,,4F0,,,,2025 = 100,,2,,HICP Inflation rate - Non-energy industrial goods - Index,"Euro area (Member States and Institutions of the Euro Area) changing composition - HICP - Non-energy industrial goods, Index, European Central Bank (ECB), Working day and seasonally adjusted",IX,0,
HICP.M.U2.Y.IGXE00.4F0.INX,M,U2,Y,IGXE00,4F0,INX,1983-01,,,,,F,M,,,A,,,P1M,,4F0,,,,2025 = 100,,2,,HICP Inflation rate - Non-energy industrial goods - Index,"Euro area (Member States and Institutions of the Euro Area) changing composition - HICP - Non-energy industrial goods, Index, European Central Bank (ECB), Working day and seasonally adjusted",IX,0,
HICP.M.U2.Y.IGXE00.4F0.INX,M,U2,Y,IGXE00,4F0,INX,1983-02,,,,,F,M,,,A,,,P1M,,4F0,,,,2025 = 100,,2,,HICP Inflation rate - Non-energy industrial goods - Index,"Euro area (Member States and Institutions of the Euro Area) changing composition - HICP - Non-energy industrial goods, Index, European Central Bank (ECB), Working day and seasonally adjusted",IX,0,
HICP.M.U2.Y.IGXE00.4F0.INX,M,U2,Y,IGXE00,4F0,INX,1983-03,,,,,F,M,,,A,,,P1M,,4F0,,,,2025 = 100,,2,,HICP Inflation rate - Non-energy industrial goods - Index,"Euro area (Member States and Institutions of the Euro Area) changing composition - HICP - Non-energy industrial goods, Index, European Central Bank (ECB), Working day and seasonally adjusted",IX,0,
HICP.M.U2.Y.IGXE00.4F0.INX,M,U2,Y,IGXE00,4F0,INX,1983-04,,,,,F,M,,,A,,,P1M,,4F0,,,,2025 = 100,,2,,HICP Inflation rate - Non-energy industrial goods - Index,"Euro area (Member States and Institutions of the Euro Area) changing composition - HICP - Non-energy industrial goods, Index, European Central Bank (ECB), Working day and seasonally adjusted",IX,0,
HICP.M.U2.Y.IGXE00.4F0.INX,M,U2,Y,IGXE00,4F0,INX,1983-05,,,,,F,M,,,A,,,P1M,,4F0,,,,2025 = 100,,2,,HICP Inflation rate - Non-energy industrial goods - Index,"Euro area (Member States and Institutions of the Euro Area) changing composition - HICP - Non-energy industrial goods, Index, European Central Bank (ECB), Working day and seasonally adjusted",IX,0,
HICP.M.U2.Y.IGXE00.4F0.INX,M,U2,Y,IGXE00,4F0,INX,1983-06,,,,,F,M,,,A,,,P1M,,4F0,,,,2025 = 100,,2,,HICP Inflation rate - Non-energy industrial goods - Index,"Euro area (Member States and Institutions of the Euro Area) changing composition - HICP - Non-energy industrial goods, Index, European Central Bank (ECB), Working day and seasonally adjusted",IX,0,
HICP.M.U2.Y.IGXE00.4F0.INX,M,U2,Y,IGXE00,4F0,INX,1983-07,,,,,F,M,,,A,,,P1M,,4F0,,,,2025 = 100,,2,,HICP Inflation rate - Non-energy industrial goods - Index,"Euro area (Member States and Institutions of the Euro Area) changing composition - HICP - Non-energy industrial goods, Index, European Central Bank (ECB), Working day and seasonally adjusted",IX,0,
HICP.M.U2.Y.IGXE00.4F0.INX,M,U2,Y,IGXE00,4F0,INX,1983-08,,,,,F,M,,,A,,,P1M,,4F0,,,,2025 = 100,,2,,HICP Inflation rate - Non-energy industrial goods - Index,"Euro area (Member States and Institutions of the Euro Area) changing composition - HICP - Non-energy industrial goods, Index, European Central Bank (ECB), Working day and seasonally adjusted",IX,0,
HICP.M.U2.Y.IGXE00.4F0.INX,M,U2,Y,IGXE00,4F0,INX,1983-09,,,,,F,M,,,A,,,P1M,,4F0,,,,2025 = 100,,2,,HICP Inflation rate - Non-energy industrial goods - Index,"Euro area (Member States and Institutions of the Euro Area) changing composition - HICP - Non-energy industrial goods, Index, European Central Bank (ECB), Working day and seasonally adjusted",IX,0,
HICP.M.U2.Y.IGXE00.4F0.INX,M,U2,Y,IGXE00,4F0,INX,1983-10,,,,,F,M,,,A,,,P1M,,4F0,,,,2025 = 100,,2,,HICP Inflation rate - Non-energy industrial goods - Index,"Euro area (Member States and Institutions of the Euro Area) changing composition - HICP - Non-energy industrial goods, Index, European Central Bank (ECB), Working day and seasonally adjusted",IX,0,
HICP.M.U2.Y.IGXE00.4F0.INX,M,U2,Y,IGXE00,4F0,INX,1983-11,,,,,F,M,,,A,,,P1M,,4F0,,,,2025 = 100,,2,,HICP Inflation rate - Non-energy industrial goods - Index,"Euro area (Member States and Institutions of the Euro Area) changing composition - HICP - Non-energy industrial goods, Index, European Central Bank (ECB), Working day and seasonally adjusted",IX,0,
HICP.M.U2.Y.IGXE00.4F0.INX,M,U2,Y,IGXE00,4F0,INX,1983-12,,,,,F,M,,,A,,,P1M,,4F0,,,,2025 = 100,,2,,HICP Inflation rate - Non-energy industrial goods - Index,"Euro area (Member States and Institutions of the Euro Area) changing composition - HICP - Non-energy industrial goods, Index, European Central Bank (ECB), Working day and seasonally adjusted",IX,0,
HICP.M.U2.Y.IGXE00.4F0.INX,M,U2,Y,IGXE00,4F0,INX,1984-01,,,,,F,M,,,A,,,P1M,,4F0,,,,2025 = 100,,2,,HICP Inflation rate - Non-energy industrial goods - Index,"Euro area (Member States and Institutions of the Euro Area) changing composition - HICP - Non-energy industrial goods, Index, European Central Bank (ECB), Working day and seasonally adjusted",IX,0,
HICP.M.U2.Y.IGXE00.4F0.INX,M,U2,Y,IGXE00,4F0,INX,1984-02,,,,,F,M,,,A,,,P1M,,4F0,,,,2025 = 100,,2,,HICP Inflation rate - Non-energy industrial goods - Index,"Euro area (Member States and Institutions of the Euro Area) changing composition - HICP - Non-energy industrial goods, Index, European Central Bank (ECB), Working day and seasonally adjusted",IX,0,
HICP.M.U2.Y.IGXE00.4F0.INX,M,U2,Y,IGXE00,4F0,INX,1984-03,,,,,F,M,,,A,,,P1M,,4F0,,,,2025 = 100,,2,,HICP Inflation rate - Non-energy industrial goods - Index,"Euro area (Member States and Institutions of the Euro Area) changing composition - HICP - Non-energy industrial goods, Index, European Central Bank (ECB), Working day and seasonally adjusted",IX,0,
HICP.M.U2.Y.IGXE00.4F0.INX,M,U2,Y,IGXE00,4F0,INX,1984-04,,,,,F,M,,,A,,,P1M,,4F0,,,,2025 = 100,,2,,HICP Inflation rate - Non-energy industrial goods - Index,"Euro area (Member States and Institutions of the Euro Area) changing composition - HICP - Non-energy industrial goods, Index, European Central Bank (ECB), Working day and seasonally adjusted",IX,0,
HICP.M.U2.Y.IGXE00.4F0.INX,M,U2,Y,IGXE00,4F0,INX,1984-05,,,,,F,M,,,A,,,P1M,,4F0,,,,2025 = 100,,2,,HICP Inflation rate - Non-energy industrial goods - Index,"Euro area (Member States and Institutions of the Euro Area) changing composition - HICP - Non-energy industrial goods, Index, European Central Bank (ECB), Working day and seasonally adjusted",IX,0,
HICP.M.U2.Y.IGXE00.4F0.INX,M,U2,Y,IGXE00,4F0,INX,1984-06,,,,,F,M,,,A,,,P1M,,4F0,,,,2025 = 100,,2,,HICP Inflation rate - Non-energy industrial goods - Index,"Euro area (Member States and Institutions of the Euro Area) changing composition - HICP - Non-energy industrial goods, Index, European Central Bank (ECB), Working day and seasonally adjusted",IX,0,
HICP.M.U2.Y.IGXE00.4F0.INX,M,U2,Y,IGXE00,4F0,INX,1984-07,,,,,F,M,,,A,,,P1M,,4F0,,,,2025 = 100,,2,,HICP Inflation rate - Non-energy industrial goods - Index,"Euro area (Member States and Institutions of the Euro Area) changing composition - HICP - Non-energy industrial goods, Index, European Central Bank (ECB), Working day and seasonally adjusted",IX,0,
HICP.M.U2.Y.IGXE00.4F0.INX,M,U2,Y,IGXE00,4F0,INX,1984-08,,,,,F,M,,,A,,,P1M,,4F0,,,,2025 = 100,,2,,HICP Inflation rate - Non-energy industrial goods - Index,"Euro area (Member States and Institutions of the Euro Area) changing composition - HICP - Non-energy industrial goods, Index, European Central Bank (ECB), Working day and seasonally adjusted",IX,0,
HICP.M.U2.Y.IGXE00.4F0.INX,M,U2,Y,IGXE00,4F0,INX,1984-09,,,,,F,M,,,A,,,P1M,,4F0,,,,2025 = 100,,2,,HICP Inflation rate - Non-energy industrial goods - Index,"Euro area (Member States and Institutions of the Euro Area) changing composition - HICP - Non-energy industrial goods, Index, European Central Bank (ECB), Working day and seasonally adjusted",IX,0,
HICP.M.U2.Y.IGXE00.4F0.INX,M,U2,Y,IGXE00,4F0,INX,1984-10,,,,,F,M,,,A,,,P1M,,4F0,,,,2025 = 100,,2,,HICP Inflation rate - Non-energy industrial goods - Index,"Euro area (Member States and Institutions of the Euro Area) changing composition - HICP - Non-energy industrial goods, Index, European Central Bank (ECB), Working day and seasonally adjusted",IX,0,
HICP.M.U2.Y.IGXE00.4F0.INX,M,U2,Y,IGXE00,4F0,INX,1984-11,,,,,F,M,,,A,,,P1M,,4F0,,,,2025 = 100,,2,,HICP Inflation rate - Non-energy industrial goods - Index,"Euro area (Member States and Institutions of the Euro Area) changing composition - HICP - Non-energy industrial goods, Index, European Central Bank (ECB), Working day and seasonally adjusted",IX,0,
HICP.M.U2.Y.IGXE00.4F0.INX,M,U2,Y,IGXE00,4F0,INX,1984-12,,,,,F,M,,,A,,,P1M,,4F0,,,,2025 = 100,,2,,HICP Inflation rate - Non-energy industrial goods - Index,"Euro area (Member States and Institutions of the Euro Area) changing composition - HICP - Non-energy industrial goods, Index, European Central Bank (ECB), Working day and seasonally adjusted",IX,0,
HICP.M.U2.Y.IGXE00.4F0.INX,M,U2,Y,IGXE00,4F0,INX,1985-01,,,,,F,M,,,A,,,P1M,,4F0,,,,2025 = 100,,2,,HICP Inflation rate - Non-energy industrial goods - Index,"Euro area (Member States and Institutions of the Euro Area) changing composition - HICP - Non-energy industrial goods, Index, European Central Bank (ECB), Working day and seasonally adjusted",IX,0,
HICP.M.U2.Y.IGXE00.4F0.INX,M,U2,Y,IGXE00,4F0,INX,1985-02,,,,,F,M,,,A,,,P1M,,4F0,,,,2025 = 100,,2,,HICP Inflation rate - Non-energy industrial goods - Index,"Euro area (Member States and Institutions of the Euro Area) changing composition - HICP - Non-energy industrial goods, Index, European Central Bank (ECB), Working day and seasonally adjusted",IX,0,
HICP.M.U2.Y.IGXE00.4F0.INX,M,U2,Y,IGXE00,4F0,INX,1985-03,,,,,F,M,,,A,,,P1M,,4F0,,,,2025 = 100,,2,,HICP Inflation rate - Non-energy industrial goods - Index,"Euro area (Member States and Institutions of the Euro Area) changing composition - HICP - Non-energy industrial goods, Index, European Central Bank (ECB), Working day and seasonally adjusted",IX,0,
HICP.M.U2.Y.IGXE00.4F0.INX,M,U2,Y,IGXE00,4F0,INX,1985-04,,,,,F,M,,,A,,,P1M,,4F0,,,,2025 = 100,,2,,HICP Inflation rate - Non-energy industrial goods - Index,"Euro area (Member States and Institutions of the Euro Area) changing composition - HICP - Non-energy industrial goods, Index, European Central Bank (ECB), Working day and seasonally adjusted",IX,0,
HICP.M.U2.Y.IGXE00.4F0.INX,M,U2,Y,IGXE00,4F0,INX,1985-05,,,,,F,M,,,A,,,P1M,,4F0,,,,2025 = 100,,2,,HICP Inflation rate - Non-energy industrial goods - Index,"Euro area (Member States and Institutions of the Euro Area) changing composition - HICP - Non-energy industrial goods, Index, European Central Bank (ECB), Working day and seasonally adjusted",IX,0,
HICP.M.U2.Y.IGXE00.4F0.INX,M,U2,Y,IGXE00,4F0,INX,1985-06,,,,,F,M,,,A,,,P1M,,4F0,,,,2025 = 100,,2,,HICP Inflation rate - Non-energy industrial goods - Index,"Euro area (Member States and Institutions of the Euro Area) changing composition - HICP - Non-energy industrial goods, Index, European Central Bank (ECB), Working day and seasonally adjusted",IX,0,
HICP.M.U2.Y.IGXE00.4F0.INX,M,U2,Y,IGXE00,4F0,INX,1985-07,,,,,F,M,,,A,,,P1M,,4F0,,,,2025 = 100,,2,,HICP Inflation rate - Non-energy industrial goods - Index,"Euro area (Member States and Institutions of the Euro Area) changing composition - HICP - Non-energy industrial goods, Index, European Central Bank (ECB), Working day and seasonally adjusted",IX,0,
HICP.M.U2.Y.IGXE00.4F0.INX,M,U2,Y,IGXE00,4F0,INX,1985-08,,,,,F,M,,,A,,,P1M,,4F0,,,,2025 = 100,,2,,HICP Inflation rate - Non-energy industrial goods - Index,"Euro area (Member States and Institutions of the Euro Area) changing composition - HICP - Non-energy industrial goods, Index, European Central Bank (ECB), Working day and seasonally adjusted",IX,0,
HICP.M.U2.Y.IGXE00.4F0.INX,M,U2,Y,IGXE00,4F0,INX,1985-09,,,,,F,M,,,A,,,P1M,,4F0,,,,2025 = 100,,2,,HICP Inflation rate - Non-energy industrial goods - Index,"Euro area (Member States and Institutions of the Euro Area) changing composition - HICP - Non-energy industrial goods, Index, European Central Bank (ECB), Working day and seasonally adjusted",IX,0,
HICP.M.U2.Y.IGXE00.4F0.INX,M,U2,Y,IGXE00,4F0,INX,1985-10,,,,,F,M,,,A,,,P1M,,4F0,,,,2025 = 100,,2,,HICP Inflation rate - Non-energy industrial goods - Index,"Euro area (Member States and Institutions of the Euro Area) changing composition - HICP - Non-energy industrial goods, Index, European Central Bank (ECB), Working day and seasonally adjusted",IX,0,
HICP.M.U2.Y.IGXE00.4F0.INX,M,U2,Y,IGXE00,4F0,INX,1985-11,,,,,F,M,,,A,,,P1M,,4F0,,,,2025 = 100,,2,,HICP Inflation rate - Non-energy industrial goods - Index,"Euro area (Member States and Institutions of the Euro Area) changing composition - HICP - Non-energy industrial goods, Index, European Central Bank (ECB), Working day and seasonally adjusted",IX,0,
HICP.M.U2.Y.IGXE00.4F0.INX,M,U2,Y,IGXE00,4F0,INX,1985-12,,,,,F,M,,,A,,,P1M,,4F0,,,,2025 = 100,,2,,HICP Inflation rate - Non-energy industrial goods - Index,"Euro area (Member States and Institutions of the Euro Area) changing composition - HICP - Non-energy industrial goods, Index, European Central Bank (ECB), Working day and seasonally adjusted",IX,0,
HICP.M.U2.Y.IGXE00.4F0.INX,M,U2,Y,IGXE00,4F0,INX,1986-01,,,,,F,M,,,A,,,P1M,,4F0,,,,2025 = 100,,2,,HICP Inflation rate - Non-energy industrial goods - Index,"Euro area (Member States and Institutions of the Euro Area) changing composition - HICP - Non-energy industrial goods, Index, European Central Bank (ECB), Working day and seasonally adjusted",IX,0,
HICP.M.U2.Y.IGXE00.4F0.INX,M,U2,Y,IGXE00,4F0,INX,1986-02,,,,,F,M,,,A,,,P1M,,4F0,,,,2025 = 100,,2,,HICP Inflation rate - Non-energy industrial goods - Index,"Euro area (Member States and Institutions of the Euro Area) changing composition - HICP - Non-energy industrial goods, Index, European Central Bank (ECB), Working day and seasonally adjusted",IX,0,
HICP.M.U2.Y.IGXE00.4F0.INX,M,U2,Y,IGXE00,4F0,INX,1986-03,,,,,F,M,,,A,,,P1M,,4F0,,,,2025 = 100,,2,,HICP Inflation rate - Non-energy industrial goods - Index,"Euro area (Member States and Institutions of the Euro Area) changing composition - HICP - Non-energy industrial goods, Index, European Central Bank (ECB), Working day and seasonally adjusted",IX,0,
HICP.M.U2.Y.IGXE00.4F0.INX,M,U2,Y,IGXE00,4F0,INX,1986-04,,,,,F,M,,,A,,,P1M,,4F0,,,,2025 = 100,,2,,HICP Inflation rate - Non-energy industrial goods - Index,"Euro area (Member States and Institutions of the Euro Area) changing composition - HICP - Non-energy industrial goods, Index, European Central Bank (ECB), Working day and seasonally adjusted",IX,0,
HICP.M.U2.Y.IGXE00.4F0.INX,M,U2,Y,IGXE00,4F0,INX,1986-05,,,,,F,M,,,A,,,P1M,,4F0,,,,2025 = 100,,2,,HICP Inflation rate - Non-energy industrial goods - Index,"Euro area (Member States and Institutions of the Euro Area) changing composition - HICP - Non-energy industrial goods, Index, European Central Bank (ECB), Working day and seasonally adjusted",IX,0,
HICP.M.U2.Y.IGXE00.4F0.INX,M,U2,Y,IGXE00,4F0,INX,1986-06,,,,,F,M,,,A,,,P1M,,4F0,,,,2025 = 100,,2,,HICP Inflation rate - Non-energy industrial goods - Index,"Euro area (Member States and Institutions of the Euro Area) changing composition - HICP - Non-energy industrial goods, Index, European Central Bank (ECB), Working day and seasonally adjusted",IX,0,
HICP.M.U2.Y.IGXE00.4F0.INX,M,U2,Y,IGXE00,4F0,INX,1986-07,,,,,F,M,,,A,,,P1M,,4F0,,,,2025 = 100,,2,,HICP Inflation rate - Non-energy industrial goods - Index,"Euro area (Member States and Institutions of the Euro Area) changing composition - HICP - Non-energy industrial goods, Index, European Central Bank (ECB), Working day and seasonally adjusted",IX,0,
HICP.M.U2.Y.IGXE00.4F0.INX,M,U2,Y,IGXE00,4F0,INX,1986-08,,,,,F,M,,,A,,,P1M,,4F0,,,,2025 = 100,,2,,HICP Inflation rate - Non-energy industrial goods - Index,"Euro area (Member States and Institutions of the Euro Area) changing composition - HICP - Non-energy industrial goods, Index, European Central Bank (ECB), Working day and seasonally adjusted",IX,0,
HICP.M.U2.Y.IGXE00.4F0.INX,M,U2,Y,IGXE00,4F0,INX,1986-09,,,,,F,M,,,A,,,P1M,,4F0,,,,2025 = 100,,2,,HICP Inflation rate - Non-energy industrial goods - Index,"Euro area (Member States and Institutions of the Euro Area) changing composition - HICP - Non-energy industrial goods, Index, European Central Bank (ECB), Working day and seasonally adjusted",IX,0,
HICP.M.U2.Y.IGXE00.4F0.INX,M,U2,Y,IGXE00,4F0,INX,1986-10,,,,,F,M,,,A,,,P1M,,4F0,,,,2025 = 100,,2,,HICP Inflation rate - Non-energy industrial goods - Index,"Euro area (Member States and Institutions of the Euro Area) changing composition - HICP - Non-energy industrial goods, Index, European Central Bank (ECB), Working day and seasonally adjusted",IX,0,
HICP.M.U2.Y.IGXE00.4F0.INX,M,U2,Y,IGXE00,4F0,INX,1986-11,,,,,F,M,,,A,,,P1M,,4F0,,,,2025 = 100,,2,,HICP Inflation rate - Non-energy industrial goods - Index,"Euro area (Member States and Institutions of the Euro Area) changing composition - HICP - Non-energy industrial goods, Index, European Central Bank (ECB), Working day and seasonally adjusted",IX,0,
HICP.M.U2.Y.IGXE00.4F0.INX,M,U2,Y,IGXE00,4F0,INX,1986-12,,,,,F,M,,,A,,,P1M,,4F0,,,,2025 = 100,,2,,HICP Inflation rate - Non-energy industrial goods - Index,"Euro area (Member States and Institutions of the Euro Area) changing composition - HICP - Non-energy industrial goods, Index, European Central Bank (ECB), Working day and seasonally adjusted",IX,0,
HICP.M.U2.Y.IGXE00.4F0.INX,M,U2,Y,IGXE00,4F0,INX,1987-01,,,,,F,M,,,A,,,P1M,,4F0,,,,2025 = 100,,2,,HICP Inflation rate - Non-energy industrial goods - Index,"Euro area (Member States and Institutions of the Euro Area) changing composition - HICP - Non-energy industrial goods, Index, European Central Bank (ECB), Working day and seasonally adjusted",IX,0,
HICP.M.U2.Y.IGXE00.4F0.INX,M,U2,Y,IGXE00,4F0,INX,1987-02,,,,,F,M,,,A,,,P1M,,4F0,,,,2025 = 100,,2,,HICP Inflation rate - Non-energy industrial goods - Index,"Euro area (Member States and Institutions of the Euro Area) changing composition - HICP - Non-energy industrial goods, Index, European Central Bank (ECB), Working day and seasonally adjusted",IX,0,
HICP.M.U2.Y.IGXE00.4F0.INX,M,U2,Y,IGXE00,4F0,INX,1987-03,,,,,F,M,,,A,,,P1M,,4F0,,,,2025 = 100,,2,,HICP Inflation rate - Non-energy industrial goods - Index,"Euro area (Member States and Institutions of the Euro Area) changing composition - HICP - Non-energy industrial goods, Index, European Central Bank (ECB), Working day and seasonally adjusted",IX,0,
HICP.M.U2.Y.IGXE00.4F0.INX,M,U2,Y,IGXE00,4F0,INX,1987-04,,,,,F,M,,,A,,,P1M,,4F0,,,,2025 = 100,,2,,HICP Inflation rate - Non-energy industrial goods - Index,"Euro area (Member States and Institutions of the Euro Area) changing composition - HICP - Non-energy industrial goods, Index, European Central Bank (ECB), Working day and seasonally adjusted",IX,0,
HICP.M.U2.Y.IGXE00.4F0.INX,M,U2,Y,IGXE00,4F0,INX,1987-05,,,,,F,M,,,A,,,P1M,,4F0,,,,2025 = 100,,2,,HICP Inflation rate - Non-energy industrial goods - Index,"Euro area (Member States and Institutions of the Euro Area) changing composition - HICP - Non-energy industrial goods, Index, European Central Bank (ECB), Working day and seasonally adjusted",IX,0,
HICP.M.U2.Y.IGXE00.4F0.INX,M,U2,Y,IGXE00,4F0,INX,1987-06,,,,,F,M,,,A,,,P1M,,4F0,,,,2025 = 100,,2,,HICP Inflation rate - Non-energy industrial goods - Index,"Euro area (Member States and Institutions of the Euro Area) changing composition - HICP - Non-energy industrial goods, Index, European Central Bank (ECB), Working day and seasonally adjusted",IX,0,
HICP.M.U2.Y.IGXE00.4F0.INX,M,U2,Y,IGXE00,4F0,INX,1987-07,,,,,F,M,,,A,,,P1M,,4F0,,,,2025 = 100,,2,,HICP Inflation rate - Non-energy industrial goods - Index,"Euro area (Member States and Institutions of the Euro Area) changing composition - HICP - Non-energy industrial goods, Index, European Central Bank (ECB), Working day and seasonally adjusted",IX,0,
HICP.M.U2.Y.IGXE00.4F0.INX,M,U2,Y,IGXE00,4F0,INX,1987-08,,,,,F,M,,,A,,,P1M,,4F0,,,,2025 = 100,,2,,HICP Inflation rate - Non-energy industrial goods - Index,"Euro area (Member States and Institutions of the Euro Area) changing composition - HICP - Non-energy industrial goods, Index, European Central Bank (ECB), Working day and seasonally adjusted",IX,0,
HICP.M.U2.Y.IGXE00.4F0.INX,M,U2,Y,IGXE00,4F0,INX,1987-09,,,,,F,M,,,A,,,P1M,,4F0,,,,2025 = 100,,2,,HICP Inflation rate - Non-energy industrial goods - Index,"Euro area (Member States and Institutions of the Euro Area) changing composition - HICP - Non-energy industrial goods, Index, European Central Bank (ECB), Working day and seasonally adjusted",IX,0,
HICP.M.U2.Y.IGXE00.4F0.INX,M,U2,Y,IGXE00,4F0,INX,1987-10,,,,,F,M,,,A,,,P1M,,4F0,,,,2025 = 100,,2,,HICP Inflation rate - Non-energy industrial goods - Index,"Euro area (Member States and Institutions of the Euro Area) changing composition - HICP - Non-energy industrial goods, Index, European Central Bank (ECB), Working day and seasonally adjusted",IX,0,
HICP.M.U2.Y.IGXE00.4F0.INX,M,U2,Y,IGXE00,4F0,INX,1987-11,,,,,F,M,,,A,,,P1M,,4F0,,,,2025 = 100,,2,,HICP Inflation rate - Non-energy industrial goods - Index,"Euro area (Member States and Institutions of the Euro Area) changing composition - HICP - Non-energy industrial goods, Index, European Central Bank (ECB), Working day and seasonally adjusted",IX,0,
HICP.M.U2.Y.IGXE00.4F0.INX,M,U2,Y,IGXE00,4F0,INX,1987-12,,,,,F,M,,,A,,,P1M,,4F0,,,,2025 = 100,,2,,HICP Inflation rate - Non-energy industrial goods - Index,"Euro area (Member States and Institutions of the Euro Area) changing composition - HICP - Non-energy industrial goods, Index, European Central Bank (ECB), Working day and seasonally adjusted",IX,0,
HICP.M.U2.Y.IGXE00.4F0.INX,M,U2,Y,IGXE00,4F0,INX,1988-01,,,,,F,M,,,A,,,P1M,,4F0,,,,2025 = 100,,2,,HICP Inflation rate - Non-energy industrial goods - Index,"Euro area (Member States and Institutions of the Euro Area) changing composition - HICP - Non-energy industrial goods, Index, European Central Bank (ECB), Working day and seasonally adjusted",IX,0,
HICP.M.U2.Y.IGXE00.4F0.INX,M,U2,Y,IGXE00,4F0,INX,1988-02,,,,,F,M,,,A,,,P1M,,4F0,,,,2025 = 100,,2,,HICP Inflation rate - Non-energy industrial goods - Index,"Euro area (Member States and Institutions of the Euro Area) changing composition - HICP - Non-energy industrial goods, Index, European Central Bank (ECB), Working day and seasonally adjusted",IX,0,
HICP.M.U2.Y.IGXE00.4F0.INX,M,U2,Y,IGXE00,4F0,INX,1988-03,,,,,F,M,,,A,,,P1M,,4F0,,,,2025 = 100,,2,,HICP Inflation rate - Non-energy industrial goods - Index,"Euro area (Member States and Institutions of the Euro Area) changing composition - HICP - Non-energy industrial goods, Index, European Central Bank (ECB), Working day and seasonally adjusted",IX,0,
HICP.M.U2.Y.IGXE00.4F0.INX,M,U2,Y,IGXE00,4F0,INX,1988-04,,,,,F,M,,,A,,,P1M,,4F0,,,,2025 = 100,,2,,HICP Inflation rate - Non-energy industrial goods - Index,"Euro area (Member States and Institutions of the Euro Area) changing composition - HICP - Non-energy industrial goods, Index, European Central Bank (ECB), Working day and seasonally adjusted",IX,0,
HICP.M.U2.Y.IGXE00.4F0.INX,M,U2,Y,IGXE00,4F0,INX,1988-05,,,,,F,M,,,A,,,P1M,,4F0,,,,2025 = 100,,2,,HICP Inflation rate - Non-energy industrial goods - Index,"Euro area (Member States and Institutions of the Euro Area) changing composition - HICP - Non-energy industrial goods, Index, European Central Bank (ECB), Working day and seasonally adjusted",IX,0,
HICP.M.U2.Y.IGXE00.4F0.INX,M,U2,Y,IGXE00,4F0,INX,1988-06,,,,,F,M,,,A,,,P1M,,4F0,,,,2025 = 100,,2,,HICP Inflation rate - Non-energy industrial goods - Index,"Euro area (Member States and Institutions of the Euro Area) changing composition - HICP - Non-energy industrial goods, Index, European Central Bank (ECB), Working day and seasonally adjusted",IX,0,
HICP.M.U2.Y.IGXE00.4F0.INX,M,U2,Y,IGXE00,4F0,INX,1988-07,,,,,F,M,,,A,,,P1M,,4F0,,,,2025 = 100,,2,,HICP Inflation rate - Non-energy industrial goods - Index,"Euro area (Member States and Institutions of the Euro Area) changing composition - HICP - Non-energy industrial goods, Index, European Central Bank (ECB), Working day and seasonally adjusted",IX,0,
HICP.M.U2.Y.IGXE00.4F0.INX,M,U2,Y,IGXE00,4F0,INX,1988-08,,,,,F,M,,,A,,,P1M,,4F0,,,,2025 = 100,,2,,HICP Inflation rate - Non-energy industrial goods - Index,"Euro area (Member States and Institutions of the Euro Area) changing composition - HICP - Non-energy industrial goods, Index, European Central Bank (ECB), Working day and seasonally adjusted",IX,0,
HICP.M.U2.Y.IGXE00.4F0.INX,M,U2,Y,IGXE00,4F0,INX,1988-09,,,,,F,M,,,A,,,P1M,,4F0,,,,2025 = 100,,2,,HICP Inflation rate - Non-energy industrial goods - Index,"Euro area (Member States and Institutions of the Euro Area) changing composition - HICP - Non-energy industrial goods, Index, European Central Bank (ECB), Working day and seasonally adjusted",IX,0,
HICP.M.U2.Y.IGXE00.4F0.INX,M,U2,Y,IGXE00,4F0,INX,1988-10,,,,,F,M,,,A,,,P1M,,4F0,,,,2025 = 100,,2,,HICP Inflation rate - Non-energy industrial goods - Index,"Euro area (Member States and Institutions of the Euro Area) changing composition - HICP - Non-energy industrial goods, Index, European Central Bank (ECB), Working day and seasonally adjusted",IX,0,
HICP.M.U2.Y.IGXE00.4F0.INX,M,U2,Y,IGXE00,4F0,INX,1988-11,,,,,F,M,,,A,,,P1M,,4F0,,,,2025 = 100,,2,,HICP Inflation rate - Non-energy industrial goods - Index,"Euro area (Member States and Institutions of the Euro Area) changing composition - HICP - Non-energy industrial goods, Index, European Central Bank (ECB), Working day and seasonally adjusted",IX,0,
HICP.M.U2.Y.IGXE00.4F0.INX,M,U2,Y,IGXE00,4F0,INX,1988-12,,,,,F,M,,,A,,,P1M,,4F0,,,,2025 = 100,,2,,HICP Inflation rate - Non-energy industrial goods - Index,"Euro area (Member States and Institutions of the Euro Area) changing composition - HICP - Non-energy industrial goods, Index, European Central Bank (ECB), Working day and seasonally adjusted",IX,0,
HICP.M.U2.Y.IGXE00.4F0.INX,M,U2,Y,IGXE00,4F0,INX,1989-01,,,,,F,M,,,A,,,P1M,,4F0,,,,2025 = 100,,2,,HICP Inflation rate - Non-energy industrial goods - Index,"Euro area (Member States and Institutions of the Euro Area) changing composition - HICP - Non-energy industrial goods, Index, European Central Bank (ECB), Working day and seasonally adjusted",IX,0,
HICP.M.U2.Y.IGXE00.4F0.INX,M,U2,Y,IGXE00,4F0,INX,1989-02,,,,,F,M,,,A,,,P1M,,4F0,,,,2025 = 100,,2,,HICP Inflation rate - Non-energy industrial goods - Index,"Euro area (Member States and Institutions of the Euro Area) changing composition - HICP - Non-energy industrial goods, Index, European Central Bank (ECB), Working day and seasonally adjusted",IX,0,
HICP.M.U2.Y.IGXE00.4F0.INX,M,U2,Y,IGXE00,4F0,INX,1989-03,,,,,F,M,,,A,,,P1M,,4F0,,,,2025 = 100,,2,,HICP Inflation rate - Non-energy industrial goods - Index,"Euro area (Member States and Institutions of the Euro Area) changing composition - HICP - Non-energy industrial goods, Index, European Central Bank (ECB), Working day and seasonally adjusted",IX,0,
HICP.M.U2.Y.IGXE00.4F0.INX,M,U2,Y,IGXE00,4F0,INX,1989-04,,,,,F,M,,,A,,,P1M,,4F0,,,,2025 = 100,,2,,HICP Inflation rate - Non-energy industrial goods - Index,"Euro area (Member States and Institutions of the Euro Area) changing composition - HICP - Non-energy industrial goods, Index, European Central Bank (ECB), Working day and seasonally adjusted",IX,0,
HICP.M.U2.Y.IGXE00.4F0.INX,M,U2,Y,IGXE00,4F0,INX,1989-05,,,,,F,M,,,A,,,P1M,,4F0,,,,2025 = 100,,2,,HICP Inflation rate - Non-energy industrial goods - Index,"Euro area (Member States and Institutions of the Euro Area) changing composition - HICP - Non-energy industrial goods, Index, European Central Bank (ECB), Working day and seasonally adjusted",IX,0,
HICP.M.U2.Y.IGXE00.4F0.INX,M,U2,Y,IGXE00,4F0,INX,1989-06,,,,,F,M,,,A,,,P1M,,4F0,,,,2025 = 100,,2,,HICP Inflation rate - Non-energy industrial goods - Index,"Euro area (Member States and Institutions of the Euro Area) changing composition - HICP - Non-energy industrial goods, Index, European Central Bank (ECB), Working day and seasonally adjusted",IX,0,
HICP.M.U2.Y.IGXE00.4F0.INX,M,U2,Y,IGXE00,4F0,INX,1989-07,,,,,F,M,,,A,,,P1M,,4F0,,,,2025 = 100,,2,,HICP Inflation rate - Non-energy industrial goods - Index,"Euro area (Member States and Institutions of the Euro Area) changing composition - HICP - Non-energy industrial goods, Index, European Central Bank (ECB), Working day and seasonally adjusted",IX,0,
HICP.M.U2.Y.IGXE00.4F0.INX,M,U2,Y,IGXE00,4F0,INX,1989-08,,,,,F,M,,,A,,,P1M,,4F0,,,,2025 = 100,,2,,HICP Inflation rate - Non-energy industrial goods - Index,"Euro area (Member States and Institutions of the Euro Area) changing composition - HICP - Non-energy industrial goods, Index, European Central Bank (ECB), Working day and seasonally adjusted",IX,0,
HICP.M.U2.Y.IGXE00.4F0.INX,M,U2,Y,IGXE00,4F0,INX,1989-09,,,,,F,M,,,A,,,P1M,,4F0,,,,2025 = 100,,2,,HICP Inflation rate - Non-energy industrial goods - Index,"Euro area (Member States and Institutions of the Euro Area) changing composition - HICP - Non-energy industrial goods, Index, European Central Bank (ECB), Working day and seasonally adjusted",IX,0,
HICP.M.U2.Y.IGXE00.4F0.INX,M,U2,Y,IGXE00,4F0,INX,1989-10,,,,,F,M,,,A,,,P1M,,4F0,,,,2025 = 100,,2,,HICP Inflation rate - Non-energy industrial goods - Index,"Euro area (Member States and Institutions of the Euro Area) changing composition - HICP - Non-energy industrial goods, Index, European Central Bank (ECB), Working day and seasonally adjusted",IX,0,
HICP.M.U2.Y.IGXE00.4F0.INX,M,U2,Y,IGXE00,4F0,INX,1989-11,,,,,F,M,,,A,,,P1M,,4F0,,,,2025 = 100,,2,,HICP Inflation rate - Non-energy industrial goods - Index,"Euro area (Member States and Institutions of the Euro Area) changing composition - HICP - Non-energy industrial goods, Index, European Central Bank (ECB), Working day and seasonally adjusted",IX,0,
HICP.M.U2.Y.IGXE00.4F0.INX,M,U2,Y,IGXE00,4F0,INX,1989-12,,,,,F,M,,,A,,,P1M,,4F0,,,,2025 = 100,,2,,HICP Inflation rate - Non-energy industrial goods - Index,"Euro area (Member States and Institutions of the Euro Area) changing composition - HICP - Non-energy industrial goods, Index, European Central Bank (ECB), Working day and seasonally adjusted",IX,0,
HICP.M.U2.Y.IGXE00.4F0.INX,M,U2,Y,IGXE00,4F0,INX,1990-01,,,,,F,M,,,A,,,P1M,,4F0,,,,2025 = 100,,2,,HICP Inflation rate - Non-energy industrial goods - Index,"Euro area (Member States and Institutions of the Euro Area) changing composition - HICP - Non-energy industrial goods, Index, European Central Bank (ECB), Working day and seasonally adjusted",IX,0,
HICP.M.U2.Y.IGXE00.4F0.INX,M,U2,Y,IGXE00,4F0,INX,1990-02,,,,,F,M,,,A,,,P1M,,4F0,,,,2025 = 100,,2,,HICP Inflation rate - Non-energy industrial goods - Index,"Euro area (Member States and Institutions of the Euro Area) changing composition - HICP - Non-energy industrial goods, Index, European Central Bank (ECB), Working day and seasonally adjusted",IX,0,
HICP.M.U2.Y.IGXE00.4F0.INX,M,U2,Y,IGXE00,4F0,INX,1990-03,,,,,F,M,,,A,,,P1M,,4F0,,,,2025 = 100,,2,,HICP Inflation rate - Non-energy industrial goods - Index,"Euro area (Member States and Institutions of the Euro Area) changing composition - HICP - Non-energy industrial goods, Index, European Central Bank (ECB), Working day and seasonally adjusted",IX,0,
HICP.M.U2.Y.IGXE00.4F0.INX,M,U2,Y,IGXE00,4F0,INX,1990-04,,,,,F,M,,,A,,,P1M,,4F0,,,,2025 = 100,,2,,HICP Inflation rate - Non-energy industrial goods - Index,"Euro area (Member States and Institutions of the Euro Area) changing composition - HICP - Non-energy industrial goods, Index, European Central Bank (ECB), Working day and seasonally adjusted",IX,0,
HICP.M.U2.Y.IGXE00.4F0.INX,M,U2,Y,IGXE00,4F0,INX,1990-05,,,,,F,M,,,A,,,P1M,,4F0,,,,2025 = 100,,2,,HICP Inflation rate - Non-energy industrial goods - Index,"Euro area (Member States and Institutions of the Euro Area) changing composition - HICP - Non-energy industrial goods, Index, European Central Bank (ECB), Working day and seasonally adjusted",IX,0,
HICP.M.U2.Y.IGXE00.4F0.INX,M,U2,Y,IGXE00,4F0,INX,1990-06,,,,,F,M,,,A,,,P1M,,4F0,,,,2025 = 100,,2,,HICP Inflation rate - Non-energy industrial goods - Index,"Euro area (Member States and Institutions of the Euro Area) changing composition - HICP - Non-energy industrial goods, Index, European Central Bank (ECB), Working day and seasonally adjusted",IX,0,
HICP.M.U2.Y.IGXE00.4F0.INX,M,U2,Y,IGXE00,4F0,INX,1990-07,,,,,F,M,,,A,,,P1M,,4F0,,,,2025 = 100,,2,,HICP Inflation rate - Non-energy industrial goods - Index,"Euro area (Member States and Institutions of the Euro Area) changing composition - HICP - Non-energy industrial goods, Index, European Central Bank (ECB), Working day and seasonally adjusted",IX,0,
HICP.M.U2.Y.IGXE00.4F0.INX,M,U2,Y,IGXE00,4F0,INX,1990-08,,,,,F,M,,,A,,,P1M,,4F0,,,,2025 = 100,,2,,HICP Inflation rate - Non-energy industrial goods - Index,"Euro area (Member States and Institutions of the Euro Area) changing composition - HICP - Non-energy industrial goods, Index, European Central Bank (ECB), Working day and seasonally adjusted",IX,0,
HICP.M.U2.Y.IGXE00.4F0.INX,M,U2,Y,IGXE00,4F0,INX,1990-09,,,,,F,M,,,A,,,P1M,,4F0,,,,2025 = 100,,2,,HICP Inflation rate - Non-energy industrial goods - Index,"Euro area (Member States and Institutions of the Euro Area) changing composition - HICP - Non-energy industrial goods, Index, European Central Bank (ECB), Working day and seasonally adjusted",IX,0,
HICP.M.U2.Y.IGXE00.4F0.INX,M,U2,Y,IGXE00,4F0,INX,1990-10,,,,,F,M,,,A,,,P1M,,4F0,,,,2025 = 100,,2,,HICP Inflation rate - Non-energy industrial goods - Index,"Euro area (Member States and Institutions of the Euro Area) changing composition - HICP - Non-energy industrial goods, Index, European Central Bank (ECB), Working day and seasonally adjusted",IX,0,
HICP.M.U2.Y.IGXE00.4F0.INX,M,U2,Y,IGXE00,4F0,INX,1990-11,,,,,F,M,,,A,,,P1M,,4F0,,,,2025 = 100,,2,,HICP Inflation rate - Non-energy industrial goods - Index,"Euro area (Member States and Institutions of the Euro Area) changing composition - HICP - Non-energy industrial goods, Index, European Central Bank (ECB), Working day and seasonally adjusted",IX,0,
HICP.M.U2.Y.IGXE00.4F0.INX,M,U2,Y,IGXE00,4F0,INX,1990-12,,,,,F,M,,,A,,,P1M,,4F0,,,,2025 = 100,,2,,HICP Inflation rate - Non-energy industrial goods - Index,"Euro area (Member States and Institutions of the Euro Area) changing composition - HICP - Non-energy industrial goods, Index, European Central Bank (ECB), Working day and seasonally adjusted",IX,0,
HICP.M.U2.Y.IGXE00.4F0.INX,M,U2,Y,IGXE00,4F0,INX,1991-01,,,,,F,M,,,A,,,P1M,,4F0,,,,2025 = 100,,2,,HICP Inflation rate - Non-energy industrial goods - Index,"Euro area (Member States and Institutions of the Euro Area) changing composition - HICP - Non-energy industrial goods, Index, European Central Bank (ECB), Working day and seasonally adjusted",IX,0,
HICP.M.U2.Y.IGXE00.4F0.INX,M,U2,Y,IGXE00,4F0,INX,1991-02,,,,,F,M,,,A,,,P1M,,4F0,,,,2025 = 100,,2,,HICP Inflation rate - Non-energy industrial goods - Index,"Euro area (Member States and Institutions of the Euro Area) changing composition - HICP - Non-energy industrial goods, Index, European Central Bank (ECB), Working day and seasonally adjusted",IX,0,
HICP.M.U2.Y.IGXE00.4F0.INX,M,U2,Y,IGXE00,4F0,INX,1991-03,,,,,F,M,,,A,,,P1M,,4F0,,,,2025 = 100,,2,,HICP Inflation rate - Non-energy industrial goods - Index,"Euro area (Member States and Institutions of the Euro Area) changing composition - HICP - Non-energy industrial goods, Index, European Central Bank (ECB), Working day and seasonally adjusted",IX,0,
HICP.M.U2.Y.IGXE00.4F0.INX,M,U2,Y,IGXE00,4F0,INX,1991-04,,,,,F,M,,,A,,,P1M,,4F0,,,,2025 = 100,,2,,HICP Inflation rate - Non-energy industrial goods - Index,"Euro area (Member States and Institutions of the Euro Area) changing composition - HICP - Non-energy industrial goods, Index, European Central Bank (ECB), Working day and seasonally adjusted",IX,0,
HICP.M.U2.Y.IGXE00.4F0.INX,M,U2,Y,IGXE00,4F0,INX,1991-05,,,,,F,M,,,A,,,P1M,,4F0,,,,2025 = 100,,2,,HICP Inflation rate - Non-energy industrial goods - Index,"Euro area (Member States and Institutions of the Euro Area) changing composition - HICP - Non-energy industrial goods, Index, European Central Bank (ECB), Working day and seasonally adjusted",IX,0,
HICP.M.U2.Y.IGXE00.4F0.INX,M,U2,Y,IGXE00,4F0,INX,1991-06,,,,,F,M,,,A,,,P1M,,4F0,,,,2025 = 100,,2,,HICP Inflation rate - Non-energy industrial goods - Index,"Euro area (Member States and Institutions of the Euro Area) changing composition - HICP - Non-energy industrial goods, Index, European Central Bank (ECB), Working day and seasonally adjusted",IX,0,
HICP.M.U2.Y.IGXE00.4F0.INX,M,U2,Y,IGXE00,4F0,INX,1991-07,,,,,F,M,,,A,,,P1M,,4F0,,,,2025 = 100,,2,,HICP Inflation rate - Non-energy industrial goods - Index,"Euro area (Member States and Institutions of the Euro Area) changing composition - HICP - Non-energy industrial goods, Index, European Central Bank (ECB), Working day and seasonally adjusted",IX,0,
HICP.M.U2.Y.IGXE00.4F0.INX,M,U2,Y,IGXE00,4F0,INX,1991-08,,,,,F,M,,,A,,,P1M,,4F0,,,,2025 = 100,,2,,HICP Inflation rate - Non-energy industrial goods - Index,"Euro area (Member States and Institutions of the Euro Area) changing composition - HICP - Non-energy industrial goods, Index, European Central Bank (ECB), Working day and seasonally adjusted",IX,0,
HICP.M.U2.Y.IGXE00.4F0.INX,M,U2,Y,IGXE00,4F0,INX,1991-09,,,,,F,M,,,A,,,P1M,,4F0,,,,2025 = 100,,2,,HICP Inflation rate - Non-energy industrial goods - Index,"Euro area (Member States and Institutions of the Euro Area) changing composition - HICP - Non-energy industrial goods, Index, European Central Bank (ECB), Working day and seasonally adjusted",IX,0,
HICP.M.U2.Y.IGXE00.4F0.INX,M,U2,Y,IGXE00,4F0,INX,1991-10,,,,,F,M,,,A,,,P1M,,4F0,,,,2025 = 100,,2,,HICP Inflation rate - Non-energy industrial goods - Index,"Euro area (Member States and Institutions of the Euro Area) changing composition - HICP - Non-energy industrial goods, Index, European Central Bank (ECB), Working day and seasonally adjusted",IX,0,
HICP.M.U2.Y.IGXE00.4F0.INX,M,U2,Y,IGXE00,4F0,INX,1991-11,,,,,F,M,,,A,,,P1M,,4F0,,,,2025 = 100,,2,,HICP Inflation rate - Non-energy industrial goods - Index,"Euro area (Member States and Institutions of the Euro Area) changing composition - HICP - Non-energy industrial goods, Index, European Central Bank (ECB), Working day and seasonally adjusted",IX,0,
HICP.M.U2.Y.IGXE00.4F0.INX,M,U2,Y,IGXE00,4F0,INX,1991-12,,,,,F,M,,,A,,,P1M,,4F0,,,,2025 = 100,,2,,HICP Inflation rate - Non-energy industrial goods - Index,"Euro area (Member States and Institutions of the Euro Area) changing composition - HICP - Non-energy industrial goods, Index, European Central Bank (ECB), Working day and seasonally adjusted",IX,0,
HICP.M.U2.Y.IGXE00.4F0.INX,M,U2,Y,IGXE00,4F0,INX,1992-01,,,,,F,M,,,A,,,P1M,,4F0,,,,2025 = 100,,2,,HICP Inflation rate - Non-energy industrial goods - Index,"Euro area (Member States and Institutions of the Euro Area) changing composition - HICP - Non-energy industrial goods, Index, European Central Bank (ECB), Working day and seasonally adjusted",IX,0,
HICP.M.U2.Y.IGXE00.4F0.INX,M,U2,Y,IGXE00,4F0,INX,1992-02,,,,,F,M,,,A,,,P1M,,4F0,,,,2025 = 100,,2,,HICP Inflation rate - Non-energy industrial goods - Index,"Euro area (Member States and Institutions of the Euro Area) changing composition - HICP - Non-energy industrial goods, Index, European Central Bank (ECB), Working day and seasonally adjusted",IX,0,
HICP.M.U2.Y.IGXE00.4F0.INX,M,U2,Y,IGXE00,4F0,INX,1992-03,,,,,F,M,,,A,,,P1M,,4F0,,,,2025 = 100,,2,,HICP Inflation rate - Non-energy industrial goods - Index,"Euro area (Member States and Institutions of the Euro Area) changing composition - HICP - Non-energy industrial goods, Index, European Central Bank (ECB), Working day and seasonally adjusted",IX,0,
HICP.M.U2.Y.IGXE00.4F0.INX,M,U2,Y,IGXE00,4F0,INX,1992-04,,,,,F,M,,,A,,,P1M,,4F0,,,,2025 = 100,,2,,HICP Inflation rate - Non-energy industrial goods - Index,"Euro area (Member States and Institutions of the Euro Area) changing composition - HICP - Non-energy industrial goods, Index, European Central Bank (ECB), Working day and seasonally adjusted",IX,0,
HICP.M.U2.Y.IGXE00.4F0.INX,M,U2,Y,IGXE00,4F0,INX,1992-05,,,,,F,M,,,A,,,P1M,,4F0,,,,2025 = 100,,2,,HICP Inflation rate - Non-energy industrial goods - Index,"Euro area (Member States and Institutions of the Euro Area) changing composition - HICP - Non-energy industrial goods, Index, European Central Bank (ECB), Working day and seasonally adjusted",IX,0,
HICP.M.U2.Y.IGXE00.4F0.INX,M,U2,Y,IGXE00,4F0,INX,1992-06,,,,,F,M,,,A,,,P1M,,4F0,,,,2025 = 100,,2,,HICP Inflation rate - Non-energy industrial goods - Index,"Euro area (Member States and Institutions of the Euro Area) changing composition - HICP - Non-energy industrial goods, Index, European Central Bank (ECB), Working day and seasonally adjusted",IX,0,
HICP.M.U2.Y.IGXE00.4F0.INX,M,U2,Y,IGXE00,4F0,INX,1992-07,,,,,F,M,,,A,,,P1M,,4F0,,,,2025 = 100,,2,,HICP Inflation rate - Non-energy industrial goods - Index,"Euro area (Member States and Institutions of the Euro Area) changing composition - HICP - Non-energy industrial goods, Index, European Central Bank (ECB), Working day and seasonally adjusted",IX,0,
HICP.M.U2.Y.IGXE00.4F0.INX,M,U2,Y,IGXE00,4F0,INX,1992-08,,,,,F,M,,,A,,,P1M,,4F0,,,,2025 = 100,,2,,HICP Inflation rate - Non-energy industrial goods - Index,"Euro area (Member States and Institutions of the Euro Area) changing composition - HICP - Non-energy industrial goods, Index, European Central Bank (ECB), Working day and seasonally adjusted",IX,0,
HICP.M.U2.Y.IGXE00.4F0.INX,M,U2,Y,IGXE00,4F0,INX,1992-09,,,,,F,M,,,A,,,P1M,,4F0,,,,2025 = 100,,2,,HICP Inflation rate - Non-energy industrial goods - Index,"Euro area (Member States and Institutions of the Euro Area) changing composition - HICP - Non-energy industrial goods, Index, European Central Bank (ECB), Working day and seasonally adjusted",IX,0,
HICP.M.U2.Y.IGXE00.4F0.INX,M,U2,Y,IGXE00,4F0,INX,1992-10,,,,,F,M,,,A,,,P1M,,4F0,,,,2025 = 100,,2,,HICP Inflation rate - Non-energy industrial goods - Index,"Euro area (Member States and Institutions of the Euro Area) changing composition - HICP - Non-energy industrial goods, Index, European Central Bank (ECB), Working day and seasonally adjusted",IX,0,
HICP.M.U2.Y.IGXE00.4F0.INX,M,U2,Y,IGXE00,4F0,INX,1992-11,,,,,F,M,,,A,,,P1M,,4F0,,,,2025 = 100,,2,,HICP Inflation rate - Non-energy industrial goods - Index,"Euro area (Member States and Institutions of the Euro Area) changing composition - HICP - Non-energy industrial goods, Index, European Central Bank (ECB), Working day and seasonally adjusted",IX,0,
HICP.M.U2.Y.IGXE00.4F0.INX,M,U2,Y,IGXE00,4F0,INX,1992-12,,,,,F,M,,,A,,,P1M,,4F0,,,,2025 = 100,,2,,HICP Inflation rate - Non-energy industrial goods - Index,"Euro area (Member States and Institutions of the Euro Area) changing composition - HICP - Non-energy industrial goods, Index, European Central Bank (ECB), Working day and seasonally adjusted",IX,0,
HICP.M.U2.Y.IGXE00.4F0.INX,M,U2,Y,IGXE00,4F0,INX,1993-01,,,,,F,M,,,A,,,P1M,,4F0,,,,2025 = 100,,2,,HICP Inflation rate - Non-energy industrial goods - Index,"Euro area (Member States and Institutions of the Euro Area) changing composition - HICP - Non-energy industrial goods, Index, European Central Bank (ECB), Working day and seasonally adjusted",IX,0,
HICP.M.U2.Y.IGXE00.4F0.INX,M,U2,Y,IGXE00,4F0,INX,1993-02,,,,,F,M,,,A,,,P1M,,4F0,,,,2025 = 100,,2,,HICP Inflation rate - Non-energy industrial goods - Index,"Euro area (Member States and Institutions of the Euro Area) changing composition - HICP - Non-energy industrial goods, Index, European Central Bank (ECB), Working day and seasonally adjusted",IX,0,
HICP.M.U2.Y.IGXE00.4F0.INX,M,U2,Y,IGXE00,4F0,INX,1993-03,,,,,F,M,,,A,,,P1M,,4F0,,,,2025 = 100,,2,,HICP Inflation rate - Non-energy industrial goods - Index,"Euro area (Member States and Institutions of the Euro Area) changing composition - HICP - Non-energy industrial goods, Index, European Central Bank (ECB), Working day and seasonally adjusted",IX,0,
HICP.M.U2.Y.IGXE00.4F0.INX,M,U2,Y,IGXE00,4F0,INX,1993-04,,,,,F,M,,,A,,,P1M,,4F0,,,,2025 = 100,,2,,HICP Inflation rate - Non-energy industrial goods - Index,"Euro area (Member States and Institutions of the Euro Area) changing composition - HICP - Non-energy industrial goods, Index, European Central Bank (ECB), Working day and seasonally adjusted",IX,0,
HICP.M.U2.Y.IGXE00.4F0.INX,M,U2,Y,IGXE00,4F0,INX,1993-05,,,,,F,M,,,A,,,P1M,,4F0,,,,2025 = 100,,2,,HICP Inflation rate - Non-energy industrial goods - Index,"Euro area (Member States and Institutions of the Euro Area) changing composition - HICP - Non-energy industrial goods, Index, European Central Bank (ECB), Working day and seasonally adjusted",IX,0,
HICP.M.U2.Y.IGXE00.4F0.INX,M,U2,Y,IGXE00,4F0,INX,1993-06,,,,,F,M,,,A,,,P1M,,4F0,,,,2025 = 100,,2,,HICP Inflation rate - Non-energy industrial goods - Index,"Euro area (Member States and Institutions of the Euro Area) changing composition - HICP - Non-energy industrial goods, Index, European Central Bank (ECB), Working day and seasonally adjusted",IX,0,
HICP.M.U2.Y.IGXE00.4F0.INX,M,U2,Y,IGXE00,4F0,INX,1993-07,,,,,F,M,,,A,,,P1M,,4F0,,,,2025 = 100,,2,,HICP Inflation rate - Non-energy industrial goods - Index,"Euro area (Member States and Institutions of the Euro Area) changing composition - HICP - Non-energy industrial goods, Index, European Central Bank (ECB), Working day and seasonally adjusted",IX,0,
HICP.M.U2.Y.IGXE00.4F0.INX,M,U2,Y,IGXE00,4F0,INX,1993-08,,,,,F,M,,,A,,,P1M,,4F0,,,,2025 = 100,,2,,HICP Inflation rate - Non-energy industrial goods - Index,"Euro area (Member States and Institutions of the Euro Area) changing composition - HICP - Non-energy industrial goods, Index, European Central Bank (ECB), Working day and seasonally adjusted",IX,0,
HICP.M.U2.Y.IGXE00.4F0.INX,M,U2,Y,IGXE00,4F0,INX,1993-09,,,,,F,M,,,A,,,P1M,,4F0,,,,2025 = 100,,2,,HICP Inflation rate - Non-energy industrial goods - Index,"Euro area (Member States and Institutions of the Euro Area) changing composition - HICP - Non-energy industrial goods, Index, European Central Bank (ECB), Working day and seasonally adjusted",IX,0,
HICP.M.U2.Y.IGXE00.4F0.INX,M,U2,Y,IGXE00,4F0,INX,1993-10,,,,,F,M,,,A,,,P1M,,4F0,,,,2025 = 100,,2,,HICP Inflation rate - Non-energy industrial goods - Index,"Euro area (Member States and Institutions of the Euro Area) changing composition - HICP - Non-energy industrial goods, Index, European Central Bank (ECB), Working day and seasonally adjusted",IX,0,
HICP.M.U2.Y.IGXE00.4F0.INX,M,U2,Y,IGXE00,4F0,INX,1993-11,,,,,F,M,,,A,,,P1M,,4F0,,,,2025 = 100,,2,,HICP Inflation rate - Non-energy industrial goods - Index,"Euro area (Member States and Institutions of the Euro Area) changing composition - HICP - Non-energy industrial goods, Index, European Central Bank (ECB), Working day and seasonally adjusted",IX,0,
HICP.M.U2.Y.IGXE00.4F0.INX,M,U2,Y,IGXE00,4F0,INX,1993-12,,,,,F,M,,,A,,,P1M,,4F0,,,,2025 = 100,,2,,HICP Inflation rate - Non-energy industrial goods - Index,"Euro area (Member States and Institutions of the Euro Area) changing composition - HICP - Non-energy industrial goods, Index, European Central Bank (ECB), Working day and seasonally adjusted",IX,0,
HICP.M.U2.Y.IGXE00.4F0.INX,M,U2,Y,IGXE00,4F0,INX,1994-01,,,,,F,M,,,A,,,P1M,,4F0,,,,2025 = 100,,2,,HICP Inflation rate - Non-energy industrial goods - Index,"Euro area (Member States and Institutions of the Euro Area) changing composition - HICP - Non-energy industrial goods, Index, European Central Bank (ECB), Working day and seasonally adjusted",IX,0,
HICP.M.U2.Y.IGXE00.4F0.INX,M,U2,Y,IGXE00,4F0,INX,1994-02,,,,,F,M,,,A,,,P1M,,4F0,,,,2025 = 100,,2,,HICP Inflation rate - Non-energy industrial goods - Index,"Euro area (Member States and Institutions of the Euro Area) changing composition - HICP - Non-energy industrial goods, Index, European Central Bank (ECB), Working day and seasonally adjusted",IX,0,
HICP.M.U2.Y.IGXE00.4F0.INX,M,U2,Y,IGXE00,4F0,INX,1994-03,,,,,F,M,,,A,,,P1M,,4F0,,,,2025 = 100,,2,,HICP Inflation rate - Non-energy industrial goods - Index,"Euro area (Member States and Institutions of the Euro Area) changing composition - HICP - Non-energy industrial goods, Index, European Central Bank (ECB), Working day and seasonally adjusted",IX,0,
HICP.M.U2.Y.IGXE00.4F0.INX,M,U2,Y,IGXE00,4F0,INX,1994-04,,,,,F,M,,,A,,,P1M,,4F0,,,,2025 = 100,,2,,HICP Inflation rate - Non-energy industrial goods - Index,"Euro area (Member States and Institutions of the Euro Area) changing composition - HICP - Non-energy industrial goods, Index, European Central Bank (ECB), Working day and seasonally adjusted",IX,0,
HICP.M.U2.Y.IGXE00.4F0.INX,M,U2,Y,IGXE00,4F0,INX,1994-05,,,,,F,M,,,A,,,P1M,,4F0,,,,2025 = 100,,2,,HICP Inflation rate - Non-energy industrial goods - Index,"Euro area (Member States and Institutions of the Euro Area) changing composition - HICP - Non-energy industrial goods, Index, European Central Bank (ECB), Working day and seasonally adjusted",IX,0,
HICP.M.U2.Y.IGXE00.4F0.INX,M,U2,Y,IGXE00,4F0,INX,1994-06,,,,,F,M,,,A,,,P1M,,4F0,,,,2025 = 100,,2,,HICP Inflation rate - Non-energy industrial goods - Index,"Euro area (Member States and Institutions of the Euro Area) changing composition - HICP - Non-energy industrial goods, Index, European Central Bank (ECB), Working day and seasonally adjusted",IX,0,
HICP.M.U2.Y.IGXE00.4F0.INX,M,U2,Y,IGXE00,4F0,INX,1994-07,,,,,F,M,,,A,,,P1M,,4F0,,,,2025 = 100,,2,,HICP Inflation rate - Non-energy industrial goods - Index,"Euro area (Member States and Institutions of the Euro Area) changing composition - HICP - Non-energy industrial goods, Index, European Central Bank (ECB), Working day and seasonally adjusted",IX,0,
HICP.M.U2.Y.IGXE00.4F0.INX,M,U2,Y,IGXE00,4F0,INX,1994-08,,,,,F,M,,,A,,,P1M,,4F0,,,,2025 = 100,,2,,HICP Inflation rate - Non-energy industrial goods - Index,"Euro area (Member States and Institutions of the Euro Area) changing composition - HICP - Non-energy industrial goods, Index, European Central Bank (ECB), Working day and seasonally adjusted",IX,0,
HICP.M.U2.Y.IGXE00.4F0.INX,M,U2,Y,IGXE00,4F0,INX,1994-09,,,,,F,M,,,A,,,P1M,,4F0,,,,2025 = 100,,2,,HICP Inflation rate - Non-energy industrial goods - Index,"Euro area (Member States and Institutions of the Euro Area) changing composition - HICP - Non-energy industrial goods, Index, European Central Bank (ECB), Working day and seasonally adjusted",IX,0,
HICP.M.U2.Y.IGXE00.4F0.INX,M,U2,Y,IGXE00,4F0,INX,1994-10,,,,,F,M,,,A,,,P1M,,4F0,,,,2025 = 100,,2,,HICP Inflation rate - Non-energy industrial goods - Index,"Euro area (Member States and Institutions of the Euro Area) changing composition - HICP - Non-energy industrial goods, Index, European Central Bank (ECB), Working day and seasonally adjusted",IX,0,
HICP.M.U2.Y.IGXE00.4F0.INX,M,U2,Y,IGXE00,4F0,INX,1994-11,,,,,F,M,,,A,,,P1M,,4F0,,,,2025 = 100,,2,,HICP Inflation rate - Non-energy industrial goods - Index,"Euro area (Member States and Institutions of the Euro Area) changing composition - HICP - Non-energy industrial goods, Index, European Central Bank (ECB), Working day and seasonally adjusted",IX,0,
HICP.M.U2.Y.IGXE00.4F0.INX,M,U2,Y,IGXE00,4F0,INX,1994-12,,,,,F,M,,,A,,,P1M,,4F0,,,,2025 = 100,,2,,HICP Inflation rate - Non-energy industrial goods - Index,"Euro area (Member States and Institutions of the Euro Area) changing composition - HICP - Non-energy industrial goods, Index, European Central Bank (ECB), Working day and seasonally adjusted",IX,0,
HICP.M.U2.Y.IGXE00.4F0.INX,M,U2,Y,IGXE00,4F0,INX,1995-01,,,,,F,M,,,A,,,P1M,,4F0,,,,2025 = 100,,2,,HICP Inflation rate - Non-energy industrial goods - Index,"Euro area (Member States and Institutions of the Euro Area) changing composition - HICP - Non-energy industrial goods, Index, European Central Bank (ECB), Working day and seasonally adjusted",IX,0,
HICP.M.U2.Y.IGXE00.4F0.INX,M,U2,Y,IGXE00,4F0,INX,1995-02,,,,,F,M,,,A,,,P1M,,4F0,,,,2025 = 100,,2,,HICP Inflation rate - Non-energy industrial goods - Index,"Euro area (Member States and Institutions of the Euro Area) changing composition - HICP - Non-energy industrial goods, Index, European Central Bank (ECB), Working day and seasonally adjusted",IX,0,
HICP.M.U2.Y.IGXE00.4F0.INX,M,U2,Y,IGXE00,4F0,INX,1995-03,,,,,F,M,,,A,,,P1M,,4F0,,,,2025 = 100,,2,,HICP Inflation rate - Non-energy industrial goods - Index,"Euro area (Member States and Institutions of the Euro Area) changing composition - HICP - Non-energy industrial goods, Index, European Central Bank (ECB), Working day and seasonally adjusted",IX,0,
HICP.M.U2.Y.IGXE00.4F0.INX,M,U2,Y,IGXE00,4F0,INX,1995-04,,,,,F,M,,,A,,,P1M,,4F0,,,,2025 = 100,,2,,HICP Inflation rate - Non-energy industrial goods - Index,"Euro area (Member States and Institutions of the Euro Area) changing composition - HICP - Non-energy industrial goods, Index, European Central Bank (ECB), Working day and seasonally adjusted",IX,0,
HICP.M.U2.Y.IGXE00.4F0.INX,M,U2,Y,IGXE00,4F0,INX,1995-05,,,,,F,M,,,A,,,P1M,,4F0,,,,2025 = 100,,2,,HICP Inflation rate - Non-energy industrial goods - Index,"Euro area (Member States and Institutions of the Euro Area) changing composition - HICP - Non-energy industrial goods, Index, European Central Bank (ECB), Working day and seasonally adjusted",IX,0,
HICP.M.U2.Y.IGXE00.4F0.INX,M,U2,Y,IGXE00,4F0,INX,1995-06,,,,,F,M,,,A,,,P1M,,4F0,,,,2025 = 100,,2,,HICP Inflation rate - Non-energy industrial goods - Index,"Euro area (Member States and Institutions of the Euro Area) changing composition - HICP - Non-energy industrial goods, Index, European Central Bank (ECB), Working day and seasonally adjusted",IX,0,
HICP.M.U2.Y.IGXE00.4F0.INX,M,U2,Y,IGXE00,4F0,INX,1995-07,,,,,F,M,,,A,,,P1M,,4F0,,,,2025 = 100,,2,,HICP Inflation rate - Non-energy industrial goods - Index,"Euro area (Member States and Institutions of the Euro Area) changing composition - HICP - Non-energy industrial goods, Index, European Central Bank (ECB), Working day and seasonally adjusted",IX,0,
HICP.M.U2.Y.IGXE00.4F0.INX,M,U2,Y,IGXE00,4F0,INX,1995-08,,,,,F,M,,,A,,,P1M,,4F0,,,,2025 = 100,,2,,HICP Inflation rate - Non-energy industrial goods - Index,"Euro area (Member States and Institutions of the Euro Area) changing composition - HICP - Non-energy industrial goods, Index, European Central Bank (ECB), Working day and seasonally adjusted",IX,0,
HICP.M.U2.Y.IGXE00.4F0.INX,M,U2,Y,IGXE00,4F0,INX,1995-09,,,,,F,M,,,A,,,P1M,,4F0,,,,2025 = 100,,2,,HICP Inflation rate - Non-energy industrial goods - Index,"Euro area (Member States and Institutions of the Euro Area) changing composition - HICP - Non-energy industrial goods, Index, European Central Bank (ECB), Working day and seasonally adjusted",IX,0,
HICP.M.U2.Y.IGXE00.4F0.INX,M,U2,Y,IGXE00,4F0,INX,1995-10,,,,,F,M,,,A,,,P1M,,4F0,,,,2025 = 100,,2,,HICP Inflation rate - Non-energy industrial goods - Index,"Euro area (Member States and Institutions of the Euro Area) changing composition - HICP - Non-energy industrial goods, Index, European Central Bank (ECB), Working day and seasonally adjusted",IX,0,
HICP.M.U2.Y.IGXE00.4F0.INX,M,U2,Y,IGXE00,4F0,INX,1995-11,,,,,F,M,,,A,,,P1M,,4F0,,,,2025 = 100,,2,,HICP Inflation rate - Non-energy industrial goods - Index,"Euro area (Member States and Institutions of the Euro Area) changing composition - HICP - Non-energy industrial goods, Index, European Central Bank (ECB), Working day and seasonally adjusted",IX,0,
HICP.M.U2.Y.IGXE00.4F0.INX,M,U2,Y,IGXE00,4F0,INX,1995-12,,,,,F,M,,,A,,,P1M,,4F0,,,,2025 = 100,,2,,HICP Inflation rate - Non-energy industrial goods - Index,"Euro area (Member States and Institutions of the Euro Area) changing composition - HICP - Non-energy industrial goods, Index, European Central Bank (ECB), Working day and seasonally adjusted",IX,0,
HICP.M.U2.Y.IGXE00.4F0.INX,M,U2,Y,IGXE00,4F0,INX,1996-01,77.91,,,,F,A,,,A,,,P1M,,4F0,,,,2025 = 100,,2,,HICP Inflation rate - Non-energy industrial goods - Index,"Euro area (Member States and Institutions of the Euro Area) changing composition - HICP - Non-energy industrial goods, Index, European Central Bank (ECB), Working day and seasonally adjusted",IX,0,
HICP.M.U2.Y.IGXE00.4F0.INX,M,U2,Y,IGXE00,4F0,INX,1996-02,77.93,,,,F,A,,,A,,,P1M,,4F0,,,,2025 = 100,,2,,HICP Inflation rate - Non-energy industrial goods - Index,"Euro area (Member States and Institutions of the Euro Area) changing composition - HICP - Non-energy industrial goods, Index, European Central Bank (ECB), Working day and seasonally adjusted",IX,0,
HICP.M.U2.Y.IGXE00.4F0.INX,M,U2,Y,IGXE00,4F0,INX,1996-03,78.03,,,,F,A,,,A,,,P1M,,4F0,,,,2025 = 100,,2,,HICP Inflation rate - Non-energy industrial goods - Index,"Euro area (Member States and Institutions of the Euro Area) changing composition - HICP - Non-energy industrial goods, Index, European Central Bank (ECB), Working day and seasonally adjusted",IX,0,
HICP.M.U2.Y.IGXE00.4F0.INX,M,U2,Y,IGXE00,4F0,INX,1996-04,77.96,,,,F,A,,,A,,,P1M,,4F0,,,,2025 = 100,,2,,HICP Inflation rate - Non-energy industrial goods - Index,"Euro area (Member States and Institutions of the Euro Area) changing composition - HICP - Non-energy industrial goods, Index, European Central Bank (ECB), Working day and seasonally adjusted",IX,0,
HICP.M.U2.Y.IGXE00.4F0.INX,M,U2,Y,IGXE00,4F0,INX,1996-05,77.97,,,,F,A,,,A,,,P1M,,4F0,,,,2025 = 100,,2,,HICP Inflation rate - Non-energy industrial goods - Index,"Euro area (Member States and Institutions of the Euro Area) changing composition - HICP - Non-energy industrial goods, Index, European Central Bank (ECB), Working day and seasonally adjusted",IX,0,
HICP.M.U2.Y.IGXE00.4F0.INX,M,U2,Y,IGXE00,4F0,INX,1996-06,78.06,,,,F,A,,,A,,,P1M,,4F0,,,,2025 = 100,,2,,HICP Inflation rate - Non-energy industrial goods - Index,"Euro area (Member States and Institutions of the Euro Area) changing composition - HICP - Non-energy industrial goods, Index, European Central Bank (ECB), Working day and seasonally adjusted",IX,0,
HICP.M.U2.Y.IGXE00.4F0.INX,M,U2,Y,IGXE00,4F0,INX,1996-07,78.22,,,,F,A,,,A,,,P1M,,4F0,,,,2025 = 100,,2,,HICP Inflation rate - Non-energy industrial goods - Index,"Euro area (Member States and Institutions of the Euro Area) changing composition - HICP - Non-energy industrial goods, Index, European Central Bank (ECB), Working day and seasonally adjusted",IX,0,
HICP.M.U2.Y.IGXE00.4F0.INX,M,U2,Y,IGXE00,4F0,INX,1996-08,78.16,,,,F,A,,,A,,,P1M,,4F0,,,,2025 = 100,,2,,HICP Inflation rate - Non-energy industrial goods - Index,"Euro area (Member States and Institutions of the Euro Area) changing composition - HICP - Non-energy industrial goods, Index, European Central Bank (ECB), Working day and seasonally adjusted",IX,0,
HICP.M.U2.Y.IGXE00.4F0.INX,M,U2,Y,IGXE00,4F0,INX,1996-09,78.06,,,,F,A,,,A,,,P1M,,4F0,,,,2025 = 100,,2,,HICP Inflation rate - Non-energy industrial goods - Index,"Euro area (Member States and Institutions of the Euro Area) changing composition - HICP - Non-energy industrial goods, Index, European Central Bank (ECB), Working day and seasonally adjusted",IX,0,
HICP.M.U2.Y.IGXE00.4F0.INX,M,U2,Y,IGXE00,4F0,INX,1996-10,78.16,,,,F,A,,,A,,,P1M,,4F0,,,,2025 = 100,,2,,HICP Inflation rate - Non-energy industrial goods - Index,"Euro area (Member States and Institutions of the Euro Area) changing composition - HICP - Non-energy industrial goods, Index, European Central Bank (ECB), Working day and seasonally adjusted",IX,0,
HICP.M.U2.Y.IGXE00.4F0.INX,M,U2,Y,IGXE00,4F0,INX,1996-11,77.94,,,,F,A,,,A,,,P1M,,4F0,,,,2025 = 100,,2,,HICP Inflation rate - Non-energy industrial goods - Index,"Euro area (Member States and Institutions of the Euro Area) changing composition - HICP - Non-energy industrial goods, Index, European Central Bank (ECB), Working day and seasonally adjusted",IX,0,
HICP.M.U2.Y.IGXE00.4F0.INX,M,U2,Y,IGXE00,4F0,INX,1996-12,78.05,,,,F,A,,,A,,,P1M,,4F0,,,,2025 = 100,,2,,HICP Inflation rate - Non-energy industrial goods - Index,"Euro area (Member States and Institutions of the Euro Area) changing composition - HICP - Non-energy industrial goods, Index, European Central Bank (ECB), Working day and seasonally adjusted",IX,0,
HICP.M.U2.Y.IGXE00.4F0.INX,M,U2,Y,IGXE00,4F0,INX,1997-01,78.19,,,,F,A,,,A,,,P1M,,4F0,,,,2025 = 100,,2,,HICP Inflation rate - Non-energy industrial goods - Index,"Euro area (Member States and Institutions of the Euro Area) changing composition - HICP - Non-energy industrial goods, Index, European Central Bank (ECB), Working day and seasonally adjusted",IX,0,
HICP.M.U2.Y.IGXE00.4F0.INX,M,U2,Y,IGXE00,4F0,INX,1997-02,78.26,,,,F,A,,,A,,,P1M,,4F0,,,,2025 = 100,,2,,HICP Inflation rate - Non-energy industrial goods - Index,"Euro area (Member States and Institutions of the Euro Area) changing composition - HICP - Non-energy industrial goods, Index, European Central Bank (ECB), Working day and seasonally adjusted",IX,0,
HICP.M.U2.Y.IGXE00.4F0.INX,M,U2,Y,IGXE00,4F0,INX,1997-03,78.2,,,,F,A,,,A,,,P1M,,4F0,,,,2025 = 100,,2,,HICP Inflation rate - Non-energy industrial goods - Index,"Euro area (Member States and Institutions of the Euro Area) changing composition - HICP - Non-energy industrial goods, Index, European Central Bank (ECB), Working day and seasonally adjusted",IX,0,
HICP.M.U2.Y.IGXE00.4F0.INX,M,U2,Y,IGXE00,4F0,INX,1997-04,78.13,,,,F,A,,,A,,,P1M,,4F0,,,,2025 = 100,,2,,HICP Inflation rate - Non-energy industrial goods - Index,"Euro area (Member States and Institutions of the Euro Area) changing composition - HICP - Non-energy industrial goods, Index, European Central Bank (ECB), Working day and seasonally adjusted",IX,0,
HICP.M.U2.Y.IGXE00.4F0.INX,M,U2,Y,IGXE00,4F0,INX,1997-05,78.15,,,,F,A,,,A,,,P1M,,4F0,,,,2025 = 100,,2,,HICP Inflation rate - Non-energy industrial goods - Index,"Euro area (Member States and Institutions of the Euro Area) changing composition - HICP - Non-energy industrial goods, Index, European Central Bank (ECB), Working day and seasonally adjusted",IX,0,
HICP.M.U2.Y.IGXE00.4F0.INX,M,U2,Y,IGXE00,4F0,INX,1997-06,78.15,,,,F,A,,,A,,,P1M,,4F0,,,,2025 = 100,,2,,HICP Inflation rate - Non-energy industrial goods - Index,"Euro area (Member States and Institutions of the Euro Area) changing composition - HICP - Non-energy industrial goods, Index, European Central Bank (ECB), Working day and seasonally adjusted",IX,0,
HICP.M.U2.Y.IGXE00.4F0.INX,M,U2,Y,IGXE00,4F0,INX,1997-07,78.25,,,,F,A,,,A,,,P1M,,4F0,,,,2025 = 100,,2,,HICP Inflation rate - Non-energy industrial goods - Index,"Euro area (Member States and Institutions of the Euro Area) changing composition - HICP - Non-energy industrial goods, Index, European Central Bank (ECB), Working day and seasonally adjusted",IX,0,
HICP.M.U2.Y.IGXE00.4F0.INX,M,U2,Y,IGXE00,4F0,INX,1997-08,78.31,,,,F,A,,,A,,,P1M,,4F0,,,,2025 = 100,,2,,HICP Inflation rate - Non-energy industrial goods - Index,"Euro area (Member States and Institutions of the Euro Area) changing composition - HICP - Non-energy industrial goods, Index, European Central Bank (ECB), Working day and seasonally adjusted",IX,0,
HICP.M.U2.Y.IGXE00.4F0.INX,M,U2,Y,IGXE00,4F0,INX,1997-09,78.24,,,,F,A,,,A,,,P1M,,4F0,,,,2025 = 100,,2,,HICP Inflation rate - Non-energy industrial goods - Index,"Euro area (Member States and Institutions of the Euro Area) changing composition - HICP - Non-energy industrial goods, Index, European Central Bank (ECB), Working day and seasonally adjusted",IX,0,
HICP.M.U2.Y.IGXE00.4F0.INX,M,U2,Y,IGXE00,4F0,INX,1997-10,78.18,,,,F,A,,,A,,,P1M,,4F0,,,,2025 = 100,,2,,HICP Inflation rate - Non-energy industrial goods - Index,"Euro area (Member States and Institutions of the Euro Area) changing composition - HICP - Non-energy industrial goods, Index, European Central Bank (ECB), Working day and seasonally adjusted",IX,0,
HICP.M.U2.Y.IGXE00.4F0.INX,M,U2,Y,IGXE00,4F0,INX,1997-11,78.18,,,,F,A,,,A,,,P1M,,4F0,,,,2025 = 100,,2,,HICP Inflation rate - Non-energy industrial goods - Index,"Euro area (Member States and Institutions of the Euro Area) changing composition - HICP - Non-energy industrial goods, Index, European Central Bank (ECB), Working day and seasonally adjusted",IX,0,
HICP.M.U2.Y.IGXE00.4F0.INX,M,U2,Y,IGXE00,4F0,INX,1997-12,78.29,,,,F,A,,,A,,,P1M,,4F0,,,,2025 = 100,,2,,HICP Inflation rate - Non-energy industrial goods - Index,"Euro area (Member States and Institutions of the Euro Area) changing composition - HICP - Non-energy industrial goods, Index, European Central Bank (ECB), Working day and seasonally adjusted",IX,0,
HICP.M.U2.Y.IGXE00.4F0.INX,M,U2,Y,IGXE00,4F0,INX,1998-01,78.32,,Introduction of harmonised treatment of price reductions in Portugal as of Jan98,,F,A,,,A,,,P1M,,4F0,,,,2025 = 100,,2,,HICP Inflation rate - Non-energy industrial goods - Index,"Euro area (Member States and Institutions of the Euro Area) changing composition - HICP - Non-energy industrial goods, Index, European Central Bank (ECB), Working day and seasonally adjusted",IX,0,
HICP.M.U2.Y.IGXE00.4F0.INX,M,U2,Y,IGXE00,4F0,INX,1998-02,78.48,,,,F,A,,,A,,,P1M,,4F0,,,,2025 = 100,,2,,HICP Inflation rate - Non-energy industrial goods - Index,"Euro area (Member States and Institutions of the Euro Area) changing composition - HICP - Non-energy industrial goods, Index, European Central Bank (ECB), Working day and seasonally adjusted",IX,0,
HICP.M.U2.Y.IGXE00.4F0.INX,M,U2,Y,IGXE00,4F0,INX,1998-03,78.44,,,,F,A,,,A,,,P1M,,4F0,,,,2025 = 100,,2,,HICP Inflation rate - Non-energy industrial goods - Index,"Euro area (Member States and Institutions of the Euro Area) changing composition - HICP - Non-energy industrial goods, Index, European Central Bank (ECB), Working day and seasonally adjusted",IX,0,
HICP.M.U2.Y.IGXE00.4F0.INX,M,U2,Y,IGXE00,4F0,INX,1998-04,78.54,,,,F,A,,,A,,,P1M,,4F0,,,,2025 = 100,,2,,HICP Inflation rate - Non-energy industrial goods - Index,"Euro area (Member States and Institutions of the Euro Area) changing composition - HICP - Non-energy industrial goods, Index, European Central Bank (ECB), Working day and seasonally adjusted",IX,0,
HICP.M.U2.Y.IGXE00.4F0.INX,M,U2,Y,IGXE00,4F0,INX,1998-05,78.57,,,,F,A,,,A,,,P1M,,4F0,,,,2025 = 100,,2,,HICP Inflation rate - Non-energy industrial goods - Index,"Euro area (Member States and Institutions of the Euro Area) changing composition - HICP - Non-energy industrial goods, Index, European Central Bank (ECB), Working day and seasonally adjusted",IX,0,
HICP.M.U2.Y.IGXE00.4F0.INX,M,U2,Y,IGXE00,4F0,INX,1998-06,78.69,,,,F,A,,,A,,,P1M,,4F0,,,,2025 = 100,,2,,HICP Inflation rate - Non-energy industrial goods - Index,"Euro area (Member States and Institutions of the Euro Area) changing composition - HICP - Non-energy industrial goods, Index, European Central Bank (ECB), Working day and seasonally adjusted",IX,0,
HICP.M.U2.Y.IGXE00.4F0.INX,M,U2,Y,IGXE00,4F0,INX,1998-07,78.73,,,,F,A,,,A,,,P1M,,4F0,,,,2025 = 100,,2,,HICP Inflation rate - Non-energy industrial goods - Index,"Euro area (Member States and Institutions of the Euro Area) changing composition - HICP - Non-energy industrial goods, Index, European Central Bank (ECB), Working day and seasonally adjusted",IX,0,
HICP.M.U2.Y.IGXE00.4F0.INX,M,U2,Y,IGXE00,4F0,INX,1998-08,78.81,,,,F,A,,,A,,,P1M,,4F0,,,,2025 = 100,,2,,HICP Inflation rate - Non-energy industrial goods - Index,"Euro area (Member States and Institutions of the Euro Area) changing composition - HICP - Non-energy industrial goods, Index, European Central Bank (ECB), Working day and seasonally adjusted",IX,0,
HICP.M.U2.Y.IGXE00.4F0.INX,M,U2,Y,IGXE00,4F0,INX,1998-09,78.81,,,,F,A,,,A,,,P1M,,4F0,,,,2025 = 100,,2,,HICP Inflation rate - Non-energy industrial goods - Index,"Euro area (Member States and Institutions of the Euro Area) changing composition - HICP - Non-energy industrial goods, Index, European Central Bank (ECB), Working day and seasonally adjusted",IX,0,
HICP.M.U2.Y.IGXE00.4F0.INX,M,U2,Y,IGXE00,4F0,INX,1998-10,78.72,,,,F,A,,,A,,,P1M,,4F0,,,,2025 = 100,,2,,HICP Inflation rate - Non-energy industrial goods - Index,"Euro area (Member States and Institutions of the Euro Area) changing composition - HICP - Non-energy industrial goods, Index, European Central Bank (ECB), Working day and seasonally adjusted",IX,0,
HICP.M.U2.Y.IGXE00.4F0.INX,M,U2,Y,IGXE00,4F0,INX,1998-11,78.71,,,,F,A,,,A,,,P1M,,4F0,,,,2025 = 100,,2,,HICP Inflation rate - Non-energy industrial goods - Index,"Euro area (Member States and Institutions of the Euro Area) changing composition - HICP - Non-energy industrial goods, Index, European Central Bank (ECB), Working day and seasonally adjusted",IX,0,
HICP.M.U2.Y.IGXE00.4F0.INX,M,U2,Y,IGXE00,4F0,INX,1998-12,78.79,,,,F,A,,,A,,,P1M,,4F0,,,,2025 = 100,,2,,HICP Inflation rate - Non-energy industrial goods - Index,"Euro area (Member States and Institutions of the Euro Area) changing composition - HICP - Non-energy industrial goods, Index, European Central Bank (ECB), Working day and seasonally adjusted",IX,0,
HICP.M.U2.Y.IGXE00.4F0.INX,M,U2,Y,IGXE00,4F0,INX,1999-01,78.8,,Introduction of harmonised treatment of price reductions in Luxembourg as of Jan99,,F,A,,,A,,,P1M,,4F0,,,,2025 = 100,,2,,HICP Inflation rate - Non-energy industrial goods - Index,"Euro area (Member States and Institutions of the Euro Area) changing composition - HICP - Non-energy industrial goods, Index, European Central Bank (ECB), Working day and seasonally adjusted",IX,0,
HICP.M.U2.Y.IGXE00.4F0.INX,M,U2,Y,IGXE00,4F0,INX,1999-02,78.85,,,,F,A,,,A,,,P1M,,4F0,,,,2025 = 100,,2,,HICP Inflation rate - Non-energy industrial goods - Index,"Euro area (Member States and Institutions of the Euro Area) changing composition - HICP - Non-energy industrial goods, Index, European Central Bank (ECB), Working day and seasonally adjusted",IX,0,
HICP.M.U2.Y.IGXE00.4F0.INX,M,U2,Y,IGXE00,4F0,INX,1999-03,78.82,,,,F,A,,,A,,,P1M,,4F0,,,,2025 = 100,,2,,HICP Inflation rate - Non-energy industrial goods - Index,"Euro area (Member States and Institutions of the Euro Area) changing composition - HICP - Non-energy industrial goods, Index, European Central Bank (ECB), Working day and seasonally adjusted",IX,0,
HICP.M.U2.Y.IGXE00.4F0.INX,M,U2,Y,IGXE00,4F0,INX,1999-04,78.75,,,,F,A,,,A,,,P1M,,4F0,,,,2025 = 100,,2,,HICP Inflation rate - Non-energy industrial goods - Index,"Euro area (Member States and Institutions of the Euro Area) changing composition - HICP - Non-energy industrial goods, Index, European Central Bank (ECB), Working day and seasonally adjusted",IX,0,
HICP.M.U2.Y.IGXE00.4F0.INX,M,U2,Y,IGXE00,4F0,INX,1999-05,78.75,,,,F,A,,,A,,,P1M,,4F0,,,,2025 = 100,,2,,HICP Inflation rate - Non-energy industrial goods - Index,"Euro area (Member States and Institutions of the Euro Area) changing composition - HICP - Non-energy industrial goods, Index, European Central Bank (ECB), Working day and seasonally adjusted",IX,0,
HICP.M.U2.Y.IGXE00.4F0.INX,M,U2,Y,IGXE00,4F0,INX,1999-06,78.84,,,,F,A,,,A,,,P1M,,4F0,,,,2025 = 100,,2,,HICP Inflation rate - Non-energy industrial goods - Index,"Euro area (Member States and Institutions of the Euro Area) changing composition - HICP - Non-energy industrial goods, Index, European Central Bank (ECB), Working day and seasonally adjusted",IX,0,
HICP.M.U2.Y.IGXE00.4F0.INX,M,U2,Y,IGXE00,4F0,INX,1999-07,78.82,,,,F,A,,,A,,,P1M,,4F0,,,,2025 = 100,,2,,HICP Inflation rate - Non-energy industrial goods - Index,"Euro area (Member States and Institutions of the Euro Area) changing composition - HICP - Non-energy industrial goods, Index, European Central Bank (ECB), Working day and seasonally adjusted",IX,0,
HICP.M.U2.Y.IGXE00.4F0.INX,M,U2,Y,IGXE00,4F0,INX,1999-08,78.89,,,,F,A,,,A,,,P1M,,4F0,,,,2025 = 100,,2,,HICP Inflation rate - Non-energy industrial goods - Index,"Euro area (Member States and Institutions of the Euro Area) changing composition - HICP - Non-energy industrial goods, Index, European Central Bank (ECB), Working day and seasonally adjusted",IX,0,
HICP.M.U2.Y.IGXE00.4F0.INX,M,U2,Y,IGXE00,4F0,INX,1999-09,78.79,,,,F,A,,,A,,,P1M,,4F0,,,,2025 = 100,,2,,HICP Inflation rate - Non-energy industrial goods - Index,"Euro area (Member States and Institutions of the Euro Area) changing composition - HICP - Non-energy industrial goods, Index, European Central Bank (ECB), Working day and seasonally adjusted",IX,0,
HICP.M.U2.Y.IGXE00.4F0.INX,M,U2,Y,IGXE00,4F0,INX,1999-10,78.76,,,,F,A,,,A,,,P1M,,4F0,,,,2025 = 100,,2,,HICP Inflation rate - Non-energy industrial goods - Index,"Euro area (Member States and Institutions of the Euro Area) changing composition - HICP - Non-energy industrial goods, Index, European Central Bank (ECB), Working day and seasonally adjusted",IX,0,
HICP.M.U2.Y.IGXE00.4F0.INX,M,U2,Y,IGXE00,4F0,INX,1999-11,78.73,,,,F,A,,,A,,,P1M,,4F0,,,,2025 = 100,,2,,HICP Inflation rate - Non-energy industrial goods - Index,"Euro area (Member States and Institutions of the Euro Area) changing composition - HICP - Non-energy industrial goods, Index, European Central Bank (ECB), Working day and seasonally adjusted",IX,0,
HICP.M.U2.Y.IGXE00.4F0.INX,M,U2,Y,IGXE00,4F0,INX,1999-12,78.68,,,,F,A,,,A,,,P1M,,4F0,,,,2025 = 100,,2,,HICP Inflation rate - Non-energy industrial goods - Index,"Euro area (Member States and Institutions of the Euro Area) changing composition - HICP - Non-energy industrial goods, Index, European Central Bank (ECB), Working day and seasonally adjusted",IX,0,
HICP.M.U2.Y.IGXE00.4F0.INX,M,U2,Y,IGXE00,4F0,INX,2000-01,78.64,,Introduction of harmonised treatment of price reductions in Belgium as of Jan00,,F,A,,,A,,,P1M,,4F0,,,,2025 = 100,,2,,HICP Inflation rate - Non-energy industrial goods - Index,"Euro area (Member States and Institutions of the Euro Area) changing composition - HICP - Non-energy industrial goods, Index, European Central Bank (ECB), Working day and seasonally adjusted",IX,0,
HICP.M.U2.Y.IGXE00.4F0.INX,M,U2,Y,IGXE00,4F0,INX,2000-02,78.61,,,,F,A,,,A,,,P1M,,4F0,,,,2025 = 100,,2,,HICP Inflation rate - Non-energy industrial goods - Index,"Euro area (Member States and Institutions of the Euro Area) changing composition - HICP - Non-energy industrial goods, Index, European Central Bank (ECB), Working day and seasonally adjusted",IX,0,
HICP.M.U2.Y.IGXE00.4F0.INX,M,U2,Y,IGXE00,4F0,INX,2000-03,78.67,,,,F,A,,,A,,,P1M,,4F0,,,,2025 = 100,,2,,HICP Inflation rate - Non-energy industrial goods - Index,"Euro area (Member States and Institutions of the Euro Area) changing composition - HICP - Non-energy industrial goods, Index, European Central Bank (ECB), Working day and seasonally adjusted",IX,0,
HICP.M.U2.Y.IGXE00.4F0.INX,M,U2,Y,IGXE00,4F0,INX,2000-04,78.67,,,,F,A,,,A,,,P1M,,4F0,,,,2025 = 100,,2,,HICP Inflation rate - Non-energy industrial goods - Index,"Euro area (Member States and Institutions of the Euro Area) changing composition - HICP - Non-energy industrial goods, Index, European Central Bank (ECB), Working day and seasonally adjusted",IX,0,
HICP.M.U2.Y.IGXE00.4F0.INX,M,U2,Y,IGXE00,4F0,INX,2000-05,78.71,,,,F,A,,,A,,,P1M,,4F0,,,,2025 = 100,,2,,HICP Inflation rate - Non-energy industrial goods - Index,"Euro area (Member States and Institutions of the Euro Area) changing composition - HICP - Non-energy industrial goods, Index, European Central Bank (ECB), Working day and seasonally adjusted",IX,0,
HICP.M.U2.Y.IGXE00.4F0.INX,M,U2,Y,IGXE00,4F0,INX,2000-06,78.79,,,,F,A,,,A,,,P1M,,4F0,,,,2025 = 100,,2,,HICP Inflation rate - Non-energy industrial goods - Index,"Euro area (Member States and Institutions of the Euro Area) changing composition - HICP - Non-energy industrial goods, Index, European Central Bank (ECB), Working day and seasonally adjusted",IX,0,
HICP.M.U2.Y.IGXE00.4F0.INX,M,U2,Y,IGXE00,4F0,INX,2000-07,78.6,,,,F,A,,,A,,,P1M,,4F0,,,,2025 = 100,,2,,HICP Inflation rate - Non-energy industrial goods - Index,"Euro area (Member States and Institutions of the Euro Area) changing composition - HICP - Non-energy industrial goods, Index, European Central Bank (ECB), Working day and seasonally adjusted",IX,0,
HICP.M.U2.Y.IGXE00.4F0.INX,M,U2,Y,IGXE00,4F0,INX,2000-08,78.78,,,,F,A,,,A,,,P1M,,4F0,,,,2025 = 100,,2,,HICP Inflation rate - Non-energy industrial goods - Index,"Euro area (Member States and Institutions of the Euro Area) changing composition - HICP - Non-energy industrial goods, Index, European Central Bank (ECB), Working day and seasonally adjusted",IX,0,
HICP.M.U2.Y.IGXE00.4F0.INX,M,U2,Y,IGXE00,4F0,INX,2000-09,78.87,,,,F,A,,,A,,,P1M,,4F0,,,,2025 = 100,,2,,HICP Inflation rate - Non-energy industrial goods - Index,"Euro area (Member States and Institutions of the Euro Area) changing composition - HICP - Non-energy industrial goods, Index, European Central Bank (ECB), Working day and seasonally adjusted",IX,0,
HICP.M.U2.Y.IGXE00.4F0.INX,M,U2,Y,IGXE00,4F0,INX,2000-10,78.97,,,,F,A,,,A,,,P1M,,4F0,,,,2025 = 100,,2,,HICP Inflation rate - Non-energy industrial goods - Index,"Euro area (Member States and Institutions of the Euro Area) changing composition - HICP - Non-energy industrial goods, Index, European Central Bank (ECB), Working day and seasonally adjusted",IX,0,
HICP.M.U2.Y.IGXE00.4F0.INX,M,U2,Y,IGXE00,4F0,INX,2000-11,79.05,,,,F,A,,,A,,,P1M,,4F0,,,,2025 = 100,,2,,HICP Inflation rate - Non-energy industrial goods - Index,"Euro area (Member States and Institutions of the Euro Area) changing composition - HICP - Non-energy industrial goods, Index, European Central Bank (ECB), Working day and seasonally adjusted",IX,0,
HICP.M.U2.Y.IGXE00.4F0.INX,M,U2,Y,IGXE00,4F0,INX,2000-12,79.1,,,,F,A,,,A,,,P1M,,4F0,,,,2025 = 100,,2,,HICP Inflation rate - Non-energy industrial goods - Index,"Euro area (Member States and Institutions of the Euro Area) changing composition - HICP - Non-energy industrial goods, Index, European Central Bank (ECB), Working day and seasonally adjusted",IX,0,
HICP.M.U2.Y.IGXE00.4F0.INX,M,U2,Y,IGXE00,4F0,INX,2001-01,78.96,,Introduction of harmonised treatment of price reductions in Spain and Italy as of Jan01,,F,A,,,A,,,P1M,,4F0,,,,2025 = 100,,2,,HICP Inflation rate - Non-energy industrial goods - Index,"Euro area (Member States and Institutions of the Euro Area) changing composition - HICP - Non-energy industrial goods, Index, European Central Bank (ECB), Working day and seasonally adjusted",IX,0,
HICP.M.U2.Y.IGXE00.4F0.INX,M,U2,Y,IGXE00,4F0,INX,2001-02,78.95,,,,F,A,,,A,,,P1M,,4F0,,,,2025 = 100,,2,,HICP Inflation rate - Non-energy industrial goods - Index,"Euro area (Member States and Institutions of the Euro Area) changing composition - HICP - Non-energy industrial goods, Index, European Central Bank (ECB), Working day and seasonally adjusted",IX,0,
HICP.M.U2.Y.IGXE00.4F0.INX,M,U2,Y,IGXE00,4F0,INX,2001-03,79.08,,,,F,A,,,A,,,P1M,,4F0,,,,2025 = 100,,2,,HICP Inflation rate - Non-energy industrial goods - Index,"Euro area (Member States and Institutions of the Euro Area) changing composition - HICP - Non-energy industrial goods, Index, European Central Bank (ECB), Working day and seasonally adjusted",IX,0,
HICP.M.U2.Y.IGXE00.4F0.INX,M,U2,Y,IGXE00,4F0,INX,2001-04,79.09,,,,F,A,,,A,,,P1M,,4F0,,,,2025 = 100,,2,,HICP Inflation rate - Non-energy industrial goods - Index,"Euro area (Member States and Institutions of the Euro Area) changing composition - HICP - Non-energy industrial goods, Index, European Central Bank (ECB), Working day and seasonally adjusted",IX,0,
HICP.M.U2.Y.IGXE00.4F0.INX,M,U2,Y,IGXE00,4F0,INX,2001-05,79.22,,,,F,A,,,A,,,P1M,,4F0,,,,2025 = 100,,2,,HICP Inflation rate - Non-energy industrial goods - Index,"Euro area (Member States and Institutions of the Euro Area) changing composition - HICP - Non-energy industrial goods, Index, European Central Bank (ECB), Working day and seasonally adjusted",IX,0,
HICP.M.U2.Y.IGXE00.4F0.INX,M,U2,Y,IGXE00,4F0,INX,2001-06,79.36,,,,F,A,,,A,,,P1M,,4F0,,,,2025 = 100,,2,,HICP Inflation rate - Non-energy industrial goods - Index,"Euro area (Member States and Institutions of the Euro Area) changing composition - HICP - Non-energy industrial goods, Index, European Central Bank (ECB), Working day and seasonally adjusted",IX,0,
HICP.M.U2.Y.IGXE00.4F0.INX,M,U2,Y,IGXE00,4F0,INX,2001-07,79.54,,,,F,A,,,A,,,P1M,,4F0,,,,2025 = 100,,2,,HICP Inflation rate - Non-energy industrial goods - Index,"Euro area (Member States and Institutions of the Euro Area) changing composition - HICP - Non-energy industrial goods, Index, European Central Bank (ECB), Working day and seasonally adjusted",IX,0,
HICP.M.U2.Y.IGXE00.4F0.INX,M,U2,Y,IGXE00,4F0,INX,2001-08,79.66,,,,F,A,,,A,,,P1M,,4F0,,,,2025 = 100,,2,,HICP Inflation rate - Non-energy industrial goods - Index,"Euro area (Member States and Institutions of the Euro Area) changing composition - HICP - Non-energy industrial goods, Index, European Central Bank (ECB), Working day and seasonally adjusted",IX,0,
HICP.M.U2.Y.IGXE00.4F0.INX,M,U2,Y,IGXE00,4F0,INX,2001-09,79.72,,,,F,A,,,A,,,P1M,,4F0,,,,2025 = 100,,2,,HICP Inflation rate - Non-energy industrial goods - Index,"Euro area (Member States and Institutions of the Euro Area) changing composition - HICP - Non-energy industrial goods, Index, European Central Bank (ECB), Working day and seasonally adjusted",IX,0,
HICP.M.U2.Y.IGXE00.4F0.INX,M,U2,Y,IGXE00,4F0,INX,2001-10,79.83,,,,F,A,,,A,,,P1M,,4F0,,,,2025 = 100,,2,,HICP Inflation rate - Non-energy industrial goods - Index,"Euro area (Member States and Institutions of the Euro Area) changing composition - HICP - Non-energy industrial goods, Index, European Central Bank (ECB), Working day and seasonally adjusted",IX,0,
HICP.M.U2.Y.IGXE00.4F0.INX,M,U2,Y,IGXE00,4F0,INX,2001-11,79.91,,,,F,A,,,A,,,P1M,,4F0,,,,2025 = 100,,2,,HICP Inflation rate - Non-energy industrial goods - Index,"Euro area (Member States and Institutions of the Euro Area) changing composition - HICP - Non-energy industrial goods, Index, European Central Bank (ECB), Working day and seasonally adjusted",IX,0,
HICP.M.U2.Y.IGXE00.4F0.INX,M,U2,Y,IGXE00,4F0,INX,2001-12,80.02,,,,F,A,,,A,,,P1M,,4F0,,,,2025 = 100,,2,,HICP Inflation rate - Non-energy industrial goods - Index,"Euro area (Member States and Institutions of the Euro Area) changing composition - HICP - Non-energy industrial goods, Index, European Central Bank (ECB), Working day and seasonally adjusted",IX,0,
HICP.M.U2.Y.IGXE00.4F0.INX,M,U2,Y,IGXE00,4F0,INX,2002-01,80.3,,,,F,A,,,A,,,P1M,,4F0,,,,2025 = 100,,2,,HICP Inflation rate - Non-energy industrial goods - Index,"Euro area (Member States and Institutions of the Euro Area) changing composition - HICP - Non-energy industrial goods, Index, European Central Bank (ECB), Working day and seasonally adjusted",IX,0,
HICP.M.U2.Y.IGXE00.4F0.INX,M,U2,Y,IGXE00,4F0,INX,2002-02,80.35,,,,F,A,,,A,,,P1M,,4F0,,,,2025 = 100,,2,,HICP Inflation rate - Non-energy industrial goods - Index,"Euro area (Member States and Institutions of the Euro Area) changing composition - HICP - Non-energy industrial goods, Index, European Central Bank (ECB), Working day and seasonally adjusted",IX,0,
HICP.M.U2.Y.IGXE00.4F0.INX,M,U2,Y,IGXE00,4F0,INX,2002-03,80.37,,,,F,A,,,A,,,P1M,,4F0,,,,2025 = 100,,2,,HICP Inflation rate - Non-energy industrial goods - Index,"Euro area (Member States and Institutions of the Euro Area) changing composition - HICP - Non-energy industrial goods, Index, European Central Bank (ECB), Working day and seasonally adjusted",IX,0,
HICP.M.U2.Y.IGXE00.4F0.INX,M,U2,Y,IGXE00,4F0,INX,2002-04,80.43,,,,F,A,,,A,,,P1M,,4F0,,,,2025 = 100,,2,,HICP Inflation rate - Non-energy industrial goods - Index,"Euro area (Member States and Institutions of the Euro Area) changing composition - HICP - Non-energy industrial goods, Index, European Central Bank (ECB), Working day and seasonally adjusted",IX,0,
HICP.M.U2.Y.IGXE00.4F0.INX,M,U2,Y,IGXE00,4F0,INX,2002-05,80.45,,,,F,A,,,A,,,P1M,,4F0,,,,2025 = 100,,2,,HICP Inflation rate - Non-energy industrial goods - Index,"Euro area (Member States and Institutions of the Euro Area) changing composition - HICP - Non-energy industrial goods, Index, European Central Bank (ECB), Working day and seasonally adjusted",IX,0,
HICP.M.U2.Y.IGXE00.4F0.INX,M,U2,Y,IGXE00,4F0,INX,2002-06,80.54,,,,F,A,,,A,,,P1M,,4F0,,,,2025 = 100,,2,,HICP Inflation rate - Non-energy industrial goods - Index,"Euro area (Member States and Institutions of the Euro Area) changing composition - HICP - Non-energy industrial goods, Index, European Central Bank (ECB), Working day and seasonally adjusted",IX,0,
HICP.M.U2.Y.IGXE00.4F0.INX,M,U2,Y,IGXE00,4F0,INX,2002-07,80.63,,,,F,A,,,A,,,P1M,,4F0,,,,2025 = 100,,2,,HICP Inflation rate - Non-energy industrial goods - Index,"Euro area (Member States and Institutions of the Euro Area) changing composition - HICP - Non-energy industrial goods, Index, European Central Bank (ECB), Working day and seasonally adjusted",IX,0,
HICP.M.U2.Y.IGXE00.4F0.INX,M,U2,Y,IGXE00,4F0,INX,2002-08,80.7,,,,F,A,,,A,,,P1M,,4F0,,,,2025 = 100,,2,,HICP Inflation rate - Non-energy industrial goods - Index,"Euro area (Member States and Institutions of the Euro Area) changing composition - HICP - Non-energy industrial goods, Index, European Central Bank (ECB), Working day and seasonally adjusted",IX,0,
HICP.M.U2.Y.IGXE00.4F0.INX,M,U2,Y,IGXE00,4F0,INX,2002-09,80.71,,,,F,A,,,A,,,P1M,,4F0,,,,2025 = 100,,2,,HICP Inflation rate - Non-energy industrial goods - Index,"Euro area (Member States and Institutions of the Euro Area) changing composition - HICP - Non-energy industrial goods, Index, European Central Bank (ECB), Working day and seasonally adjusted",IX,0,
HICP.M.U2.Y.IGXE00.4F0.INX,M,U2,Y,IGXE00,4F0,INX,2002-10,80.76,,,,F,A,,,A,,,P1M,,4F0,,,,2025 = 100,,2,,HICP Inflation rate - Non-energy industrial goods - Index,"Euro area (Member States and Institutions of the Euro Area) changing composition - HICP - Non-energy industrial goods, Index, European Central Bank (ECB), Working day and seasonally adjusted",IX,0,
HICP.M.U2.Y.IGXE00.4F0.INX,M,U2,Y,IGXE00,4F0,INX,2002-11,80.87,,,,F,A,,,A,,,P1M,,4F0,,,,2025 = 100,,2,,HICP Inflation rate - Non-energy industrial goods - Index,"Euro area (Member States and Institutions of the Euro Area) changing composition - HICP - Non-energy industrial goods, Index, European Central Bank (ECB), Working day and seasonally adjusted",IX,0,
HICP.M.U2.Y.IGXE00.4F0.INX,M,U2,Y,IGXE00,4F0,INX,2002-12,80.94,,,,F,A,,,A,,,P1M,,4F0,,,,2025 = 100,,2,,HICP Inflation rate - Non-energy industrial goods - Index,"Euro area (Member States and Institutions of the Euro Area) changing composition - HICP - Non-energy industrial goods, Index, European Central Bank (ECB), Working day and seasonally adjusted",IX,0,
HICP.M.U2.Y.IGXE00.4F0.INX,M,U2,Y,IGXE00,4F0,INX,2003-01,80.91,,,,F,A,,,A,,,P1M,,4F0,,,,2025 = 100,,2,,HICP Inflation rate - Non-energy industrial goods - Index,"Euro area (Member States and Institutions of the Euro Area) changing composition - HICP - Non-energy industrial goods, Index, European Central Bank (ECB), Working day and seasonally adjusted",IX,0,
HICP.M.U2.Y.IGXE00.4F0.INX,M,U2,Y,IGXE00,4F0,INX,2003-02,80.95,,,,F,A,,,A,,,P1M,,4F0,,,,2025 = 100,,2,,HICP Inflation rate - Non-energy industrial goods - Index,"Euro area (Member States and Institutions of the Euro Area) changing composition - HICP - Non-energy industrial goods, Index, European Central Bank (ECB), Working day and seasonally adjusted",IX,0,
HICP.M.U2.Y.IGXE00.4F0.INX,M,U2,Y,IGXE00,4F0,INX,2003-03,81.05,,,,F,A,,,A,,,P1M,,4F0,,,,2025 = 100,,2,,HICP Inflation rate - Non-energy industrial goods - Index,"Euro area (Member States and Institutions of the Euro Area) changing composition - HICP - Non-energy industrial goods, Index, European Central Bank (ECB), Working day and seasonally adjusted",IX,0,
HICP.M.U2.Y.IGXE00.4F0.INX,M,U2,Y,IGXE00,4F0,INX,2003-04,81.05,,,,F,A,,,A,,,P1M,,4F0,,,,2025 = 100,,2,,HICP Inflation rate - Non-energy industrial goods - Index,"Euro area (Member States and Institutions of the Euro Area) changing composition - HICP - Non-energy industrial goods, Index, European Central Bank (ECB), Working day and seasonally adjusted",IX,0,
HICP.M.U2.Y.IGXE00.4F0.INX,M,U2,Y,IGXE00,4F0,INX,2003-05,81.18,,,,F,A,,,A,,,P1M,,4F0,,,,2025 = 100,,2,,HICP Inflation rate - Non-energy industrial goods - Index,"Euro area (Member States and Institutions of the Euro Area) changing composition - HICP - Non-energy industrial goods, Index, European Central Bank (ECB), Working day and seasonally adjusted",IX,0,
HICP.M.U2.Y.IGXE00.4F0.INX,M,U2,Y,IGXE00,4F0,INX,2003-06,81.19,,,,F,A,,,A,,,P1M,,4F0,,,,2025 = 100,,2,,HICP Inflation rate - Non-energy industrial goods - Index,"Euro area (Member States and Institutions of the Euro Area) changing composition - HICP - Non-energy industrial goods, Index, European Central Bank (ECB), Working day and seasonally adjusted",IX,0,
HICP.M.U2.Y.IGXE00.4F0.INX,M,U2,Y,IGXE00,4F0,INX,2003-07,81.26,,,,F,A,,,A,,,P1M,,4F0,,,,2025 = 100,,2,,HICP Inflation rate - Non-energy industrial goods - Index,"Euro area (Member States and Institutions of the Euro Area) changing composition - HICP - Non-energy industrial goods, Index, European Central Bank (ECB), Working day and seasonally adjusted",IX,0,
HICP.M.U2.Y.IGXE00.4F0.INX,M,U2,Y,IGXE00,4F0,INX,2003-08,81.22,,,,F,A,,,A,,,P1M,,4F0,,,,2025 = 100,,2,,HICP Inflation rate - Non-energy industrial goods - Index,"Euro area (Member States and Institutions of the Euro Area) changing composition - HICP - Non-energy industrial goods, Index, European Central Bank (ECB), Working day and seasonally adjusted",IX,0,
HICP.M.U2.Y.IGXE00.4F0.INX,M,U2,Y,IGXE00,4F0,INX,2003-09,81.31,,,,F,A,,,A,,,P1M,,4F0,,,,2025 = 100,,2,,HICP Inflation rate - Non-energy industrial goods - Index,"Euro area (Member States and Institutions of the Euro Area) changing composition - HICP - Non-energy industrial goods, Index, European Central Bank (ECB), Working day and seasonally adjusted",IX,0,
HICP.M.U2.Y.IGXE00.4F0.INX,M,U2,Y,IGXE00,4F0,INX,2003-10,81.36,,,,F,A,,,A,,,P1M,,4F0,,,,2025 = 100,,2,,HICP Inflation rate - Non-energy industrial goods - Index,"Euro area (Member States and Institutions of the Euro Area) changing composition - HICP - Non-energy industrial goods, Index, European Central Bank (ECB), Working day and seasonally adjusted",IX,0,
HICP.M.U2.Y.IGXE00.4F0.INX,M,U2,Y,IGXE00,4F0,INX,2003-11,81.38,,,,F,A,,,A,,,P1M,,4F0,,,,2025 = 100,,2,,HICP Inflation rate - Non-energy industrial goods - Index,"Euro area (Member States and Institutions of the Euro Area) changing composition - HICP - Non-energy industrial goods, Index, European Central Bank (ECB), Working day and seasonally adjusted",IX,0,
HICP.M.U2.Y.IGXE00.4F0.INX,M,U2,Y,IGXE00,4F0,INX,2003-12,81.43,,,,F,A,,,A,,,P1M,,4F0,,,,2025 = 100,,2,,HICP Inflation rate - Non-energy industrial goods - Index,"Euro area (Member States and Institutions of the Euro Area) changing composition - HICP - Non-energy industrial goods, Index, European Central Bank (ECB), Working day and seasonally adjusted",IX,0,
HICP.M.U2.Y.IGXE00.4F0.INX,M,U2,Y,IGXE00,4F0,INX,2004-01,81.52,,,,F,A,,,A,,,P1M,,4F0,,,,2025 = 100,,2,,HICP Inflation rate - Non-energy industrial goods - Index,"Euro area (Member States and Institutions of the Euro Area) changing composition - HICP - Non-energy industrial goods, Index, European Central Bank (ECB), Working day and seasonally adjusted",IX,0,
HICP.M.U2.Y.IGXE00.4F0.INX,M,U2,Y,IGXE00,4F0,INX,2004-02,81.66,,,,F,A,,,A,,,P1M,,4F0,,,,2025 = 100,,2,,HICP Inflation rate - Non-energy industrial goods - Index,"Euro area (Member States and Institutions of the Euro Area) changing composition - HICP - Non-energy industrial goods, Index, European Central Bank (ECB), Working day and seasonally adjusted",IX,0,
HICP.M.U2.Y.IGXE00.4F0.INX,M,U2,Y,IGXE00,4F0,INX,2004-03,81.63,,,,F,A,,,A,,,P1M,,4F0,,,,2025 = 100,,2,,HICP Inflation rate - Non-energy industrial goods - Index,"Euro area (Member States and Institutions of the Euro Area) changing composition - HICP - Non-energy industrial goods, Index, European Central Bank (ECB), Working day and seasonally adjusted",IX,0,
HICP.M.U2.Y.IGXE00.4F0.INX,M,U2,Y,IGXE00,4F0,INX,2004-04,81.76,,,,F,A,,,A,,,P1M,,4F0,,,,2025 = 100,,2,,HICP Inflation rate - Non-energy industrial goods - Index,"Euro area (Member States and Institutions of the Euro Area) changing composition - HICP - Non-energy industrial goods, Index, European Central Bank (ECB), Working day and seasonally adjusted",IX,0,
HICP.M.U2.Y.IGXE00.4F0.INX,M,U2,Y,IGXE00,4F0,INX,2004-05,81.78,,,,F,A,,,A,,,P1M,,4F0,,,,2025 = 100,,2,,HICP Inflation rate - Non-energy industrial goods - Index,"Euro area (Member States and Institutions of the Euro Area) changing composition - HICP - Non-energy industrial goods, Index, European Central Bank (ECB), Working day and seasonally adjusted",IX,0,
HICP.M.U2.Y.IGXE00.4F0.INX,M,U2,Y,IGXE00,4F0,INX,2004-06,81.87,,,,F,A,,,A,,,P1M,,4F0,,,,2025 = 100,,2,,HICP Inflation rate - Non-energy industrial goods - Index,"Euro area (Member States and Institutions of the Euro Area) changing composition - HICP - Non-energy industrial goods, Index, European Central Bank (ECB), Working day and seasonally adjusted",IX,0,
HICP.M.U2.Y.IGXE00.4F0.INX,M,U2,Y,IGXE00,4F0,INX,2004-07,81.89,,,,F,A,,,A,,,P1M,,4F0,,,,2025 = 100,,2,,HICP Inflation rate - Non-energy industrial goods - Index,"Euro area (Member States and Institutions of the Euro Area) changing composition - HICP - Non-energy industrial goods, Index, European Central Bank (ECB), Working day and seasonally adjusted",IX,0,
HICP.M.U2.Y.IGXE00.4F0.INX,M,U2,Y,IGXE00,4F0,INX,2004-08,81.98,,,,F,A,,,A,,,P1M,,4F0,,,,2025 = 100,,2,,HICP Inflation rate - Non-energy industrial goods - Index,"Euro area (Member States and Institutions of the Euro Area) changing composition - HICP - Non-energy industrial goods, Index, European Central Bank (ECB), Working day and seasonally adjusted",IX,0,
HICP.M.U2.Y.IGXE00.4F0.INX,M,U2,Y,IGXE00,4F0,INX,2004-09,81.93,,,,F,A,,,A,,,P1M,,4F0,,,,2025 = 100,,2,,HICP Inflation rate - Non-energy industrial goods - Index,"Euro area (Member States and Institutions of the Euro Area) changing composition - HICP - Non-energy industrial goods, Index, European Central Bank (ECB), Working day and seasonally adjusted",IX,0,
HICP.M.U2.Y.IGXE00.4F0.INX,M,U2,Y,IGXE00,4F0,INX,2004-10,81.94,,,,F,A,,,A,,,P1M,,4F0,,,,2025 = 100,,2,,HICP Inflation rate - Non-energy industrial goods - Index,"Euro area (Member States and Institutions of the Euro Area) changing composition - HICP - Non-energy industrial goods, Index, European Central Bank (ECB), Working day and seasonally adjusted",IX,0,
HICP.M.U2.Y.IGXE00.4F0.INX,M,U2,Y,IGXE00,4F0,INX,2004-11,81.97,,,,F,A,,,A,,,P1M,,4F0,,,,2025 = 100,,2,,HICP Inflation rate - Non-energy industrial goods - Index,"Euro area (Member States and Institutions of the Euro Area) changing composition - HICP - Non-energy industrial goods, Index, European Central Bank (ECB), Working day and seasonally adjusted",IX,0,
HICP.M.U2.Y.IGXE00.4F0.INX,M,U2,Y,IGXE00,4F0,INX,2004-12,81.98,,,,F,A,,,A,,,P1M,,4F0,,,,2025 = 100,,2,,HICP Inflation rate - Non-energy industrial goods - Index,"Euro area (Member States and Institutions of the Euro Area) changing composition - HICP - Non-energy industrial goods, Index, European Central Bank (ECB), Working day and seasonally adjusted",IX,0,
HICP.M.U2.Y.IGXE00.4F0.INX,M,U2,Y,IGXE00,4F0,INX,2005-01,81.96,,,,F,A,,,A,,,P1M,,4F0,,,,2025 = 100,,2,,HICP Inflation rate - Non-energy industrial goods - Index,"Euro area (Member States and Institutions of the Euro Area) changing composition - HICP - Non-energy industrial goods, Index, European Central Bank (ECB), Working day and seasonally adjusted",IX,0,
HICP.M.U2.Y.IGXE00.4F0.INX,M,U2,Y,IGXE00,4F0,INX,2005-02,81.89,,,,F,A,,,A,,,P1M,,4F0,,,,2025 = 100,,2,,HICP Inflation rate - Non-energy industrial goods - Index,"Euro area (Member States and Institutions of the Euro Area) changing composition - HICP - Non-energy industrial goods, Index, European Central Bank (ECB), Working day and seasonally adjusted",IX,0,
HICP.M.U2.Y.IGXE00.4F0.INX,M,U2,Y,IGXE00,4F0,INX,2005-03,81.89,,,,F,A,,,A,,,P1M,,4F0,,,,2025 = 100,,2,,HICP Inflation rate - Non-energy industrial goods - Index,"Euro area (Member States and Institutions of the Euro Area) changing composition - HICP - Non-energy industrial goods, Index, European Central Bank (ECB), Working day and seasonally adjusted",IX,0,
HICP.M.U2.Y.IGXE00.4F0.INX,M,U2,Y,IGXE00,4F0,INX,2005-04,81.91,,,,F,A,,,A,,,P1M,,4F0,,,,2025 = 100,,2,,HICP Inflation rate - Non-energy industrial goods - Index,"Euro area (Member States and Institutions of the Euro Area) changing composition - HICP - Non-energy industrial goods, Index, European Central Bank (ECB), Working day and seasonally adjusted",IX,0,
HICP.M.U2.Y.IGXE00.4F0.INX,M,U2,Y,IGXE00,4F0,INX,2005-05,81.99,,,,F,A,,,A,,,P1M,,4F0,,,,2025 = 100,,2,,HICP Inflation rate - Non-energy industrial goods - Index,"Euro area (Member States and Institutions of the Euro Area) changing composition - HICP - Non-energy industrial goods, Index, European Central Bank (ECB), Working day and seasonally adjusted",IX,0,
HICP.M.U2.Y.IGXE00.4F0.INX,M,U2,Y,IGXE00,4F0,INX,2005-06,81.98,,,,F,A,,,A,,,P1M,,4F0,,,,2025 = 100,,2,,HICP Inflation rate - Non-energy industrial goods - Index,"Euro area (Member States and Institutions of the Euro Area) changing composition - HICP - Non-energy industrial goods, Index, European Central Bank (ECB), Working day and seasonally adjusted",IX,0,
HICP.M.U2.Y.IGXE00.4F0.INX,M,U2,Y,IGXE00,4F0,INX,2005-07,81.99,,,,F,A,,,A,,,P1M,,4F0,,,,2025 = 100,,2,,HICP Inflation rate - Non-energy industrial goods - Index,"Euro area (Member States and Institutions of the Euro Area) changing composition - HICP - Non-energy industrial goods, Index, European Central Bank (ECB), Working day and seasonally adjusted",IX,0,
HICP.M.U2.Y.IGXE00.4F0.INX,M,U2,Y,IGXE00,4F0,INX,2005-08,82,,,,F,A,,,A,,,P1M,,4F0,,,,2025 = 100,,2,,HICP Inflation rate - Non-energy industrial goods - Index,"Euro area (Member States and Institutions of the Euro Area) changing composition - HICP - Non-energy industrial goods, Index, European Central Bank (ECB), Working day and seasonally adjusted",IX,0,
HICP.M.U2.Y.IGXE00.4F0.INX,M,U2,Y,IGXE00,4F0,INX,2005-09,82.03,,,,F,A,,,A,,,P1M,,4F0,,,,2025 = 100,,2,,HICP Inflation rate - Non-energy industrial goods - Index,"Euro area (Member States and Institutions of the Euro Area) changing composition - HICP - Non-energy industrial goods, Index, European Central Bank (ECB), Working day and seasonally adjusted",IX,0,
HICP.M.U2.Y.IGXE00.4F0.INX,M,U2,Y,IGXE00,4F0,INX,2005-10,82.13,,,,F,A,,,A,,,P1M,,4F0,,,,2025 = 100,,2,,HICP Inflation rate - Non-energy industrial goods - Index,"Euro area (Member States and Institutions of the Euro Area) changing composition - HICP - Non-energy industrial goods, Index, European Central Bank (ECB), Working day and seasonally adjusted",IX,0,
HICP.M.U2.Y.IGXE00.4F0.INX,M,U2,Y,IGXE00,4F0,INX,2005-11,82.19,,,,F,A,,,A,,,P1M,,4F0,,,,2025 = 100,,2,,HICP Inflation rate - Non-energy industrial goods - Index,"Euro area (Member States and Institutions of the Euro Area) changing composition - HICP - Non-energy industrial goods, Index, European Central Bank (ECB), Working day and seasonally adjusted",IX,0,
HICP.M.U2.Y.IGXE00.4F0.INX,M,U2,Y,IGXE00,4F0,INX,2005-12,82.22,,,,F,A,,,A,,,P1M,,4F0,,,,2025 = 100,,2,,HICP Inflation rate - Non-energy industrial goods - Index,"Euro area (Member States and Institutions of the Euro Area) changing composition - HICP - Non-energy industrial goods, Index, European Central Bank (ECB), Working day and seasonally adjusted",IX,0,
HICP.M.U2.Y.IGXE00.4F0.INX,M,U2,Y,IGXE00,4F0,INX,2006-01,82.2,,,,F,A,,,A,,,P1M,,4F0,,,,2025 = 100,,2,,HICP Inflation rate - Non-energy industrial goods - Index,"Euro area (Member States and Institutions of the Euro Area) changing composition - HICP - Non-energy industrial goods, Index, European Central Bank (ECB), Working day and seasonally adjusted",IX,0,
HICP.M.U2.Y.IGXE00.4F0.INX,M,U2,Y,IGXE00,4F0,INX,2006-02,82.17,,,,F,A,,,A,,,P1M,,4F0,,,,2025 = 100,,2,,HICP Inflation rate - Non-energy industrial goods - Index,"Euro area (Member States and Institutions of the Euro Area) changing composition - HICP - Non-energy industrial goods, Index, European Central Bank (ECB), Working day and seasonally adjusted",IX,0,
HICP.M.U2.Y.IGXE00.4F0.INX,M,U2,Y,IGXE00,4F0,INX,2006-03,82.26,,,,F,A,,,A,,,P1M,,4F0,,,,2025 = 100,,2,,HICP Inflation rate - Non-energy industrial goods - Index,"Euro area (Member States and Institutions of the Euro Area) changing composition - HICP - Non-energy industrial goods, Index, European Central Bank (ECB), Working day and seasonally adjusted",IX,0,
HICP.M.U2.Y.IGXE00.4F0.INX,M,U2,Y,IGXE00,4F0,INX,2006-04,82.37,,,,F,A,,,A,,,P1M,,4F0,,,,2025 = 100,,2,,HICP Inflation rate - Non-energy industrial goods - Index,"Euro area (Member States and Institutions of the Euro Area) changing composition - HICP - Non-energy industrial goods, Index, European Central Bank (ECB), Working day and seasonally adjusted",IX,0,
HICP.M.U2.Y.IGXE00.4F0.INX,M,U2,Y,IGXE00,4F0,INX,2006-05,82.38,,,,F,A,,,A,,,P1M,,4F0,,,,2025 = 100,,2,,HICP Inflation rate - Non-energy industrial goods - Index,"Euro area (Member States and Institutions of the Euro Area) changing composition - HICP - Non-energy industrial goods, Index, European Central Bank (ECB), Working day and seasonally adjusted",IX,0,
HICP.M.U2.Y.IGXE00.4F0.INX,M,U2,Y,IGXE00,4F0,INX,2006-06,82.53,,,,F,A,,,A,,,P1M,,4F0,,,,2025 = 100,,2,,HICP Inflation rate - Non-energy industrial goods - Index,"Euro area (Member States and Institutions of the Euro Area) changing composition - HICP - Non-energy industrial goods, Index, European Central Bank (ECB), Working day and seasonally adjusted",IX,0,
HICP.M.U2.Y.IGXE00.4F0.INX,M,U2,Y,IGXE00,4F0,INX,2006-07,82.55,,,,F,A,,,A,,,P1M,,4F0,,,,2025 = 100,,2,,HICP Inflation rate - Non-energy industrial goods - Index,"Euro area (Member States and Institutions of the Euro Area) changing composition - HICP - Non-energy industrial goods, Index, European Central Bank (ECB), Working day and seasonally adjusted",IX,0,
HICP.M.U2.Y.IGXE00.4F0.INX,M,U2,Y,IGXE00,4F0,INX,2006-08,82.56,,,,F,A,,,A,,,P1M,,4F0,,,,2025 = 100,,2,,HICP Inflation rate - Non-energy industrial goods - Index,"Euro area (Member States and Institutions of the Euro Area) changing composition - HICP - Non-energy industrial goods, Index, European Central Bank (ECB), Working day and seasonally adjusted",IX,0,
HICP.M.U2.Y.IGXE00.4F0.INX,M,U2,Y,IGXE00,4F0,INX,2006-09,82.67,,,,F,A,,,A,,,P1M,,4F0,,,,2025 = 100,,2,,HICP Inflation rate - Non-energy industrial goods - Index,"Euro area (Member States and Institutions of the Euro Area) changing composition - HICP - Non-energy industrial goods, Index, European Central Bank (ECB), Working day and seasonally adjusted",IX,0,
HICP.M.U2.Y.IGXE00.4F0.INX,M,U2,Y,IGXE00,4F0,INX,2006-10,82.71,,Introduction of regulation (EC) No 701/2006 on the temporal coverage of price collection in the HICP in Italy. Collection after October 2006 took place between the 1st and the 21st of the reference month. Until September 2006 the collection period was between the 16th of the previous month and the 15th of the reference month.,,F,A,,,A,,,P1M,,4F0,,,,2025 = 100,,2,,HICP Inflation rate - Non-energy industrial goods - Index,"Euro area (Member States and Institutions of the Euro Area) changing composition - HICP - Non-energy industrial goods, Index, European Central Bank (ECB), Working day and seasonally adjusted",IX,0,
HICP.M.U2.Y.IGXE00.4F0.INX,M,U2,Y,IGXE00,4F0,INX,2006-11,82.77,,,,F,A,,,A,,,P1M,,4F0,,,,2025 = 100,,2,,HICP Inflation rate - Non-energy industrial goods - Index,"Euro area (Member States and Institutions of the Euro Area) changing composition - HICP - Non-energy industrial goods, Index, European Central Bank (ECB), Working day and seasonally adjusted",IX,0,
HICP.M.U2.Y.IGXE00.4F0.INX,M,U2,Y,IGXE00,4F0,INX,2006-12,82.86,,,,F,A,,,A,,,P1M,,4F0,,,,2025 = 100,,2,,HICP Inflation rate - Non-energy industrial goods - Index,"Euro area (Member States and Institutions of the Euro Area) changing composition - HICP - Non-energy industrial goods, Index, European Central Bank (ECB), Working day and seasonally adjusted",IX,0,
HICP.M.U2.Y.IGXE00.4F0.INX,M,U2,Y,IGXE00,4F0,INX,2007-01,82.99,,Change in the quality adjustment procedures for clothing in France - avoiding potential bias in quality adjustment for out of fashion items for in fashion items when items are replaced.,,F,A,,,A,,,P1M,,4F0,,,,2025 = 100,,2,,HICP Inflation rate - Non-energy industrial goods - Index,"Euro area (Member States and Institutions of the Euro Area) changing composition - HICP - Non-energy industrial goods, Index, European Central Bank (ECB), Working day and seasonally adjusted",IX,0,
HICP.M.U2.Y.IGXE00.4F0.INX,M,U2,Y,IGXE00,4F0,INX,2007-02,83.06,,,,F,A,,,A,,,P1M,,4F0,,,,2025 = 100,,2,,HICP Inflation rate - Non-energy industrial goods - Index,"Euro area (Member States and Institutions of the Euro Area) changing composition - HICP - Non-energy industrial goods, Index, European Central Bank (ECB), Working day and seasonally adjusted",IX,0,
HICP.M.U2.Y.IGXE00.4F0.INX,M,U2,Y,IGXE00,4F0,INX,2007-03,83.11,,,,F,A,,,A,,,P1M,,4F0,,,,2025 = 100,,2,,HICP Inflation rate - Non-energy industrial goods - Index,"Euro area (Member States and Institutions of the Euro Area) changing composition - HICP - Non-energy industrial goods, Index, European Central Bank (ECB), Working day and seasonally adjusted",IX,0,
HICP.M.U2.Y.IGXE00.4F0.INX,M,U2,Y,IGXE00,4F0,INX,2007-04,83.18,,,,F,A,,,A,,,P1M,,4F0,,,,2025 = 100,,2,,HICP Inflation rate - Non-energy industrial goods - Index,"Euro area (Member States and Institutions of the Euro Area) changing composition - HICP - Non-energy industrial goods, Index, European Central Bank (ECB), Working day and seasonally adjusted",IX,0,
HICP.M.U2.Y.IGXE00.4F0.INX,M,U2,Y,IGXE00,4F0,INX,2007-05,83.28,,,,F,A,,,A,,,P1M,,4F0,,,,2025 = 100,,2,,HICP Inflation rate - Non-energy industrial goods - Index,"Euro area (Member States and Institutions of the Euro Area) changing composition - HICP - Non-energy industrial goods, Index, European Central Bank (ECB), Working day and seasonally adjusted",IX,0,
HICP.M.U2.Y.IGXE00.4F0.INX,M,U2,Y,IGXE00,4F0,INX,2007-06,83.28,,,,F,A,,,A,,,P1M,,4F0,,,,2025 = 100,,2,,HICP Inflation rate - Non-energy industrial goods - Index,"Euro area (Member States and Institutions of the Euro Area) changing composition - HICP - Non-energy industrial goods, Index, European Central Bank (ECB), Working day and seasonally adjusted",IX,0,
HICP.M.U2.Y.IGXE00.4F0.INX,M,U2,Y,IGXE00,4F0,INX,2007-07,83.38,,,,F,A,,,A,,,P1M,,4F0,,,,2025 = 100,,2,,HICP Inflation rate - Non-energy industrial goods - Index,"Euro area (Member States and Institutions of the Euro Area) changing composition - HICP - Non-energy industrial goods, Index, European Central Bank (ECB), Working day and seasonally adjusted",IX,0,
HICP.M.U2.Y.IGXE00.4F0.INX,M,U2,Y,IGXE00,4F0,INX,2007-08,83.38,,,,F,A,,,A,,,P1M,,4F0,,,,2025 = 100,,2,,HICP Inflation rate - Non-energy industrial goods - Index,"Euro area (Member States and Institutions of the Euro Area) changing composition - HICP - Non-energy industrial goods, Index, European Central Bank (ECB), Working day and seasonally adjusted",IX,0,
HICP.M.U2.Y.IGXE00.4F0.INX,M,U2,Y,IGXE00,4F0,INX,2007-09,83.41,,,,F,A,,,A,,,P1M,,4F0,,,,2025 = 100,,2,,HICP Inflation rate - Non-energy industrial goods - Index,"Euro area (Member States and Institutions of the Euro Area) changing composition - HICP - Non-energy industrial goods, Index, European Central Bank (ECB), Working day and seasonally adjusted",IX,0,
HICP.M.U2.Y.IGXE00.4F0.INX,M,U2,Y,IGXE00,4F0,INX,2007-10,83.47,,,,F,A,,,A,,,P1M,,4F0,,,,2025 = 100,,2,,HICP Inflation rate - Non-energy industrial goods - Index,"Euro area (Member States and Institutions of the Euro Area) changing composition - HICP - Non-energy industrial goods, Index, European Central Bank (ECB), Working day and seasonally adjusted",IX,0,
HICP.M.U2.Y.IGXE00.4F0.INX,M,U2,Y,IGXE00,4F0,INX,2007-11,83.57,,,,F,A,,,A,,,P1M,,4F0,,,,2025 = 100,,2,,HICP Inflation rate - Non-energy industrial goods - Index,"Euro area (Member States and Institutions of the Euro Area) changing composition - HICP - Non-energy industrial goods, Index, European Central Bank (ECB), Working day and seasonally adjusted",IX,0,
HICP.M.U2.Y.IGXE00.4F0.INX,M,U2,Y,IGXE00,4F0,INX,2007-12,83.63,,,,F,A,,,A,,,P1M,,4F0,,,,2025 = 100,,2,,HICP Inflation rate - Non-energy industrial goods - Index,"Euro area (Member States and Institutions of the Euro Area) changing composition - HICP - Non-energy industrial goods, Index, European Central Bank (ECB), Working day and seasonally adjusted",IX,0,
HICP.M.U2.Y.IGXE00.4F0.INX,M,U2,Y,IGXE00,4F0,INX,2008-01,83.69,,"Introduction of methodological changes to the German HICP including - new basket, updated of volume structure of the weights, introduction of explicit weights for outlets and implementation of regulation (EC) No 701/2006 on the temporal coverage of price collection in the HICP",,F,A,,,A,,,P1M,,4F0,,,,2025 = 100,,2,,HICP Inflation rate - Non-energy industrial goods - Index,"Euro area (Member States and Institutions of the Euro Area) changing composition - HICP - Non-energy industrial goods, Index, European Central Bank (ECB), Working day and seasonally adjusted",IX,0,
HICP.M.U2.Y.IGXE00.4F0.INX,M,U2,Y,IGXE00,4F0,INX,2008-02,83.69,,,,F,A,,,A,,,P1M,,4F0,,,,2025 = 100,,2,,HICP Inflation rate - Non-energy industrial goods - Index,"Euro area (Member States and Institutions of the Euro Area) changing composition - HICP - Non-energy industrial goods, Index, European Central Bank (ECB), Working day and seasonally adjusted",IX,0,
HICP.M.U2.Y.IGXE00.4F0.INX,M,U2,Y,IGXE00,4F0,INX,2008-03,83.75,,,,F,A,,,A,,,P1M,,4F0,,,,2025 = 100,,2,,HICP Inflation rate - Non-energy industrial goods - Index,"Euro area (Member States and Institutions of the Euro Area) changing composition - HICP - Non-energy industrial goods, Index, European Central Bank (ECB), Working day and seasonally adjusted",IX,0,
HICP.M.U2.Y.IGXE00.4F0.INX,M,U2,Y,IGXE00,4F0,INX,2008-04,83.77,,,,F,A,,,A,,,P1M,,4F0,,,,2025 = 100,,2,,HICP Inflation rate - Non-energy industrial goods - Index,"Euro area (Member States and Institutions of the Euro Area) changing composition - HICP - Non-energy industrial goods, Index, European Central Bank (ECB), Working day and seasonally adjusted",IX,0,
HICP.M.U2.Y.IGXE00.4F0.INX,M,U2,Y,IGXE00,4F0,INX,2008-05,83.81,,,,F,A,,,A,,,P1M,,4F0,,,,2025 = 100,,2,,HICP Inflation rate - Non-energy industrial goods - Index,"Euro area (Member States and Institutions of the Euro Area) changing composition - HICP - Non-energy industrial goods, Index, European Central Bank (ECB), Working day and seasonally adjusted",IX,0,
HICP.M.U2.Y.IGXE00.4F0.INX,M,U2,Y,IGXE00,4F0,INX,2008-06,83.9,,,,F,A,,,A,,,P1M,,4F0,,,,2025 = 100,,2,,HICP Inflation rate - Non-energy industrial goods - Index,"Euro area (Member States and Institutions of the Euro Area) changing composition - HICP - Non-energy industrial goods, Index, European Central Bank (ECB), Working day and seasonally adjusted",IX,0,
HICP.M.U2.Y.IGXE00.4F0.INX,M,U2,Y,IGXE00,4F0,INX,2008-07,83.89,,,,F,A,,,A,,,P1M,,4F0,,,,2025 = 100,,2,,HICP Inflation rate - Non-energy industrial goods - Index,"Euro area (Member States and Institutions of the Euro Area) changing composition - HICP - Non-energy industrial goods, Index, European Central Bank (ECB), Working day and seasonally adjusted",IX,0,
HICP.M.U2.Y.IGXE00.4F0.INX,M,U2,Y,IGXE00,4F0,INX,2008-08,83.96,,,,F,A,,,A,,,P1M,,4F0,,,,2025 = 100,,2,,HICP Inflation rate - Non-energy industrial goods - Index,"Euro area (Member States and Institutions of the Euro Area) changing composition - HICP - Non-energy industrial goods, Index, European Central Bank (ECB), Working day and seasonally adjusted",IX,0,
HICP.M.U2.Y.IGXE00.4F0.INX,M,U2,Y,IGXE00,4F0,INX,2008-09,84.07,,,,F,A,,,A,,,P1M,,4F0,,,,2025 = 100,,2,,HICP Inflation rate - Non-energy industrial goods - Index,"Euro area (Member States and Institutions of the Euro Area) changing composition - HICP - Non-energy industrial goods, Index, European Central Bank (ECB), Working day and seasonally adjusted",IX,0,
HICP.M.U2.Y.IGXE00.4F0.INX,M,U2,Y,IGXE00,4F0,INX,2008-10,84.17,,,,F,A,,,A,,,P1M,,4F0,,,,2025 = 100,,2,,HICP Inflation rate - Non-energy industrial goods - Index,"Euro area (Member States and Institutions of the Euro Area) changing composition - HICP - Non-energy industrial goods, Index, European Central Bank (ECB), Working day and seasonally adjusted",IX,0,
HICP.M.U2.Y.IGXE00.4F0.INX,M,U2,Y,IGXE00,4F0,INX,2008-11,84.21,,,,F,A,,,A,,,P1M,,4F0,,,,2025 = 100,,2,,HICP Inflation rate - Non-energy industrial goods - Index,"Euro area (Member States and Institutions of the Euro Area) changing composition - HICP - Non-energy industrial goods, Index, European Central Bank (ECB), Working day and seasonally adjusted",IX,0,
HICP.M.U2.Y.IGXE00.4F0.INX,M,U2,Y,IGXE00,4F0,INX,2008-12,84.19,,,,F,A,,,A,,,P1M,,4F0,,,,2025 = 100,,2,,HICP Inflation rate - Non-energy industrial goods - Index,"Euro area (Member States and Institutions of the Euro Area) changing composition - HICP - Non-energy industrial goods, Index, European Central Bank (ECB), Working day and seasonally adjusted",IX,0,
HICP.M.U2.Y.IGXE00.4F0.INX,M,U2,Y,IGXE00,4F0,INX,2009-01,84.18,,,,F,A,,,A,,,P1M,,4F0,,,,2025 = 100,,2,,HICP Inflation rate - Non-energy industrial goods - Index,"Euro area (Member States and Institutions of the Euro Area) changing composition - HICP - Non-energy industrial goods, Index, European Central Bank (ECB), Working day and seasonally adjusted",IX,0,
HICP.M.U2.Y.IGXE00.4F0.INX,M,U2,Y,IGXE00,4F0,INX,2009-02,84.25,,,,F,A,,,A,,,P1M,,4F0,,,,2025 = 100,,2,,HICP Inflation rate - Non-energy industrial goods - Index,"Euro area (Member States and Institutions of the Euro Area) changing composition - HICP - Non-energy industrial goods, Index, European Central Bank (ECB), Working day and seasonally adjusted",IX,0,
HICP.M.U2.Y.IGXE00.4F0.INX,M,U2,Y,IGXE00,4F0,INX,2009-03,84.35,,,,F,A,,,A,,,P1M,,4F0,,,,2025 = 100,,2,,HICP Inflation rate - Non-energy industrial goods - Index,"Euro area (Member States and Institutions of the Euro Area) changing composition - HICP - Non-energy industrial goods, Index, European Central Bank (ECB), Working day and seasonally adjusted",IX,0,
HICP.M.U2.Y.IGXE00.4F0.INX,M,U2,Y,IGXE00,4F0,INX,2009-04,84.37,,,,F,A,,,A,,,P1M,,4F0,,,,2025 = 100,,2,,HICP Inflation rate - Non-energy industrial goods - Index,"Euro area (Member States and Institutions of the Euro Area) changing composition - HICP - Non-energy industrial goods, Index, European Central Bank (ECB), Working day and seasonally adjusted",IX,0,
HICP.M.U2.Y.IGXE00.4F0.INX,M,U2,Y,IGXE00,4F0,INX,2009-05,84.38,,,,F,A,,,A,,,P1M,,4F0,,,,2025 = 100,,2,,HICP Inflation rate - Non-energy industrial goods - Index,"Euro area (Member States and Institutions of the Euro Area) changing composition - HICP - Non-energy industrial goods, Index, European Central Bank (ECB), Working day and seasonally adjusted",IX,0,
HICP.M.U2.Y.IGXE00.4F0.INX,M,U2,Y,IGXE00,4F0,INX,2009-06,84.35,,,,F,A,,,A,,,P1M,,4F0,,,,2025 = 100,,2,,HICP Inflation rate - Non-energy industrial goods - Index,"Euro area (Member States and Institutions of the Euro Area) changing composition - HICP - Non-energy industrial goods, Index, European Central Bank (ECB), Working day and seasonally adjusted",IX,0,
HICP.M.U2.Y.IGXE00.4F0.INX,M,U2,Y,IGXE00,4F0,INX,2009-07,84.32,,,,F,A,,,A,,,P1M,,4F0,,,,2025 = 100,,2,,HICP Inflation rate - Non-energy industrial goods - Index,"Euro area (Member States and Institutions of the Euro Area) changing composition - HICP - Non-energy industrial goods, Index, European Central Bank (ECB), Working day and seasonally adjusted",IX,0,
HICP.M.U2.Y.IGXE00.4F0.INX,M,U2,Y,IGXE00,4F0,INX,2009-08,84.4,,,,F,A,,,A,,,P1M,,4F0,,,,2025 = 100,,2,,HICP Inflation rate - Non-energy industrial goods - Index,"Euro area (Member States and Institutions of the Euro Area) changing composition - HICP - Non-energy industrial goods, Index, European Central Bank (ECB), Working day and seasonally adjusted",IX,0,
HICP.M.U2.Y.IGXE00.4F0.INX,M,U2,Y,IGXE00,4F0,INX,2009-09,84.35,,,,F,A,,,A,,,P1M,,4F0,,,,2025 = 100,,2,,HICP Inflation rate - Non-energy industrial goods - Index,"Euro area (Member States and Institutions of the Euro Area) changing composition - HICP - Non-energy industrial goods, Index, European Central Bank (ECB), Working day and seasonally adjusted",IX,0,
HICP.M.U2.Y.IGXE00.4F0.INX,M,U2,Y,IGXE00,4F0,INX,2009-10,84.31,,,,F,A,,,A,,,P1M,,4F0,,,,2025 = 100,,2,,HICP Inflation rate - Non-energy industrial goods - Index,"Euro area (Member States and Institutions of the Euro Area) changing composition - HICP - Non-energy industrial goods, Index, European Central Bank (ECB), Working day and seasonally adjusted",IX,0,
HICP.M.U2.Y.IGXE00.4F0.INX,M,U2,Y,IGXE00,4F0,INX,2009-11,84.32,,,,F,A,,,A,,,P1M,,4F0,,,,2025 = 100,,2,,HICP Inflation rate - Non-energy industrial goods - Index,"Euro area (Member States and Institutions of the Euro Area) changing composition - HICP - Non-energy industrial goods, Index, European Central Bank (ECB), Working day and seasonally adjusted",IX,0,
HICP.M.U2.Y.IGXE00.4F0.INX,M,U2,Y,IGXE00,4F0,INX,2009-12,84.42,,,,F,A,,,A,,,P1M,,4F0,,,,2025 = 100,,2,,HICP Inflation rate - Non-energy industrial goods - Index,"Euro area (Member States and Institutions of the Euro Area) changing composition - HICP - Non-energy industrial goods, Index, European Central Bank (ECB), Working day and seasonally adjusted",IX,0,
HICP.M.U2.Y.IGXE00.4F0.INX,M,U2,Y,IGXE00,4F0,INX,2010-01,84.47,,Implementation of HICP Regulation No. 33/2009 on the treatment of seasonal products in the Spanish HICP. Also reallocation of rented holiday apartments from COICOP accommodation services (11.2.0) to actual rentals (04.1.1) in the Spanish HICP. These changes have a distorting impact on the annual rates of change in 2010. See Box 3 in the April 2011 ECB Monthly Bulletin for details.,,F,A,,,A,,,P1M,,4F0,,,,2025 = 100,,2,,HICP Inflation rate - Non-energy industrial goods - Index,"Euro area (Member States and Institutions of the Euro Area) changing composition - HICP - Non-energy industrial goods, Index, European Central Bank (ECB), Working day and seasonally adjusted",IX,0,
HICP.M.U2.Y.IGXE00.4F0.INX,M,U2,Y,IGXE00,4F0,INX,2010-02,84.48,,,,F,A,,,A,,,P1M,,4F0,,,,2025 = 100,,2,,HICP Inflation rate - Non-energy industrial goods - Index,"Euro area (Member States and Institutions of the Euro Area) changing composition - HICP - Non-energy industrial goods, Index, European Central Bank (ECB), Working day and seasonally adjusted",IX,0,
HICP.M.U2.Y.IGXE00.4F0.INX,M,U2,Y,IGXE00,4F0,INX,2010-03,84.48,,,,F,A,,,A,,,P1M,,4F0,,,,2025 = 100,,2,,HICP Inflation rate - Non-energy industrial goods - Index,"Euro area (Member States and Institutions of the Euro Area) changing composition - HICP - Non-energy industrial goods, Index, European Central Bank (ECB), Working day and seasonally adjusted",IX,0,
HICP.M.U2.Y.IGXE00.4F0.INX,M,U2,Y,IGXE00,4F0,INX,2010-04,84.53,,,,F,A,,,A,,,P1M,,4F0,,,,2025 = 100,,2,,HICP Inflation rate - Non-energy industrial goods - Index,"Euro area (Member States and Institutions of the Euro Area) changing composition - HICP - Non-energy industrial goods, Index, European Central Bank (ECB), Working day and seasonally adjusted",IX,0,
HICP.M.U2.Y.IGXE00.4F0.INX,M,U2,Y,IGXE00,4F0,INX,2010-05,84.58,,,,F,A,,,A,,,P1M,,4F0,,,,2025 = 100,,2,,HICP Inflation rate - Non-energy industrial goods - Index,"Euro area (Member States and Institutions of the Euro Area) changing composition - HICP - Non-energy industrial goods, Index, European Central Bank (ECB), Working day and seasonally adjusted",IX,0,
HICP.M.U2.Y.IGXE00.4F0.INX,M,U2,Y,IGXE00,4F0,INX,2010-06,84.65,,,,F,A,,,A,,,P1M,,4F0,,,,2025 = 100,,2,,HICP Inflation rate - Non-energy industrial goods - Index,"Euro area (Member States and Institutions of the Euro Area) changing composition - HICP - Non-energy industrial goods, Index, European Central Bank (ECB), Working day and seasonally adjusted",IX,0,
HICP.M.U2.Y.IGXE00.4F0.INX,M,U2,Y,IGXE00,4F0,INX,2010-07,84.78,,,,F,A,,,A,,,P1M,,4F0,,,,2025 = 100,,2,,HICP Inflation rate - Non-energy industrial goods - Index,"Euro area (Member States and Institutions of the Euro Area) changing composition - HICP - Non-energy industrial goods, Index, European Central Bank (ECB), Working day and seasonally adjusted",IX,0,
HICP.M.U2.Y.IGXE00.4F0.INX,M,U2,Y,IGXE00,4F0,INX,2010-08,84.8,,,,F,A,,,A,,,P1M,,4F0,,,,2025 = 100,,2,,HICP Inflation rate - Non-energy industrial goods - Index,"Euro area (Member States and Institutions of the Euro Area) changing composition - HICP - Non-energy industrial goods, Index, European Central Bank (ECB), Working day and seasonally adjusted",IX,0,
HICP.M.U2.Y.IGXE00.4F0.INX,M,U2,Y,IGXE00,4F0,INX,2010-09,84.82,,,,F,A,,,A,,,P1M,,4F0,,,,2025 = 100,,2,,HICP Inflation rate - Non-energy industrial goods - Index,"Euro area (Member States and Institutions of the Euro Area) changing composition - HICP - Non-energy industrial goods, Index, European Central Bank (ECB), Working day and seasonally adjusted",IX,0,
HICP.M.U2.Y.IGXE00.4F0.INX,M,U2,Y,IGXE00,4F0,INX,2010-10,84.87,,,,F,A,,,A,,,P1M,,4F0,,,,2025 = 100,,2,,HICP Inflation rate - Non-energy industrial goods - Index,"Euro area (Member States and Institutions of the Euro Area) changing composition - HICP - Non-energy industrial goods, Index, European Central Bank (ECB), Working day and seasonally adjusted",IX,0,
HICP.M.U2.Y.IGXE00.4F0.INX,M,U2,Y,IGXE00,4F0,INX,2010-11,84.94,,,,F,A,,,A,,,P1M,,4F0,,,,2025 = 100,,2,,HICP Inflation rate - Non-energy industrial goods - Index,"Euro area (Member States and Institutions of the Euro Area) changing composition - HICP - Non-energy industrial goods, Index, European Central Bank (ECB), Working day and seasonally adjusted",IX,0,
HICP.M.U2.Y.IGXE00.4F0.INX,M,U2,Y,IGXE00,4F0,INX,2010-12,84.96,,,,F,A,,,A,,,P1M,,4F0,,,,2025 = 100,,2,,HICP Inflation rate - Non-energy industrial goods - Index,"Euro area (Member States and Institutions of the Euro Area) changing composition - HICP - Non-energy industrial goods, Index, European Central Bank (ECB), Working day and seasonally adjusted",IX,0,
HICP.M.U2.Y.IGXE00.4F0.INX,M,U2,Y,IGXE00,4F0,INX,2011-01,85.19,,"Implementation of HICP Regulation No. 33/2009 on the treatment of seasonal products in the HICPs of DE, EE, GR, FR, IT, CY, LU, MT, PT, SI, SK. The Regulation had particularly large impacts on clothing and footwear and to a lesser extent fruit and vegetables. In addition, NL implemented a new methodology for package holidays and air transport. These changes have a distorting impact on the annual rates of change in 2011. See Box 3 in the April 2011 ECB Monthly Bulletin for details.",,F,A,,,A,,,P1M,,4F0,,,,2025 = 100,,2,,HICP Inflation rate - Non-energy industrial goods - Index,"Euro area (Member States and Institutions of the Euro Area) changing composition - HICP - Non-energy industrial goods, Index, European Central Bank (ECB), Working day and seasonally adjusted",IX,0,
HICP.M.U2.Y.IGXE00.4F0.INX,M,U2,Y,IGXE00,4F0,INX,2011-02,85.11,,,,F,A,,,A,,,P1M,,4F0,,,,2025 = 100,,2,,HICP Inflation rate - Non-energy industrial goods - Index,"Euro area (Member States and Institutions of the Euro Area) changing composition - HICP - Non-energy industrial goods, Index, European Central Bank (ECB), Working day and seasonally adjusted",IX,0,
HICP.M.U2.Y.IGXE00.4F0.INX,M,U2,Y,IGXE00,4F0,INX,2011-03,84.92,,,,F,A,,,A,,,P1M,,4F0,,,,2025 = 100,,2,,HICP Inflation rate - Non-energy industrial goods - Index,"Euro area (Member States and Institutions of the Euro Area) changing composition - HICP - Non-energy industrial goods, Index, European Central Bank (ECB), Working day and seasonally adjusted",IX,0,
HICP.M.U2.Y.IGXE00.4F0.INX,M,U2,Y,IGXE00,4F0,INX,2011-04,85.06,,,,F,A,,,A,,,P1M,,4F0,,,,2025 = 100,,2,,HICP Inflation rate - Non-energy industrial goods - Index,"Euro area (Member States and Institutions of the Euro Area) changing composition - HICP - Non-energy industrial goods, Index, European Central Bank (ECB), Working day and seasonally adjusted",IX,0,
HICP.M.U2.Y.IGXE00.4F0.INX,M,U2,Y,IGXE00,4F0,INX,2011-05,85.16,,,,F,A,,,A,,,P1M,,4F0,,,,2025 = 100,,2,,HICP Inflation rate - Non-energy industrial goods - Index,"Euro area (Member States and Institutions of the Euro Area) changing composition - HICP - Non-energy industrial goods, Index, European Central Bank (ECB), Working day and seasonally adjusted",IX,0,
HICP.M.U2.Y.IGXE00.4F0.INX,M,U2,Y,IGXE00,4F0,INX,2011-06,85.23,,,,F,A,,,A,,,P1M,,4F0,,,,2025 = 100,,2,,HICP Inflation rate - Non-energy industrial goods - Index,"Euro area (Member States and Institutions of the Euro Area) changing composition - HICP - Non-energy industrial goods, Index, European Central Bank (ECB), Working day and seasonally adjusted",IX,0,
HICP.M.U2.Y.IGXE00.4F0.INX,M,U2,Y,IGXE00,4F0,INX,2011-07,85.23,,,,F,A,,,A,,,P1M,,4F0,,,,2025 = 100,,2,,HICP Inflation rate - Non-energy industrial goods - Index,"Euro area (Member States and Institutions of the Euro Area) changing composition - HICP - Non-energy industrial goods, Index, European Central Bank (ECB), Working day and seasonally adjusted",IX,0,
HICP.M.U2.Y.IGXE00.4F0.INX,M,U2,Y,IGXE00,4F0,INX,2011-08,85.5,,,,F,A,,,A,,,P1M,,4F0,,,,2025 = 100,,2,,HICP Inflation rate - Non-energy industrial goods - Index,"Euro area (Member States and Institutions of the Euro Area) changing composition - HICP - Non-energy industrial goods, Index, European Central Bank (ECB), Working day and seasonally adjusted",IX,0,
HICP.M.U2.Y.IGXE00.4F0.INX,M,U2,Y,IGXE00,4F0,INX,2011-09,85.53,,Implementation of HICP Regulation No. 33/2009 on the treatment of seasonal products in the Austrian HICP. See Box 3 in the April 2011 ECB Monthly Bulletin for details.,,F,A,,,A,,,P1M,,4F0,,,,2025 = 100,,2,,HICP Inflation rate - Non-energy industrial goods - Index,"Euro area (Member States and Institutions of the Euro Area) changing composition - HICP - Non-energy industrial goods, Index, European Central Bank (ECB), Working day and seasonally adjusted",IX,0,
HICP.M.U2.Y.IGXE00.4F0.INX,M,U2,Y,IGXE00,4F0,INX,2011-10,85.71,,,,F,A,,,A,,,P1M,,4F0,,,,2025 = 100,,2,,HICP Inflation rate - Non-energy industrial goods - Index,"Euro area (Member States and Institutions of the Euro Area) changing composition - HICP - Non-energy industrial goods, Index, European Central Bank (ECB), Working day and seasonally adjusted",IX,0,
HICP.M.U2.Y.IGXE00.4F0.INX,M,U2,Y,IGXE00,4F0,INX,2011-11,85.79,,,,F,A,,,A,,,P1M,,4F0,,,,2025 = 100,,2,,HICP Inflation rate - Non-energy industrial goods - Index,"Euro area (Member States and Institutions of the Euro Area) changing composition - HICP - Non-energy industrial goods, Index, European Central Bank (ECB), Working day and seasonally adjusted",IX,0,
HICP.M.U2.Y.IGXE00.4F0.INX,M,U2,Y,IGXE00,4F0,INX,2011-12,85.85,,,,F,A,,,A,,,P1M,,4F0,,,,2025 = 100,,2,,HICP Inflation rate - Non-energy industrial goods - Index,"Euro area (Member States and Institutions of the Euro Area) changing composition - HICP - Non-energy industrial goods, Index, European Central Bank (ECB), Working day and seasonally adjusted",IX,0,
HICP.M.U2.Y.IGXE00.4F0.INX,M,U2,Y,IGXE00,4F0,INX,2012-01,86.03,,"Implementation of HICP Regulation No. 114/2010 on the quality of HICP weights in the HICPs of DE, IE, CY, LU, MT, AT, FI. See Box 3 in the April 2012 ECB Monthly Bulletin for details.",,F,A,,,A,,,P1M,,4F0,,,,2025 = 100,,2,,HICP Inflation rate - Non-energy industrial goods - Index,"Euro area (Member States and Institutions of the Euro Area) changing composition - HICP - Non-energy industrial goods, Index, European Central Bank (ECB), Working day and seasonally adjusted",IX,0,
HICP.M.U2.Y.IGXE00.4F0.INX,M,U2,Y,IGXE00,4F0,INX,2012-02,86.01,,,,F,A,,,A,,,P1M,,4F0,,,,2025 = 100,,2,,HICP Inflation rate - Non-energy industrial goods - Index,"Euro area (Member States and Institutions of the Euro Area) changing composition - HICP - Non-energy industrial goods, Index, European Central Bank (ECB), Working day and seasonally adjusted",IX,0,
HICP.M.U2.Y.IGXE00.4F0.INX,M,U2,Y,IGXE00,4F0,INX,2012-03,86.09,,,,F,A,,,A,,,P1M,,4F0,,,,2025 = 100,,2,,HICP Inflation rate - Non-energy industrial goods - Index,"Euro area (Member States and Institutions of the Euro Area) changing composition - HICP - Non-energy industrial goods, Index, European Central Bank (ECB), Working day and seasonally adjusted",IX,0,
HICP.M.U2.Y.IGXE00.4F0.INX,M,U2,Y,IGXE00,4F0,INX,2012-04,86.18,,,,F,A,,,A,,,P1M,,4F0,,,,2025 = 100,,2,,HICP Inflation rate - Non-energy industrial goods - Index,"Euro area (Member States and Institutions of the Euro Area) changing composition - HICP - Non-energy industrial goods, Index, European Central Bank (ECB), Working day and seasonally adjusted",IX,0,
HICP.M.U2.Y.IGXE00.4F0.INX,M,U2,Y,IGXE00,4F0,INX,2012-05,86.25,,,,F,A,,,A,,,P1M,,4F0,,,,2025 = 100,,2,,HICP Inflation rate - Non-energy industrial goods - Index,"Euro area (Member States and Institutions of the Euro Area) changing composition - HICP - Non-energy industrial goods, Index, European Central Bank (ECB), Working day and seasonally adjusted",IX,0,
HICP.M.U2.Y.IGXE00.4F0.INX,M,U2,Y,IGXE00,4F0,INX,2012-06,86.33,,,,F,A,,,A,,,P1M,,4F0,,,,2025 = 100,,2,,HICP Inflation rate - Non-energy industrial goods - Index,"Euro area (Member States and Institutions of the Euro Area) changing composition - HICP - Non-energy industrial goods, Index, European Central Bank (ECB), Working day and seasonally adjusted",IX,0,
HICP.M.U2.Y.IGXE00.4F0.INX,M,U2,Y,IGXE00,4F0,INX,2012-07,86.53,,,,F,A,,,A,,,P1M,,4F0,,,,2025 = 100,,2,,HICP Inflation rate - Non-energy industrial goods - Index,"Euro area (Member States and Institutions of the Euro Area) changing composition - HICP - Non-energy industrial goods, Index, European Central Bank (ECB), Working day and seasonally adjusted",IX,0,
HICP.M.U2.Y.IGXE00.4F0.INX,M,U2,Y,IGXE00,4F0,INX,2012-08,86.42,,,,F,A,,,A,,,P1M,,4F0,,,,2025 = 100,,2,,HICP Inflation rate - Non-energy industrial goods - Index,"Euro area (Member States and Institutions of the Euro Area) changing composition - HICP - Non-energy industrial goods, Index, European Central Bank (ECB), Working day and seasonally adjusted",IX,0,
HICP.M.U2.Y.IGXE00.4F0.INX,M,U2,Y,IGXE00,4F0,INX,2012-09,86.56,,,,F,A,,,A,,,P1M,,4F0,,,,2025 = 100,,2,,HICP Inflation rate - Non-energy industrial goods - Index,"Euro area (Member States and Institutions of the Euro Area) changing composition - HICP - Non-energy industrial goods, Index, European Central Bank (ECB), Working day and seasonally adjusted",IX,0,
HICP.M.U2.Y.IGXE00.4F0.INX,M,U2,Y,IGXE00,4F0,INX,2012-10,86.65,,,,F,A,,,A,,,P1M,,4F0,,,,2025 = 100,,2,,HICP Inflation rate - Non-energy industrial goods - Index,"Euro area (Member States and Institutions of the Euro Area) changing composition - HICP - Non-energy industrial goods, Index, European Central Bank (ECB), Working day and seasonally adjusted",IX,0,
HICP.M.U2.Y.IGXE00.4F0.INX,M,U2,Y,IGXE00,4F0,INX,2012-11,86.74,,,,F,A,,,A,,,P1M,,4F0,,,,2025 = 100,,2,,HICP Inflation rate - Non-energy industrial goods - Index,"Euro area (Member States and Institutions of the Euro Area) changing composition - HICP - Non-energy industrial goods, Index, European Central Bank (ECB), Working day and seasonally adjusted",IX,0,
HICP.M.U2.Y.IGXE00.4F0.INX,M,U2,Y,IGXE00,4F0,INX,2012-12,86.75,,,,F,A,,,A,,,P1M,,4F0,,,,2025 = 100,,2,,HICP Inflation rate - Non-energy industrial goods - Index,"Euro area (Member States and Institutions of the Euro Area) changing composition - HICP - Non-energy industrial goods, Index, European Central Bank (ECB), Working day and seasonally adjusted",IX,0,
HICP.M.U2.Y.IGXE00.4F0.INX,M,U2,Y,IGXE00,4F0,INX,2013-01,86.73,,,,F,A,,,A,,,P1M,,4F0,,,,2025 = 100,,2,,HICP Inflation rate - Non-energy industrial goods - Index,"Euro area (Member States and Institutions of the Euro Area) changing composition - HICP - Non-energy industrial goods, Index, European Central Bank (ECB), Working day and seasonally adjusted",IX,0,
HICP.M.U2.Y.IGXE00.4F0.INX,M,U2,Y,IGXE00,4F0,INX,2013-02,86.7,,,,F,A,,,A,,,P1M,,4F0,,,,2025 = 100,,2,,HICP Inflation rate - Non-energy industrial goods - Index,"Euro area (Member States and Institutions of the Euro Area) changing composition - HICP - Non-energy industrial goods, Index, European Central Bank (ECB), Working day and seasonally adjusted",IX,0,
HICP.M.U2.Y.IGXE00.4F0.INX,M,U2,Y,IGXE00,4F0,INX,2013-03,86.91,,,,F,A,,,A,,,P1M,,4F0,,,,2025 = 100,,2,,HICP Inflation rate - Non-energy industrial goods - Index,"Euro area (Member States and Institutions of the Euro Area) changing composition - HICP - Non-energy industrial goods, Index, European Central Bank (ECB), Working day and seasonally adjusted",IX,0,
HICP.M.U2.Y.IGXE00.4F0.INX,M,U2,Y,IGXE00,4F0,INX,2013-04,86.9,,,,F,A,,,A,,,P1M,,4F0,,,,2025 = 100,,2,,HICP Inflation rate - Non-energy industrial goods - Index,"Euro area (Member States and Institutions of the Euro Area) changing composition - HICP - Non-energy industrial goods, Index, European Central Bank (ECB), Working day and seasonally adjusted",IX,0,
HICP.M.U2.Y.IGXE00.4F0.INX,M,U2,Y,IGXE00,4F0,INX,2013-05,86.94,,,,F,A,,,A,,,P1M,,4F0,,,,2025 = 100,,2,,HICP Inflation rate - Non-energy industrial goods - Index,"Euro area (Member States and Institutions of the Euro Area) changing composition - HICP - Non-energy industrial goods, Index, European Central Bank (ECB), Working day and seasonally adjusted",IX,0,
HICP.M.U2.Y.IGXE00.4F0.INX,M,U2,Y,IGXE00,4F0,INX,2013-06,86.98,,,,F,A,,,A,,,P1M,,4F0,,,,2025 = 100,,2,,HICP Inflation rate - Non-energy industrial goods - Index,"Euro area (Member States and Institutions of the Euro Area) changing composition - HICP - Non-energy industrial goods, Index, European Central Bank (ECB), Working day and seasonally adjusted",IX,0,
HICP.M.U2.Y.IGXE00.4F0.INX,M,U2,Y,IGXE00,4F0,INX,2013-07,86.94,,,,F,A,,,A,,,P1M,,4F0,,,,2025 = 100,,2,,HICP Inflation rate - Non-energy industrial goods - Index,"Euro area (Member States and Institutions of the Euro Area) changing composition - HICP - Non-energy industrial goods, Index, European Central Bank (ECB), Working day and seasonally adjusted",IX,0,
HICP.M.U2.Y.IGXE00.4F0.INX,M,U2,Y,IGXE00,4F0,INX,2013-08,86.79,,,,F,A,,,A,,,P1M,,4F0,,,,2025 = 100,,2,,HICP Inflation rate - Non-energy industrial goods - Index,"Euro area (Member States and Institutions of the Euro Area) changing composition - HICP - Non-energy industrial goods, Index, European Central Bank (ECB), Working day and seasonally adjusted",IX,0,
HICP.M.U2.Y.IGXE00.4F0.INX,M,U2,Y,IGXE00,4F0,INX,2013-09,86.9,,,,F,A,,,A,,,P1M,,4F0,,,,2025 = 100,,2,,HICP Inflation rate - Non-energy industrial goods - Index,"Euro area (Member States and Institutions of the Euro Area) changing composition - HICP - Non-energy industrial goods, Index, European Central Bank (ECB), Working day and seasonally adjusted",IX,0,
HICP.M.U2.Y.IGXE00.4F0.INX,M,U2,Y,IGXE00,4F0,INX,2013-10,86.94,,,,F,A,,,A,,,P1M,,4F0,,,,2025 = 100,,2,,HICP Inflation rate - Non-energy industrial goods - Index,"Euro area (Member States and Institutions of the Euro Area) changing composition - HICP - Non-energy industrial goods, Index, European Central Bank (ECB), Working day and seasonally adjusted",IX,0,
HICP.M.U2.Y.IGXE00.4F0.INX,M,U2,Y,IGXE00,4F0,INX,2013-11,86.95,,,,F,A,,,A,,,P1M,,4F0,,,,2025 = 100,,2,,HICP Inflation rate - Non-energy industrial goods - Index,"Euro area (Member States and Institutions of the Euro Area) changing composition - HICP - Non-energy industrial goods, Index, European Central Bank (ECB), Working day and seasonally adjusted",IX,0,
HICP.M.U2.Y.IGXE00.4F0.INX,M,U2,Y,IGXE00,4F0,INX,2013-12,86.97,,,,F,A,,,A,,,P1M,,4F0,,,,2025 = 100,,2,,HICP Inflation rate - Non-energy industrial goods - Index,"Euro area (Member States and Institutions of the Euro Area) changing composition - HICP - Non-energy industrial goods, Index, European Central Bank (ECB), Working day and seasonally adjusted",IX,0,
HICP.M.U2.Y.IGXE00.4F0.INX,M,U2,Y,IGXE00,4F0,INX,2014-01,86.91,,,,F,A,,,A,,,P1M,,4F0,,,,2025 = 100,,2,,HICP Inflation rate - Non-energy industrial goods - Index,"Euro area (Member States and Institutions of the Euro Area) changing composition - HICP - Non-energy industrial goods, Index, European Central Bank (ECB), Working day and seasonally adjusted",IX,0,
HICP.M.U2.Y.IGXE00.4F0.INX,M,U2,Y,IGXE00,4F0,INX,2014-02,87.06,,,,F,A,,,A,,,P1M,,4F0,,,,2025 = 100,,2,,HICP Inflation rate - Non-energy industrial goods - Index,"Euro area (Member States and Institutions of the Euro Area) changing composition - HICP - Non-energy industrial goods, Index, European Central Bank (ECB), Working day and seasonally adjusted",IX,0,
HICP.M.U2.Y.IGXE00.4F0.INX,M,U2,Y,IGXE00,4F0,INX,2014-03,87.05,,,,F,A,,,A,,,P1M,,4F0,,,,2025 = 100,,2,,HICP Inflation rate - Non-energy industrial goods - Index,"Euro area (Member States and Institutions of the Euro Area) changing composition - HICP - Non-energy industrial goods, Index, European Central Bank (ECB), Working day and seasonally adjusted",IX,0,
HICP.M.U2.Y.IGXE00.4F0.INX,M,U2,Y,IGXE00,4F0,INX,2014-04,86.97,,,,F,A,,,A,,,P1M,,4F0,,,,2025 = 100,,2,,HICP Inflation rate - Non-energy industrial goods - Index,"Euro area (Member States and Institutions of the Euro Area) changing composition - HICP - Non-energy industrial goods, Index, European Central Bank (ECB), Working day and seasonally adjusted",IX,0,
HICP.M.U2.Y.IGXE00.4F0.INX,M,U2,Y,IGXE00,4F0,INX,2014-05,86.93,,,,F,A,,,A,,,P1M,,4F0,,,,2025 = 100,,2,,HICP Inflation rate - Non-energy industrial goods - Index,"Euro area (Member States and Institutions of the Euro Area) changing composition - HICP - Non-energy industrial goods, Index, European Central Bank (ECB), Working day and seasonally adjusted",IX,0,
HICP.M.U2.Y.IGXE00.4F0.INX,M,U2,Y,IGXE00,4F0,INX,2014-06,86.92,,,,F,A,,,A,,,P1M,,4F0,,,,2025 = 100,,2,,HICP Inflation rate - Non-energy industrial goods - Index,"Euro area (Member States and Institutions of the Euro Area) changing composition - HICP - Non-energy industrial goods, Index, European Central Bank (ECB), Working day and seasonally adjusted",IX,0,
HICP.M.U2.Y.IGXE00.4F0.INX,M,U2,Y,IGXE00,4F0,INX,2014-07,86.88,,,,F,A,,,A,,,P1M,,4F0,,,,2025 = 100,,2,,HICP Inflation rate - Non-energy industrial goods - Index,"Euro area (Member States and Institutions of the Euro Area) changing composition - HICP - Non-energy industrial goods, Index, European Central Bank (ECB), Working day and seasonally adjusted",IX,0,
HICP.M.U2.Y.IGXE00.4F0.INX,M,U2,Y,IGXE00,4F0,INX,2014-08,87.04,,,,F,A,,,A,,,P1M,,4F0,,,,2025 = 100,,2,,HICP Inflation rate - Non-energy industrial goods - Index,"Euro area (Member States and Institutions of the Euro Area) changing composition - HICP - Non-energy industrial goods, Index, European Central Bank (ECB), Working day and seasonally adjusted",IX,0,
HICP.M.U2.Y.IGXE00.4F0.INX,M,U2,Y,IGXE00,4F0,INX,2014-09,87.06,,,,F,A,,,A,,,P1M,,4F0,,,,2025 = 100,,2,,HICP Inflation rate - Non-energy industrial goods - Index,"Euro area (Member States and Institutions of the Euro Area) changing composition - HICP - Non-energy industrial goods, Index, European Central Bank (ECB), Working day and seasonally adjusted",IX,0,
HICP.M.U2.Y.IGXE00.4F0.INX,M,U2,Y,IGXE00,4F0,INX,2014-10,86.89,,,,F,A,,,A,,,P1M,,4F0,,,,2025 = 100,,2,,HICP Inflation rate - Non-energy industrial goods - Index,"Euro area (Member States and Institutions of the Euro Area) changing composition - HICP - Non-energy industrial goods, Index, European Central Bank (ECB), Working day and seasonally adjusted",IX,0,
HICP.M.U2.Y.IGXE00.4F0.INX,M,U2,Y,IGXE00,4F0,INX,2014-11,86.89,,,,F,A,,,A,,,P1M,,4F0,,,,2025 = 100,,2,,HICP Inflation rate - Non-energy industrial goods - Index,"Euro area (Member States and Institutions of the Euro Area) changing composition - HICP - Non-energy industrial goods, Index, European Central Bank (ECB), Working day and seasonally adjusted",IX,0,
HICP.M.U2.Y.IGXE00.4F0.INX,M,U2,Y,IGXE00,4F0,INX,2014-12,86.94,,,,F,A,,,A,,,P1M,,4F0,,,,2025 = 100,,2,,HICP Inflation rate - Non-energy industrial goods - Index,"Euro area (Member States and Institutions of the Euro Area) changing composition - HICP - Non-energy industrial goods, Index, European Central Bank (ECB), Working day and seasonally adjusted",IX,0,
HICP.M.U2.Y.IGXE00.4F0.INX,M,U2,Y,IGXE00,4F0,INX,2015-01,86.82,,,,F,A,,,A,,,P1M,,4F0,,,,2025 = 100,,2,,HICP Inflation rate - Non-energy industrial goods - Index,"Euro area (Member States and Institutions of the Euro Area) changing composition - HICP - Non-energy industrial goods, Index, European Central Bank (ECB), Working day and seasonally adjusted",IX,0,
HICP.M.U2.Y.IGXE00.4F0.INX,M,U2,Y,IGXE00,4F0,INX,2015-02,86.96,,,,F,A,,,A,,,P1M,,4F0,,,,2025 = 100,,2,,HICP Inflation rate - Non-energy industrial goods - Index,"Euro area (Member States and Institutions of the Euro Area) changing composition - HICP - Non-energy industrial goods, Index, European Central Bank (ECB), Working day and seasonally adjusted",IX,0,
HICP.M.U2.Y.IGXE00.4F0.INX,M,U2,Y,IGXE00,4F0,INX,2015-03,87.06,,,,F,A,,,A,,,P1M,,4F0,,,,2025 = 100,,2,,HICP Inflation rate - Non-energy industrial goods - Index,"Euro area (Member States and Institutions of the Euro Area) changing composition - HICP - Non-energy industrial goods, Index, European Central Bank (ECB), Working day and seasonally adjusted",IX,0,
HICP.M.U2.Y.IGXE00.4F0.INX,M,U2,Y,IGXE00,4F0,INX,2015-04,87.11,,,,F,A,,,A,,,P1M,,4F0,,,,2025 = 100,,2,,HICP Inflation rate - Non-energy industrial goods - Index,"Euro area (Member States and Institutions of the Euro Area) changing composition - HICP - Non-energy industrial goods, Index, European Central Bank (ECB), Working day and seasonally adjusted",IX,0,
HICP.M.U2.Y.IGXE00.4F0.INX,M,U2,Y,IGXE00,4F0,INX,2015-05,87.13,,,,F,A,,,A,,,P1M,,4F0,,,,2025 = 100,,2,,HICP Inflation rate - Non-energy industrial goods - Index,"Euro area (Member States and Institutions of the Euro Area) changing composition - HICP - Non-energy industrial goods, Index, European Central Bank (ECB), Working day and seasonally adjusted",IX,0,
HICP.M.U2.Y.IGXE00.4F0.INX,M,U2,Y,IGXE00,4F0,INX,2015-06,87.19,,,,F,A,,,A,,,P1M,,4F0,,,,2025 = 100,,2,,HICP Inflation rate - Non-energy industrial goods - Index,"Euro area (Member States and Institutions of the Euro Area) changing composition - HICP - Non-energy industrial goods, Index, European Central Bank (ECB), Working day and seasonally adjusted",IX,0,
HICP.M.U2.Y.IGXE00.4F0.INX,M,U2,Y,IGXE00,4F0,INX,2015-07,87.24,,,,F,A,,,A,,,P1M,,4F0,,,,2025 = 100,,2,,HICP Inflation rate - Non-energy industrial goods - Index,"Euro area (Member States and Institutions of the Euro Area) changing composition - HICP - Non-energy industrial goods, Index, European Central Bank (ECB), Working day and seasonally adjusted",IX,0,
HICP.M.U2.Y.IGXE00.4F0.INX,M,U2,Y,IGXE00,4F0,INX,2015-08,87.34,,,,F,A,,,A,,,P1M,,4F0,,,,2025 = 100,,2,,HICP Inflation rate - Non-energy industrial goods - Index,"Euro area (Member States and Institutions of the Euro Area) changing composition - HICP - Non-energy industrial goods, Index, European Central Bank (ECB), Working day and seasonally adjusted",IX,0,
HICP.M.U2.Y.IGXE00.4F0.INX,M,U2,Y,IGXE00,4F0,INX,2015-09,87.32,,,,F,A,,,A,,,P1M,,4F0,,,,2025 = 100,,2,,HICP Inflation rate - Non-energy industrial goods - Index,"Euro area (Member States and Institutions of the Euro Area) changing composition - HICP - Non-energy industrial goods, Index, European Central Bank (ECB), Working day and seasonally adjusted",IX,0,
HICP.M.U2.Y.IGXE00.4F0.INX,M,U2,Y,IGXE00,4F0,INX,2015-10,87.42,,,,F,A,,,A,,,P1M,,4F0,,,,2025 = 100,,2,,HICP Inflation rate - Non-energy industrial goods - Index,"Euro area (Member States and Institutions of the Euro Area) changing composition - HICP - Non-energy industrial goods, Index, European Central Bank (ECB), Working day and seasonally adjusted",IX,0,
HICP.M.U2.Y.IGXE00.4F0.INX,M,U2,Y,IGXE00,4F0,INX,2015-11,87.38,,,,F,A,,,A,,,P1M,,4F0,,,,2025 = 100,,2,,HICP Inflation rate - Non-energy industrial goods - Index,"Euro area (Member States and Institutions of the Euro Area) changing composition - HICP - Non-energy industrial goods, Index, European Central Bank (ECB), Working day and seasonally adjusted",IX,0,
HICP.M.U2.Y.IGXE00.4F0.INX,M,U2,Y,IGXE00,4F0,INX,2015-12,87.36,,,,F,A,,,A,,,P1M,,4F0,,,,2025 = 100,,2,,HICP Inflation rate - Non-energy industrial goods - Index,"Euro area (Member States and Institutions of the Euro Area) changing composition - HICP - Non-energy industrial goods, Index, European Central Bank (ECB), Working day and seasonally adjusted",IX,0,
HICP.M.U2.Y.IGXE00.4F0.INX,M,U2,Y,IGXE00,4F0,INX,2016-01,87.39,,,,F,A,,,A,,,P1M,,4F0,,,,2025 = 100,,2,,HICP Inflation rate - Non-energy industrial goods - Index,"Euro area (Member States and Institutions of the Euro Area) changing composition - HICP - Non-energy industrial goods, Index, European Central Bank (ECB), Working day and seasonally adjusted",IX,0,
HICP.M.U2.Y.IGXE00.4F0.INX,M,U2,Y,IGXE00,4F0,INX,2016-02,87.55,,,,F,A,,,A,,,P1M,,4F0,,,,2025 = 100,,2,,HICP Inflation rate - Non-energy industrial goods - Index,"Euro area (Member States and Institutions of the Euro Area) changing composition - HICP - Non-energy industrial goods, Index, European Central Bank (ECB), Working day and seasonally adjusted",IX,0,
HICP.M.U2.Y.IGXE00.4F0.INX,M,U2,Y,IGXE00,4F0,INX,2016-03,87.55,,,,F,A,,,A,,,P1M,,4F0,,,,2025 = 100,,2,,HICP Inflation rate - Non-energy industrial goods - Index,"Euro area (Member States and Institutions of the Euro Area) changing composition - HICP - Non-energy industrial goods, Index, European Central Bank (ECB), Working day and seasonally adjusted",IX,0,
HICP.M.U2.Y.IGXE00.4F0.INX,M,U2,Y,IGXE00,4F0,INX,2016-04,87.58,,,,F,A,,,A,,,P1M,,4F0,,,,2025 = 100,,2,,HICP Inflation rate - Non-energy industrial goods - Index,"Euro area (Member States and Institutions of the Euro Area) changing composition - HICP - Non-energy industrial goods, Index, European Central Bank (ECB), Working day and seasonally adjusted",IX,0,
HICP.M.U2.Y.IGXE00.4F0.INX,M,U2,Y,IGXE00,4F0,INX,2016-05,87.61,,,,F,A,,,A,,,P1M,,4F0,,,,2025 = 100,,2,,HICP Inflation rate - Non-energy industrial goods - Index,"Euro area (Member States and Institutions of the Euro Area) changing composition - HICP - Non-energy industrial goods, Index, European Central Bank (ECB), Working day and seasonally adjusted",IX,0,
HICP.M.U2.Y.IGXE00.4F0.INX,M,U2,Y,IGXE00,4F0,INX,2016-06,87.53,,,,F,A,,,A,,,P1M,,4F0,,,,2025 = 100,,2,,HICP Inflation rate - Non-energy industrial goods - Index,"Euro area (Member States and Institutions of the Euro Area) changing composition - HICP - Non-energy industrial goods, Index, European Central Bank (ECB), Working day and seasonally adjusted",IX,0,
HICP.M.U2.Y.IGXE00.4F0.INX,M,U2,Y,IGXE00,4F0,INX,2016-07,87.54,,,,F,A,,,A,,,P1M,,4F0,,,,2025 = 100,,2,,HICP Inflation rate - Non-energy industrial goods - Index,"Euro area (Member States and Institutions of the Euro Area) changing composition - HICP - Non-energy industrial goods, Index, European Central Bank (ECB), Working day and seasonally adjusted",IX,0,
HICP.M.U2.Y.IGXE00.4F0.INX,M,U2,Y,IGXE00,4F0,INX,2016-08,87.6,,,,F,A,,,A,,,P1M,,4F0,,,,2025 = 100,,2,,HICP Inflation rate - Non-energy industrial goods - Index,"Euro area (Member States and Institutions of the Euro Area) changing composition - HICP - Non-energy industrial goods, Index, European Central Bank (ECB), Working day and seasonally adjusted",IX,0,
HICP.M.U2.Y.IGXE00.4F0.INX,M,U2,Y,IGXE00,4F0,INX,2016-09,87.59,,,,F,A,,,A,,,P1M,,4F0,,,,2025 = 100,,2,,HICP Inflation rate - Non-energy industrial goods - Index,"Euro area (Member States and Institutions of the Euro Area) changing composition - HICP - Non-energy industrial goods, Index, European Central Bank (ECB), Working day and seasonally adjusted",IX,0,
HICP.M.U2.Y.IGXE00.4F0.INX,M,U2,Y,IGXE00,4F0,INX,2016-10,87.67,,,,F,A,,,A,,,P1M,,4F0,,,,2025 = 100,,2,,HICP Inflation rate - Non-energy industrial goods - Index,"Euro area (Member States and Institutions of the Euro Area) changing composition - HICP - Non-energy industrial goods, Index, European Central Bank (ECB), Working day and seasonally adjusted",IX,0,
HICP.M.U2.Y.IGXE00.4F0.INX,M,U2,Y,IGXE00,4F0,INX,2016-11,87.65,,,,F,A,,,A,,,P1M,,4F0,,,,2025 = 100,,2,,HICP Inflation rate - Non-energy industrial goods - Index,"Euro area (Member States and Institutions of the Euro Area) changing composition - HICP - Non-energy industrial goods, Index, European Central Bank (ECB), Working day and seasonally adjusted",IX,0,
HICP.M.U2.Y.IGXE00.4F0.INX,M,U2,Y,IGXE00,4F0,INX,2016-12,87.62,,,,F,A,,,A,,,P1M,,4F0,,,,2025 = 100,,2,,HICP Inflation rate - Non-energy industrial goods - Index,"Euro area (Member States and Institutions of the Euro Area) changing composition - HICP - Non-energy industrial goods, Index, European Central Bank (ECB), Working day and seasonally adjusted",IX,0,
HICP.M.U2.Y.IGXE00.4F0.INX,M,U2,Y,IGXE00,4F0,INX,2017-01,87.72,,,,F,A,,,A,,,P1M,,4F0,,,,2025 = 100,,2,,HICP Inflation rate - Non-energy industrial goods - Index,"Euro area (Member States and Institutions of the Euro Area) changing composition - HICP - Non-energy industrial goods, Index, European Central Bank (ECB), Working day and seasonally adjusted",IX,0,
HICP.M.U2.Y.IGXE00.4F0.INX,M,U2,Y,IGXE00,4F0,INX,2017-02,87.63,,,,F,A,,,A,,,P1M,,4F0,,,,2025 = 100,,2,,HICP Inflation rate - Non-energy industrial goods - Index,"Euro area (Member States and Institutions of the Euro Area) changing composition - HICP - Non-energy industrial goods, Index, European Central Bank (ECB), Working day and seasonally adjusted",IX,0,
HICP.M.U2.Y.IGXE00.4F0.INX,M,U2,Y,IGXE00,4F0,INX,2017-03,87.81,,,,F,A,,,A,,,P1M,,4F0,,,,2025 = 100,,2,,HICP Inflation rate - Non-energy industrial goods - Index,"Euro area (Member States and Institutions of the Euro Area) changing composition - HICP - Non-energy industrial goods, Index, European Central Bank (ECB), Working day and seasonally adjusted",IX,0,
HICP.M.U2.Y.IGXE00.4F0.INX,M,U2,Y,IGXE00,4F0,INX,2017-04,87.82,,,,F,A,,,A,,,P1M,,4F0,,,,2025 = 100,,2,,HICP Inflation rate - Non-energy industrial goods - Index,"Euro area (Member States and Institutions of the Euro Area) changing composition - HICP - Non-energy industrial goods, Index, European Central Bank (ECB), Working day and seasonally adjusted",IX,0,
HICP.M.U2.Y.IGXE00.4F0.INX,M,U2,Y,IGXE00,4F0,INX,2017-05,87.85,,,,F,A,,,A,,,P1M,,4F0,,,,2025 = 100,,2,,HICP Inflation rate - Non-energy industrial goods - Index,"Euro area (Member States and Institutions of the Euro Area) changing composition - HICP - Non-energy industrial goods, Index, European Central Bank (ECB), Working day and seasonally adjusted",IX,0,
HICP.M.U2.Y.IGXE00.4F0.INX,M,U2,Y,IGXE00,4F0,INX,2017-06,87.84,,,,F,A,,,A,,,P1M,,4F0,,,,2025 = 100,,2,,HICP Inflation rate - Non-energy industrial goods - Index,"Euro area (Member States and Institutions of the Euro Area) changing composition - HICP - Non-energy industrial goods, Index, European Central Bank (ECB), Working day and seasonally adjusted",IX,0,
HICP.M.U2.Y.IGXE00.4F0.INX,M,U2,Y,IGXE00,4F0,INX,2017-07,87.81,,,,F,A,,,A,,,P1M,,4F0,,,,2025 = 100,,2,,HICP Inflation rate - Non-energy industrial goods - Index,"Euro area (Member States and Institutions of the Euro Area) changing composition - HICP - Non-energy industrial goods, Index, European Central Bank (ECB), Working day and seasonally adjusted",IX,0,
HICP.M.U2.Y.IGXE00.4F0.INX,M,U2,Y,IGXE00,4F0,INX,2017-08,87.9,,,,F,A,,,A,,,P1M,,4F0,,,,2025 = 100,,2,,HICP Inflation rate - Non-energy industrial goods - Index,"Euro area (Member States and Institutions of the Euro Area) changing composition - HICP - Non-energy industrial goods, Index, European Central Bank (ECB), Working day and seasonally adjusted",IX,0,
HICP.M.U2.Y.IGXE00.4F0.INX,M,U2,Y,IGXE00,4F0,INX,2017-09,87.98,,,,F,A,,,A,,,P1M,,4F0,,,,2025 = 100,,2,,HICP Inflation rate - Non-energy industrial goods - Index,"Euro area (Member States and Institutions of the Euro Area) changing composition - HICP - Non-energy industrial goods, Index, European Central Bank (ECB), Working day and seasonally adjusted",IX,0,
HICP.M.U2.Y.IGXE00.4F0.INX,M,U2,Y,IGXE00,4F0,INX,2017-10,87.91,,,,F,A,,,A,,,P1M,,4F0,,,,2025 = 100,,2,,HICP Inflation rate - Non-energy industrial goods - Index,"Euro area (Member States and Institutions of the Euro Area) changing composition - HICP - Non-energy industrial goods, Index, European Central Bank (ECB), Working day and seasonally adjusted",IX,0,
HICP.M.U2.Y.IGXE00.4F0.INX,M,U2,Y,IGXE00,4F0,INX,2017-11,87.94,,,,F,A,,,A,,,P1M,,4F0,,,,2025 = 100,,2,,HICP Inflation rate - Non-energy industrial goods - Index,"Euro area (Member States and Institutions of the Euro Area) changing composition - HICP - Non-energy industrial goods, Index, European Central Bank (ECB), Working day and seasonally adjusted",IX,0,
HICP.M.U2.Y.IGXE00.4F0.INX,M,U2,Y,IGXE00,4F0,INX,2017-12,87.95,,,,F,A,,,A,,,P1M,,4F0,,,,2025 = 100,,2,,HICP Inflation rate - Non-energy industrial goods - Index,"Euro area (Member States and Institutions of the Euro Area) changing composition - HICP - Non-energy industrial goods, Index, European Central Bank (ECB), Working day and seasonally adjusted",IX,0,
HICP.M.U2.Y.IGXE00.4F0.INX,M,U2,Y,IGXE00,4F0,INX,2018-01,88.04,,,,F,A,,,A,,,P1M,,4F0,,,,2025 = 100,,2,,HICP Inflation rate - Non-energy industrial goods - Index,"Euro area (Member States and Institutions of the Euro Area) changing composition - HICP - Non-energy industrial goods, Index, European Central Bank (ECB), Working day and seasonally adjusted",IX,0,
HICP.M.U2.Y.IGXE00.4F0.INX,M,U2,Y,IGXE00,4F0,INX,2018-02,87.96,,,,F,A,,,A,,,P1M,,4F0,,,,2025 = 100,,2,,HICP Inflation rate - Non-energy industrial goods - Index,"Euro area (Member States and Institutions of the Euro Area) changing composition - HICP - Non-energy industrial goods, Index, European Central Bank (ECB), Working day and seasonally adjusted",IX,0,
HICP.M.U2.Y.IGXE00.4F0.INX,M,U2,Y,IGXE00,4F0,INX,2018-03,88.01,,,,F,A,,,A,,,P1M,,4F0,,,,2025 = 100,,2,,HICP Inflation rate - Non-energy industrial goods - Index,"Euro area (Member States and Institutions of the Euro Area) changing composition - HICP - Non-energy industrial goods, Index, European Central Bank (ECB), Working day and seasonally adjusted",IX,0,
HICP.M.U2.Y.IGXE00.4F0.INX,M,U2,Y,IGXE00,4F0,INX,2018-04,88.06,,,,F,A,,,A,,,P1M,,4F0,,,,2025 = 100,,2,,HICP Inflation rate - Non-energy industrial goods - Index,"Euro area (Member States and Institutions of the Euro Area) changing composition - HICP - Non-energy industrial goods, Index, European Central Bank (ECB), Working day and seasonally adjusted",IX,0,
HICP.M.U2.Y.IGXE00.4F0.INX,M,U2,Y,IGXE00,4F0,INX,2018-05,88.04,,,,F,A,,,A,,,P1M,,4F0,,,,2025 = 100,,2,,HICP Inflation rate - Non-energy industrial goods - Index,"Euro area (Member States and Institutions of the Euro Area) changing composition - HICP - Non-energy industrial goods, Index, European Central Bank (ECB), Working day and seasonally adjusted",IX,0,
HICP.M.U2.Y.IGXE00.4F0.INX,M,U2,Y,IGXE00,4F0,INX,2018-06,88.08,,,,F,A,,,A,,,P1M,,4F0,,,,2025 = 100,,2,,HICP Inflation rate - Non-energy industrial goods - Index,"Euro area (Member States and Institutions of the Euro Area) changing composition - HICP - Non-energy industrial goods, Index, European Central Bank (ECB), Working day and seasonally adjusted",IX,0,
HICP.M.U2.Y.IGXE00.4F0.INX,M,U2,Y,IGXE00,4F0,INX,2018-07,88.04,,,,F,A,,,A,,,P1M,,4F0,,,,2025 = 100,,2,,HICP Inflation rate - Non-energy industrial goods - Index,"Euro area (Member States and Institutions of the Euro Area) changing composition - HICP - Non-energy industrial goods, Index, European Central Bank (ECB), Working day and seasonally adjusted",IX,0,
HICP.M.U2.Y.IGXE00.4F0.INX,M,U2,Y,IGXE00,4F0,INX,2018-08,88.05,,,,F,A,,,A,,,P1M,,4F0,,,,2025 = 100,,2,,HICP Inflation rate - Non-energy industrial goods - Index,"Euro area (Member States and Institutions of the Euro Area) changing composition - HICP - Non-energy industrial goods, Index, European Central Bank (ECB), Working day and seasonally adjusted",IX,0,
HICP.M.U2.Y.IGXE00.4F0.INX,M,U2,Y,IGXE00,4F0,INX,2018-09,88.16,,,,F,A,,,A,,,P1M,,4F0,,,,2025 = 100,,2,,HICP Inflation rate - Non-energy industrial goods - Index,"Euro area (Member States and Institutions of the Euro Area) changing composition - HICP - Non-energy industrial goods, Index, European Central Bank (ECB), Working day and seasonally adjusted",IX,0,
HICP.M.U2.Y.IGXE00.4F0.INX,M,U2,Y,IGXE00,4F0,INX,2018-10,88.14,,,,F,A,,,A,,,P1M,,4F0,,,,2025 = 100,,2,,HICP Inflation rate - Non-energy industrial goods - Index,"Euro area (Member States and Institutions of the Euro Area) changing composition - HICP - Non-energy industrial goods, Index, European Central Bank (ECB), Working day and seasonally adjusted",IX,0,
HICP.M.U2.Y.IGXE00.4F0.INX,M,U2,Y,IGXE00,4F0,INX,2018-11,88.15,,,,F,A,,,A,,,P1M,,4F0,,,,2025 = 100,,2,,HICP Inflation rate - Non-energy industrial goods - Index,"Euro area (Member States and Institutions of the Euro Area) changing composition - HICP - Non-energy industrial goods, Index, European Central Bank (ECB), Working day and seasonally adjusted",IX,0,
HICP.M.U2.Y.IGXE00.4F0.INX,M,U2,Y,IGXE00,4F0,INX,2018-12,88.17,,,,F,A,,,A,,,P1M,,4F0,,,,2025 = 100,,2,,HICP Inflation rate - Non-energy industrial goods - Index,"Euro area (Member States and Institutions of the Euro Area) changing composition - HICP - Non-energy industrial goods, Index, European Central Bank (ECB), Working day and seasonally adjusted",IX,0,
HICP.M.U2.Y.IGXE00.4F0.INX,M,U2,Y,IGXE00,4F0,INX,2019-01,88.21,,,,F,A,,,A,,,P1M,,4F0,,,,2025 = 100,,2,,HICP Inflation rate - Non-energy industrial goods - Index,"Euro area (Member States and Institutions of the Euro Area) changing composition - HICP - Non-energy industrial goods, Index, European Central Bank (ECB), Working day and seasonally adjusted",IX,0,
HICP.M.U2.Y.IGXE00.4F0.INX,M,U2,Y,IGXE00,4F0,INX,2019-02,88.17,,,,F,A,,,A,,,P1M,,4F0,,,,2025 = 100,,2,,HICP Inflation rate - Non-energy industrial goods - Index,"Euro area (Member States and Institutions of the Euro Area) changing composition - HICP - Non-energy industrial goods, Index, European Central Bank (ECB), Working day and seasonally adjusted",IX,0,
HICP.M.U2.Y.IGXE00.4F0.INX,M,U2,Y,IGXE00,4F0,INX,2019-03,88.19,,,,F,A,,,A,,,P1M,,4F0,,,,2025 = 100,,2,,HICP Inflation rate - Non-energy industrial goods - Index,"Euro area (Member States and Institutions of the Euro Area) changing composition - HICP - Non-energy industrial goods, Index, European Central Bank (ECB), Working day and seasonally adjusted",IX,0,
HICP.M.U2.Y.IGXE00.4F0.INX,M,U2,Y,IGXE00,4F0,INX,2019-04,88.31,,,,F,A,,,A,,,P1M,,4F0,,,,2025 = 100,,2,,HICP Inflation rate - Non-energy industrial goods - Index,"Euro area (Member States and Institutions of the Euro Area) changing composition - HICP - Non-energy industrial goods, Index, European Central Bank (ECB), Working day and seasonally adjusted",IX,0,
HICP.M.U2.Y.IGXE00.4F0.INX,M,U2,Y,IGXE00,4F0,INX,2019-05,88.35,,,,F,A,,,A,,,P1M,,4F0,,,,2025 = 100,,2,,HICP Inflation rate - Non-energy industrial goods - Index,"Euro area (Member States and Institutions of the Euro Area) changing composition - HICP - Non-energy industrial goods, Index, European Central Bank (ECB), Working day and seasonally adjusted",IX,0,
HICP.M.U2.Y.IGXE00.4F0.INX,M,U2,Y,IGXE00,4F0,INX,2019-06,88.32,,,,F,A,,,A,,,P1M,,4F0,,,,2025 = 100,,2,,HICP Inflation rate - Non-energy industrial goods - Index,"Euro area (Member States and Institutions of the Euro Area) changing composition - HICP - Non-energy industrial goods, Index, European Central Bank (ECB), Working day and seasonally adjusted",IX,0,
HICP.M.U2.Y.IGXE00.4F0.INX,M,U2,Y,IGXE00,4F0,INX,2019-07,88.24,,,,F,A,,,A,,,P1M,,4F0,,,,2025 = 100,,2,,HICP Inflation rate - Non-energy industrial goods - Index,"Euro area (Member States and Institutions of the Euro Area) changing composition - HICP - Non-energy industrial goods, Index, European Central Bank (ECB), Working day and seasonally adjusted",IX,0,
HICP.M.U2.Y.IGXE00.4F0.INX,M,U2,Y,IGXE00,4F0,INX,2019-08,88.28,,,,F,A,,,A,,,P1M,,4F0,,,,2025 = 100,,2,,HICP Inflation rate - Non-energy industrial goods - Index,"Euro area (Member States and Institutions of the Euro Area) changing composition - HICP - Non-energy industrial goods, Index, European Central Bank (ECB), Working day and seasonally adjusted",IX,0,
HICP.M.U2.Y.IGXE00.4F0.INX,M,U2,Y,IGXE00,4F0,INX,2019-09,88.42,,,,F,A,,,A,,,P1M,,4F0,,,,2025 = 100,,2,,HICP Inflation rate - Non-energy industrial goods - Index,"Euro area (Member States and Institutions of the Euro Area) changing composition - HICP - Non-energy industrial goods, Index, European Central Bank (ECB), Working day and seasonally adjusted",IX,0,
HICP.M.U2.Y.IGXE00.4F0.INX,M,U2,Y,IGXE00,4F0,INX,2019-10,88.42,,,,F,A,,,A,,,P1M,,4F0,,,,2025 = 100,,2,,HICP Inflation rate - Non-energy industrial goods - Index,"Euro area (Member States and Institutions of the Euro Area) changing composition - HICP - Non-energy industrial goods, Index, European Central Bank (ECB), Working day and seasonally adjusted",IX,0,
HICP.M.U2.Y.IGXE00.4F0.INX,M,U2,Y,IGXE00,4F0,INX,2019-11,88.52,,,,F,A,,,A,,,P1M,,4F0,,,,2025 = 100,,2,,HICP Inflation rate - Non-energy industrial goods - Index,"Euro area (Member States and Institutions of the Euro Area) changing composition - HICP - Non-energy industrial goods, Index, European Central Bank (ECB), Working day and seasonally adjusted",IX,0,
HICP.M.U2.Y.IGXE00.4F0.INX,M,U2,Y,IGXE00,4F0,INX,2019-12,88.59,,,,F,A,,,A,,,P1M,,4F0,,,,2025 = 100,,2,,HICP Inflation rate - Non-energy industrial goods - Index,"Euro area (Member States and Institutions of the Euro Area) changing composition - HICP - Non-energy industrial goods, Index, European Central Bank (ECB), Working day and seasonally adjusted",IX,0,
HICP.M.U2.Y.IGXE00.4F0.INX,M,U2,Y,IGXE00,4F0,INX,2020-01,88.37,,,,F,A,,,A,,,P1M,,4F0,,,,2025 = 100,,2,,HICP Inflation rate - Non-energy industrial goods - Index,"Euro area (Member States and Institutions of the Euro Area) changing composition - HICP - Non-energy industrial goods, Index, European Central Bank (ECB), Working day and seasonally adjusted",IX,0,
HICP.M.U2.Y.IGXE00.4F0.INX,M,U2,Y,IGXE00,4F0,INX,2020-02,88.48,,,,F,A,,,A,,,P1M,,4F0,,,,2025 = 100,,2,,HICP Inflation rate - Non-energy industrial goods - Index,"Euro area (Member States and Institutions of the Euro Area) changing composition - HICP - Non-energy industrial goods, Index, European Central Bank (ECB), Working day and seasonally adjusted",IX,0,
HICP.M.U2.Y.IGXE00.4F0.INX,M,U2,Y,IGXE00,4F0,INX,2020-03,88.72,,,,F,A,,,A,,,P1M,,4F0,,,,2025 = 100,,2,,HICP Inflation rate - Non-energy industrial goods - Index,"Euro area (Member States and Institutions of the Euro Area) changing composition - HICP - Non-energy industrial goods, Index, European Central Bank (ECB), Working day and seasonally adjusted",IX,0,
HICP.M.U2.Y.IGXE00.4F0.INX,M,U2,Y,IGXE00,4F0,INX,2020-04,88.67,,,,F,A,,,A,,,P1M,,4F0,,,,2025 = 100,,2,,HICP Inflation rate - Non-energy industrial goods - Index,"Euro area (Member States and Institutions of the Euro Area) changing composition - HICP - Non-energy industrial goods, Index, European Central Bank (ECB), Working day and seasonally adjusted",IX,0,
HICP.M.U2.Y.IGXE00.4F0.INX,M,U2,Y,IGXE00,4F0,INX,2020-05,88.61,,,,F,A,,,A,,,P1M,,4F0,,,,2025 = 100,,2,,HICP Inflation rate - Non-energy industrial goods - Index,"Euro area (Member States and Institutions of the Euro Area) changing composition - HICP - Non-energy industrial goods, Index, European Central Bank (ECB), Working day and seasonally adjusted",IX,0,
HICP.M.U2.Y.IGXE00.4F0.INX,M,U2,Y,IGXE00,4F0,INX,2020-06,88.53,,,,F,A,,,A,,,P1M,,4F0,,,,2025 = 100,,2,,HICP Inflation rate - Non-energy industrial goods - Index,"Euro area (Member States and Institutions of the Euro Area) changing composition - HICP - Non-energy industrial goods, Index, European Central Bank (ECB), Working day and seasonally adjusted",IX,0,
HICP.M.U2.Y.IGXE00.4F0.INX,M,U2,Y,IGXE00,4F0,INX,2020-07,89.58,,,,F,A,,,A,,,P1M,,4F0,,,,2025 = 100,,2,,HICP Inflation rate - Non-energy industrial goods - Index,"Euro area (Member States and Institutions of the Euro Area) changing composition - HICP - Non-energy industrial goods, Index, European Central Bank (ECB), Working day and seasonally adjusted",IX,0,
HICP.M.U2.Y.IGXE00.4F0.INX,M,U2,Y,IGXE00,4F0,INX,2020-08,88.05,,,,F,A,,,A,,,P1M,,4F0,,,,2025 = 100,,2,,HICP Inflation rate - Non-energy industrial goods - Index,"Euro area (Member States and Institutions of the Euro Area) changing composition - HICP - Non-energy industrial goods, Index, European Central Bank (ECB), Working day and seasonally adjusted",IX,0,
HICP.M.U2.Y.IGXE00.4F0.INX,M,U2,Y,IGXE00,4F0,INX,2020-09,88.19,,,,F,A,,,A,,,P1M,,4F0,,,,2025 = 100,,2,,HICP Inflation rate - Non-energy industrial goods - Index,"Euro area (Member States and Institutions of the Euro Area) changing composition - HICP - Non-energy industrial goods, Index, European Central Bank (ECB), Working day and seasonally adjusted",IX,0,
HICP.M.U2.Y.IGXE00.4F0.INX,M,U2,Y,IGXE00,4F0,INX,2020-10,88.38,,,,F,A,,,A,,,P1M,,4F0,,,,2025 = 100,,2,,HICP Inflation rate - Non-energy industrial goods - Index,"Euro area (Member States and Institutions of the Euro Area) changing composition - HICP - Non-energy industrial goods, Index, European Central Bank (ECB), Working day and seasonally adjusted",IX,0,
HICP.M.U2.Y.IGXE00.4F0.INX,M,U2,Y,IGXE00,4F0,INX,2020-11,88.35,,,,F,A,,,A,,,P1M,,4F0,,,,2025 = 100,,2,,HICP Inflation rate - Non-energy industrial goods - Index,"Euro area (Member States and Institutions of the Euro Area) changing composition - HICP - Non-energy industrial goods, Index, European Central Bank (ECB), Working day and seasonally adjusted",IX,0,
HICP.M.U2.Y.IGXE00.4F0.INX,M,U2,Y,IGXE00,4F0,INX,2020-12,88.17,,,,F,A,,,A,,,P1M,,4F0,,,,2025 = 100,,2,,HICP Inflation rate - Non-energy industrial goods - Index,"Euro area (Member States and Institutions of the Euro Area) changing composition - HICP - Non-energy industrial goods, Index, European Central Bank (ECB), Working day and seasonally adjusted",IX,0,
HICP.M.U2.Y.IGXE00.4F0.INX,M,U2,Y,IGXE00,4F0,INX,2021-01,89.57,,,,F,A,,,A,,,P1M,,4F0,,,,2025 = 100,,2,,HICP Inflation rate - Non-energy industrial goods - Index,"Euro area (Member States and Institutions of the Euro Area) changing composition - HICP - Non-energy industrial goods, Index, European Central Bank (ECB), Working day and seasonally adjusted",IX,0,
HICP.M.U2.Y.IGXE00.4F0.INX,M,U2,Y,IGXE00,4F0,INX,2021-02,89.26,,,,F,A,,,A,,,P1M,,4F0,,,,2025 = 100,,2,,HICP Inflation rate - Non-energy industrial goods - Index,"Euro area (Member States and Institutions of the Euro Area) changing composition - HICP - Non-energy industrial goods, Index, European Central Bank (ECB), Working day and seasonally adjusted",IX,0,
HICP.M.U2.Y.IGXE00.4F0.INX,M,U2,Y,IGXE00,4F0,INX,2021-03,89.05,,,,F,A,,,A,,,P1M,,4F0,,,,2025 = 100,,2,,HICP Inflation rate - Non-energy industrial goods - Index,"Euro area (Member States and Institutions of the Euro Area) changing composition - HICP - Non-energy industrial goods, Index, European Central Bank (ECB), Working day and seasonally adjusted",IX,0,
HICP.M.U2.Y.IGXE00.4F0.INX,M,U2,Y,IGXE00,4F0,INX,2021-04,89.13,,,,F,A,,,A,,,P1M,,4F0,,,,2025 = 100,,2,,HICP Inflation rate - Non-energy industrial goods - Index,"Euro area (Member States and Institutions of the Euro Area) changing composition - HICP - Non-energy industrial goods, Index, European Central Bank (ECB), Working day and seasonally adjusted",IX,0,
HICP.M.U2.Y.IGXE00.4F0.INX,M,U2,Y,IGXE00,4F0,INX,2021-05,89.27,,,,F,A,,,A,,,P1M,,4F0,,,,2025 = 100,,2,,HICP Inflation rate - Non-energy industrial goods - Index,"Euro area (Member States and Institutions of the Euro Area) changing composition - HICP - Non-energy industrial goods, Index, European Central Bank (ECB), Working day and seasonally adjusted",IX,0,
HICP.M.U2.Y.IGXE00.4F0.INX,M,U2,Y,IGXE00,4F0,INX,2021-06,89.6,,,,F,A,,,A,,,P1M,,4F0,,,,2025 = 100,,2,,HICP Inflation rate - Non-energy industrial goods - Index,"Euro area (Member States and Institutions of the Euro Area) changing composition - HICP - Non-energy industrial goods, Index, European Central Bank (ECB), Working day and seasonally adjusted",IX,0,
HICP.M.U2.Y.IGXE00.4F0.INX,M,U2,Y,IGXE00,4F0,INX,2021-07,90.12,,,,F,A,,,A,,,P1M,,4F0,,,,2025 = 100,,2,,HICP Inflation rate - Non-energy industrial goods - Index,"Euro area (Member States and Institutions of the Euro Area) changing composition - HICP - Non-energy industrial goods, Index, European Central Bank (ECB), Working day and seasonally adjusted",IX,0,
HICP.M.U2.Y.IGXE00.4F0.INX,M,U2,Y,IGXE00,4F0,INX,2021-08,90.21,,,,F,A,,,A,,,P1M,,4F0,,,,2025 = 100,,2,,HICP Inflation rate - Non-energy industrial goods - Index,"Euro area (Member States and Institutions of the Euro Area) changing composition - HICP - Non-energy industrial goods, Index, European Central Bank (ECB), Working day and seasonally adjusted",IX,0,
HICP.M.U2.Y.IGXE00.4F0.INX,M,U2,Y,IGXE00,4F0,INX,2021-09,90.14,,,,F,A,,,A,,,P1M,,4F0,,,,2025 = 100,,2,,HICP Inflation rate - Non-energy industrial goods - Index,"Euro area (Member States and Institutions of the Euro Area) changing composition - HICP - Non-energy industrial goods, Index, European Central Bank (ECB), Working day and seasonally adjusted",IX,0,
HICP.M.U2.Y.IGXE00.4F0.INX,M,U2,Y,IGXE00,4F0,INX,2021-10,90.2,,,,F,A,,,A,,,P1M,,4F0,,,,2025 = 100,,2,,HICP Inflation rate - Non-energy industrial goods - Index,"Euro area (Member States and Institutions of the Euro Area) changing composition - HICP - Non-energy industrial goods, Index, European Central Bank (ECB), Working day and seasonally adjusted",IX,0,
HICP.M.U2.Y.IGXE00.4F0.INX,M,U2,Y,IGXE00,4F0,INX,2021-11,90.53,,,,F,A,,,A,,,P1M,,4F0,,,,2025 = 100,,2,,HICP Inflation rate - Non-energy industrial goods - Index,"Euro area (Member States and Institutions of the Euro Area) changing composition - HICP - Non-energy industrial goods, Index, European Central Bank (ECB), Working day and seasonally adjusted",IX,0,
HICP.M.U2.Y.IGXE00.4F0.INX,M,U2,Y,IGXE00,4F0,INX,2021-12,90.81,,,,F,A,,,A,,,P1M,,4F0,,,,2025 = 100,,2,,HICP Inflation rate - Non-energy industrial goods - Index,"Euro area (Member States and Institutions of the Euro Area) changing composition - HICP - Non-energy industrial goods, Index, European Central Bank (ECB), Working day and seasonally adjusted",IX,0,
HICP.M.U2.Y.IGXE00.4F0.INX,M,U2,Y,IGXE00,4F0,INX,2022-01,91.37,,,,F,A,,,A,,,P1M,,4F0,,,,2025 = 100,,2,,HICP Inflation rate - Non-energy industrial goods - Index,"Euro area (Member States and Institutions of the Euro Area) changing composition - HICP - Non-energy industrial goods, Index, European Central Bank (ECB), Working day and seasonally adjusted",IX,0,
HICP.M.U2.Y.IGXE00.4F0.INX,M,U2,Y,IGXE00,4F0,INX,2022-02,91.86,,,,F,A,,,A,,,P1M,,4F0,,,,2025 = 100,,2,,HICP Inflation rate - Non-energy industrial goods - Index,"Euro area (Member States and Institutions of the Euro Area) changing composition - HICP - Non-energy industrial goods, Index, European Central Bank (ECB), Working day and seasonally adjusted",IX,0,
HICP.M.U2.Y.IGXE00.4F0.INX,M,U2,Y,IGXE00,4F0,INX,2022-03,92.1,,,,F,A,,,A,,,P1M,,4F0,,,,2025 = 100,,2,,HICP Inflation rate - Non-energy industrial goods - Index,"Euro area (Member States and Institutions of the Euro Area) changing composition - HICP - Non-energy industrial goods, Index, European Central Bank (ECB), Working day and seasonally adjusted",IX,0,
HICP.M.U2.Y.IGXE00.4F0.INX,M,U2,Y,IGXE00,4F0,INX,2022-04,92.59,,,,F,A,,,A,,,P1M,,4F0,,,,2025 = 100,,2,,HICP Inflation rate - Non-energy industrial goods - Index,"Euro area (Member States and Institutions of the Euro Area) changing composition - HICP - Non-energy industrial goods, Index, European Central Bank (ECB), Working day and seasonally adjusted",IX,0,
HICP.M.U2.Y.IGXE00.4F0.INX,M,U2,Y,IGXE00,4F0,INX,2022-05,93.1,,,,F,A,,,A,,,P1M,,4F0,,,,2025 = 100,,2,,HICP Inflation rate - Non-energy industrial goods - Index,"Euro area (Member States and Institutions of the Euro Area) changing composition - HICP - Non-energy industrial goods, Index, European Central Bank (ECB), Working day and seasonally adjusted",IX,0,
HICP.M.U2.Y.IGXE00.4F0.INX,M,U2,Y,IGXE00,4F0,INX,2022-06,93.5,,,,F,A,,,A,,,P1M,,4F0,,,,2025 = 100,,2,,HICP Inflation rate - Non-energy industrial goods - Index,"Euro area (Member States and Institutions of the Euro Area) changing composition - HICP - Non-energy industrial goods, Index, European Central Bank (ECB), Working day and seasonally adjusted",IX,0,
HICP.M.U2.Y.IGXE00.4F0.INX,M,U2,Y,IGXE00,4F0,INX,2022-07,94.07,,,,F,A,,,A,,,P1M,,4F0,,,,2025 = 100,,2,,HICP Inflation rate - Non-energy industrial goods - Index,"Euro area (Member States and Institutions of the Euro Area) changing composition - HICP - Non-energy industrial goods, Index, European Central Bank (ECB), Working day and seasonally adjusted",IX,0,
HICP.M.U2.Y.IGXE00.4F0.INX,M,U2,Y,IGXE00,4F0,INX,2022-08,94.71,,,,F,A,,,A,,,P1M,,4F0,,,,2025 = 100,,2,,HICP Inflation rate - Non-energy industrial goods - Index,"Euro area (Member States and Institutions of the Euro Area) changing composition - HICP - Non-energy industrial goods, Index, European Central Bank (ECB), Working day and seasonally adjusted",IX,0,
HICP.M.U2.Y.IGXE00.4F0.INX,M,U2,Y,IGXE00,4F0,INX,2022-09,95.15,,,,F,A,,,A,,,P1M,,4F0,,,,2025 = 100,,2,,HICP Inflation rate - Non-energy industrial goods - Index,"Euro area (Member States and Institutions of the Euro Area) changing composition - HICP - Non-energy industrial goods, Index, European Central Bank (ECB), Working day and seasonally adjusted",IX,0,
HICP.M.U2.Y.IGXE00.4F0.INX,M,U2,Y,IGXE00,4F0,INX,2022-10,95.73,,,,F,A,,,A,,,P1M,,4F0,,,,2025 = 100,,2,,HICP Inflation rate - Non-energy industrial goods - Index,"Euro area (Member States and Institutions of the Euro Area) changing composition - HICP - Non-energy industrial goods, Index, European Central Bank (ECB), Working day and seasonally adjusted",IX,0,
HICP.M.U2.Y.IGXE00.4F0.INX,M,U2,Y,IGXE00,4F0,INX,2022-11,96.17,,,,F,A,,,A,,,P1M,,4F0,,,,2025 = 100,,2,,HICP Inflation rate - Non-energy industrial goods - Index,"Euro area (Member States and Institutions of the Euro Area) changing composition - HICP - Non-energy industrial goods, Index, European Central Bank (ECB), Working day and seasonally adjusted",IX,0,
HICP.M.U2.Y.IGXE00.4F0.INX,M,U2,Y,IGXE00,4F0,INX,2022-12,96.72,,,,F,A,,,A,,,P1M,,4F0,,,,2025 = 100,,2,,HICP Inflation rate - Non-energy industrial goods - Index,"Euro area (Member States and Institutions of the Euro Area) changing composition - HICP - Non-energy industrial goods, Index, European Central Bank (ECB), Working day and seasonally adjusted",IX,0,
HICP.M.U2.Y.IGXE00.4F0.INX,M,U2,Y,IGXE00,4F0,INX,2023-01,97.44,,,,F,A,,,A,,,P1M,,4F0,,,,2025 = 100,,2,,HICP Inflation rate - Non-energy industrial goods - Index,"Euro area (Member States and Institutions of the Euro Area) changing composition - HICP - Non-energy industrial goods, Index, European Central Bank (ECB), Working day and seasonally adjusted",IX,0,
HICP.M.U2.Y.IGXE00.4F0.INX,M,U2,Y,IGXE00,4F0,INX,2023-02,97.93,,,,F,A,,,A,,,P1M,,4F0,,,,2025 = 100,,2,,HICP Inflation rate - Non-energy industrial goods - Index,"Euro area (Member States and Institutions of the Euro Area) changing composition - HICP - Non-energy industrial goods, Index, European Central Bank (ECB), Working day and seasonally adjusted",IX,0,
HICP.M.U2.Y.IGXE00.4F0.INX,M,U2,Y,IGXE00,4F0,INX,2023-03,98.22,,,,F,A,,,A,,,P1M,,4F0,,,,2025 = 100,,2,,HICP Inflation rate - Non-energy industrial goods - Index,"Euro area (Member States and Institutions of the Euro Area) changing composition - HICP - Non-energy industrial goods, Index, European Central Bank (ECB), Working day and seasonally adjusted",IX,0,
HICP.M.U2.Y.IGXE00.4F0.INX,M,U2,Y,IGXE00,4F0,INX,2023-04,98.4,,,,F,A,,,A,,,P1M,,4F0,,,,2025 = 100,,2,,HICP Inflation rate - Non-energy industrial goods - Index,"Euro area (Member States and Institutions of the Euro Area) changing composition - HICP - Non-energy industrial goods, Index, European Central Bank (ECB), Working day and seasonally adjusted",IX,0,
HICP.M.U2.Y.IGXE00.4F0.INX,M,U2,Y,IGXE00,4F0,INX,2023-05,98.56,,,,F,A,,,A,,,P1M,,4F0,,,,2025 = 100,,2,,HICP Inflation rate - Non-energy industrial goods - Index,"Euro area (Member States and Institutions of the Euro Area) changing composition - HICP - Non-energy industrial goods, Index, European Central Bank (ECB), Working day and seasonally adjusted",IX,0,
HICP.M.U2.Y.IGXE00.4F0.INX,M,U2,Y,IGXE00,4F0,INX,2023-06,98.71,,,,F,A,,,A,,,P1M,,4F0,,,,2025 = 100,,2,,HICP Inflation rate - Non-energy industrial goods - Index,"Euro area (Member States and Institutions of the Euro Area) changing composition - HICP - Non-energy industrial goods, Index, European Central Bank (ECB), Working day and seasonally adjusted",IX,0,
HICP.M.U2.Y.IGXE00.4F0.INX,M,U2,Y,IGXE00,4F0,INX,2023-07,98.75,,,,F,A,,,A,,,P1M,,4F0,,,,2025 = 100,,2,,HICP Inflation rate - Non-energy industrial goods - Index,"Euro area (Member States and Institutions of the Euro Area) changing composition - HICP - Non-energy industrial goods, Index, European Central Bank (ECB), Working day and seasonally adjusted",IX,0,
HICP.M.U2.Y.IGXE00.4F0.INX,M,U2,Y,IGXE00,4F0,INX,2023-08,99.09,,,,F,A,,,A,,,P1M,,4F0,,,,2025 = 100,,2,,HICP Inflation rate - Non-energy industrial goods - Index,"Euro area (Member States and Institutions of the Euro Area) changing composition - HICP - Non-energy industrial goods, Index, European Central Bank (ECB), Working day and seasonally adjusted",IX,0,
HICP.M.U2.Y.IGXE00.4F0.INX,M,U2,Y,IGXE00,4F0,INX,2023-09,99.04,,,,F,A,,,A,,,P1M,,4F0,,,,2025 = 100,,2,,HICP Inflation rate - Non-energy industrial goods - Index,"Euro area (Member States and Institutions of the Euro Area) changing composition - HICP - Non-energy industrial goods, Index, European Central Bank (ECB), Working day and seasonally adjusted",IX,0,
HICP.M.U2.Y.IGXE00.4F0.INX,M,U2,Y,IGXE00,4F0,INX,2023-10,99.06,,,,F,A,,,A,,,P1M,,4F0,,,,2025 = 100,,2,,HICP Inflation rate - Non-energy industrial goods - Index,"Euro area (Member States and Institutions of the Euro Area) changing composition - HICP - Non-energy industrial goods, Index, European Central Bank (ECB), Working day and seasonally adjusted",IX,0,
HICP.M.U2.Y.IGXE00.4F0.INX,M,U2,Y,IGXE00,4F0,INX,2023-11,98.98,,,,F,A,,,A,,,P1M,,4F0,,,,2025 = 100,,2,,HICP Inflation rate - Non-energy industrial goods - Index,"Euro area (Member States and Institutions of the Euro Area) changing composition - HICP - Non-energy industrial goods, Index, European Central Bank (ECB), Working day and seasonally adjusted",IX,0,
HICP.M.U2.Y.IGXE00.4F0.INX,M,U2,Y,IGXE00,4F0,INX,2023-12,99.19,,,,F,A,,,A,,,P1M,,4F0,,,,2025 = 100,,2,,HICP Inflation rate - Non-energy industrial goods - Index,"Euro area (Member States and Institutions of the Euro Area) changing composition - HICP - Non-energy industrial goods, Index, European Central Bank (ECB), Working day and seasonally adjusted",IX,0,
HICP.M.U2.Y.IGXE00.4F0.INX,M,U2,Y,IGXE00,4F0,INX,2024-01,99.3,,,,F,A,,,A,,,P1M,,4F0,,,,2025 = 100,,2,,HICP Inflation rate - Non-energy industrial goods - Index,"Euro area (Member States and Institutions of the Euro Area) changing composition - HICP - Non-energy industrial goods, Index, European Central Bank (ECB), Working day and seasonally adjusted",IX,0,
HICP.M.U2.Y.IGXE00.4F0.INX,M,U2,Y,IGXE00,4F0,INX,2024-02,99.31,,,,F,A,,,A,,,P1M,,4F0,,,,2025 = 100,,2,,HICP Inflation rate - Non-energy industrial goods - Index,"Euro area (Member States and Institutions of the Euro Area) changing composition - HICP - Non-energy industrial goods, Index, European Central Bank (ECB), Working day and seasonally adjusted",IX,0,
HICP.M.U2.Y.IGXE00.4F0.INX,M,U2,Y,IGXE00,4F0,INX,2024-03,99.31,,,,F,A,,,A,,,P1M,,4F0,,,,2025 = 100,,2,,HICP Inflation rate - Non-energy industrial goods - Index,"Euro area (Member States and Institutions of the Euro Area) changing composition - HICP - Non-energy industrial goods, Index, European Central Bank (ECB), Working day and seasonally adjusted",IX,0,
HICP.M.U2.Y.IGXE00.4F0.INX,M,U2,Y,IGXE00,4F0,INX,2024-04,99.27,,,,F,A,,,A,,,P1M,,4F0,,,,2025 = 100,,2,,HICP Inflation rate - Non-energy industrial goods - Index,"Euro area (Member States and Institutions of the Euro Area) changing composition - HICP - Non-energy industrial goods, Index, European Central Bank (ECB), Working day and seasonally adjusted",IX,0,
HICP.M.U2.Y.IGXE00.4F0.INX,M,U2,Y,IGXE00,4F0,INX,2024-05,99.26,,,,F,A,,,A,,,P1M,,4F0,,,,2025 = 100,,2,,HICP Inflation rate - Non-energy industrial goods - Index,"Euro area (Member States and Institutions of the Euro Area) changing composition - HICP - Non-energy industrial goods, Index, European Central Bank (ECB), Working day and seasonally adjusted",IX,0,
HICP.M.U2.Y.IGXE00.4F0.INX,M,U2,Y,IGXE00,4F0,INX,2024-06,99.38,,,,F,A,,,A,,,P1M,,4F0,,,,2025 = 100,,2,,HICP Inflation rate - Non-energy industrial goods - Index,"Euro area (Member States and Institutions of the Euro Area) changing composition - HICP - Non-energy industrial goods, Index, European Central Bank (ECB), Working day and seasonally adjusted",IX,0,
HICP.M.U2.Y.IGXE00.4F0.INX,M,U2,Y,IGXE00,4F0,INX,2024-07,99.39,,,,F,A,,,A,,,P1M,,4F0,,,,2025 = 100,,2,,HICP Inflation rate - Non-energy industrial goods - Index,"Euro area (Member States and Institutions of the Euro Area) changing composition - HICP - Non-energy industrial goods, Index, European Central Bank (ECB), Working day and seasonally adjusted",IX,0,
HICP.M.U2.Y.IGXE00.4F0.INX,M,U2,Y,IGXE00,4F0,INX,2024-08,99.41,,,,F,A,,,A,,,P1M,,4F0,,,,2025 = 100,,2,,HICP Inflation rate - Non-energy industrial goods - Index,"Euro area (Member States and Institutions of the Euro Area) changing composition - HICP - Non-energy industrial goods, Index, European Central Bank (ECB), Working day and seasonally adjusted",IX,0,
HICP.M.U2.Y.IGXE00.4F0.INX,M,U2,Y,IGXE00,4F0,INX,2024-09,99.48,,,,F,A,,,A,,,P1M,,4F0,,,,2025 = 100,,2,,HICP Inflation rate - Non-energy industrial goods - Index,"Euro area (Member States and Institutions of the Euro Area) changing composition - HICP - Non-energy industrial goods, Index, European Central Bank (ECB), Working day and seasonally adjusted",IX,0,
HICP.M.U2.Y.IGXE00.4F0.INX,M,U2,Y,IGXE00,4F0,INX,2024-10,99.57,,,,F,A,,,A,,,P1M,,4F0,,,,2025 = 100,,2,,HICP Inflation rate - Non-energy industrial goods - Index,"Euro area (Member States and Institutions of the Euro Area) changing composition - HICP - Non-energy industrial goods, Index, European Central Bank (ECB), Working day and seasonally adjusted",IX,0,
HICP.M.U2.Y.IGXE00.4F0.INX,M,U2,Y,IGXE00,4F0,INX,2024-11,99.67,,,,F,A,,,A,,,P1M,,4F0,,,,2025 = 100,,2,,HICP Inflation rate - Non-energy industrial goods - Index,"Euro area (Member States and Institutions of the Euro Area) changing composition - HICP - Non-energy industrial goods, Index, European Central Bank (ECB), Working day and seasonally adjusted",IX,0,
HICP.M.U2.Y.IGXE00.4F0.INX,M,U2,Y,IGXE00,4F0,INX,2024-12,99.75,,,,F,A,,,A,,,P1M,,4F0,,,,2025 = 100,,2,,HICP Inflation rate - Non-energy industrial goods - Index,"Euro area (Member States and Institutions of the Euro Area) changing composition - HICP - Non-energy industrial goods, Index, European Central Bank (ECB), Working day and seasonally adjusted",IX,0,
HICP.M.U2.Y.IGXE00.4F0.INX,M,U2,Y,IGXE00,4F0,INX,2025-01,99.81,,,,F,A,,,A,,,P1M,,4F0,,,,2025 = 100,,2,,HICP Inflation rate - Non-energy industrial goods - Index,"Euro area (Member States and Institutions of the Euro Area) changing composition - HICP - Non-energy industrial goods, Index, European Central Bank (ECB), Working day and seasonally adjusted",IX,0,
HICP.M.U2.Y.IGXE00.4F0.INX,M,U2,Y,IGXE00,4F0,INX,2025-02,99.8,,,,F,A,,,A,,,P1M,,4F0,,,,2025 = 100,,2,,HICP Inflation rate - Non-energy industrial goods - Index,"Euro area (Member States and Institutions of the Euro Area) changing composition - HICP - Non-energy industrial goods, Index, European Central Bank (ECB), Working day and seasonally adjusted",IX,0,
HICP.M.U2.Y.IGXE00.4F0.INX,M,U2,Y,IGXE00,4F0,INX,2025-03,99.91,,,,F,A,,,A,,,P1M,,4F0,,,,2025 = 100,,2,,HICP Inflation rate - Non-energy industrial goods - Index,"Euro area (Member States and Institutions of the Euro Area) changing composition - HICP - Non-energy industrial goods, Index, European Central Bank (ECB), Working day and seasonally adjusted",IX,0,
HICP.M.U2.Y.IGXE00.4F0.INX,M,U2,Y,IGXE00,4F0,INX,2025-04,99.84,,,,F,A,,,A,,,P1M,,4F0,,,,2025 = 100,,2,,HICP Inflation rate - Non-energy industrial goods - Index,"Euro area (Member States and Institutions of the Euro Area) changing composition - HICP - Non-energy industrial goods, Index, European Central Bank (ECB), Working day and seasonally adjusted",IX,0,
HICP.M.U2.Y.IGXE00.4F0.INX,M,U2,Y,IGXE00,4F0,INX,2025-05,99.86,,,,F,A,,,A,,,P1M,,4F0,,,,2025 = 100,,2,,HICP Inflation rate - Non-energy industrial goods - Index,"Euro area (Member States and Institutions of the Euro Area) changing composition - HICP - Non-energy industrial goods, Index, European Central Bank (ECB), Working day and seasonally adjusted",IX,0,
HICP.M.U2.Y.IGXE00.4F0.INX,M,U2,Y,IGXE00,4F0,INX,2025-06,99.89,,,,F,A,,,A,,,P1M,,4F0,,,,2025 = 100,,2,,HICP Inflation rate - Non-energy industrial goods - Index,"Euro area (Member States and Institutions of the Euro Area) changing composition - HICP - Non-energy industrial goods, Index, European Central Bank (ECB), Working day and seasonally adjusted",IX,0,
HICP.M.U2.Y.IGXE00.4F0.INX,M,U2,Y,IGXE00,4F0,INX,2025-07,100.11,,,,F,A,,,A,,,P1M,,4F0,,,,2025 = 100,,2,,HICP Inflation rate - Non-energy industrial goods - Index,"Euro area (Member States and Institutions of the Euro Area) changing composition - HICP - Non-energy industrial goods, Index, European Central Bank (ECB), Working day and seasonally adjusted",IX,0,
HICP.M.U2.Y.IGXE00.4F0.INX,M,U2,Y,IGXE00,4F0,INX,2025-08,100.14,,,,F,A,,,A,,,P1M,,4F0,,,,2025 = 100,,2,,HICP Inflation rate - Non-energy industrial goods - Index,"Euro area (Member States and Institutions of the Euro Area) changing composition - HICP - Non-energy industrial goods, Index, European Central Bank (ECB), Working day and seasonally adjusted",IX,0,
HICP.M.U2.Y.IGXE00.4F0.INX,M,U2,Y,IGXE00,4F0,INX,2025-09,100.2,,,,F,A,,,A,,,P1M,,4F0,,,,2025 = 100,,2,,HICP Inflation rate - Non-energy industrial goods - Index,"Euro area (Member States and Institutions of the Euro Area) changing composition - HICP - Non-energy industrial goods, Index, European Central Bank (ECB), Working day and seasonally adjusted",IX,0,
HICP.M.U2.Y.IGXE00.4F0.INX,M,U2,Y,IGXE00,4F0,INX,2025-10,100.17,,,,F,A,,,A,,,P1M,,4F0,,,,2025 = 100,,2,,HICP Inflation rate - Non-energy industrial goods - Index,"Euro area (Member States and Institutions of the Euro Area) changing composition - HICP - Non-energy industrial goods, Index, European Central Bank (ECB), Working day and seasonally adjusted",IX,0,
HICP.M.U2.Y.IGXE00.4F0.INX,M,U2,Y,IGXE00,4F0,INX,2025-11,100.18,,,,F,A,,,A,,,P1M,,4F0,,,,2025 = 100,,2,,HICP Inflation rate - Non-energy industrial goods - Index,"Euro area (Member States and Institutions of the Euro Area) changing composition - HICP - Non-energy industrial goods, Index, European Central Bank (ECB), Working day and seasonally adjusted",IX,0,
HICP.M.U2.Y.IGXE00.4F0.INX,M,U2,Y,IGXE00,4F0,INX,2025-12,100.12,,,,F,A,,,A,,,P1M,,4F0,,,,2025 = 100,,2,,HICP Inflation rate - Non-energy industrial goods - Index,"Euro area (Member States and Institutions of the Euro Area) changing composition - HICP - Non-energy industrial goods, Index, European Central Bank (ECB), Working day and seasonally adjusted",IX,0,
HICP.M.U2.Y.IGXE00.4F0.INX,M,U2,Y,IGXE00,4F0,INX,2026-01,100.2,,,,F,A,,,A,,,P1M,,4F0,,,,2025 = 100,,2,,HICP Inflation rate - Non-energy industrial goods - Index,"Euro area (Member States and Institutions of the Euro Area) changing composition - HICP - Non-energy industrial goods, Index, European Central Bank (ECB), Working day and seasonally adjusted",IX,0,
HICP.M.U2.Y.IGXE00.4F0.INX,M,U2,Y,IGXE00,4F0,INX,2026-02,100.44,,,,F,A,,,A,,,P1M,,4F0,,,,2025 = 100,,2,,HICP Inflation rate - Non-energy industrial goods - Index,"Euro area (Member States and Institutions of the Euro Area) changing composition - HICP - Non-energy industrial goods, Index, European Central Bank (ECB), Working day and seasonally adjusted",IX,0,
HICP.M.U2.Y.IGXE00.4F0.INX,M,U2,Y,IGXE00,4F0,INX,2026-03,100.43,,,,F,A,,,A,,,P1M,,4F0,,,,2025 = 100,,2,,HICP Inflation rate - Non-energy industrial goods - Index,"Euro area (Member States and Institutions of the Euro Area) changing composition - HICP - Non-energy industrial goods, Index, European Central Bank (ECB), Working day and seasonally adjusted",IX,0,
HICP.M.U2.Y.IGXE00.4F0.INX,M,U2,Y,IGXE00,4F0,INX,2026-04,100.63,,,,F,A,,,A,,,P1M,,4F0,,,,2025 = 100,,2,,HICP Inflation rate - Non-energy industrial goods - Index,"Euro area (Member States and Institutions of the Euro Area) changing composition - HICP - Non-energy industrial goods, Index, European Central Bank (ECB), Working day and seasonally adjusted",IX,0,
HICP.M.U2.Y.IGXE00.4F0.INX,M,U2,Y,IGXE00,4F0,INX,2026-05,100.76,,,,F,A,,,A,,,P1M,,4F0,,,,2025 = 100,,2,,HICP Inflation rate - Non-energy industrial goods - Index,"Euro area (Member States and Institutions of the Euro Area) changing composition - HICP - Non-energy industrial goods, Index, European Central Bank (ECB), Working day and seasonally adjusted",IX,0,
HICP.M.U2.Y.IGXE00.4F0.INX,M,U2,Y,IGXE00,4F0,INX,2026-06,100.63,,,,F,A,,,A,,,P1M,,4F0,,,,2025 = 100,,2,,HICP Inflation rate - Non-energy industrial goods - Index,"Euro area (Member States and Institutions of the Euro Area) changing composition - HICP - Non-energy industrial goods, Index, European Central Bank (ECB), Working day and seasonally adjusted",IX,0,
HICP.M.U2.Y.IGXE00.4F0.INX,M,U2,Y,IGXE00,4F0,INX,2026-07,101.04,,,,F,A,,,A,,,P1M,,4F0,,,,2025 = 100,,2,,HICP Inflation rate - Non-energy industrial goods - Index,"Euro area (Member States and Institutions of the Euro Area) changing composition - HICP - Non-energy industrial goods, Index, European Central Bank (ECB), Working day and seasonally adjusted",IX,0,
HICP.M.U2.Y.IGXE00.4F0.INX,M,U2,Y,IGXE00,4F0,INX,2026-08,101.37,,,,F,A,,,A,,,P1M,,4F0,,,,2025 = 100,,2,,HICP Inflation rate - Non-energy industrial goods - Index,"Euro area (Member States and Institutions of the Euro Area) changing composition - HICP - Non-energy industrial goods, Index, European Central Bank (ECB), Working day and seasonally adjusted",IX,0,
